review_id	platform	item_id	item_category	product_name	product_variant	rating_star	raw_comment	created_at	crawled_at
sp_20831370433	shopee	29254934014	general	Loa Bluetooth JBL Xtreme 3. Siêu Bass Nghe Nhạc Hay Bass Trầm Dùng Được Usb Thẻ Nhớ		5	Loa test rất ok, âm thanh nghe to, rõ ổn trong tầm giá. Mẫu mã đẹp. Nói chung là vừa ý. Nếu mua để giải trí bình thường mà không cần cầu kỳ về âm thanh như hàng chính hãng thì mua em nảy là ok.	2024-12-06 10:55:20	2026-09-29 00:29:59
sp_18329723462	shopee	29254934014	general	Loa Bluetooth JBL Xtreme 3. Siêu Bass Nghe Nhạc Hay Bass Trầm Dùng Được Usb Thẻ Nhớ		5	Chất lượng sản phẩm:tốt Tính năng nổi bật:âm thanh tốt Giao hàng nhanh lắm. Loa kích cỡ to, có quai đeo tiện lợi. Nghe audio lớn rõ lắm, nghe nhạc thì quá đã. Cảm ơn shop.	2024-11-13 21:11:43	2026-09-29 00:29:59
sp_18035725985	shopee	29254934014	general	Loa Bluetooth JBL Xtreme 3. Siêu Bass Nghe Nhạc Hay Bass Trầm Dùng Được Usb Thẻ Nhớ		5	Chất lượng sản phẩm:tốt Tính năng nổi bật:âm thanh rõ, to Hình ảnh mang tính chất nhận xu, shop giao hàng nhanh, đúng như mẫu, âm thanh to, rõ, đóng gói cẩn thận, sẽ ủng hộ tiếp lần sau	2024-11-08 22:13:11	2026-09-29 00:29:59
sp_25453005610	shopee	29254934014	general	Loa Bluetooth JBL Xtreme 3. Siêu Bass Nghe Nhạc Hay Bass Trầm Dùng Được Usb Thẻ Nhớ		5	Chất lượng sản phẩm:tot Tính năng nổi bật:nghe nhạc Loa cầm chắc tay đúng như quảng cáo âm nghe chuẩn bass ấm	2024-12-27 13:48:25	2026-09-29 00:29:59
sp_75266818409	shopee	29254934014	general	Loa Bluetooth JBL Xtreme 3. Siêu Bass Nghe Nhạc Hay Bass Trầm Dùng Được Usb Thẻ Nhớ		5	Nhỏ gọn đẹp . đóng gói chắc chắn . máy nghe ấm trầm và êm.......nên mua nha....	2025-09-26 20:27:16	2026-09-29 00:29:59
sp_15848773257	shopee	29254934014	general	Loa Bluetooth JBL Xtreme 3. Siêu Bass Nghe Nhạc Hay Bass Trầm Dùng Được Usb Thẻ Nhớ		5	Sản phẩm tốt kh biết chê chỗ nào, dịch vụ bên shop cũng nhiệt tình quá trời	2024-07-15 14:20:02	2026-09-29 00:29:59
sp_20967825642	shopee	29254934014	general	Loa Bluetooth JBL Xtreme 3. Siêu Bass Nghe Nhạc Hay Bass Trầm Dùng Được Usb Thẻ Nhớ		5	Tính năng nổi bật:good Chất lượng sản phẩm:good Giao hàng nhanh. Có quai đeo tiện lợi, nghe nhạc hay, êm tai👍🏻	2024-12-06 16:06:24	2026-09-29 00:29:59
sp_24389157790	shopee	29254934014	general	Loa Bluetooth JBL Xtreme 3. Siêu Bass Nghe Nhạc Hay Bass Trầm Dùng Được Usb Thẻ Nhớ		5	Chất lượng sản phẩm:bass on, tot Tính năng nổi bật:nghe nhạc, bass ổn Đẹp, nhìn to nhưng cầm nhẹ, được tặng dây sạc, dây đeo.... tiếc là không còn quà tặng nên chỉ nhận được loa thôi 👌	2024-12-21 20:34:45	2026-09-29 00:29:59
sp_79391391850	shopee	29254934014	general	Loa Bluetooth JBL Xtreme 3. Siêu Bass Nghe Nhạc Hay Bass Trầm Dùng Được Usb Thẻ Nhớ	Loại Cao Cấp,Bảo Hành 24 Tháng	5	Mình nhận áo rồi nha, hàng giao nhanh và đóng gói cẩn thận. Vải mềm, mịn, sờ rất thích, không bị xù lông hay bai giãn sau khi giặt. Form rộng mặc lên thoải mái, giấu bụng tốt lắm luôn 😆. In hình rõ nét, không bị nứt sau vài lần giặt. Màu áo giống hình shop chụp, không bị lệch nhiều.	2025-11-20 21:13:41	2026-09-29 00:29:59
sp_16580403608	shopee	29254934014	general	Loa Bluetooth JBL Xtreme 3. Siêu Bass Nghe Nhạc Hay Bass Trầm Dùng Được Usb Thẻ Nhớ		5	Chất lượng sản phẩm:Tốt Loa nghe hay không bị rè nhưng shop khắc phục khách nhắn không trả lời tin nhắn hàng ổn	2024-09-14 20:34:45	2026-09-29 00:29:59
sp_104314502287	shopee	29254934014	general	Loa Bluetooth JBL Xtreme 3. Siêu Bass Nghe Nhạc Hay Bass Trầm Dùng Được Usb Thẻ Nhớ	Loại Cao Cấp,Không Bảo Hành	5	Giao hàng nhanh, chất lượng và pin tốt trong phân khúc giá tiền. Đáng để mua	2026-07-11 07:17:58	2026-09-29 00:29:59
sp_15848847930	shopee	29254934014	general	Loa Bluetooth JBL Xtreme 3. Siêu Bass Nghe Nhạc Hay Bass Trầm Dùng Được Usb Thẻ Nhớ		5	Shop yêu thích của mình nha, lần nào mua cũng chất lượng, 1 2 đơn hàng bị lỗi shop đổi hàng nhanh chóng mà shop nhiệt tình xin lỗi mà mình ngại luôn á	2024-07-15 14:26:45	2026-09-29 00:29:59
sp_15848922595	shopee	29254934014	general	Loa Bluetooth JBL Xtreme 3. Siêu Bass Nghe Nhạc Hay Bass Trầm Dùng Được Usb Thẻ Nhớ		5	Sản phẩm 10 điểm kh nhưng nha, đóng gói rất cẩn thận. Qúa tuyệt luôn	2024-07-15 14:33:25	2026-09-29 00:29:59
sp_22485720716	shopee	29254934014	general	Loa Bluetooth JBL Xtreme 3. Siêu Bass Nghe Nhạc Hay Bass Trầm Dùng Được Usb Thẻ Nhớ		5	Chất lượng sản phẩm:ok Tính năng nổi bật:nghe nhạc Dùng cũng được Giá vậy ok rồi Muốn thơm mua real thôi =)))) Nghe to, pass cũng đc Mà sao ko thấy đèn báo pin nhỉ	2024-12-14 09:24:41	2026-09-29 00:29:59
sp_99286813305	shopee	29254934014	general	Loa Bluetooth JBL Xtreme 3. Siêu Bass Nghe Nhạc Hay Bass Trầm Dùng Được Usb Thẻ Nhớ	Loại Cao Cấp,Bảo Hành 24 Tháng	5	Giao hàng nhanh chóng , đóng gói sản phẩm chắc chắn. Cảm ơn shop nhiều nhé	2026-06-04 19:55:21	2026-09-29 00:29:59
sp_103624383572	shopee	29254934014	general	Loa Bluetooth JBL Xtreme 3. Siêu Bass Nghe Nhạc Hay Bass Trầm Dùng Được Usb Thẻ Nhớ	Loại Cao Cấp,Bảo Hành 30 Ngày	5	Âm thanh:nghe tạm ổn. bass hơi bé. âm thanh không ấm tai cho lắm Kích thước:to. cồng kềnh. khá nhẹ Chất liệu:độ hoàn thiện vừa đủ dùng	2026-07-05 19:55:57	2026-09-29 00:29:59
sp_97734313666	shopee	29254934014	general	Loa Bluetooth JBL Xtreme 3. Siêu Bass Nghe Nhạc Hay Bass Trầm Dùng Được Usb Thẻ Nhớ	Loại Cao Cấp,Bảo Hành 24 Tháng	5	hình ảnh chỉ mang tính chất minh họa. Loa rất ok, nghe rõ và kết nối Bluetooth tốt, nếu có hỏng ￼nhất định sẽ mua lần sau	2026-05-08 12:56:19	2026-09-29 00:29:59
sp_15849043364	shopee	29254934014	general	Loa Bluetooth JBL Xtreme 3. Siêu Bass Nghe Nhạc Hay Bass Trầm Dùng Được Usb Thẻ Nhớ		5	Hàng giống như mô tả, chất lượng tốt, mẫu mã đẹp	2024-07-15 14:44:15	2026-09-29 00:29:59
sp_31242268564	shopee	29254934014	general	Loa Bluetooth JBL Xtreme 3. Siêu Bass Nghe Nhạc Hay Bass Trầm Dùng Được Usb Thẻ Nhớ		5	Tính năng nổi bật:đẹp Chất lượng sản phẩm:okie Có 1 vài điểm giống, có cái chả giống. Nhưng so với giá thì đúng là tiền nào của đấy. Hay do mình mua loại bình thường k phải cao cấp nên nó vậy. Nói chung mua là mua, còn hên xui	2025-02-19 21:31:24	2026-09-29 00:29:59
sp_82546719108	shopee	29254934014	general	Loa Bluetooth JBL Xtreme 3. Siêu Bass Nghe Nhạc Hay Bass Trầm Dùng Được Usb Thẻ Nhớ	Loại Cao Cấp,Bảo Hành 30 Ngày	5	Tính năng nổi bật:nghe tạm Chất lượng sản phẩm:cũng tạm Nhãn hiệu dán rẻ nên mua nghe vui nhưng dc cái nghe thời gian khá lâu.	2025-12-22 16:42:26	2026-09-29 00:29:59
sp_104119114685	shopee	29254934014	general	Loa Bluetooth JBL Xtreme 3. Siêu Bass Nghe Nhạc Hay Bass Trầm Dùng Được Usb Thẻ Nhớ	Loại Cao Cấp,Bảo Hành 30 Ngày	5	Âm thanh:nghe chống điếc thì ok, loa chỉ to mồm chứ trầm ko có luôn, Kích thước:loa cũng gọn, đẹp theo tầm tiền Chất liệu:trong tầm giá Loay hoay tháo, cắt gọt cả buổi chiều, thay loa xịn, chế lại dây âm thanh mới ấm như vậy, nói chung tiền nào của đó. Vẫn cho shop 5* khích lệ. Với giá tiền này mua bộ phụ kiện về chế thì cũng ổn, nhưng ko phải ai cũng chế được và có sẵn đồ chế như mình Được 1 cell pin 18650 nhưng nghe cũng lâu, ko biết có bền theo năm tháng. Nói chung tiền nào của nấy	2026-07-09 19:20:22	2026-09-29 00:29:59
sp_78859399479	shopee	29254934014	general	Loa Bluetooth JBL Xtreme 3. Siêu Bass Nghe Nhạc Hay Bass Trầm Dùng Được Usb Thẻ Nhớ	Loại Cao Cấp,Bảo Hành 24 Tháng	5	Âm thanh:âm thanh to rõ ấm lớn Nhưng shop nên đóng gói cẩn thận hơn bị gãy hết 1 quai treo rồi	2025-11-13 12:12:28	2026-09-29 00:29:59
sp_100953917612	shopee	29254934014	general	Loa Bluetooth JBL Xtreme 3. Siêu Bass Nghe Nhạc Hay Bass Trầm Dùng Được Usb Thẻ Nhớ	Loại Cao Cấp,Bảo Hành 30 Ngày	5	Sản phẩm tuyệt vời chất lượng ok , ship giao khá nhanh sẽ tiếp tục ủng hộ , hình ảnh và video mang tính chất nhận xu	2026-06-17 21:39:02	2026-09-29 00:29:59
sp_75586851382	shopee	29254934014	general	Loa Bluetooth JBL Xtreme 3. Siêu Bass Nghe Nhạc Hay Bass Trầm Dùng Được Usb Thẻ Nhớ		5	Chất lượng sản phẩm:sài đc Tính năng nổi bật:phát đc nhạc :) Sài đc, ko bik bản cao cấp khác bản thường chổ nào :)))	2025-10-09 11:19:34	2026-09-29 00:29:59
sp_20917220243	shopee	29254934014	general	Loa Bluetooth JBL Xtreme 3. Siêu Bass Nghe Nhạc Hay Bass Trầm Dùng Được Usb Thẻ Nhớ		5	Tính năng nổi bật:Nhỏ gọn Chất lượng sản phẩm:Cũng được Hàng Fake nên chất lượng âm thanh thì tiền nào của nầy	2024-12-06 14:17:36	2026-09-29 00:29:59
sp_15801110744	shopee	29254934014	general	Loa Bluetooth JBL Xtreme 3. Siêu Bass Nghe Nhạc Hay Bass Trầm Dùng Được Usb Thẻ Nhớ		5	Thời gian giao hàng nhanh Còn gặp chú shipper vui tính hài hước Cho shop đánh giá chất lượng sản phẩm 5 sao Sẽ giới thiệu bạn bè vào mua hàng cho shop	2024-07-11 13:55:15	2026-09-29 00:29:59
sp_80786441013	shopee	29254934014	general	Loa Bluetooth JBL Xtreme 3. Siêu Bass Nghe Nhạc Hay Bass Trầm Dùng Được Usb Thẻ Nhớ	Loại Cao Cấp,Không Bảo Hành	5	Chất lượng sản phẩm:ok Loa hay pin trâu nói chung không còn gì nói Hình ảnh mang tính chất nhận xu 😉	2025-12-05 22:53:09	2026-09-29 00:29:59
sp_104069053782	shopee	29254934014	general	Loa Bluetooth JBL Xtreme 3. Siêu Bass Nghe Nhạc Hay Bass Trầm Dùng Được Usb Thẻ Nhớ	Loại Cao Cấp,Bảo Hành 30 Ngày	5	Âm thanh:am thanh to , pass tram Chất liệu:chac chan	2026-07-09 11:12:23	2026-09-29 00:29:59
sp_99935328639	shopee	29254934014	general	Loa Bluetooth JBL Xtreme 3. Siêu Bass Nghe Nhạc Hay Bass Trầm Dùng Được Usb Thẻ Nhớ	Loại Cao Cấp,Bảo Hành 24 Tháng	5	Âm thanh:âm thanh rõ Kích thước:loa vừa Chất liệu:co lop luoi oke lắm nha	2026-06-08 13:23:23	2026-09-29 00:29:59
sp_101502245271	shopee	29254934014	general	Loa Bluetooth JBL Xtreme 3. Siêu Bass Nghe Nhạc Hay Bass Trầm Dùng Được Usb Thẻ Nhớ	Loại Cao Cấp,Bảo Hành 24 Tháng	5	Âm thanh:Ok Kích thước:Vừa Chất liệu:Ổn Âm thanh lớn bass lực	2026-06-21 16:13:01	2026-09-29 00:29:59
sp_104986163184	shopee	29254934014	general	Loa Bluetooth JBL Xtreme 3. Siêu Bass Nghe Nhạc Hay Bass Trầm Dùng Được Usb Thẻ Nhớ	Loại Cao Cấp,Bảo Hành 30 Ngày	5	Âm thanh:âm thanh to Kích thước:nhỏ gọn ,dễ cầm Chất liệu:loa nhỏ gọn,dễ cầm ,nói chug là tiện Dùng để nghe chill chill thì khá oke	2026-07-20 09:34:10	2026-09-29 00:29:59
sp_108310477471	shopee	29254934014	general	Loa Bluetooth JBL Xtreme 3. Siêu Bass Nghe Nhạc Hay Bass Trầm Dùng Được Usb Thẻ Nhớ	Loại Cao Cấp,Bảo Hành 24 Tháng	5	Âm thanh:to rox, be ngoai mới đẹp đầy du Chất liệu:vo nhom, dep, rat ok voi tầm giá này	2026-09-03 19:17:32	2026-09-29 00:29:59
sp_85764596012	shopee	29254934014	general	Loa Bluetooth JBL Xtreme 3. Siêu Bass Nghe Nhạc Hay Bass Trầm Dùng Được Usb Thẻ Nhớ	Loại Cao Cấp,Không Bảo Hành	5	So với giá tiền loa nghe ổn áp nha.!:mình có test loa đó ạ. Iuu iuu	2026-01-19 15:52:27	2026-09-29 00:29:59
sp_98240165953	shopee	29254934014	general	Loa Bluetooth JBL Xtreme 3. Siêu Bass Nghe Nhạc Hay Bass Trầm Dùng Được Usb Thẻ Nhớ	Loại Thường,Không Bảo Hành	5	Âm thanh:hay 🥰 Rất đáng mua với túi tiền	2026-05-15 14:26:05	2026-09-29 00:29:59
sp_108810842607	shopee	29254934014	general	Loa Bluetooth JBL Xtreme 3. Siêu Bass Nghe Nhạc Hay Bass Trầm Dùng Được Usb Thẻ Nhớ	Loại Cao Cấp,Bảo Hành 30 Ngày	5	Loa đẹp và chắc chắn . Âm thanh hay so với tầm giá	2026-09-07 16:16:01	2026-09-29 00:29:59
sp_110648144250	shopee	29254934014	general	Loa Bluetooth JBL Xtreme 3. Siêu Bass Nghe Nhạc Hay Bass Trầm Dùng Được Usb Thẻ Nhớ	Loại Cao Cấp,Bảo Hành 30 Ngày	5	Loa hình thức đẹp , kêu to ,pin cũng khoẻ . Mua nghe giải trí thì quá tốt	2026-09-21 16:12:10	2026-09-29 00:29:59
sp_81404420576	shopee	29254934014	general	Loa Bluetooth JBL Xtreme 3. Siêu Bass Nghe Nhạc Hay Bass Trầm Dùng Được Usb Thẻ Nhớ	Loại Cao Cấp,Không Bảo Hành	5	giao hàng nhanh đóng gói cẩn thận chất lượng sản phẩm tốt lan sau sẽ ủng hộ tiếp	2025-12-11 23:15:06	2026-09-29 00:29:59
sp_97334915023	shopee	29254934014	general	Loa Bluetooth JBL Xtreme 3. Siêu Bass Nghe Nhạc Hay Bass Trầm Dùng Được Usb Thẻ Nhớ	Loại Cao Cấp,Bảo Hành 30 Ngày	5	Loa nghe rất ổn trong tầm giá	2026-04-29 14:36:28	2026-09-29 00:29:59
sp_107001149178	shopee	29254934014	general	Loa Bluetooth JBL Xtreme 3. Siêu Bass Nghe Nhạc Hay Bass Trầm Dùng Được Usb Thẻ Nhớ	Loại Cao Cấp,Bảo Hành 30 Ngày	5	Âm thanh:is decent for the price. Kích thước:the speaker is a little heavy. but a good size Chất liệu:material feels solid and durable Sounds quality is not premium, but will get the job done fir price i paid.	2026-08-09 06:56:31	2026-09-29 00:29:59
sp_15871992957	shopee	29254934014	general	Loa Bluetooth JBL Xtreme 3. Siêu Bass Nghe Nhạc Hay Bass Trầm Dùng Được Usb Thẻ Nhớ		5	hàng tốt lắm nha, cảm ơn shop vì cho mình đổi hàng do đặt sai , shop gói hàng rất cẩn thận	2024-07-17 16:21:58	2026-09-29 00:29:59
sp_106233479783	shopee	29254934014	general	Loa Bluetooth JBL Xtreme 3. Siêu Bass Nghe Nhạc Hay Bass Trầm Dùng Được Usb Thẻ Nhớ	Loại Cao Cấp,Bảo Hành 30 Ngày	5	Sản phẩm oke chất lượng tốt phù hợp túi tiền	2026-08-03 18:14:43	2026-09-29 00:29:59
sp_15823309538	shopee	29254934014	general	Loa Bluetooth JBL Xtreme 3. Siêu Bass Nghe Nhạc Hay Bass Trầm Dùng Được Usb Thẻ Nhớ		5	Mua trúng đợt sale nên giá rẻ, mà chất lượng oke quá luôn, sẽ ủng hộ tiếp	2024-07-13 08:22:43	2026-09-29 00:29:59
sp_25485388426	shopee	29254934014	general	Loa Bluetooth JBL Xtreme 3. Siêu Bass Nghe Nhạc Hay Bass Trầm Dùng Được Usb Thẻ Nhớ		5	Đúng mẫu , âm thanh hay, lâu dài ko biết như thế nào, cho shop 5 sao vì hình dáng và mẫu mã	2024-12-30 13:11:04	2026-09-29 00:29:59
sp_15823369488	shopee	29254934014	general	Loa Bluetooth JBL Xtreme 3. Siêu Bass Nghe Nhạc Hay Bass Trầm Dùng Được Usb Thẻ Nhớ		5	shop lượt bán nhìu mà rep inbox dễ thưn quá trời, sẽ mua lại khi có dịp	2024-07-13 08:30:39	2026-09-29 00:29:59
sp_15849106359	shopee	29254934014	general	Loa Bluetooth JBL Xtreme 3. Siêu Bass Nghe Nhạc Hay Bass Trầm Dùng Được Usb Thẻ Nhớ		5	Sản phẩm mẫu mã đẹp,chất lượng như hàng chính hãng, shop uy tín.sẽ ủng hộ shop lâu dài	2024-07-15 14:49:51	2026-09-29 00:29:59
sp_15801080267	shopee	29254934014	general	Loa Bluetooth JBL Xtreme 3. Siêu Bass Nghe Nhạc Hay Bass Trầm Dùng Được Usb Thẻ Nhớ		5	Shop đóng gói hàng cẩn thận.Giao đủ số lượng .Chất lượng sản phẩm ok .Sẽ ghé lại lần sau	2024-07-11 13:52:53	2026-09-29 00:29:59
sp_106487068184	shopee	29254934014	general	Loa Bluetooth JBL Xtreme 3. Siêu Bass Nghe Nhạc Hay Bass Trầm Dùng Được Usb Thẻ Nhớ	Loại Cao Cấp,Bảo Hành 30 Ngày	5	Với giá như vầy mà không ngờ nhận đc sản phẩm chỉnh chu từ hình thức đến âm thanh như thế này. Rất xứng đáng ạ. Cảm ơn shop	2026-08-05 12:01:51	2026-09-29 00:29:59
sp_15823273099	shopee	29254934014	general	Loa Bluetooth JBL Xtreme 3. Siêu Bass Nghe Nhạc Hay Bass Trầm Dùng Được Usb Thẻ Nhớ		5	Mình đặt nhiều sản phẩm mà shop gói hàng rất cẩn thận, giao hàng nhanh, ưng quá chừng	2024-07-13 08:17:53	2026-09-29 00:30:00
sp_15826704056	shopee	29254934014	general	Loa Bluetooth JBL Xtreme 3. Siêu Bass Nghe Nhạc Hay Bass Trầm Dùng Được Usb Thẻ Nhớ		5	Mua mấy lần, lần nào cũng giao nhanh là thấy ưng cái bụng với cái đứa k thích chờ đợi như mình	2024-07-13 13:45:50	2026-09-29 00:30:00
sp_15823238911	shopee	29254934014	general	Loa Bluetooth JBL Xtreme 3. Siêu Bass Nghe Nhạc Hay Bass Trầm Dùng Được Usb Thẻ Nhớ		5	Mới nhận hàng. nguyên vẹn như hình, sử dụng tốt lắm nha! hài lòng	2024-07-13 08:13:13	2026-09-29 00:30:00
sp_15823335398	shopee	29254934014	general	Loa Bluetooth JBL Xtreme 3. Siêu Bass Nghe Nhạc Hay Bass Trầm Dùng Được Usb Thẻ Nhớ		5	Shop bán hàng rất ok, tiêc là trước gấp quá mình qua ngoài 1 mớ luôn rồi huhu, đặt onl rẻ quá trời	2024-07-13 08:26:09	2026-09-29 00:30:00
sp_15823662289	shopee	29254934014	general	Loa Bluetooth JBL Xtreme 3. Siêu Bass Nghe Nhạc Hay Bass Trầm Dùng Được Usb Thẻ Nhớ		5	Mỗi sản phẩm đều được chống sốc cẩn thận, hàng mới và đẹp không vết sướt	2024-07-13 09:05:42	2026-09-29 00:30:00
sp_102472225212	shopee	29254934014	general	Loa Bluetooth JBL Xtreme 3. Siêu Bass Nghe Nhạc Hay Bass Trầm Dùng Được Usb Thẻ Nhớ	Loại Cao Cấp,Bảo Hành 30 Ngày	5	Âm thanh:loa nghe ok, shop rất nhiệt tình	2026-06-28 15:17:26	2026-09-29 00:30:00
sp_100512152982	shopee	29254934014	general	Loa Bluetooth JBL Xtreme 3. Siêu Bass Nghe Nhạc Hay Bass Trầm Dùng Được Usb Thẻ Nhớ	Loại Cao Cấp,Bảo Hành 30 Ngày	5	Âm thanh:to Kích thước:bt Chất liệu:bt Đã nhận được hàng đóng gói đẹp giao hàng nhanh mong sử dụng OK	2026-06-13 06:54:10	2026-09-29 00:30:00
sp_106131536195	shopee	29254934014	general	Loa Bluetooth JBL Xtreme 3. Siêu Bass Nghe Nhạc Hay Bass Trầm Dùng Được Usb Thẻ Nhớ	Loại Cao Cấp,Bảo Hành 30 Ngày	5	Âm thanh:ngon Kích thước:ngon Chất liệu:ngon ngon nhm hơi đắt	2026-08-02 13:15:29	2026-09-29 00:30:00
sp_80192913159	shopee	29254934014	general	Loa Bluetooth JBL Xtreme 3. Siêu Bass Nghe Nhạc Hay Bass Trầm Dùng Được Usb Thẻ Nhớ	Loại Cao Cấp,Bảo Hành 24 Tháng	5	Anh Thanh to, chuẩn chỉnh nên mua nha	2025-11-30 11:44:16	2026-09-29 00:30:00
sp_15872035514	shopee	29254934014	general	Loa Bluetooth JBL Xtreme 3. Siêu Bass Nghe Nhạc Hay Bass Trầm Dùng Được Usb Thẻ Nhớ		5	nhiều sản phẩm chất lượng tốt mà giá rẻ, mua hàng online mà gặp đc shop chất lượng, 5 sao cho shop	2024-07-17 16:25:25	2026-09-29 00:30:00
sp_79119998555	shopee	29254934014	general	Loa Bluetooth JBL Xtreme 3. Siêu Bass Nghe Nhạc Hay Bass Trầm Dùng Được Usb Thẻ Nhớ	Loại Cao Cấp,Bảo Hành 30 Ngày	5	Chất lượng tốt. Giao hàng nhanh đóng gói sản phẩm kỹ càng. Sẽ quay lại ủng hộ shop	2025-11-16 23:22:17	2026-09-29 00:30:00
sp_103294033028	shopee	29254934014	general	Loa Bluetooth JBL Xtreme 3. Siêu Bass Nghe Nhạc Hay Bass Trầm Dùng Được Usb Thẻ Nhớ	Loại Cao Cấp,Bảo Hành 30 Ngày	5	Âm thanh:tốt với tầm giá Kích thước:nhỏ gọn nhẹ Chất liệu:vỏ nhôm vải dày	2026-07-03 20:30:47	2026-09-29 00:30:00
sp_15823347260	shopee	29254934014	general	Loa Bluetooth JBL Xtreme 3. Siêu Bass Nghe Nhạc Hay Bass Trầm Dùng Được Usb Thẻ Nhớ		5	Hàng chất lượng, giá dẻ mà dùng oke, để dùng 1 tg nữa mới đánh giá đc là có bền k	2024-07-13 08:27:41	2026-09-29 00:30:00
sp_106139991683	shopee	29254934014	general	Loa Bluetooth JBL Xtreme 3. Siêu Bass Nghe Nhạc Hay Bass Trầm Dùng Được Usb Thẻ Nhớ	Loại Cao Cấp,Bảo Hành 30 Ngày	5	Đã nhận được hàng, loa âm thanh to rõ, bass trầm ổn. Cảm ơn shop!	2026-08-02 16:08:29	2026-09-29 00:30:00
sp_98719512101	shopee	29254934014	general	Loa Bluetooth JBL Xtreme 3. Siêu Bass Nghe Nhạc Hay Bass Trầm Dùng Được Usb Thẻ Nhớ	Loại Cao Cấp,Không Bảo Hành	5	Âm thanh:ổn với tầm giá Kích thước:nho gon de cam Tạm được so với giá tiền giao nhanh	2026-05-19 15:23:05	2026-09-29 00:30:00
sp_21342088987	shopee	29254934014	general	Loa Bluetooth JBL Xtreme 3. Siêu Bass Nghe Nhạc Hay Bass Trầm Dùng Được Usb Thẻ Nhớ		5	sp rất ok đẹp âm thanh hay shop được hơn 5 sao	2024-12-09 09:11:00	2026-09-29 00:30:00
sp_19339133932	shopee	29254934014	general	Loa Bluetooth JBL Xtreme 3. Siêu Bass Nghe Nhạc Hay Bass Trầm Dùng Được Usb Thẻ Nhớ		5	Chất lượng sản phẩm:tốt , Tính năng nổi bật:to rõ và tiện lợi	2024-11-19 11:47:36	2026-09-29 00:30:00
sp_25193675950	shopee	29254934014	general	Loa Bluetooth JBL Xtreme 3. Siêu Bass Nghe Nhạc Hay Bass Trầm Dùng Được Usb Thẻ Nhớ		5	Chất lượng sản phẩm:đáng giá đồng tiền, vừa ý vừa lòng Tính năng nổi bật:pass ok 10 điểm	2024-12-25 14:09:31	2026-09-29 00:30:00
sp_15823188312	shopee	29254934014	general	Loa Bluetooth JBL Xtreme 3. Siêu Bass Nghe Nhạc Hay Bass Trầm Dùng Được Usb Thẻ Nhớ		5	Sản phẩm chất lượng, giá sale rẻ nhưng đúng hàng	2024-07-13 08:06:20	2026-09-29 00:30:00
sp_15823310700	shopee	29254934014	general	Loa Bluetooth JBL Xtreme 3. Siêu Bass Nghe Nhạc Hay Bass Trầm Dùng Được Usb Thẻ Nhớ		5	Giao nhanh quá luôn mình ở tỉnh mà hơn 1 ngày đã nhận được rồi, cho 100 đỉm lun ạ!!	2024-07-13 08:22:53	2026-09-29 00:30:00
sp_96244256382	shopee	29254934014	general	Loa Bluetooth JBL Xtreme 3. Siêu Bass Nghe Nhạc Hay Bass Trầm Dùng Được Usb Thẻ Nhớ	Loại Cao Cấp,Bảo Hành 30 Ngày	5	Shop bán hàng chất lượng uy tín đáng để mua hãy trải nghiệm đi mọi người	2026-04-19 06:51:18	2026-09-29 00:30:00
sp_82552318493	shopee	29254934014	general	Loa Bluetooth JBL Xtreme 3. Siêu Bass Nghe Nhạc Hay Bass Trầm Dùng Được Usb Thẻ Nhớ	Loại Cao Cấp,Bảo Hành 30 Ngày	5	hình ảnh chỉ mang tính chất nhận su. nhưng hàng ok shop ơi. thấy xịn xò đó. nhưng chưa dùng lâu ko biết độ bền thế nào	2025-12-22 21:58:08	2026-09-29 00:30:00
sp_107240518995	shopee	29254934014	general	Loa Bluetooth JBL Xtreme 3. Siêu Bass Nghe Nhạc Hay Bass Trầm Dùng Được Usb Thẻ Nhớ	Loại Cao Cấp,Không Bảo Hành	5	Âm thanh:tốt Kích thước:nhỏ gọn	2026-08-20 18:42:22	2026-09-29 00:30:00
sp_98098313369	shopee	29254934014	general	Loa Bluetooth JBL Xtreme 3. Siêu Bass Nghe Nhạc Hay Bass Trầm Dùng Được Usb Thẻ Nhớ	Loại Thường,Không Bảo Hành	5	Âm thanh:âm thanh ok Kích thước:nhỏ gọn NC cũng tốt ạ . Còn hình ảnh chỉ mang tính chất minh họa thôi ạ	2026-05-14 06:52:58	2026-09-29 00:30:00
sp_25468971002	shopee	29254934014	general	Loa Bluetooth JBL Xtreme 3. Siêu Bass Nghe Nhạc Hay Bass Trầm Dùng Được Usb Thẻ Nhớ		5	hàng ok, đóng gói cận thận. canh sale mua được giá tốt. có nhu cầu sẽ ủng hộ	2024-12-28 20:38:34	2026-09-29 00:30:00
sp_100450223071	shopee	29254934014	general	Loa Bluetooth JBL Xtreme 3. Siêu Bass Nghe Nhạc Hay Bass Trầm Dùng Được Usb Thẻ Nhớ	Loại Cao Cấp,Không Bảo Hành	5	loa rõ ràng, dùng cx lâu	2026-06-12 01:42:02	2026-09-29 00:30:00
sp_95505496360	shopee	29254934014	general	Loa Bluetooth JBL Xtreme 3. Siêu Bass Nghe Nhạc Hay Bass Trầm Dùng Được Usb Thẻ Nhớ	Loại Cao Cấp,Bảo Hành 30 Ngày	5	Âm thanh:ok Kích thước:ok Đẹp, bền, tiện lợi, đáng mua, giao nhanh, hài lòng. Cảm ơn shop	2026-04-12 14:46:24	2026-09-29 00:30:00
sp_101891655710	shopee	29254934014	general	Loa Bluetooth JBL Xtreme 3. Siêu Bass Nghe Nhạc Hay Bass Trầm Dùng Được Usb Thẻ Nhớ	Loại Cao Cấp,Bảo Hành 30 Ngày	5	Âm thanh:ok Kích thước:gọn Chất liệu:đẹp	2026-06-24 12:59:04	2026-09-29 00:30:00
sp_19522733351	shopee	29254934014	general	Loa Bluetooth JBL Xtreme 3. Siêu Bass Nghe Nhạc Hay Bass Trầm Dùng Được Usb Thẻ Nhớ		5	Chất lượng sản phẩm:tạm ỗn Tính năng nổi bật:bình thường	2024-11-22 14:16:30	2026-09-29 00:30:00
sp_75502917292	shopee	29254934014	general	Loa Bluetooth JBL Xtreme 3. Siêu Bass Nghe Nhạc Hay Bass Trầm Dùng Được Usb Thẻ Nhớ		5	Chất lượng sản phẩm:tệ Không như quảng cáo, loa nghe quá rè, bass yếu, mạch điện nhỏ, nói chung chất lượng sản phẩm kém...	2025-10-06 11:50:14	2026-09-29 00:30:00
sp_107228187265	shopee	29254934014	general	Loa Bluetooth JBL Xtreme 3. Siêu Bass Nghe Nhạc Hay Bass Trầm Dùng Được Usb Thẻ Nhớ	Loại Cao Cấp,Không Bảo Hành	5	Chất lượng sản phẩm khá tốt ổn định và dễ dàng Đúng với hình ảnh shop gửi đến các bạn	2026-08-20 08:03:55	2026-09-29 00:30:00
sp_15823249734	shopee	29254934014	general	Loa Bluetooth JBL Xtreme 3. Siêu Bass Nghe Nhạc Hay Bass Trầm Dùng Được Usb Thẻ Nhớ		5	Trước mua hộ bạn mình mà thấy sài oke quá nên giờ mua sài luôn hehe	2024-07-13 08:14:41	2026-09-29 00:30:00
sp_103093684461	shopee	29254934014	general	Loa Bluetooth JBL Xtreme 3. Siêu Bass Nghe Nhạc Hay Bass Trầm Dùng Được Usb Thẻ Nhớ	Loại Cao Cấp,Bảo Hành 30 Ngày	5	Là nhỏ gọn cầm tay nhẹ và tiện lợi khi mang đi, nghe đã tai có thể vang xa	2026-07-02 12:48:24	2026-09-29 00:30:00
sp_20202696189	shopee	29254934014	general	Loa Bluetooth JBL Xtreme 3. Siêu Bass Nghe Nhạc Hay Bass Trầm Dùng Được Usb Thẻ Nhớ		5	Sản phẩm tốt âm thành tuyệt vời .	2024-12-03 11:30:07	2026-09-29 00:30:00
sp_15823232555	shopee	29254934014	general	Loa Bluetooth JBL Xtreme 3. Siêu Bass Nghe Nhạc Hay Bass Trầm Dùng Được Usb Thẻ Nhớ		5	Mua đợt sale, hàng vẫn chất lượng, tương lai sẽ quay lại	2024-07-13 08:12:22	2026-09-29 00:30:00
sp_80612004590	shopee	29254934014	general	Loa Bluetooth JBL Xtreme 3. Siêu Bass Nghe Nhạc Hay Bass Trầm Dùng Được Usb Thẻ Nhớ	Loại Cao Cấp,Bảo Hành 24 Tháng	5	Sản phẩm tốt , chất lượng trong tầm giá	2025-12-04 13:45:49	2026-09-29 00:30:00
sp_103221462952	shopee	29254934014	general	Loa Bluetooth JBL Xtreme 3. Siêu Bass Nghe Nhạc Hay Bass Trầm Dùng Được Usb Thẻ Nhớ	Loại Cao Cấp,Bảo Hành 30 Ngày	5	Với số tiền này thì Loa này rất hay, rẻ 👍👍👍 nên mua ❤️	2026-07-03 10:49:15	2026-09-29 00:30:00
sp_24410337373	shopee	29254934014	general	Loa Bluetooth JBL Xtreme 3. Siêu Bass Nghe Nhạc Hay Bass Trầm Dùng Được Usb Thẻ Nhớ		5	Ổn áp test 1 ngày Pin đạt 3 4h liên tục Ok	2024-12-22 11:19:44	2026-09-29 00:30:00
sp_25515365801	shopee	29254934014	general	Loa Bluetooth JBL Xtreme 3. Siêu Bass Nghe Nhạc Hay Bass Trầm Dùng Được Usb Thẻ Nhớ		5	Chất lượng sản phẩm:hàng tốt ...âm thanh chuẩn	2025-01-02 14:00:33	2026-09-29 00:30:00
sp_24623747713	shopee	29254934014	general	Loa Bluetooth JBL Xtreme 3. Siêu Bass Nghe Nhạc Hay Bass Trầm Dùng Được Usb Thẻ Nhớ		5	Tầm tiền này sử dụng cũng tốt	2024-12-23 07:02:46	2026-09-29 00:30:00
sp_22438306267	shopee	29254934014	general	Loa Bluetooth JBL Xtreme 3. Siêu Bass Nghe Nhạc Hay Bass Trầm Dùng Được Usb Thẻ Nhớ		5	Hàng đẹp âm thanh nghe khá tốt.	2024-12-13 20:34:27	2026-09-29 00:30:00
sp_40711515311	shopee	29254934014	general	Loa Bluetooth JBL Xtreme 3. Siêu Bass Nghe Nhạc Hay Bass Trầm Dùng Được Usb Thẻ Nhớ		5	Nghe ổn, có vẻ chắc chắn Kết nối với samsung oppo nghe hay hơn với iphone	2025-05-05 20:05:41	2026-09-29 00:30:00
sp_95731022101	shopee	29254934014	general	Loa Bluetooth JBL Xtreme 3. Siêu Bass Nghe Nhạc Hay Bass Trầm Dùng Được Usb Thẻ Nhớ	Loại Thường,Không Bảo Hành	5	So với hàng real thì không ao được rồi, nhưng giá này thì nghe tạm z, shop dễ thương, có tặng thẻ bảo hành, uy tín	2026-04-14 12:57:09	2026-09-29 00:30:00
sp_32751405671	shopee	29254934014	general	Loa Bluetooth JBL Xtreme 3. Siêu Bass Nghe Nhạc Hay Bass Trầm Dùng Được Usb Thẻ Nhớ		5	Loa nghe ổn nha. Lúc đầu thử kết nối với iphone nghe hơi nhỏ, nhưng với oppo thì đã tai luôn	2025-03-13 06:31:11	2026-09-29 00:30:00
sp_16424660894	shopee	29254934014	general	Loa Bluetooth JBL Xtreme 3. Siêu Bass Nghe Nhạc Hay Bass Trầm Dùng Được Usb Thẻ Nhớ		5	Chất lượng sản phẩm:tốt nghe rất ấm.	2024-09-04 14:15:09	2026-09-29 00:30:00
sp_16685009892	shopee	29254934014	general	Loa Bluetooth JBL Xtreme 3. Siêu Bass Nghe Nhạc Hay Bass Trầm Dùng Được Usb Thẻ Nhớ		5	Xài được lâu hết pin	2024-09-23 11:00:39	2026-09-29 00:30:00
sp_103091072872	shopee	29254934014	general	Loa Bluetooth JBL Xtreme 3. Siêu Bass Nghe Nhạc Hay Bass Trầm Dùng Được Usb Thẻ Nhớ	Loại Cao Cấp,Bảo Hành 30 Ngày	5	Âm thanh:tiếng to, chất bình thường	2026-07-02 12:09:19	2026-09-29 00:30:02
sp_96474326604	shopee	29254934014	general	Loa Bluetooth JBL Xtreme 3. Siêu Bass Nghe Nhạc Hay Bass Trầm Dùng Được Usb Thẻ Nhớ	Loại Cao Cấp,Bảo Hành 24 Tháng	5	Mình mua loại loa cao cấp, mà thấy giao k phải loa cao cấp, lổ cắm giắc và thẻ nhớ bị lệch. Toàn bộ khu giắc cắm k có nắp đậy như quảng cáo, như vậy sao chống đc nước shop	2026-04-21 09:50:05	2026-09-29 00:30:02
sp_25455436659	shopee	29254934014	general	Loa Bluetooth JBL Xtreme 3. Siêu Bass Nghe Nhạc Hay Bass Trầm Dùng Được Usb Thẻ Nhớ		5	giao hàng nhanh và không có gì hết nghe cũng ok và ảnh video chỉ để nhận xu	2024-12-27 17:19:42	2026-09-29 00:30:02
sp_107654254818	shopee	29254934014	general	Loa Bluetooth JBL Xtreme 3. Siêu Bass Nghe Nhạc Hay Bass Trầm Dùng Được Usb Thẻ Nhớ	Loại Cao Cấp,Không Bảo Hành	5	Âm thanh:ngon lành lắm	2026-08-28 08:55:55	2026-09-29 00:30:02
sp_19185113192	shopee	29254934014	general	Loa Bluetooth JBL Xtreme 3. Siêu Bass Nghe Nhạc Hay Bass Trầm Dùng Được Usb Thẻ Nhớ		5	Chất lượng sản phẩm:ok Tính năng nổi bật:ok loa ko có pass. nói chung nghe cho vui thì đc	2024-11-17 21:09:37	2026-09-29 00:30:02
sp_22664017669	shopee	29254934014	general	Loa Bluetooth JBL Xtreme 3. Siêu Bass Nghe Nhạc Hay Bass Trầm Dùng Được Usb Thẻ Nhớ		5	Loa to nhạc chuẩn Sẽ ủng hộ shop tiếp Hình ảnh mang tính chất nhận xu	2024-12-15 17:59:22	2026-09-29 00:30:02
sp_26696660246	shopee	29254934014	general	Loa Bluetooth JBL Xtreme 3. Siêu Bass Nghe Nhạc Hay Bass Trầm Dùng Được Usb Thẻ Nhớ		5	Tính năng nổi bật:ok Chất lượng sản phẩm:ok Không có cái loa khuyến mãi ở đau hết vậy shop ơi,hàng gì mà 17 ngày mới nhận được vậy,đóng gói thì rất sơ	2025-01-07 18:22:11	2026-09-29 00:30:02
sp_25493776517	shopee	29254934014	general	Loa Bluetooth JBL Xtreme 3. Siêu Bass Nghe Nhạc Hay Bass Trầm Dùng Được Usb Thẻ Nhớ		5	Loa nghe OK mn nên mua	2024-12-31 09:26:10	2026-09-29 00:30:02
sp_87479099492	shopee	29254934014	general	Loa Bluetooth JBL Xtreme 3. Siêu Bass Nghe Nhạc Hay Bass Trầm Dùng Được Usb Thẻ Nhớ	Loại Thường,Bảo Hành 30 Ngày	5	Mua 2 cái rồi đẹp ok	2026-02-03 15:39:26	2026-09-29 00:30:02
sp_108019180603	shopee	29254934014	general	Loa Bluetooth JBL Xtreme 3. Siêu Bass Nghe Nhạc Hay Bass Trầm Dùng Được Usb Thẻ Nhớ	Loại Cao Cấp,Bảo Hành 30 Ngày	5	Âm thanh:toots Kích thước:vua Chất liệu:ok	2026-08-31 21:25:32	2026-09-29 00:30:02
sp_21138288960	shopee	29254934014	general	Loa Bluetooth JBL Xtreme 3. Siêu Bass Nghe Nhạc Hay Bass Trầm Dùng Được Usb Thẻ Nhớ		5	Tính năng nổi bật:okey Chất lượng sản phẩm:okey	2024-12-07 05:42:35	2026-09-29 00:30:02
sp_104427236481	shopee	29254934014	general	Loa Bluetooth JBL Xtreme 3. Siêu Bass Nghe Nhạc Hay Bass Trầm Dùng Được Usb Thẻ Nhớ	Loại Cao Cấp,Bảo Hành 30 Ngày	5	Âm thanh:tốt Kích thước:gọn	2026-07-11 20:34:20	2026-09-29 00:30:02
sp_17203874320	shopee	29254934014	general	Loa Bluetooth JBL Xtreme 3. Siêu Bass Nghe Nhạc Hay Bass Trầm Dùng Được Usb Thẻ Nhớ		5	Chất lượng sản phẩm:tốt	2024-10-16 18:50:50	2026-09-29 00:30:02
sp_19905985662	shopee	29254934014	general	Loa Bluetooth JBL Xtreme 3. Siêu Bass Nghe Nhạc Hay Bass Trầm Dùng Được Usb Thẻ Nhớ		5	Chất lượng sản phẩm:tốt	2024-11-29 12:48:58	2026-09-29 00:30:02
sp_16578914319	shopee	29254934014	general	Loa Bluetooth JBL Xtreme 3. Siêu Bass Nghe Nhạc Hay Bass Trầm Dùng Được Usb Thẻ Nhớ		5	Chất lượng sản phẩm:tốt	2024-09-14 18:23:23	2026-09-29 00:30:02
sp_16295006710	shopee	29254934014	general	Loa Bluetooth JBL Xtreme 3. Siêu Bass Nghe Nhạc Hay Bass Trầm Dùng Được Usb Thẻ Nhớ		5	Loa to nghe tốt	2024-08-25 14:03:35	2026-09-29 00:30:02
sp_27737593368	shopee	29254934014	general	Loa Bluetooth JBL Xtreme 3. Siêu Bass Nghe Nhạc Hay Bass Trầm Dùng Được Usb Thẻ Nhớ		5	So với giá tiền thì ok	2025-01-11 07:28:48	2026-09-29 00:30:02
sp_90463802281	shopee	29254934014	general	Loa Bluetooth JBL Xtreme 3. Siêu Bass Nghe Nhạc Hay Bass Trầm Dùng Được Usb Thẻ Nhớ	Loại Cao Cấp,Bảo Hành 24 Tháng	5	50k vietcombank 9397914960 nguyenvanduc (được gửi với Tiếng vang)	2026-03-01 14:01:59	2026-09-29 00:30:02
sp_24382153846	shopee	29254934014	general	Loa Bluetooth JBL Xtreme 3. Siêu Bass Nghe Nhạc Hay Bass Trầm Dùng Được Usb Thẻ Nhớ		5	Bass đánh không mạnh, tầm tiền này thì cũng tạm chấp nhận	2024-12-21 10:47:16	2026-09-29 00:30:02
sp_105170413329	shopee	29254934014	general	Loa Bluetooth JBL Xtreme 3. Siêu Bass Nghe Nhạc Hay Bass Trầm Dùng Được Usb Thẻ Nhớ	Loại Cao Cấp,Bảo Hành 30 Ngày	5	Âm thanh:ko hay mấy Kích thước:dễ cầm Chất liệu:ok núc tắt khó tắt vào ko giống ảnh cho to dè .đểu	2026-07-28 04:28:20	2026-09-29 00:30:02
sp_103891244823	shopee	29254934014	general	Loa Bluetooth JBL Xtreme 3. Siêu Bass Nghe Nhạc Hay Bass Trầm Dùng Được Usb Thẻ Nhớ	Loại Cao Cấp,Không Bảo Hành	5	Âm thanh:good Không tệ	2026-07-07 15:27:48	2026-09-29 00:30:02
sp_24415423223	shopee	29254934014	general	Loa Bluetooth JBL Xtreme 3. Siêu Bass Nghe Nhạc Hay Bass Trầm Dùng Được Usb Thẻ Nhớ		5	Sản phẩm đúng mô tả. Hợp lí với giá tiền, moni người lên mua:))))) hình ảnh mang tc nhận xu	2024-12-22 19:06:26	2026-09-29 00:30:02
sp_17287537034	shopee	29254934014	general	Loa Bluetooth JBL Xtreme 3. Siêu Bass Nghe Nhạc Hay Bass Trầm Dùng Được Usb Thẻ Nhớ		5	Ổn trong tầm giá, có điều cổng sạc micro sao ko đổi type C cho phổ thông, giờ ai còn sd cổng micro	2024-10-22 13:45:56	2026-09-29 00:30:02
sp_78715961420	shopee	29254934014	general	Loa Bluetooth JBL Xtreme 3. Siêu Bass Nghe Nhạc Hay Bass Trầm Dùng Được Usb Thẻ Nhớ	Loại Cao Cấp,Không Bảo Hành	5	Kích thước:okay	2025-11-11 15:38:02	2026-09-29 00:30:02
sp_83234777731	shopee	29254934014	general	Loa Bluetooth JBL Xtreme 3. Siêu Bass Nghe Nhạc Hay Bass Trầm Dùng Được Usb Thẻ Nhớ	Loại Thường,Bảo Hành 24 Tháng	5	Ko thấy dây rắc 3.5mm	2025-12-28 12:36:37	2026-09-29 00:30:02
sp_22229948757	shopee	29254934014	general	Loa Bluetooth JBL Xtreme 3. Siêu Bass Nghe Nhạc Hay Bass Trầm Dùng Được Usb Thẻ Nhớ		5	Âm thanh k hay lắm	2024-12-12 11:34:24	2026-09-29 00:30:02
sp_105060499251	shopee	29254934014	general	Loa Bluetooth JBL Xtreme 3. Siêu Bass Nghe Nhạc Hay Bass Trầm Dùng Được Usb Thẻ Nhớ	Loại Cao Cấp,Bảo Hành 24 Tháng	5	Âm thanh:hơi nhỏ Nghe tạm thì cũng đc	2026-07-24 12:11:40	2026-09-29 00:30:02
sp_19175352456	shopee	29254934014	general	Loa Bluetooth JBL Xtreme 3. Siêu Bass Nghe Nhạc Hay Bass Trầm Dùng Được Usb Thẻ Nhớ		5	Hàng chất lượng.	2024-11-17 05:40:03	2026-09-29 00:30:02
sp_104229231571	shopee	29254934014	general	Loa Bluetooth JBL Xtreme 3. Siêu Bass Nghe Nhạc Hay Bass Trầm Dùng Được Usb Thẻ Nhớ	Loại Cao Cấp,Bảo Hành 30 Ngày	5	Âm thanh:loa tốt	2026-07-10 17:20:02	2026-09-29 00:30:02
sp_85780348913	shopee	29254934014	general	Loa Bluetooth JBL Xtreme 3. Siêu Bass Nghe Nhạc Hay Bass Trầm Dùng Được Usb Thẻ Nhớ	Loại Cao Cấp,Bảo Hành 24 Tháng	5	Sợ lắm cái kiểu con người như thế này đi làm. Thật sự khó hiểu khi 1 tổng công ty vận chuyển đi thuê những nhân viên khôn lõi và thiếu trách nhiệm đi làm. Ok, lần 1, lần 2 cảm thông sự vất vả nghề ship mình cho phụ phí chở. Nhưng m ko nghĩ bạn này lại đi xin luôn tiền khách hàng và xin quá thể đáng. Được đà đơn nào đến cũng xin tiền. Ko cho ko giao hàng cho khách. Gọi khiếu nại lên tổng đài rất nhiều lần nhưng bên cty vẫn ko xử lý. Thử hỏi thuê những con người này đi làm việc thì còn ai dám hợp tác với bên đơn vị giao hàng Best??? Vận chuyển ok, nhưng con người ko ok thì cũng ko ai dám hợp tác làm việc. Nếu như họ xin tiền shop 1 cách tử tế, ok cho. Nhưng họ ăn 1 bên họ còn vòi thêm tiền khách của shop. Thật thấy đáng sợ. Kho vận chuyển best đang và đã xử lý ntn? Vẫn để 1 nhân viên như vậy đi làm? Và những bên cty khác vẫn muốn thuê 1 người như vậy đi làm???	2026-01-20 15:31:38	2026-09-29 00:30:03
sp_107214303574	shopee	29254934014	general	Loa Bluetooth JBL Xtreme 3. Siêu Bass Nghe Nhạc Hay Bass Trầm Dùng Được Usb Thẻ Nhớ	Loại Cao Cấp,Bảo Hành 30 Ngày	5	Âm thanh:to rõ, bass hơi nhỏ nhưng âm thanh vẫn ổn Kích thước:vừa vặn, có dây đeo Chất liệu:không được làm kĩ lắm có vài chỗ bị hở, chữu jbl sau 1 ngày đã bung ko ăn keo	2026-08-19 15:01:32	2026-09-29 00:30:03
sp_86378935047	shopee	29254934014	general	Loa Bluetooth JBL Xtreme 3. Siêu Bass Nghe Nhạc Hay Bass Trầm Dùng Được Usb Thẻ Nhớ	Loại Cao Cấp,Bảo Hành 24 Tháng	5	Dùng được 1-2 lần đến lần t3 sạc không vào pin nữa ,dù sạc cả ngày thì mở lên tầm 3s tự tắt .Anh em chú ý	2026-01-25 12:53:58	2026-09-29 00:30:03
sp_107004521252	shopee	29254934014	general	Loa Bluetooth JBL Xtreme 3. Siêu Bass Nghe Nhạc Hay Bass Trầm Dùng Được Usb Thẻ Nhớ	Loại Cao Cấp,Bảo Hành 30 Ngày	5	Âm thanh:âm thanh to rõ, nghe hay Kích thước:loa nhỏ gọn, có dây đeo tiện lợi Chất liệu:có lớp cao su chống va đập cũng khá ok Nói chung là cũng được ok	2026-08-09 11:07:51	2026-09-29 00:30:03
sp_111282137999	shopee	29254934014	general	Loa Bluetooth JBL Xtreme 3. Siêu Bass Nghe Nhạc Hay Bass Trầm Dùng Được Usb Thẻ Nhớ	Loại Cao Cấp,Bảo Hành 30 Ngày	5	Âm thanh:aam than oke Kích thước:nhor gọn Chất liệu:chs thaays nào về nghe đã h đánh giá tạm thoi	2026-09-26 13:17:16	2026-09-29 00:30:03
sp_93655919227	shopee	29254934014	general	Loa Bluetooth JBL Xtreme 3. Siêu Bass Nghe Nhạc Hay Bass Trầm Dùng Được Usb Thẻ Nhớ	Loại Cao Cấp,Bảo Hành 30 Ngày	5	Âm thanh nghe được, giao hàng nhanh. Nút to nhỏ trên loa không sử dụng được. Ổn trong tầm giá	2026-03-28 09:12:17	2026-09-29 00:30:03
sp_93168567092	shopee	29254934014	general	Loa Bluetooth JBL Xtreme 3. Siêu Bass Nghe Nhạc Hay Bass Trầm Dùng Được Usb Thẻ Nhớ	Loại Cao Cấp,Bảo Hành 24 Tháng	5	Sản phẩm giống như trên hình, hình ảnh chỉ mang tính chất minh họa	2026-03-24 21:58:08	2026-09-29 00:30:03
sp_92477862883	shopee	29254934014	general	Loa Bluetooth JBL Xtreme 3. Siêu Bass Nghe Nhạc Hay Bass Trầm Dùng Được Usb Thẻ Nhớ	Loại Cao Cấp,Bảo Hành 24 Tháng	5	Âm thanh:ổn áp lắm ạ. loa to rõ không bị rè. Kích thước:nói chung ổn trong tầm giá Anh chị em nên mua ạ . Loa dễ mang đi và nghe to rõ. Bass chắc không bị rè... còn độ bền chờ thời gian sử dụng mới biết.	2026-03-18 12:59:31	2026-09-29 00:30:03
sp_17315922837	shopee	29254934014	general	Loa Bluetooth JBL Xtreme 3. Siêu Bass Nghe Nhạc Hay Bass Trầm Dùng Được Usb Thẻ Nhớ		5	Giao Thiếu dây đeo	2024-10-23 17:03:57	2026-09-29 00:30:03
sp_109794508587	shopee	29254934014	general	Loa Bluetooth JBL Xtreme 3. Siêu Bass Nghe Nhạc Hay Bass Trầm Dùng Được Usb Thẻ Nhớ	Loại Cao Cấp,Bảo Hành 24 Tháng	5	Cần test thêm về pin tại thấy để 15h nghe nhạc mà chưa sài tới mức đó cần thời gian trải nghiệm	2026-09-15 00:16:27	2026-09-29 00:30:03
sp_75623105598	shopee	29254934014	general	Loa Bluetooth JBL Xtreme 3. Siêu Bass Nghe Nhạc Hay Bass Trầm Dùng Được Usb Thẻ Nhớ		5	Âm thanh hơi bé so với mình mong muốn. Chưa dùng nhiều nên chưa biết thời lượng pin ntn	2025-10-09 20:17:04	2026-09-29 00:30:03
sp_81906366104	shopee	29254934014	general	Loa Bluetooth JBL Xtreme 3. Siêu Bass Nghe Nhạc Hay Bass Trầm Dùng Được Usb Thẻ Nhớ	Loại Thường,Bảo Hành 24 Tháng	5	Chất lượng sản phẩm:ổn Tính năng nổi bật:to, mà tui k biết 1 lần xài trụ đc bao lâu, phải tìm hiểu lại Điều tui tiếc duy nhất là tui cần nó phải là cổng sạc Type C nhưng mà nó là cái khác 💔 Chất lượng ok so với giá ròi.	2025-12-16 16:54:22	2026-09-29 00:30:03
sp_79661117283	shopee	29254934014	general	Loa Bluetooth JBL Xtreme 3. Siêu Bass Nghe Nhạc Hay Bass Trầm Dùng Được Usb Thẻ Nhớ	Loại Cao Cấp,Bảo Hành 24 Tháng	5	Hàng ok, nên mua nha mọi người, Hình ảnh và video chỉ mang tính chất nhận xu.	2025-11-25 22:00:25	2026-09-29 00:30:03
sp_38636322475	shopee	29254934014	general	Loa Bluetooth JBL Xtreme 3. Siêu Bass Nghe Nhạc Hay Bass Trầm Dùng Được Usb Thẻ Nhớ		5	Hàng uy tín như quảng cáo, đã sử dụng nghe tốt, pin bền nhưng được bao lâu thì chưa biết.hjhj	2025-04-22 09:37:41	2026-09-29 00:30:03
sp_16686398042	shopee	29254934014	general	Loa Bluetooth JBL Xtreme 3. Siêu Bass Nghe Nhạc Hay Bass Trầm Dùng Được Usb Thẻ Nhớ		5	Tính năng nổi bật:ok Chất lượng sản phẩm:ok Khỏi cần đồn.. Nhân tiện buổi tối ngày hôm nay, Hùng xin giới thiệu, bạn gái của Hùng - Bảo Loan 😊	2024-09-23 13:18:07	2026-09-29 00:30:03
sp_15851267892	shopee	29254934014	general	Loa Bluetooth JBL Xtreme 3. Siêu Bass Nghe Nhạc Hay Bass Trầm Dùng Được Usb Thẻ Nhớ		5	Không biết mọi người sao chứ mình thấy những sản phẩm được bày bán ở shop này vô cùng chất lượng và giá cả lại hợp lý lắm luôn á	2024-07-15 17:57:49	2026-09-29 00:30:03
sp_15851297343	shopee	29254934014	general	Loa Bluetooth JBL Xtreme 3. Siêu Bass Nghe Nhạc Hay Bass Trầm Dùng Được Usb Thẻ Nhớ		5	Mã giảm giá nhiều kh biết shop bán vì đam mê hay sao, sản phẩm thì giá rẻ mà chất lượng tuyệt vời, rất hiểu tâm lý khách hàng	2024-07-15 18:00:17	2026-09-29 00:30:03
sp_15851389631	shopee	29254934014	general	Loa Bluetooth JBL Xtreme 3. Siêu Bass Nghe Nhạc Hay Bass Trầm Dùng Được Usb Thẻ Nhớ		5	mua đc giá hời ngày sale mà sản phẩm kh hề giảm chất lượng, có mã shopee giảm thêm rất nhiều nữa, rất oke nha!	2024-07-15 18:07:58	2026-09-29 00:30:03
sp_15851296791	shopee	29254934014	general	Loa Bluetooth JBL Xtreme 3. Siêu Bass Nghe Nhạc Hay Bass Trầm Dùng Được Usb Thẻ Nhớ		5	hàng tốt kh biết chê chỗ nào đc luôn, đã mua nhiều lần và lần nào hàng cũng chất lượng mà có nhiều khuyến mãi	2024-07-15 18:00:14	2026-09-29 00:30:03
sp_15851295750	shopee	29254934014	general	Loa Bluetooth JBL Xtreme 3. Siêu Bass Nghe Nhạc Hay Bass Trầm Dùng Được Usb Thẻ Nhớ		5	Mẫu mã đẹp sử dụng bền tốt, chất lượng từ hàng hoá đến dịch vụ chắm sóc khách hàng, shop xứng đáng 10 điểm	2024-07-15 18:00:09	2026-09-29 00:30:03
sp_15851279076	shopee	29254934014	general	Loa Bluetooth JBL Xtreme 3. Siêu Bass Nghe Nhạc Hay Bass Trầm Dùng Được Usb Thẻ Nhớ		5	Nhận hàng thử liền, sản phẩm sử dụng tốt, tư vấn nhiệt tình, đổi trả hàng lỗi nhanh chóng,shop uy tín	2024-07-15 17:58:44	2026-09-29 00:30:03
sp_15851297399	shopee	29254934014	general	Loa Bluetooth JBL Xtreme 3. Siêu Bass Nghe Nhạc Hay Bass Trầm Dùng Được Usb Thẻ Nhớ		5	sản phẩm chất lượng miễn bàn, thích mua của shop vì shop phản hồi nhiệt tình mà giao hàng rất nhanh	2024-07-15 18:00:17	2026-09-29 00:30:03
sp_24632002441	shopee	29254934014	general	Loa Bluetooth JBL Xtreme 3. Siêu Bass Nghe Nhạc Hay Bass Trầm Dùng Được Usb Thẻ Nhớ		4	Chất lượng sản phẩm:cũng tốt Khá nhỏ và không có logo jpl gì cả, thấy không có gì kèm theo. Nhưng kết nối vẩn ổn, nhạc to, không bị rè. nói chung ổn trong tầm giá	2024-12-23 19:53:28	2026-09-29 00:30:04
sp_111008437944	shopee	29254934014	general	Loa Bluetooth JBL Xtreme 3. Siêu Bass Nghe Nhạc Hay Bass Trầm Dùng Được Usb Thẻ Nhớ	Loại Cao Cấp,Bảo Hành 30 Ngày	4	Loa tạm ổn vì giá rẻ. Ko phải loa jbl đề nghị shop quảng cáo trung thực để khách hàng lựa chọn	2026-09-24 11:09:26	2026-09-29 00:30:04
sp_20139437482	shopee	29254934014	general	Loa Bluetooth JBL Xtreme 3. Siêu Bass Nghe Nhạc Hay Bass Trầm Dùng Được Usb Thẻ Nhớ		4	kết nối bình thường chưa có hỏng hóc gì. k phải chínn hãng nên dùng chơi thôi. âm nghe k ấm lắm	2024-12-02 07:50:10	2026-09-29 00:30:04
sp_81704372496	shopee	29254934014	general	Loa Bluetooth JBL Xtreme 3. Siêu Bass Nghe Nhạc Hay Bass Trầm Dùng Được Usb Thẻ Nhớ	Loại Thường,Bảo Hành 30 Ngày	4	Âm thanh:nghe duoc Kích thước:loa lon xin giác cắm sạc bị lệch rất khó để đút vào sạc	2025-12-14 17:42:41	2026-09-29 00:30:04
sp_23200275475	shopee	29254934014	general	Loa Bluetooth JBL Xtreme 3. Siêu Bass Nghe Nhạc Hay Bass Trầm Dùng Được Usb Thẻ Nhớ		4	Hộp quá cũ , đóng gói quá lõng lẻo , nhìn cũ	2024-12-17 09:32:28	2026-09-29 00:30:04
sp_96756352190	shopee	29254934014	general	Loa Bluetooth JBL Xtreme 3. Siêu Bass Nghe Nhạc Hay Bass Trầm Dùng Được Usb Thẻ Nhớ	Loại Thường,Bảo Hành 24 Tháng	4	Âm thanh vừa phải , ko xuất sắc , tiền nào của đó ! Đừng mong đợi nhiều !	2026-04-23 14:48:55	2026-09-29 00:30:04
sp_82514427332	shopee	29254934014	general	Loa Bluetooth JBL Xtreme 3. Siêu Bass Nghe Nhạc Hay Bass Trầm Dùng Được Usb Thẻ Nhớ	Loại Thường,Không Bảo Hành	4	Chất lượng sản phẩm:tạm tiền nakf của nấy	2025-12-22 00:27:59	2026-09-29 00:30:04
sp_13450252378	shopee	2007913528	general	SIÊU PHẨM PHI THUYỀN KHÔNG GIAN NÚT BẮN PUBG MÔ PHỎNG PHI THUYỀN CỰC KÌ NHẠY VÀ NHẸ	Cả trái và phải	5	Tính năng nổi bật:nhạy Chất lượng sản phẩm:tốt Xài rất êm , mượt , nhưng phải chịu khó tháo ốp lưng ra mới bắn đc ! Còn lại không có gì chê Rất tốt 💙💪🏻🧡🙂	2023-12-06 18:56:50	2026-09-29 00:30:13
sp_99140644387	shopee	2007913528	general	SIÊU PHẨM PHI THUYỀN KHÔNG GIAN NÚT BẮN PUBG MÔ PHỎNG PHI THUYỀN CỰC KÌ NHẠY VÀ NHẸ	Cả trái và phải	5	Độ nhạy:tot Thiết kế:tuyet voi Chất liệu:tot ben ae nen mua bam rat nhạy không bị nhảy nút và không bị trơn tuột khi chơi 3-4 ngón	2026-05-27 23:40:39	2026-09-29 00:30:13
sp_16115313680	shopee	2007913528	general	SIÊU PHẨM PHI THUYỀN KHÔNG GIAN NÚT BẮN PUBG MÔ PHỎNG PHI THUYỀN CỰC KÌ NHẠY VÀ NHẸ	Cả trái và phải	5	Chất lượng sản phẩm:tot Tính năng nổi bật:tot Chơi êm dễ lắp đặt còn được tặng kèm thêm quà bao ngón tay chơi game 🤙🏻🤙🏻 quá tuyệt	2024-08-09 10:24:47	2026-09-29 00:30:13
sp_5309460203	shopee	2007913528	general	SIÊU PHẨM PHI THUYỀN KHÔNG GIAN NÚT BẮN PUBG MÔ PHỎNG PHI THUYỀN CỰC KÌ NHẠY VÀ NHẸ	Nút bên trái	5	Chất lượng: 10/10 Đóng gói: 11/10 (vừa gọn vừa cute :v đã thế còn tặng quà) CSKH: 10/10 Giao hàng nhanh: 10/10 (mới đặt hôm qua mà hôm nay về tới rùi) Rất đáng tiền nhe!	2021-07-08 15:34:15	2026-09-29 00:30:13
sp_3291153141	shopee	2007913528	general	SIÊU PHẨM PHI THUYỀN KHÔNG GIAN NÚT BẮN PUBG MÔ PHỎNG PHI THUYỀN CỰC KÌ NHẠY VÀ NHẸ	Cả trái và phải	5	Giá rẻ nhưng rất chất lượng luôn nhaaa. Hộp bên ngoài bắt mắt dễ thương. Giao hàng nhanh trong ngày. Shop nhiệt tình. Rất đáng mua	2020-10-31 16:54:08	2026-09-29 00:30:13
sp_2813354809	shopee	2007913528	general	SIÊU PHẨM PHI THUYỀN KHÔNG GIAN NÚT BẮN PUBG MÔ PHỎNG PHI THUYỀN CỰC KÌ NHẠY VÀ NHẸ	Cả trái và phải	5	Do bận đi công việc nên tối qua mới về xem hàng được. Rất ưng ý . Từ sản phẩm đến chất lượng của sp và sự phục vụ của shop. Hàng bọc rất chắc chắn và đẹp. Sẽ ủng hộ nhiều	2020-08-10 07:35:12	2026-09-29 00:30:13
sp_5242052471	shopee	2007913528	general	SIÊU PHẨM PHI THUYỀN KHÔNG GIAN NÚT BẮN PUBG MÔ PHỎNG PHI THUYỀN CỰC KÌ NHẠY VÀ NHẸ	Cả trái và phải	5	Đã tham khảo và dùng vài mẫu nút bắn pubg thì thấy mẫu này giá thành thuộc top cao nhất. Nhưng đúng câu tiền nào của nấy. Nút bắn rất đã, tiến cạch cạch lúc bắn rất vui tai. Cài đặt hợp lí nâng trình bắn hẳn. Nói chung là thiết kế đẹp, nút nhấn rất nhạy. Rất đang sở hữu với người chơi pubg.100*.tks	2021-07-01 14:43:10	2026-09-29 00:30:15
sp_6410967673	shopee	2007913528	general	SIÊU PHẨM PHI THUYỀN KHÔNG GIAN NÚT BẮN PUBG MÔ PHỎNG PHI THUYỀN CỰC KÌ NHẠY VÀ NHẸ	Cả trái và phải	5	Sp giống mô tả Nút bấm nhạy, shop nhiệt tình còn photo bản hướng dẫn để mình cài đặt Hẹn shop lần mua hàng kế tiếp	2021-10-27 11:44:00	2026-09-29 00:30:15
sp_5375352735	shopee	2007913528	general	SIÊU PHẨM PHI THUYỀN KHÔNG GIAN NÚT BẮN PUBG MÔ PHỎNG PHI THUYỀN CỰC KÌ NHẠY VÀ NHẸ	Nút bên trái	5	Sản phẩm sài tốt. Giao đủ đồ, đóng gói rất chuẩn ko bị móp méo. Sử dụng choie game rất ok ạ. Lần sau sẽ ghé ủng hộ thêm cho shop. Thanks	2021-07-14 10:24:10	2026-09-29 00:30:15
sp_11751719870	shopee	2007913528	general	SIÊU PHẨM PHI THUYỀN KHÔNG GIAN NÚT BẮN PUBG MÔ PHỎNG PHI THUYỀN CỰC KÌ NHẠY VÀ NHẸ	Cả trái và phải	5	Chất lượng sản phẩm:đúng Như miêu tả Tính năng nổi bật:auto click khi ấn lâu Sản phẩm hữu ích cho những người chơi game pubg nhất Vì có những tính năng cần thiết trong giao tranh Chế độ auto click Có thể nhấp nhả tùy ý	2023-06-15 16:14:20	2026-09-29 00:30:15
sp_16227096105	shopee	2007913528	general	SIÊU PHẨM PHI THUYỀN KHÔNG GIAN NÚT BẮN PUBG MÔ PHỎNG PHI THUYỀN CỰC KÌ NHẠY VÀ NHẸ	Nút bên trái	5	Sản phẩm giao đúng phân loại đã chọn. Đóng gói hàng kĩ, chắc chắn. Thời gian giao hàng đúng thời gian dự kiến. Nút bấm tiện lợi trong chơi game.	2024-08-18 21:59:15	2026-09-29 00:30:15
sp_5456474228	shopee	2007913528	general	SIÊU PHẨM PHI THUYỀN KHÔNG GIAN NÚT BẮN PUBG MÔ PHỎNG PHI THUYỀN CỰC KÌ NHẠY VÀ NHẸ	Nút bên trái	5	shop đóng gói hàng kĩ, chất lượng, nút cũng rất nhạy.. để dùng thời gian dài xem có bị lờn nút ko đã :3 ưng nhất vẫn là cái hòm thính mini cuteee	2021-07-22 15:24:43	2026-09-29 00:30:15
sp_10906054415	shopee	2007913528	general	SIÊU PHẨM PHI THUYỀN KHÔNG GIAN NÚT BẮN PUBG MÔ PHỎNG PHI THUYỀN CỰC KÌ NHẠY VÀ NHẸ	Cả trái và phải	5	Tính năng nổi bật:Hỗ trợ bắn game tốt Chất lượng sản phẩm:tốt đúng như mô tả Nghe thích tay, chắc chắn. Giao hàng nhanh, bấm nút mượt tặng shop 5 sao😘	2023-03-03 18:27:26	2026-09-29 00:30:15
sp_2910031968	shopee	2007913528	general	SIÊU PHẨM PHI THUYỀN KHÔNG GIAN NÚT BẮN PUBG MÔ PHỎNG PHI THUYỀN CỰC KÌ NHẠY VÀ NHẸ	Cả trái và phải	5	Hàng đóng gói đẹp, gọn gàng. Bên trong có hòm thính bảo quản luôn. Nút bấm rất nhạy và tiếng rất tốt. Cho shop 5 like!	2020-08-28 07:49:37	2026-09-29 00:30:15
sp_11683758480	shopee	2007913528	general	SIÊU PHẨM PHI THUYỀN KHÔNG GIAN NÚT BẮN PUBG MÔ PHỎNG PHI THUYỀN CỰC KÌ NHẠY VÀ NHẸ	Nút bên phải	5	Tính năng nổi bật:siêu mược Chất lượng sản phẩm:rất tốt Mua chỉ 1 bên nhưng shop cho hẳn 1 cái thùng thính đúng đỉnh luôn shop uy tính nha mọi người chơi game nên mua unhr hộ shop này nha	2023-06-08 01:15:59	2026-09-29 00:30:15
sp_9479364663	shopee	2007913528	general	SIÊU PHẨM PHI THUYỀN KHÔNG GIAN NÚT BẮN PUBG MÔ PHỎNG PHI THUYỀN CỰC KÌ NHẠY VÀ NHẸ	Cả trái và phải	5	Chất lượng sản phẩm:tot Chất lượng 10/10 Ngoại hình 9/10 Shop còn tặng kèm bao tay chống mồ hôi Loại bao tay này xịn hẳn, không bị xù lông như mấy loại rẻ tiền khác	2022-09-06 14:05:44	2026-09-29 00:30:15
sp_6479463298	shopee	2007913528	general	SIÊU PHẨM PHI THUYỀN KHÔNG GIAN NÚT BẮN PUBG MÔ PHỎNG PHI THUYỀN CỰC KÌ NHẠY VÀ NHẸ	Nút bên trái	5	"Đã nhận được hàng, do chiều giờ test nên giờ này mới phản hồi, đẹp điểm ngon là thiết kế khá gaming cộng với độ nhạy (vừa đụng cái ""cạch"" là đã bắn loạn lên rồi :v với không bị trễ hoặc không ăn cảm ứng, shop nhiệt tình (cho luôn HDSD) với hàng vừa tới đâu là shop nhắn qua liền khỏi phải chờ, 5 sao."	2021-11-03 20:54:00	2026-09-29 00:30:15
sp_59883707342	shopee	2007913528	general	SIÊU PHẨM PHI THUYỀN KHÔNG GIAN NÚT BẮN PUBG MÔ PHỎNG PHI THUYỀN CỰC KÌ NHẠY VÀ NHẸ	Nút bên trái	5	Chất lượng sản phẩm:ok Tính năng nổi bật:ok Giao hàng nhanh đóng gói cẩn thận. Giao đúng hàng đã đặt. Giá hợp lý. OK shop	2025-07-14 10:47:36	2026-09-29 00:30:15
sp_11859743967	shopee	2007913528	general	SIÊU PHẨM PHI THUYỀN KHÔNG GIAN NÚT BẮN PUBG MÔ PHỎNG PHI THUYỀN CỰC KÌ NHẠY VÀ NHẸ	Cả trái và phải	5	Chất lượng sản phẩm:tốt Tính năng nổi bật:chất lượng Nên mua nha Mới mua về gắn vô sợ xước máy nhưng kh bị sao cả	2023-06-29 17:00:12	2026-09-29 00:30:15
sp_6983793287	shopee	2007913528	general	SIÊU PHẨM PHI THUYỀN KHÔNG GIAN NÚT BẮN PUBG MÔ PHỎNG PHI THUYỀN CỰC KÌ NHẠY VÀ NHẸ	Cả trái và phải	5	Sp giống mô tả. Dùng khá nhậy. Shop trả lời tn nhiệt tình. Nhưng dùng chưa quen lắm nên sẽ phải tập dần dần. Likeeee	2021-12-21 10:24:48	2026-09-29 00:30:15
sp_3318191193	shopee	2007913528	general	SIÊU PHẨM PHI THUYỀN KHÔNG GIAN NÚT BẮN PUBG MÔ PHỎNG PHI THUYỀN CỰC KÌ NHẠY VÀ NHẸ	Cả trái và phải	5	Cảm giác nút bấm tốt..mới sài thấy hài lòng...lâu dài chờ sài thì mới biết..mà nên có thêm màu khác nha shop..màu này mồ hôi tay ra là bay hết màu ln á	2020-11-05 10:06:03	2026-09-29 00:30:15
sp_5408547484	shopee	2007913528	general	SIÊU PHẨM PHI THUYỀN KHÔNG GIAN NÚT BẮN PUBG MÔ PHỎNG PHI THUYỀN CỰC KÌ NHẠY VÀ NHẸ	Cả trái và phải	5	Nút cầm chắc tay, khi gài vào máy cũng rất chắc chắn ko bị trượt tới lui, phần nút áp lên màn hình cũng có lót đệm tránh làm màn hình bị trầy nữa. Bấm kêu nghe rất đã tai với nhạy lắm bắn sướng hơn bấm tay nhiềuuu	2021-07-17 11:36:38	2026-09-29 00:30:15
sp_9395189051	shopee	2007913528	general	SIÊU PHẨM PHI THUYỀN KHÔNG GIAN NÚT BẮN PUBG MÔ PHỎNG PHI THUYỀN CỰC KÌ NHẠY VÀ NHẸ	Cả trái và phải	5	Chất lượng sản phẩm:tot Tính năng nổi bật:su dụng được Sản phẩm tuyệt vời , nút bấm nhạy, giao hàng nhanh. Còn đk tặng bao ngón tay để bấm.	2022-08-27 18:44:25	2026-09-29 00:30:15
sp_2805603562	shopee	2007913528	general	SIÊU PHẨM PHI THUYỀN KHÔNG GIAN NÚT BẮN PUBG MÔ PHỎNG PHI THUYỀN CỰC KÌ NHẠY VÀ NHẸ	Cả trái và phải	5	rất tuyệt vời!! đáng đồng tiền bát gạo,đã v còn rẻ nx chứ! giao hàng chỉ trong 2 ngày,tiếng như chuột cơ hay bàn phím cơ,khi chơi game tạo cảm giác kịch tính và hấp dẫn,thiết kế vừa vặn,nhỏ gọn nên khi ấn ko lo mỏi tay,ấn phát nào biết phát đó.Hộp ngoài là hòm thính PUBG khiến sp càng thêm chất lg!!	2020-08-08 14:35:48	2026-09-29 00:30:15
sp_3736818528	shopee	2007913528	general	SIÊU PHẨM PHI THUYỀN KHÔNG GIAN NÚT BẮN PUBG MÔ PHỎNG PHI THUYỀN CỰC KÌ NHẠY VÀ NHẸ	Cả trái và phải	5	Đã nhận hàng, chơi mượt, ok hơn tay cầm trước mình mua, shop hướng dẫn nhiệt tình. tối đặt hàng sáng mai có.khá hài lòng.	2020-12-29 13:50:49	2026-09-29 00:30:15
sp_12979881474	shopee	2007913528	general	SIÊU PHẨM PHI THUYỀN KHÔNG GIAN NÚT BẮN PUBG MÔ PHỎNG PHI THUYỀN CỰC KÌ NHẠY VÀ NHẸ	Cả trái và phải	5	Tính năng nổi bật:ok Chất lượng sản phẩm:ok Danh gia nhận xu cai đã gồ tính sau nha. Thấy ổn áp lắm ak mong la bắn ok hehe. Đánh giá r mà k nhận dc xu huhu hơi bị xu cà na ak	2023-10-24 17:20:24	2026-09-29 00:30:15
sp_5144088812	shopee	2007913528	general	SIÊU PHẨM PHI THUYỀN KHÔNG GIAN NÚT BẮN PUBG MÔ PHỎNG PHI THUYỀN CỰC KÌ NHẠY VÀ NHẸ	Cả trái và phải	5	Chuẩn bị và giao hàng rất nhanh, sản phẩm đúng y mô tả, giá cả rất hợp lý, chất lượng tốt! Rất hài lòng, tặng shop 5 sao nha!	2021-06-21 08:41:27	2026-09-29 00:30:15
sp_17101067946	shopee	2007913528	general	SIÊU PHẨM PHI THUYỀN KHÔNG GIAN NÚT BẮN PUBG MÔ PHỎNG PHI THUYỀN CỰC KÌ NHẠY VÀ NHẸ	Nút bên trái	5	Tính năng nổi bật:ko bt Chất lượng sản phẩm:tốt độ hoàn thiện cao Nên mua nhe mn dùng nút này bắn thì khỏi nói lên trình hẳn luôn😝	2024-10-12 10:42:58	2026-09-29 00:30:15
sp_7174734935	shopee	2007913528	general	SIÊU PHẨM PHI THUYỀN KHÔNG GIAN NÚT BẮN PUBG MÔ PHỎNG PHI THUYỀN CỰC KÌ NHẠY VÀ NHẸ	Cả trái và phải	5	Giao hàng nhanh, đóng gói cẩn thận. Nút bấm khá êm tiếng nảy nhẹ. Chơi game ko sợ bị mẹ gank. Còn tặng thêm bao tay chơi game nữa. Khá 👍🏻	2022-01-10 10:55:09	2026-09-29 00:30:15
sp_10155215179	shopee	2007913528	general	SIÊU PHẨM PHI THUYỀN KHÔNG GIAN NÚT BẮN PUBG MÔ PHỎNG PHI THUYỀN CỰC KÌ NHẠY VÀ NHẸ	Cả trái và phải	5	Tính năng nổi bật:rất nhạy Chất lượng sản phẩm:khá tốt Shop đóng góp khá kĩ lưỡng Mình mua bộ nút trigger thôi nhưng shop có tặng kèm thêm bao tay khá là ưng ý shop có diệp sẽ tiếp tục ủng hộ shop	2022-11-25 21:58:32	2026-09-29 00:30:15
sp_4879479962	shopee	2007913528	general	SIÊU PHẨM PHI THUYỀN KHÔNG GIAN NÚT BẮN PUBG MÔ PHỎNG PHI THUYỀN CỰC KÌ NHẠY VÀ NHẸ	Nút bên trái	5	Sản phẩm tốt nhưng phải cởi ốp mới chơi đc. Nói chung hàng tốt chấm 9,5 trên 10 trừ 0,5 điểm vì ko phải cởi ốp	2021-05-24 08:01:58	2026-09-29 00:30:15
sp_14254380925	shopee	2007913528	general	SIÊU PHẨM PHI THUYỀN KHÔNG GIAN NÚT BẮN PUBG MÔ PHỎNG PHI THUYỀN CỰC KÌ NHẠY VÀ NHẸ	Cả trái và phải	5	Tính năng nổi bật:tốt Chất lượng sản phẩm:OK Ae thấy miếng kim loại nó xước xước chứ ko phải v nhà hàng mới Tốt và giá rẻ	2024-02-20 21:19:25	2026-09-29 00:30:15
sp_11000461245	shopee	2007913528	general	SIÊU PHẨM PHI THUYỀN KHÔNG GIAN NÚT BẮN PUBG MÔ PHỎNG PHI THUYỀN CỰC KÌ NHẠY VÀ NHẸ	Cả trái và phải	5	Tính năng nổi bật:phụ kiện Chất lượng sản phẩm:ok Lần đầu mua của shop Phục vụ tốt, trả lời nhanh Gửi hàng đi nhanh Giao đầy đủ ok	2023-03-14 21:09:42	2026-09-29 00:30:15
sp_4208497629	shopee	2007913528	general	SIÊU PHẨM PHI THUYỀN KHÔNG GIAN NÚT BẮN PUBG MÔ PHỎNG PHI THUYỀN CỰC KÌ NHẠY VÀ NHẸ	Cả trái và phải	5	Cho shop 5 sao, chứ sản phẩm thì tầm 1,5 sao thôi, nói chung giá quá rẻ nên chất lượng cỡ này cũng là cố gắng của nhà sản xuất rồi	2021-03-04 18:50:16	2026-09-29 00:30:15
sp_15918762166	shopee	2007913528	general	SIÊU PHẨM PHI THUYỀN KHÔNG GIAN NÚT BẮN PUBG MÔ PHỎNG PHI THUYỀN CỰC KÌ NHẠY VÀ NHẸ	Cả trái và phải	5	Chất lượng sản phẩm:tuyệt lắm nkaa Tính năng nổi bật:ko bícc Dùng êm lắm nka, ấn nghe tiếng đã, dùng mượt phết, shop tặng nhìu bao ngón tay vãi :>> 10đ	2024-07-21 23:10:25	2026-09-29 00:30:15
sp_15763896392	shopee	2007913528	general	SIÊU PHẨM PHI THUYỀN KHÔNG GIAN NÚT BẮN PUBG MÔ PHỎNG PHI THUYỀN CỰC KÌ NHẠY VÀ NHẸ	Cả trái và phải	5	Tính năng nổi bật:nhạy Chất lượng sản phẩm:tốt Mua lần 2 và sẽ còn ủng hộ shop thêm nhiều lần nữa , săn sale còn 15k	2024-07-08 16:23:03	2026-09-29 00:30:15
sp_9111170336	shopee	2007913528	general	SIÊU PHẨM PHI THUYỀN KHÔNG GIAN NÚT BẮN PUBG MÔ PHỎNG PHI THUYỀN CỰC KÌ NHẠY VÀ NHẸ	Cả trái và phải	5	Chất lượng sản phẩm:Phím bấm rất nhạy, rất vừa vặn với xsmax, được tặng thêm bao tay, shop đóng gói rất có tâm, có hdsd	2022-07-29 16:09:51	2026-09-29 00:30:15
sp_13414892468	shopee	2007913528	general	SIÊU PHẨM PHI THUYỀN KHÔNG GIAN NÚT BẮN PUBG MÔ PHỎNG PHI THUYỀN CỰC KÌ NHẠY VÀ NHẸ	Cả trái và phải	5	Sản phân tốt , bấm rất nhạy mình chơi pubg hay Standoff2 rất okay nha Mua sản phẩm shop còn tặng thêm bao tay chơi game rất tuyệt vời 🤩	2023-12-03 15:21:31	2026-09-29 00:30:15
sp_11060935501	shopee	2007913528	general	SIÊU PHẨM PHI THUYỀN KHÔNG GIAN NÚT BẮN PUBG MÔ PHỎNG PHI THUYỀN CỰC KÌ NHẠY VÀ NHẸ	Cả trái và phải	5	Tính năng nổi bật:đúng như mô tả Chất lượng sản phẩm:tuyệt vời Giao hàng nhanh, chơi rất mượt, hợp đựng đẹp quá chừng luôn ạ. Sẽ tiếp tục ủng hộ shop	2023-03-22 20:39:56	2026-09-29 00:30:15
sp_14818699289	shopee	2007913528	general	SIÊU PHẨM PHI THUYỀN KHÔNG GIAN NÚT BẮN PUBG MÔ PHỎNG PHI THUYỀN CỰC KÌ NHẠY VÀ NHẸ	Cả trái và phải	5	Chất lượng sản phẩm:ok Tính năng nổi bật:ok Chất lượng sản phẩm rất ok:) mỗi tội 0k hàng xịn sò đợi t có tiền đặt đồ bên shop nữa:))	2024-04-07 12:16:39	2026-09-29 00:30:15
sp_10057318796	shopee	2007913528	general	SIÊU PHẨM PHI THUYỀN KHÔNG GIAN NÚT BẮN PUBG MÔ PHỎNG PHI THUYỀN CỰC KÌ NHẠY VÀ NHẸ	Cả trái và phải	5	Chất lượng sản phẩm:tốt Tính năng nổi bật:chs pu và các tựa game bắn súng khá ok Đẹp, nhẹ, nhạy còn đc tặng đôi bao tay chống mồ hôi và ghìm tâm rất phê	2022-11-15 06:48:46	2026-09-29 00:30:15
sp_7492053101	shopee	2007913528	general	SIÊU PHẨM PHI THUYỀN KHÔNG GIAN NÚT BẮN PUBG MÔ PHỎNG PHI THUYỀN CỰC KÌ NHẠY VÀ NHẸ	Cả trái và phải	5	Giao hàng rất nhanh , tầm 2 ngày là đến rồi Chưa dùng nên không biết Mua giùm thằng bạn nên không dùng Thấy khá đẹp vì để trong hòm thính :DD	2022-02-15 10:11:27	2026-09-29 00:30:15
sp_4815019656	shopee	2007913528	general	SIÊU PHẨM PHI THUYỀN KHÔNG GIAN NÚT BẮN PUBG MÔ PHỎNG PHI THUYỀN CỰC KÌ NHẠY VÀ NHẸ	Cả trái và phải	5	Nút bấm ổn từ lúc mua về giống tay to hẳn , không bị lỏng rất vừa máy , không bị cứng nút như những shop khác . Nói chung là 9,5₫	2021-05-16 00:29:22	2026-09-29 00:30:15
sp_14357094279	shopee	2007913528	general	SIÊU PHẨM PHI THUYỀN KHÔNG GIAN NÚT BẮN PUBG MÔ PHỎNG PHI THUYỀN CỰC KÌ NHẠY VÀ NHẸ	Nút bên trái	5	Tính năng nổi bật:chơi gảm Chất lượng sản phẩm:tốt Giao hàng nhanh, đóng gói hàng kỹ, có hộp đựng, shop làm ăn uy tín, sẽ ủng hộ shop dài	2024-03-01 13:22:15	2026-09-29 00:30:15
sp_15523411722	shopee	2007913528	general	SIÊU PHẨM PHI THUYỀN KHÔNG GIAN NÚT BẮN PUBG MÔ PHỎNG PHI THUYỀN CỰC KÌ NHẠY VÀ NHẸ	Cả trái và phải	5	Tính năng nổi bật:bấm có tiếng cách cách Chơi đã lắm nói thịt chứ mng nên mua nha Được shop tặng thêm 3 cặp bao tay nữa qua là ưng	2024-06-15 11:44:44	2026-09-29 00:30:15
sp_6848679648	shopee	2007913528	general	SIÊU PHẨM PHI THUYỀN KHÔNG GIAN NÚT BẮN PUBG MÔ PHỎNG PHI THUYỀN CỰC KÌ NHẠY VÀ NHẸ	Cả trái và phải	5	Sản phẩm quá hữu ích giúp mình lên liền 2 bậc rank ước gì shopee có đánh giá 10 sao thì mình sẽ cho shop 20 sao luôn :)	2021-12-09 20:58:52	2026-09-29 00:30:15
sp_13053008614	shopee	2007913528	general	SIÊU PHẨM PHI THUYỀN KHÔNG GIAN NÚT BẮN PUBG MÔ PHỎNG PHI THUYỀN CỰC KÌ NHẠY VÀ NHẸ	Nút bên trái	5	Tính năng nổi bật:hỗ trợ bắn Chất lượng sản phẩm:tốt Shop giao hàng nhanh, mua 1 cặp nút bắn và 2 cặp bao tay thì đc shop tặng thêm cặp bao tay và hộp đựng, đáng iu.	2023-10-31 19:57:34	2026-09-29 00:30:15
sp_5438373970	shopee	2007913528	general	SIÊU PHẨM PHI THUYỀN KHÔNG GIAN NÚT BẮN PUBG MÔ PHỎNG PHI THUYỀN CỰC KÌ NHẠY VÀ NHẸ	Cả trái và phải	5	Sản phẩm dùng rất ok, ko có gì phải đáng chê cả, giao hàng nhanh, nút khá nhạy, độ trễ hầu như ko có, ae nào đang có nhu cầu thì đây là sản phẩm tốt nhất cho ae.	2021-07-20 16:52:57	2026-09-29 00:30:15
sp_12748219416	shopee	2007913528	general	SIÊU PHẨM PHI THUYỀN KHÔNG GIAN NÚT BẮN PUBG MÔ PHỎNG PHI THUYỀN CỰC KÌ NHẠY VÀ NHẸ	Cả trái và phải	5	Sản phẩm tốt, ổn áp trong tầm giá , hàng đóng gói rất đẹp hộp không có dấu hiệu bị móp, Thời gian vận chuyển nhanh, còn có thêm quà tặng kèm và hướng dẫn sử dụng.	2023-10-03 09:17:27	2026-09-29 00:30:15
sp_16242891184	shopee	2007913528	general	SIÊU PHẨM PHI THUYỀN KHÔNG GIAN NÚT BẮN PUBG MÔ PHỎNG PHI THUYỀN CỰC KÌ NHẠY VÀ NHẸ	Cả trái và phải	5	Tính năng nổi bật:nhạy (kiểu bình thường) Chất lượng sản phẩm:Tốt Hàng tốt: +Rơi xuống đất 2,3 lần ko bị hư +Quà tặng kèm quá xịn +Shop quá chu đáo, nhiệt tình. Nút sử dụng cx bình thường	2024-08-20 15:33:37	2026-09-29 00:30:15
sp_13297891666	shopee	2007913528	general	SIÊU PHẨM PHI THUYỀN KHÔNG GIAN NÚT BẮN PUBG MÔ PHỎNG PHI THUYỀN CỰC KÌ NHẠY VÀ NHẸ	Cả trái và phải	5	Chất lượng sản phẩm:good Tính năng nổi bật:nhạy Shop tặng quà kèm bao tay theo, không nhạy . Nhưng vẫn dùng được. Nút bắm nhạy Giao hàng thì hơi lâu .	2023-11-22 15:10:54	2026-09-29 00:30:16
sp_3428199460	shopee	2007913528	general	SIÊU PHẨM PHI THUYỀN KHÔNG GIAN NÚT BẮN PUBG MÔ PHỎNG PHI THUYỀN CỰC KÌ NHẠY VÀ NHẸ	Cả trái và phải	5	đóng gói cẩn thận và giao hàng nhanh cực vì mình vừa mới đặt hqa thôi , nút dùng ổn và nhạy vs cả tiện hơn	2020-11-19 17:53:42	2026-09-29 00:30:16
sp_7520899614	shopee	2007913528	general	SIÊU PHẨM PHI THUYỀN KHÔNG GIAN NÚT BẮN PUBG MÔ PHỎNG PHI THUYỀN CỰC KÌ NHẠY VÀ NHẸ	Cả trái và phải	5	Cảm biến nhạy bao tay cũng khá dễ di chuyển nên đánh giá 5 sao nheng	2022-02-18 08:52:33	2026-09-29 00:30:16
sp_100226398266	shopee	2007913528	general	SIÊU PHẨM PHI THUYỀN KHÔNG GIAN NÚT BẮN PUBG MÔ PHỎNG PHI THUYỀN CỰC KÌ NHẠY VÀ NHẸ	Cả trái và phải	5	Độ nhạy:tốt Thiết kế:đẹp Chất liệu:nhựa chắc chắn Nút bấm ok lắp vừa máy nên mua ủng hộ shop, shop rep tin nhắn nhanh hỗ trợ nhiệt tình, giao hàng nhanh, shipper thân thiện vui vẻ	2026-06-10 16:38:20	2026-09-29 00:30:16
sp_10044436158	shopee	2007913528	general	SIÊU PHẨM PHI THUYỀN KHÔNG GIAN NÚT BẮN PUBG MÔ PHỎNG PHI THUYỀN CỰC KÌ NHẠY VÀ NHẸ	Cả trái và phải	5	Chất lượng sản phẩm:hàng khá ok Tính năng nổi bật:khá nhẩy Ghi cho đủ kí tự nhận xử thôi chứ hàng ok rồi ghi gì h	2022-11-13 19:24:50	2026-09-29 00:30:16
sp_13826128530	shopee	2007913528	general	SIÊU PHẨM PHI THUYỀN KHÔNG GIAN NÚT BẮN PUBG MÔ PHỎNG PHI THUYỀN CỰC KÌ NHẠY VÀ NHẸ	Cả trái và phải	5	Tính năng nổi bật:5 sao Chất lượng sản phẩm:Tuyệt vời Chưa test game cubgx chưa biết độ bền nhưng chất lượng của shop phục vụ rất tối mua lại được tặng kèm 3 bao tay đi cùng	2024-01-09 22:21:33	2026-09-29 00:30:16
sp_10838758678	shopee	2007913528	general	SIÊU PHẨM PHI THUYỀN KHÔNG GIAN NÚT BẮN PUBG MÔ PHỎNG PHI THUYỀN CỰC KÌ NHẠY VÀ NHẸ	Cả trái và phải	5	Chất lượng sản phẩm:ok Tính năng nổi bật:ok Video hình thức nhận xu ^^ ...sp của shop dùg ok và giao hàng nhanh , đóng gói cẩn thận...thks shop	2023-02-22 17:29:45	2026-09-29 00:30:16
sp_5258827325	shopee	2007913528	general	SIÊU PHẨM PHI THUYỀN KHÔNG GIAN NÚT BẮN PUBG MÔ PHỎNG PHI THUYỀN CỰC KÌ NHẠY VÀ NHẸ	Nút bên trái	5	Mình đặt mua có cái mà shop cũng để cho cái hộp xịn sò luôn,cho shop 5 sao nha. Giao hàng nhanh,gói hàng đàng hoàng 😚😚	2021-07-03 11:10:13	2026-09-29 00:30:16
sp_6908251967	shopee	2007913528	general	SIÊU PHẨM PHI THUYỀN KHÔNG GIAN NÚT BẮN PUBG MÔ PHỎNG PHI THUYỀN CỰC KÌ NHẠY VÀ NHẸ	Nút bên trái	5	Nút bắn đẹp, thích nhất cái hộp, nhìn xịn qué trời, mình mua cho em mình, ko dùng dc gì nhưng mang đi khoe thì oke í><	2021-12-15 11:45:06	2026-09-29 00:30:16
sp_16567855145	shopee	2007913528	general	SIÊU PHẨM PHI THUYỀN KHÔNG GIAN NÚT BẮN PUBG MÔ PHỎNG PHI THUYỀN CỰC KÌ NHẠY VÀ NHẸ	Cả trái và phải	5	Chất lượng sản phẩm:tốt Tính năng nổi bật:nhạy dùng rất tốt , giao hàng nhanh , nhờ cái này mà t leo rank với đì tâm ầm ầm	2024-09-14 00:03:49	2026-09-29 00:30:16
sp_6859996443	shopee	2007913528	general	SIÊU PHẨM PHI THUYỀN KHÔNG GIAN NÚT BẮN PUBG MÔ PHỎNG PHI THUYỀN CỰC KÌ NHẠY VÀ NHẸ	Cả trái và phải	5	Đã nhận được hàng, mua lần 2 ở shop này rồi nên không cần nói nhiều, chất lượng khỏi phải bàn, 5*, shipper vui vẻ thân thiện.	2021-12-11 01:42:59	2026-09-29 00:30:16
sp_15005084778	shopee	2007913528	general	SIÊU PHẨM PHI THUYỀN KHÔNG GIAN NÚT BẮN PUBG MÔ PHỎNG PHI THUYỀN CỰC KÌ NHẠY VÀ NHẸ	Cả trái và phải	5	Chất lượng sản phẩm:sang phẩm ok Tính năng nổi bật:nút bấm rất im Hàng ok đúng với hình và được tặng 3 cặp bao tay chơi game nên cho shop 5sao luôn	2024-04-27 08:51:05	2026-09-29 00:30:16
sp_12114576112	shopee	2007913528	general	SIÊU PHẨM PHI THUYỀN KHÔNG GIAN NÚT BẮN PUBG MÔ PHỎNG PHI THUYỀN CỰC KÌ NHẠY VÀ NHẸ	Cả trái và phải	5	Chất lượng sản phẩm:Mua shop này 2 lần rồi hàng ok có hòm thính trang trí đẹp 10đ shop giao hàng nhanh 2 ngày có rồi 🥰	2023-07-29 10:14:27	2026-09-29 00:30:16
sp_16425052013	shopee	2007913528	general	SIÊU PHẨM PHI THUYỀN KHÔNG GIAN NÚT BẮN PUBG MÔ PHỎNG PHI THUYỀN CỰC KÌ NHẠY VÀ NHẸ	Cả trái và phải	5	Tính năng nổi bật:ok Chất lượng sản phẩm:ok Đúng tiền ít mà hít đồ thơm :)) . Nút bấm cực nhạy , shop tặng hẳn 3 cặp bao tay chơi game . Giá quá tốt cũng như chất lượng sản phẩm	2024-09-04 14:50:51	2026-09-29 00:30:16
sp_17217275021	shopee	2007913528	general	SIÊU PHẨM PHI THUYỀN KHÔNG GIAN NÚT BẮN PUBG MÔ PHỎNG PHI THUYỀN CỰC KÌ NHẠY VÀ NHẸ	Cả trái và phải	5	Chất lượng sản phẩm:tốt Tính năng nổi bật:nút bấm nhạy Hàng chất lượng, giao hàng nhanh, đóng góp cẩn thận, được 3 đôi ngón tay chơi game	2024-10-17 10:15:08	2026-09-29 00:30:16
sp_13202071335	shopee	2007913528	general	SIÊU PHẨM PHI THUYỀN KHÔNG GIAN NÚT BẮN PUBG MÔ PHỎNG PHI THUYỀN CỰC KÌ NHẠY VÀ NHẸ	Nút bên phải	5	Chất lượng sản phẩm:tốt Tính năng nổi bật:tốt Shop tư vấn nhiệt tình nha , sản phẩm tốt nút bấm nhạy lắm nha hình ảnh mang tính chất nhận xu thôi nha	2023-11-14 15:37:08	2026-09-29 00:30:16
sp_15655422583	shopee	2007913528	general	SIÊU PHẨM PHI THUYỀN KHÔNG GIAN NÚT BẮN PUBG MÔ PHỎNG PHI THUYỀN CỰC KÌ NHẠY VÀ NHẸ	Nút bên trái	5	Tính năng nổi bật:ok Nút này gắn bắn khá oke khá khớp với tay hộp bỏ vô đẹp nói chung là khá oke viết để nhận xu	2024-06-28 17:26:31	2026-09-29 00:30:16
sp_6864049288	shopee	2007913528	general	SIÊU PHẨM PHI THUYỀN KHÔNG GIAN NÚT BẮN PUBG MÔ PHỎNG PHI THUYỀN CỰC KÌ NHẠY VÀ NHẸ	Cả trái và phải	5	Sản phẩm rất tốt trong tầm giá. Phím bấm nhạy. Đóng gói cẩn thận mẫu mã xinh xẻo Shop hỗ trợ rất nhiệt tình khi sản phẩm có lỗi. Hoàn toàn hài long về cách bán hàng của shop. Sẽ tiếp tục ủng hộ	2021-12-11 13:55:47	2026-09-29 00:30:16
sp_13715126597	shopee	2007913528	general	SIÊU PHẨM PHI THUYỀN KHÔNG GIAN NÚT BẮN PUBG MÔ PHỎNG PHI THUYỀN CỰC KÌ NHẠY VÀ NHẸ	Nút bên trái	5	Chất lượng sản phẩm:Tuyệt vời Tính năng nổi bật:cảm giác siêu mượt Gắn vô bắn hơi bị ngon, nút bấm đã tay. Cảm ứng nhạy mượt	2023-12-29 23:08:01	2026-09-29 00:30:16
sp_12876374612	shopee	2007913528	general	SIÊU PHẨM PHI THUYỀN KHÔNG GIAN NÚT BẮN PUBG MÔ PHỎNG PHI THUYỀN CỰC KÌ NHẠY VÀ NHẸ	Cả trái và phải	5	Chất lượng sản phẩm:tốt Tính năng nổi bật:chơi game Sản phẩm tốt, chất lượng, shop giao hàng nhanh, nên mua.	2023-10-15 00:22:49	2026-09-29 00:30:16
sp_3969860242	shopee	2007913528	general	SIÊU PHẨM PHI THUYỀN KHÔNG GIAN NÚT BẮN PUBG MÔ PHỎNG PHI THUYỀN CỰC KÌ NHẠY VÀ NHẸ	Cả trái và phải	5	Hàng rất chuẩn Shop khá nhiệt tình Giao hàng nhanh Ủng hộ shop !	2021-01-31 10:13:09	2026-09-29 00:30:16
sp_2690818121	shopee	2007913528	general	SIÊU PHẨM PHI THUYỀN KHÔNG GIAN NÚT BẮN PUBG MÔ PHỎNG PHI THUYỀN CỰC KÌ NHẠY VÀ NHẸ	Cả trái và phải	5	Shop rất tận tình hỗ trợ ng mua và sản phẩm rất nhạy Shop nói chuyện dễ thương em khuyên ai muốn leo rank nhanh thì mua và tập chơi đi nè :3	2020-07-15 13:58:53	2026-09-29 00:30:16
sp_2621123795	shopee	2007913528	general	SIÊU PHẨM PHI THUYỀN KHÔNG GIAN NÚT BẮN PUBG MÔ PHỎNG PHI THUYỀN CỰC KÌ NHẠY VÀ NHẸ	Nút bên trái	5	Nút nhạy lắm nè, đựng trong hòm thính lại xinh nữa. Nhựa cũng k quá cứng nên cũng khó trầy mặt lưng lắm nha. Shop nhiệt tình dễ thương 😍😍	2020-07-01 12:42:36	2026-09-29 00:30:16
sp_13598017787	shopee	2007913528	general	SIÊU PHẨM PHI THUYỀN KHÔNG GIAN NÚT BẮN PUBG MÔ PHỎNG PHI THUYỀN CỰC KÌ NHẠY VÀ NHẸ	Cả trái và phải	5	Chất lượng sản phẩm:tốt Tính năng nổi bật:nhạy, bấm êm Hàng rất nhạy, chất lượng sp ok, shipper nhiệt tình, sẽ còn ủng hộ	2023-12-18 19:21:47	2026-09-29 00:30:16
sp_10788434978	shopee	2007913528	general	SIÊU PHẨM PHI THUYỀN KHÔNG GIAN NÚT BẮN PUBG MÔ PHỎNG PHI THUYỀN CỰC KÌ NHẠY VÀ NHẸ	Cả trái và phải	5	Chất lượng sản phẩm:Tốt Tính năng nổi bật:trang bị cho em Gundam Xài tốt, mạnh, được tặng cái hộp quá tr là hả xịn xò, chất lượng, shop hướng dẫn sử dụng tận tình.	2023-02-15 18:13:25	2026-09-29 00:30:16
sp_2565098587	shopee	2007913528	general	SIÊU PHẨM PHI THUYỀN KHÔNG GIAN NÚT BẮN PUBG MÔ PHỎNG PHI THUYỀN CỰC KÌ NHẠY VÀ NHẸ	Cả trái và phải	5	Hòm thính bao đẹp luôn ạ =))) bắn thì lại bao mượt luôn ạ ^^ Kẹp khít máy lắm nhá, khuyến cáo nên mở game -> xác định tọa độ nút bắn -> tắt màn hình -> gắn nút -> mở lên và chơi thôi ^^	2020-06-18 23:51:02	2026-09-29 00:30:16
sp_62891756646	shopee	2007913528	general	SIÊU PHẨM PHI THUYỀN KHÔNG GIAN NÚT BẮN PUBG MÔ PHỎNG PHI THUYỀN CỰC KÌ NHẠY VÀ NHẸ	Nút bên trái	5	Chất lượng sản phẩm:tốt Tính năng nổi bật:rất đẹp và êm Hàng đúng đẹp êm tai rất nhạy và giao nhanh nữa đóng hàng kỹ và tặng thêm đồ chơi game shop ok	2025-07-24 22:55:57	2026-09-29 00:30:16
sp_7275990821	shopee	2007913528	general	SIÊU PHẨM PHI THUYỀN KHÔNG GIAN NÚT BẮN PUBG MÔ PHỎNG PHI THUYỀN CỰC KÌ NHẠY VÀ NHẸ	Cả trái và phải	5	Giao hàng nhanh, đóng gói cẩn thận, nhân viên nhiệt tình tư vấn	2022-01-21 12:18:34	2026-09-29 00:30:16
sp_7573168533	shopee	2007913528	general	SIÊU PHẨM PHI THUYỀN KHÔNG GIAN NÚT BẮN PUBG MÔ PHỎNG PHI THUYỀN CỰC KÌ NHẠY VÀ NHẸ	Cả trái và phải	5	Có giấy hướng dẫn sử dụng và tăng bao tay chơi game quá tốt shop rất chu đáo và nhiệt tình 😀😀😀😀😀	2022-02-23 22:08:24	2026-09-29 00:30:16
sp_7535261490	shopee	2007913528	general	SIÊU PHẨM PHI THUYỀN KHÔNG GIAN NÚT BẮN PUBG MÔ PHỎNG PHI THUYỀN CỰC KÌ NHẠY VÀ NHẸ	Cả trái và phải	5	Hàng uy tín quá shop giao đúng nhanh luôn 3 ngày có hàng giá rẻ nữa 😃 nên mua mọi người ạ cho 5* nếu có 10* cũng cho	2022-02-19 17:27:05	2026-09-29 00:30:16
sp_6715710650	shopee	2007913528	general	SIÊU PHẨM PHI THUYỀN KHÔNG GIAN NÚT BẮN PUBG MÔ PHỎNG PHI THUYỀN CỰC KÌ NHẠY VÀ NHẸ	Cả trái và phải	5	Hàng oke shop rep tn nhanh tư vấn nhiệt tình, mất miếng đệm cao su nên đặt lại lần 2😥	2021-11-25 20:28:24	2026-09-29 00:30:16
sp_5304639321	shopee	2007913528	general	SIÊU PHẨM PHI THUYỀN KHÔNG GIAN NÚT BẮN PUBG MÔ PHỎNG PHI THUYỀN CỰC KÌ NHẠY VÀ NHẸ	Cả trái và phải	5	Nút bấm ổn, khá nhạy, khi bấm còn có tiếng tách tách nghe rất thích, mỗi tội chỉ có 1 màu, nhưng rất đáng mua nha.	2021-07-08 07:05:47	2026-09-29 00:30:16
sp_4251855773	shopee	2007913528	general	SIÊU PHẨM PHI THUYỀN KHÔNG GIAN NÚT BẮN PUBG MÔ PHỎNG PHI THUYỀN CỰC KÌ NHẠY VÀ NHẸ	Cả trái và phải	5	giao hàng rất nhanh...... tối đặt sáng đã giao rồi,,,,, nút bắn game rất nhạy và nhẹ tay.... tuyệt vời..........	2021-03-09 14:42:48	2026-09-29 00:30:16
sp_12784142099	shopee	2007913528	general	SIÊU PHẨM PHI THUYỀN KHÔNG GIAN NÚT BẮN PUBG MÔ PHỎNG PHI THUYỀN CỰC KÌ NHẠY VÀ NHẸ	Cả trái và phải	5	Tính năng nổi bật:nhạy Chất lượng sản phẩm:tốt sản phẩm giống hình, hộp thính nhìn dễ thương còn tặng bao tay nữa, mà nút đen hơi dễ rơi nếu k để ý, nút dùng nhạy nha bắn pubg rất đã	2023-10-06 18:13:34	2026-09-29 00:30:16
sp_5123118023	shopee	2007913528	general	SIÊU PHẨM PHI THUYỀN KHÔNG GIAN NÚT BẮN PUBG MÔ PHỎNG PHI THUYỀN CỰC KÌ NHẠY VÀ NHẸ	Cả trái và phải	5	Xài khá phê haha, bắn tách tách nghe đã tai, trong phòng tập bắn cứ như tay to :))) shop nhiệt tình lắm nha mn, mình xài kh đc shop gọi đt liền để chỉ luôn :))) 10/10 sẽ ủng hộ dài dài, bao tay được tặng thì ok, hơi trơn nhưng xài lát quen là khá ổn	2021-06-18 18:19:30	2026-09-29 00:30:16
sp_6420378523	shopee	2007913528	general	SIÊU PHẨM PHI THUYỀN KHÔNG GIAN NÚT BẮN PUBG MÔ PHỎNG PHI THUYỀN CỰC KÌ NHẠY VÀ NHẸ	Nút bên phải	5	Quá xịn xò,mình nhận được hàng rồi,m.n nên đặt nha sp tốt ưng cái bụng lắm lận,shop tận tình trao đổi hướng dẫn kĩ lưỡng cho 5sao,yêu shopp	2021-10-28 10:15:34	2026-09-29 00:30:16
sp_8090224410	shopee	2007913528	general	SIÊU PHẨM PHI THUYỀN KHÔNG GIAN NÚT BẮN PUBG MÔ PHỎNG PHI THUYỀN CỰC KÌ NHẠY VÀ NHẸ	Cả trái và phải	5	Nút bấm + bao tay khá nhạy, giá rẻ mà chất lượng như này thì k chê đc rồi. Shop giao hàng cũng khá nhanh. Sẽ còn ủng hộ shop lâu dài. 5* cho shop 😁😁	2022-04-16 18:39:26	2026-09-29 00:30:16
sp_16263665571	shopee	2007913528	general	SIÊU PHẨM PHI THUYỀN KHÔNG GIAN NÚT BẮN PUBG MÔ PHỎNG PHI THUYỀN CỰC KÌ NHẠY VÀ NHẸ	Cả trái và phải	5	Chất lượng sản phẩm:Tốt Tính năng nổi bật:Hỗ trợ thao tác tay trên màn hình điện thoại Nhấn vào nghe tiếng khá đã tai. Cảm ứng thì cũng không quá trễ. Ngoại hình nhìn nhỏ gọn, đẹp. Shop còn tặng thêm cho mình 5 cặp bao tay chơi game nữa. Giá rẻ mà quá chất lượng luôn! Rất Đáng Để Mua.	2024-08-22 13:42:52	2026-09-29 00:30:16
sp_3460715735	shopee	2007913528	general	SIÊU PHẨM PHI THUYỀN KHÔNG GIAN NÚT BẮN PUBG MÔ PHỎNG PHI THUYỀN CỰC KÌ NHẠY VÀ NHẸ	Cả trái và phải	5	Nút bấm phi thuyền dùng quá ok 👌Nút bấm chắc chắn, ôm vừa khít thân máy. Độ nhạy tuyệt đối. Là một sp rất đáng mua 💯💯💯	2020-11-24 11:17:33	2026-09-29 00:30:16
sp_5273186107	shopee	2007913528	general	SIÊU PHẨM PHI THUYỀN KHÔNG GIAN NÚT BẮN PUBG MÔ PHỎNG PHI THUYỀN CỰC KÌ NHẠY VÀ NHẸ	Cả trái và phải	5	Nút bấm nhạy bắn rất thích.lúc đầu 1 bên bấm không ăn.liên hệ đc shop tư vấn hướng dẫn nhiệt tình mình cũg đã fix đc.giờ bấm rất nhạy.mình hài lòng với phong cách làm việc của shop.Cần mình sẽ ủng hộ shop tiếp.thanks shop	2021-07-05 02:04:25	2026-09-29 00:30:16
sp_13342763525	shopee	2007913528	general	SIÊU PHẨM PHI THUYỀN KHÔNG GIAN NÚT BẮN PUBG MÔ PHỎNG PHI THUYỀN CỰC KÌ NHẠY VÀ NHẸ	Nút bên trái	5	Chất lượng sản phẩm:tốt Tính năng nổi bật:âm thanh khi ấn nghe rất hay Phần chốt ở phí sau nên làm một cái miếng xốp để khi gài chốt ko bị trày mặt sau điện thoại	2023-11-26 19:54:49	2026-09-29 00:30:16
sp_5487133636	shopee	2007913528	general	SIÊU PHẨM PHI THUYỀN KHÔNG GIAN NÚT BẮN PUBG MÔ PHỎNG PHI THUYỀN CỰC KÌ NHẠY VÀ NHẸ	Cả trái và phải	5	Tay cầm rất nhạy nha Nên mua nha cả nhà Khá đẹp Có miếng đệm chống xước màn hình nha Ổn áp lắm nha	2021-07-25 22:23:38	2026-09-29 00:30:16
sp_9282134772	shopee	2007913528	general	SIÊU PHẨM PHI THUYỀN KHÔNG GIAN NÚT BẮN PUBG MÔ PHỎNG PHI THUYỀN CỰC KÌ NHẠY VÀ NHẸ	Nút bên phải	5	Chất lượng sản phẩm:oke Tính năng nổi bật:nhạy Rất nhạy bắn PUBG ok.tốt.được. Quá ngon trong tầm giá	2022-08-16 00:31:37	2026-09-29 00:30:16
sp_2212867260	shopee	2007913528	general	SIÊU PHẨM PHI THUYỀN KHÔNG GIAN NÚT BẮN PUBG MÔ PHỎNG PHI THUYỀN CỰC KÌ NHẠY VÀ NHẸ		5	Đẹp như hình. Nút khá nhạy, dùng khá mượt và sướng tay. Không biết sử dụng được lâu không nhưng hiện tại rất ứng ý và chất lượng phù hợp giá tiền. Cảm ơn shop.	2020-04-04 11:44:51	2026-09-29 00:30:16
sp_13205217835	shopee	2007913528	general	SIÊU PHẨM PHI THUYỀN KHÔNG GIAN NÚT BẮN PUBG MÔ PHỎNG PHI THUYỀN CỰC KÌ NHẠY VÀ NHẸ	Nút bên phải	5	Tính năng nổi bật:nhạy lắm nha Chất lượng sản phẩm:tốt Mình thấy trên shoppe tiện ích nên đặt thử 1 cái về dùng thử , khi nhận hàng mình đã test thử thấy rất là ok nha , hàng chất lượng ngoài sức mong đợi , 5 sao cho shop nha Hình ảnh mang tính chất nhận xu thôi nha	2023-11-14 19:01:09	2026-09-29 00:30:16
sp_6944320717	shopee	2007913528	general	SIÊU PHẨM PHI THUYỀN KHÔNG GIAN NÚT BẮN PUBG MÔ PHỎNG PHI THUYỀN CỰC KÌ NHẠY VÀ NHẸ	Cả trái và phải	5	-Shop giao nhanh và gói hàng cẩn thận lắm -Đặt giúp a mình và a mình rất thích -Rất chắc chắn và còn tặng quà✅	2021-12-17 20:12:02	2026-09-29 00:30:16
sp_11732675664	shopee	2007913528	general	SIÊU PHẨM PHI THUYỀN KHÔNG GIAN NÚT BẮN PUBG MÔ PHỎNG PHI THUYỀN CỰC KÌ NHẠY VÀ NHẸ	Cả trái và phải	5	Chất lượng sản phẩm:ổn Tính năng nổi bật:Không Sản phẩm ok nhưng sài k quen hơi khó sử dụng	2023-06-13 12:31:14	2026-09-29 00:30:16
sp_4633993501	shopee	2007913528	general	SIÊU PHẨM PHI THUYỀN KHÔNG GIAN NÚT BẮN PUBG MÔ PHỎNG PHI THUYỀN CỰC KÌ NHẠY VÀ NHẸ	Cả trái và phải	5	Nút bấm dùng rất rốt nhé, các máy dùng ốp thì hơi khó lắp cà bị ngắn nên a e tháo ốp ra trước khi chơi cho mát	2021-04-26 12:20:14	2026-09-29 00:30:16
sp_8154635904	shopee	2007913528	general	SIÊU PHẨM PHI THUYỀN KHÔNG GIAN NÚT BẮN PUBG MÔ PHỎNG PHI THUYỀN CỰC KÌ NHẠY VÀ NHẸ	Nút bên trái	5	Hàng đẹp sản phẩm oke quá trờ chơi game bắn đúng đỉnh luôn 10 sao cho shop giao hàng đúng nhạn	2022-04-22 17:19:39	2026-09-29 00:30:16
sp_12303226241	shopee	2007913528	general	SIÊU PHẨM PHI THUYỀN KHÔNG GIAN NÚT BẮN PUBG MÔ PHỎNG PHI THUYỀN CỰC KÌ NHẠY VÀ NHẸ	Nút bên trái	5	Giao hàng nhanh, đóng gói cẩn thận, chất lượng tốt cảm biến qua cường lực tốt. Mình dùng 14prm nên phải gỡ ốp ra r mới gắn đc lên	2023-08-17 01:06:33	2026-09-29 00:30:17
sp_8805377197	shopee	2007913528	general	SIÊU PHẨM PHI THUYỀN KHÔNG GIAN NÚT BẮN PUBG MÔ PHỎNG PHI THUYỀN CỰC KÌ NHẠY VÀ NHẸ	Cả trái và phải	5	Chất lượng sản phẩm:tốt Mng nhớ đọc kĩ hướng dẫn trước khi sử dụng nha, mới đầu mài mò tưởng hư ai ngờ chưa đọc kĩ hướng dẫn. Sử dụng dễ dàng chất lượng hợp lý chưa biết có bền hay không	2022-06-28 15:47:27	2026-09-29 00:30:17
sp_12148027769	shopee	2007913528	general	SIÊU PHẨM PHI THUYỀN KHÔNG GIAN NÚT BẮN PUBG MÔ PHỎNG PHI THUYỀN CỰC KÌ NHẠY VÀ NHẸ	Cả trái và phải	5	Chất lượng sản phẩm:tốt Tính năng nổi bật:tốt Đã mua liên tiếp nhiều lần sản phẩm rất chi là ok giao hàng nhanh cực luôn nha thích nhất chổ giao hàng với lại shop cũng nhiệt tình nữa mong shop bán được nhiều đơn hơn nữa	2023-08-01 23:30:56	2026-09-29 00:30:17
sp_12660890274	shopee	2007913528	general	SIÊU PHẨM PHI THUYỀN KHÔNG GIAN NÚT BẮN PUBG MÔ PHỎNG PHI THUYỀN CỰC KÌ NHẠY VÀ NHẸ	Cả trái và phải	5	Tính năng nổi bật:dùng để hỗ trợ chơi game Chất lượng sản phẩm:đóng gói cẩn thận Giao hàng nhanh, chất lượng tốt.	2023-09-23 13:39:33	2026-09-29 00:30:17
sp_5013786954	shopee	2007913528	general	SIÊU PHẨM PHI THUYỀN KHÔNG GIAN NÚT BẮN PUBG MÔ PHỎNG PHI THUYỀN CỰC KÌ NHẠY VÀ NHẸ	Cả trái và phải	5	Sản phẩm tốt đáng mua trong tầm giá ad hỗ trợ nhiệt tình xứng đáng đánh giá 5 sao !!!!	2021-06-08 16:13:52	2026-09-29 00:30:17
sp_5110617221	shopee	2007913528	general	SIÊU PHẨM PHI THUYỀN KHÔNG GIAN NÚT BẮN PUBG MÔ PHỎNG PHI THUYỀN CỰC KÌ NHẠY VÀ NHẸ	Cả trái và phải	5	Đóng gói ok, giao hàng nhanh, chưa thử nên chưa biết dùng ntn nhưng hiện tại thấy rất ok, shop cũng thân thiện	2021-06-17 15:12:41	2026-09-29 00:30:17
sp_11480829014	shopee	2007913528	general	SIÊU PHẨM PHI THUYỀN KHÔNG GIAN NÚT BẮN PUBG MÔ PHỎNG PHI THUYỀN CỰC KÌ NHẠY VÀ NHẸ	Nút bên phải	5	Chất lượng sản phẩm:okie Hàng đúng mô tả . Đã mua lần 2.giao hàng nhanh Cảm ơn shop nhé .	2023-05-12 13:22:48	2026-09-29 00:30:17
sp_4610726130	shopee	2007913528	general	SIÊU PHẨM PHI THUYỀN KHÔNG GIAN NÚT BẮN PUBG MÔ PHỎNG PHI THUYỀN CỰC KÌ NHẠY VÀ NHẸ	Nút bên trái	5	Đóng gói cận thận. Shipper rất cẩn thận. Shop nhắn tin thông báo từng giai đoạn, giao hàng nhanh.	2021-04-23 13:27:16	2026-09-29 00:30:17
sp_14307932620	shopee	2007913528	general	SIÊU PHẨM PHI THUYỀN KHÔNG GIAN NÚT BẮN PUBG MÔ PHỎNG PHI THUYỀN CỰC KÌ NHẠY VÀ NHẸ	Cả trái và phải	5	Chất lượng sản phẩm:rất nhạy Tính năng nổi bật:bawns pubg Xịn xò so với giá, xài phải tháo ốp mới xài đc	2024-02-26 00:00:18	2026-09-29 00:30:17
sp_13952616449	shopee	2007913528	general	SIÊU PHẨM PHI THUYỀN KHÔNG GIAN NÚT BẮN PUBG MÔ PHỎNG PHI THUYỀN CỰC KÌ NHẠY VÀ NHẸ	Cả trái và phải	5	Chất lượng sản phẩm:tuyệt Tính năng nổi bật:cảm ứng chs game Ê nút bấm rất nhạy nha,nó giúp mình giải phóng 2 cảm ứng khác khi chs game,mình chs PUBG snap đã lắm,shop rep tin nhắn cực nhanh	2024-01-21 18:41:51	2026-09-29 00:30:17
sp_3277603812	shopee	2007913528	general	SIÊU PHẨM PHI THUYỀN KHÔNG GIAN NÚT BẮN PUBG MÔ PHỎNG PHI THUYỀN CỰC KÌ NHẠY VÀ NHẸ	Cả trái và phải	5	Ấn rất nhẹ . Chưa test thực vào game chưa biết thế nào . Nhưng riêng cái hòm thính là thấy ứng rồi Shop rất nhiệt tình	2020-10-29 12:14:13	2026-09-29 00:30:17
sp_12905289488	shopee	2007913528	general	SIÊU PHẨM PHI THUYỀN KHÔNG GIAN NÚT BẮN PUBG MÔ PHỎNG PHI THUYỀN CỰC KÌ NHẠY VÀ NHẸ	Nút bên trái	5	Shop gói hàng cẩn thận Được tặng thêm gì ko biết nữa 😁 Giao hàng nhanh	2023-10-17 14:41:15	2026-09-29 00:30:17
sp_6439633198	shopee	2007913528	general	SIÊU PHẨM PHI THUYỀN KHÔNG GIAN NÚT BẮN PUBG MÔ PHỎNG PHI THUYỀN CỰC KÌ NHẠY VÀ NHẸ	Nút bên trái	5	Sản phẩmtuyệt ok Giao nhanh shiper nhiệt tình Đáng tiền Rất đáng tiền Mua đc giá v nên v là quá ổn cho 1 món hàng r ạ Chúc shop bán đc nhiêu đơn hàng ạ😅	2021-10-30 09:32:30	2026-09-29 00:30:17
sp_6777541941	shopee	2007913528	general	SIÊU PHẨM PHI THUYỀN KHÔNG GIAN NÚT BẮN PUBG MÔ PHỎNG PHI THUYỀN CỰC KÌ NHẠY VÀ NHẸ	Cả trái và phải	5	Shop rất tinh tế nha mn tặng kèm cho mình 1 bộ bao ngón tay nha và shop còn rất nhịp tình nữa khuyên mn nào đang cần phụ kiện chơi pubg thì hãy mua ở shop này shop rất uy tín	2021-12-02 11:32:10	2026-09-29 00:30:17
sp_12352117228	shopee	2007913528	general	SIÊU PHẨM PHI THUYỀN KHÔNG GIAN NÚT BẮN PUBG MÔ PHỎNG PHI THUYỀN CỰC KÌ NHẠY VÀ NHẸ	Cả trái và phải	5	Tính năng nổi bật:cảm ứng Chất lượng sản phẩm:tốt Test thử trên pubg khá nhạy. Gói hàng ok, để trong hộp hơi khó mở. Giao hàng nhanh.	2023-08-22 10:43:32	2026-09-29 00:30:17
sp_5080939178	shopee	2007913528	general	SIÊU PHẨM PHI THUYỀN KHÔNG GIAN NÚT BẮN PUBG MÔ PHỎNG PHI THUYỀN CỰC KÌ NHẠY VÀ NHẸ	Cả trái và phải	5	Sản phẩm sử dụng OK, shop chăm sóc khách hàng tốt và nhiệt tình. Mua sản phẩm còn được tặng quà, sẽ ủng hộ tiếp và giới thiệu mngg ......	2021-06-14 17:01:05	2026-09-29 00:30:17
sp_4977041565	shopee	2007913528	general	SIÊU PHẨM PHI THUYỀN KHÔNG GIAN NÚT BẮN PUBG MÔ PHỎNG PHI THUYỀN CỰC KÌ NHẠY VÀ NHẸ	Cả trái và phải	5	Sp giao nhanh, mới dùng khá ok và nhạy. Nói chung là khá ổn, có điều mở hộp hơi cứng và khó mở	2021-06-04 16:43:45	2026-09-29 00:30:17
sp_7999217321	shopee	2007913528	general	SIÊU PHẨM PHI THUYỀN KHÔNG GIAN NÚT BẮN PUBG MÔ PHỎNG PHI THUYỀN CỰC KÌ NHẠY VÀ NHẸ	Cả trái và phải	5	Hàng tốt, chất lượng, click nhạy và bao ngón tay xài rất mượt. Cảm ơn shop và sẽ ủng hộ trong những lần tiếp theo. :))	2022-04-08 10:56:09	2026-09-29 00:30:17
sp_76003113302	shopee	2007913528	general	SIÊU PHẨM PHI THUYỀN KHÔNG GIAN NÚT BẮN PUBG MÔ PHỎNG PHI THUYỀN CỰC KÌ NHẠY VÀ NHẸ	Cả trái và phải	5	Chất lượng rất tốt, bền bỉ , nút bấm rất nhạy , bắn auto hét shotj , 1000000₫	2025-10-11 12:28:28	2026-09-29 00:30:17
sp_7090592128	shopee	2007913528	general	SIÊU PHẨM PHI THUYỀN KHÔNG GIAN NÚT BẮN PUBG MÔ PHỎNG PHI THUYỀN CỰC KÌ NHẠY VÀ NHẸ	Cả trái và phải	5	Giao hàng nhanh. Sản phẩm độ nhạy tốt. Đóng gói chắc chắn. Giá hợp lý.	2022-01-01 07:44:46	2026-09-29 00:30:17
sp_8495797344	shopee	2007913528	general	SIÊU PHẨM PHI THUYỀN KHÔNG GIAN NÚT BẮN PUBG MÔ PHỎNG PHI THUYỀN CỰC KÌ NHẠY VÀ NHẸ	Cả trái và phải	5	Giao hàng khá nhanh hàng đẹp sẽ ủng hộ shop nhiều cho shop 5 sao	2022-05-27 19:04:35	2026-09-29 00:30:17
sp_12715037289	shopee	2007913528	general	SIÊU PHẨM PHI THUYỀN KHÔNG GIAN NÚT BẮN PUBG MÔ PHỎNG PHI THUYỀN CỰC KÌ NHẠY VÀ NHẸ	Cả trái và phải	5	Tính năng nổi bật:bình thường Chất lượng sản phẩm:tốt Shop có tặng bao tay chơi game	2023-09-29 16:11:55	2026-09-29 00:30:17
sp_4863632109	shopee	2007913528	general	SIÊU PHẨM PHI THUYỀN KHÔNG GIAN NÚT BẮN PUBG MÔ PHỎNG PHI THUYỀN CỰC KÌ NHẠY VÀ NHẸ	Cả trái và phải	5	Nút bấm ngon thực sự. Lách tách nghe khá vui tai Mà shop ship nhanh đúng đỉnh của chóp. Đặt ship thường mà như ship hoả tốc vậy =)) Nên mua nhé ae	2021-05-22 02:11:35	2026-09-29 00:30:17
sp_4900794362	shopee	2007913528	general	SIÊU PHẨM PHI THUYỀN KHÔNG GIAN NÚT BẮN PUBG MÔ PHỎNG PHI THUYỀN CỰC KÌ NHẠY VÀ NHẸ	Nút bên trái	5	Hàng siêu siêu ưng lun nói chung là nhứt nách mà quên k quay video nên đăng tạm bé cún của tiệm cắt tóc vậy giao hàng nhanh với đóng gói kĩ	2021-05-26 16:03:03	2026-09-29 00:30:17
sp_12884466501	shopee	2007913528	general	SIÊU PHẨM PHI THUYỀN KHÔNG GIAN NÚT BẮN PUBG MÔ PHỎNG PHI THUYỀN CỰC KÌ NHẠY VÀ NHẸ	Cả trái và phải	5	Giao hàng nhanh, nút phải thì nhạy còn nút trái thì lâu lâu không được ăn cho mấy nhưng v cũng dc, có quà tặng 1 cái bao tay nữa nhưng mà chs nhiều thì nó sẽ bị bung chỉ cái viền ngoài những đồ tặng nên k sao	2023-10-15 18:23:45	2026-09-29 00:30:17
sp_87549175763	shopee	2007913528	general	SIÊU PHẨM PHI THUYỀN KHÔNG GIAN NÚT BẮN PUBG MÔ PHỎNG PHI THUYỀN CỰC KÌ NHẠY VÀ NHẸ	Nút bên phải	5	Độ nhạy:rất nhạy Thiết kế:nhỏ gọn Chất liệu:nhựa Khá ổn chỉ có hơi khó gắn 1 chút do máy hơi dày vs tháo ốp ra mới gắn được ! Máy mỏng sẽ dễ gắn hơn ! Nhưng khá OK nha	2026-02-04 13:04:32	2026-09-29 00:30:17
sp_2829542162	shopee	2007913528	general	SIÊU PHẨM PHI THUYỀN KHÔNG GIAN NÚT BẮN PUBG MÔ PHỎNG PHI THUYỀN CỰC KÌ NHẠY VÀ NHẸ	Cả trái và phải	5	Oke lắm nè 😂 nghe đã tai lắm, giá cả hợp lí lắm nè, sẽ ủng hộ tiếp nếu có thể 🤭 mỗi tội phải tháo ốp lưng ra mới gắn đc 😂 nhưng cũng tốt cho máy khi chơi game ko sợ nóng máy	2020-08-12 18:12:17	2026-09-29 00:30:17
sp_5307824964	shopee	2007913528	general	SIÊU PHẨM PHI THUYỀN KHÔNG GIAN NÚT BẮN PUBG MÔ PHỎNG PHI THUYỀN CỰC KÌ NHẠY VÀ NHẸ	Cả trái và phải	5	Sản phẩm rất tuyệt .chơi game nghe tiếng tách tách rất đã tay.	2021-07-08 13:10:30	2026-09-29 00:30:17
sp_58140786268	shopee	2007913528	general	SIÊU PHẨM PHI THUYỀN KHÔNG GIAN NÚT BẮN PUBG MÔ PHỎNG PHI THUYỀN CỰC KÌ NHẠY VÀ NHẸ	Nút bên trái	5	Tính năng nổi bật:bắn pubgM Chất lượng sản phẩm:ok nha mua về bắn pubg mobile đã lắm nha, nhạy lắm luôn đó hihi	2025-07-09 10:17:52	2026-09-29 00:30:17
sp_17333580081	shopee	2007913528	general	SIÊU PHẨM PHI THUYỀN KHÔNG GIAN NÚT BẮN PUBG MÔ PHỎNG PHI THUYỀN CỰC KÌ NHẠY VÀ NHẸ	Cả trái và phải	5	Chất lượng sản phẩm:ok Giáo hàng nhanh, đúng sản phẩm. Chất lượng tốt, đúng miêu tả.	2024-10-24 11:32:07	2026-09-29 00:30:17
sp_11574020111	shopee	2007913528	general	SIÊU PHẨM PHI THUYỀN KHÔNG GIAN NÚT BẮN PUBG MÔ PHỎNG PHI THUYỀN CỰC KÌ NHẠY VÀ NHẸ	Cả trái và phải	5	Tính năng nổi bật:sp ổn nhưng âm thanh khi bấm khá to , shop có cho 1 đôi bao tay chơi game và hướng dẫn cách fit âm thanh của sản phẩm	2023-05-24 18:36:52	2026-09-29 00:30:17
sp_5214583945	shopee	2007913528	general	SIÊU PHẨM PHI THUYỀN KHÔNG GIAN NÚT BẮN PUBG MÔ PHỎNG PHI THUYỀN CỰC KÌ NHẠY VÀ NHẸ	Cả trái và phải	5	Nut ban thi ok do. Nhung ma fai thao op lung moi gan vao choi duoc	2021-06-28 17:11:01	2026-09-29 00:30:17
sp_13021252100	shopee	2007913528	general	SIÊU PHẨM PHI THUYỀN KHÔNG GIAN NÚT BẮN PUBG MÔ PHỎNG PHI THUYỀN CỰC KÌ NHẠY VÀ NHẸ	Cả trái và phải	5	Tính năng nổi bật:khá nhạy Chất lượng sản phẩm:okkk Được tặng kèm bao ngón tay chơi game, mẫu đẹp Nên mua	2023-10-28 16:13:59	2026-09-29 00:30:17
sp_6895475006	shopee	2007913528	general	SIÊU PHẨM PHI THUYỀN KHÔNG GIAN NÚT BẮN PUBG MÔ PHỎNG PHI THUYỀN CỰC KÌ NHẠY VÀ NHẸ	Nút bên phải	5	Shop sản phẩm đựng trong hộp thính dễ thương, nút nhấn khá tốt, hơi xước trên bề mặt tí nhưng k vấn đề gì, săn sale giá tốt lại còn được shop tặng thêm quà. Chu đáo thật sự. Giao hành nhanh .Sẽ tiếp tục quay lại ủng hộ 👍🏻	2021-12-14 13:14:54	2026-09-29 00:30:17
sp_14813397140	shopee	2007913528	general	SIÊU PHẨM PHI THUYỀN KHÔNG GIAN NÚT BẮN PUBG MÔ PHỎNG PHI THUYỀN CỰC KÌ NHẠY VÀ NHẸ	Cả trái và phải	5	Chất lượng sản phẩm:tốt Tính năng nổi bật:dùng để chơi game rất hợp lý sau khi mình chải nghiệm hai nút bắn hoạt động bình thường ko có lỗi rất ổn định cho 5☆☆☆☆☆	2024-04-06 21:54:12	2026-09-29 00:30:17
sp_14788608712	shopee	2007913528	general	SIÊU PHẨM PHI THUYỀN KHÔNG GIAN NÚT BẮN PUBG MÔ PHỎNG PHI THUYỀN CỰC KÌ NHẠY VÀ NHẸ	Cả trái và phải	5	𝑬𝑺𝑺𝑬𝑵𝑻𝑰𝑨𝑳 𝑱𝑶𝑮𝑮𝑬𝑹 | Mẫu jogger cực kool với phong cách thể thao cùng những tone màu không thể không yêu được!!! ☘️ Chất liệu vải gió cực kỳ thoáng mát, mềm mại mang lại trải nghiệm mặc cực đã ☘️ Đường may chắc chắn, tinh tế. Chân cạp được may gọn không hở mép vải như các sản phẩm khác trên thị trường ☘️ Form quần rộng, tôn dáng Các nàng nhanh tay trải nghiệm nhé! —— 𝑹𝑼𝑵 𝑵𝑨𝑽𝒀 𝑬𝑪𝑶𝑭𝑹𝑰𝑬𝑵𝑫 Website: https://runnavy.com VN: Shop S10, tòa C2 Xuân Đỉnh, Bắc Từ Liêm, Hà Nội CA: 270A, BDC Center, 119 Kent Street, Charlottetown, PE, Canada Hotline: 024.22.800.100	2024-04-05 05:43:24	2026-09-29 00:30:17
sp_9045556113	shopee	2007913528	general	SIÊU PHẨM PHI THUYỀN KHÔNG GIAN NÚT BẮN PUBG MÔ PHỎNG PHI THUYỀN CỰC KÌ NHẠY VÀ NHẸ	Nút bên trái	5	Hàng xài ngon, mượt, dùng ban đầu thì thấy tốt không biết bền về lâu dài không ?	2022-07-22 13:54:25	2026-09-29 00:30:17
sp_5251947821	shopee	2007913528	general	SIÊU PHẨM PHI THUYỀN KHÔNG GIAN NÚT BẮN PUBG MÔ PHỎNG PHI THUYỀN CỰC KÌ NHẠY VÀ NHẸ	Cả trái và phải	5	Ok lắm mn nhé. Sp như hình dùng ổn còn độ bền phải chờ thêm mới biết đc. Shop vui vẻ bán hàng mau lẹ	2021-07-02 15:23:24	2026-09-29 00:30:17
sp_11898733499	shopee	2007913528	general	SIÊU PHẨM PHI THUYỀN KHÔNG GIAN NÚT BẮN PUBG MÔ PHỎNG PHI THUYỀN CỰC KÌ NHẠY VÀ NHẸ	Cả trái và phải	5	Tính năng nổi bật:bt Chất lượng sản phẩm:bt Sản phẩm ổn với tầm giá..hình ảnh mang tính minh hoạ nhận xu	2023-07-04 17:46:06	2026-09-29 00:30:17
sp_4898602538	shopee	2007913528	general	SIÊU PHẨM PHI THUYỀN KHÔNG GIAN NÚT BẮN PUBG MÔ PHỎNG PHI THUYỀN CỰC KÌ NHẠY VÀ NHẸ	Cả trái và phải	5	Đã mua hàng của shop nhiều lần. Hàng xài tốt, đủ số lượng. Tiếp tục ủng hộ	2021-05-26 11:48:47	2026-09-29 00:30:17
sp_8783717706	shopee	2007913528	general	SIÊU PHẨM PHI THUYỀN KHÔNG GIAN NÚT BẮN PUBG MÔ PHỎNG PHI THUYỀN CỰC KÌ NHẠY VÀ NHẸ	Nút bên trái	5	Giao hàng nhanh, đóng gói kỹ càng, đã mua ủng hppj shop lần thứ 2. Chất lượng không có gì phải bàn	2022-06-26 09:52:27	2026-09-29 00:30:17
sp_5153235496	shopee	2007913528	general	SIÊU PHẨM PHI THUYỀN KHÔNG GIAN NÚT BẮN PUBG MÔ PHỎNG PHI THUYỀN CỰC KÌ NHẠY VÀ NHẸ	Cả trái và phải	5	6c bị lỗi 1 cái nhưng fix rất dễ nhờ chủ shop hướng dẫn, bấm tách tách rất sướng tay, chơi nhanh tay hơn hẳn	2021-06-22 07:20:32	2026-09-29 00:30:17
sp_7136803383	shopee	2007913528	general	SIÊU PHẨM PHI THUYỀN KHÔNG GIAN NÚT BẮN PUBG MÔ PHỎNG PHI THUYỀN CỰC KÌ NHẠY VÀ NHẸ	Cả trái và phải	5	ngon trong tầm giá mỗi tội nút bên phải không nhạy mình lại phải tháo ra chỉnh lại cho nhạy chút shop có tâm quá còn tặng cả bao tay chơi game nói túm lại là quá ngon rồi giá còn rẻ nữa sẽ còn mua hàng của shop dài	2022-01-06 11:50:37	2026-09-29 00:30:17
sp_4239847802	shopee	2007913528	general	SIÊU PHẨM PHI THUYỀN KHÔNG GIAN NÚT BẮN PUBG MÔ PHỎNG PHI THUYỀN CỰC KÌ NHẠY VÀ NHẸ	Nút bên trái	5	Giao hàng hơi bị thấy vọng vì lâu quá luôn ấy. Ở hcm mà giao lâu lắc Được cái đóng gói cubgx cẩn thận nhận hàng ok	2021-03-08 09:28:39	2026-09-29 00:30:17
sp_11655367080	shopee	2007913528	general	SIÊU PHẨM PHI THUYỀN KHÔNG GIAN NÚT BẮN PUBG MÔ PHỎNG PHI THUYỀN CỰC KÌ NHẠY VÀ NHẸ	Nút bên trái	5	Đóng gói cẩn thận, giao hàng nhanh. Mua lần 2 nhé. Làn trước mua xài mấy năm	2023-06-04 14:15:14	2026-09-29 00:30:17
sp_7006978908	shopee	2007913528	general	SIÊU PHẨM PHI THUYỀN KHÔNG GIAN NÚT BẮN PUBG MÔ PHỎNG PHI THUYỀN CỰC KÌ NHẠY VÀ NHẸ	Cả trái và phải	5	Nút bấm rất chắn chắn lại có có tiếng click rất vui tai sẽ ủng hộ shop nhiều hơn	2021-12-23 11:09:36	2026-09-29 00:30:17
sp_7087545591	shopee	2007913528	general	SIÊU PHẨM PHI THUYỀN KHÔNG GIAN NÚT BẮN PUBG MÔ PHỎNG PHI THUYỀN CỰC KÌ NHẠY VÀ NHẸ	Cả trái và phải	5	Hàng rất chất lượng và giá rẻ. Mình mua 2 nút bắn còn được tặng thêm 2 bao tay đeo ngón . cảm ơn shop nha 🥰🥰	2021-12-31 18:08:25	2026-09-29 00:30:17
sp_5294935187	shopee	2007913528	general	SIÊU PHẨM PHI THUYỀN KHÔNG GIAN NÚT BẮN PUBG MÔ PHỎNG PHI THUYỀN CỰC KÌ NHẠY VÀ NHẸ	Cả trái và phải	5	Đóng gói cẩn thận, shop rep nhiệt tình, sản phẩm xài tốt. Bền, sẽ ủng hộ shop dài dài.	2021-07-07 10:42:51	2026-09-29 00:30:17
sp_4384593710	shopee	2007913528	general	SIÊU PHẨM PHI THUYỀN KHÔNG GIAN NÚT BẮN PUBG MÔ PHỎNG PHI THUYỀN CỰC KÌ NHẠY VÀ NHẸ	Cả trái và phải	5	Sp đẹp, phím nhạy cực kỳ, gắn vô không bị cấn hay xê dịch miếng dán dẻo màn hình dt	2021-03-26 17:49:27	2026-09-29 00:30:19
sp_7770774426	shopee	2007913528	general	SIÊU PHẨM PHI THUYỀN KHÔNG GIAN NÚT BẮN PUBG MÔ PHỎNG PHI THUYỀN CỰC KÌ NHẠY VÀ NHẸ	Cả trái và phải	5	Giao hàng siêu nhanh luôn, mới đặt hôm qua thì sang hôm sau đã có. Lại còn được tặng bao tay nữa chứ. Siêu ưng luôn.	2022-03-16 16:03:34	2026-09-29 00:30:19
sp_3098636744	shopee	2007913528	general	SIÊU PHẨM PHI THUYỀN KHÔNG GIAN NÚT BẮN PUBG MÔ PHỎNG PHI THUYỀN CỰC KÌ NHẠY VÀ NHẸ	Cả trái và phải	5	Hàng rất tốt giao hàng Nhanh chủ shop bán hàng rất có tâm trả lời tin nhắn nhanh nói chung là rất tốt và rẻ 👍👍👍👍👍👍⭐⭐⭐⭐⭐⭐⭐⭐⭐⭐⭐⭐⭐⭐⭐⭐⭐⭐⭐⭐⭐⭐⭐⭐⭐⭐⭐⭐⭐⭐⭐	2020-09-30 17:05:52	2026-09-29 00:30:19
sp_6895085934	shopee	2007913528	general	SIÊU PHẨM PHI THUYỀN KHÔNG GIAN NÚT BẮN PUBG MÔ PHỎNG PHI THUYỀN CỰC KÌ NHẠY VÀ NHẸ	Nút bên phải	5	Nút bắn rất vừa với đt ip8plus sài mượt, bao ngón tay siêu nhạy mượt, săn sale rẻ, sẽ ủng hộ tiếp ạ	2021-12-14 12:45:51	2026-09-29 00:30:19
sp_13558814641	shopee	11416869736	general	🔥Unico A🔥Tai Nghe Gaming bass mạnh Có Dây Nhét Tai Chơi Game Chống Ồn Có Mic In Ear Cho PC IPPlus và các dòng điện thoại	E18 trắng xanh	5	Tính năng nổi bật:âm thanh nghe rõ ràng Chất lượng sản phẩm:Tuyệt vời ❤️ Tai nghe đẹp âm thanh rõ rệt giống với hình ảnh shop mô tả thanks shop sẽ ủng hộ shop trong lần mua sau 🥰	2023-12-15 19:17:21	2026-09-29 00:30:29
sp_80207107896	shopee	11416869736	general	🔥Unico A🔥Tai Nghe Gaming bass mạnh Có Dây Nhét Tai Chơi Game Chống Ồn Có Mic In Ear Cho PC IPPlus và các dòng điện thoại	E18 trắng xanh	5	Tính năng nổi bật:nghe rõ Chất lượng sản phẩm:tốt tuyệt cà là vời luôn í , tai nghe giá hạt zẻ mà xịn lắm nhe , dây dài hơn 1m á ,âm thanh nghe rõ có thể ghi âm mess hay lắm , điều chỉnh được âm thanh nhe ,10d kh có nhưng , ship thân thiện,giao hàng nhanh nha ,nên mua nha mn	2025-11-30 15:48:19	2026-09-29 00:30:29
sp_77073009961	shopee	11416869736	general	🔥Unico A🔥Tai Nghe Gaming bass mạnh Có Dây Nhét Tai Chơi Game Chống Ồn Có Mic In Ear Cho PC IPPlus và các dòng điện thoại	E18 trắng xanh	5	Chất lượng sản phẩm:10đ Tính năng nổi bật:oke Kiểu dáng đẹp. Âm thanh cũng rõ,ấm. Gói hàng kỹ. Giao hàng nhanh. Mình mua 2 tai phone lun. Chất lượng xứng với giá tiền.	2025-10-20 13:59:18	2026-09-29 00:30:29
sp_13552309332	shopee	11416869736	general	🔥Unico A🔥Tai Nghe Gaming bass mạnh Có Dây Nhét Tai Chơi Game Chống Ồn Có Mic In Ear Cho PC IPPlus và các dòng điện thoại	E18 đen xanh	5	Chất lượng sản phẩm:tốt Tính năng nổi bật:âm thanh to rõ Giao hàng nhanh, shipper thân thiện, tai nghe tốt, âm thanh rõ k bị rè, đã mua hàng của shop 2 lần rồi	2023-12-15 12:09:35	2026-09-29 00:30:29
sp_104116210689	shopee	11416869736	general	🔥Unico A🔥Tai Nghe Gaming bass mạnh Có Dây Nhét Tai Chơi Game Chống Ồn Có Mic In Ear Cho PC IPPlus và các dòng điện thoại	E18 trắng xanh	5	Âm thanh:ổn Chống ồn:ổn Vật liệu:nhựa Màu sắc thiết kế đẹp. Giao nhanh, đúng mẫu, giá tốt. Test thử 2 tai đều nghe được. Bền hay không thì chưa biết mà giá rẻ nên không đòi hỏi.	2026-07-09 18:50:55	2026-09-29 00:30:29
sp_11490905712	shopee	11416869736	general	🔥Unico A🔥Tai Nghe Gaming bass mạnh Có Dây Nhét Tai Chơi Game Chống Ồn Có Mic In Ear Cho PC IPPlus và các dòng điện thoại	E18 đen xanh	5	Chất lượng sản phẩm:tốt Tính năng nổi bật:nghe nhạc Ng Ship thân thiện, giao đúng thời hạn, chất lượt tốt, đúng với mô tả, nghe. Rõ ràng ổn khá hài lòng về sản phẩm	2023-05-13 17:09:21	2026-09-29 00:30:29
sp_11520077910	shopee	11416869736	general	🔥Unico A🔥Tai Nghe Gaming bass mạnh Có Dây Nhét Tai Chơi Game Chống Ồn Có Mic In Ear Cho PC IPPlus và các dòng điện thoại	E18 trắng xanh	5	Tính năng nổi bật:tai nghe êm có thể điều chỉnh âm thanh Đã mua hàng 3 lần rồi. Giá hạt dẻ, đẹp, bền, nghe nhạc êm tại, tai nghe có lớp nhựa dẻo bên ngoài nên rất chắc chắn, khó đứt gãy.	2023-05-17 15:50:39	2026-09-29 00:30:29
sp_6941706953	shopee	11416869736	general	🔥Unico A🔥Tai Nghe Gaming bass mạnh Có Dây Nhét Tai Chơi Game Chống Ồn Có Mic In Ear Cho PC IPPlus và các dòng điện thoại		5	Shop giao hàng đúng như hình, màu mình rất ưng ý lun. Gói hàng rất cẩn thận có miếng xốp lót để không bị hư hỏng khi vận chuyển. Âm thanh tai nghe đều hai bên khi nghe thì rất chân thực lun. Nói chung rất tốt mình đánh giá 5* 😊😊	2021-12-17 17:10:54	2026-09-29 00:30:29
sp_96995387187	shopee	11416869736	general	🔥Unico A🔥Tai Nghe Gaming bass mạnh Có Dây Nhét Tai Chơi Game Chống Ồn Có Mic In Ear Cho PC IPPlus và các dòng điện thoại	E18 trắng xanh	5	giao hàng nhanh, săn được giá rẻ, giao đúng mẫu, tai nghe cũng ổn, hình ảnh chỉ mang tính chất nhận xu hướng phát hiện một loài	2026-04-25 17:49:19	2026-09-29 00:30:29
sp_11491679340	shopee	11416869736	general	🔥Unico A🔥Tai Nghe Gaming bass mạnh Có Dây Nhét Tai Chơi Game Chống Ồn Có Mic In Ear Cho PC IPPlus và các dòng điện thoại	E18 trắng xanh	5	Tính năng nổi bật:nghe rõ Giao hàng nhanh, đóng gói kỹ. Sản phẩm như hình, dùng tốt. Âm thanh nghe rõ. Lần t2 đã mua. Cảm ơn shop.	2023-05-13 18:51:02	2026-09-29 00:30:29
sp_109776552859	shopee	11416869736	general	🔥Unico A🔥Tai Nghe Gaming bass mạnh Có Dây Nhét Tai Chơi Game Chống Ồn Có Mic In Ear Cho PC IPPlus và các dòng điện thoại	E18 đen xanh	5	Âm thanh:rõ Chống ồn:tốt Vật liệu:phu hop voi gia tien Đóng gói hàng cẩn thận, chắc chắn. Hàng nhận đúng mẫu nghe tốt, giá rẻ nên mua nha.	2026-09-14 20:46:20	2026-09-29 00:30:29
sp_82543452714	shopee	11416869736	general	🔥Unico A🔥Tai Nghe Gaming bass mạnh Có Dây Nhét Tai Chơi Game Chống Ồn Có Mic In Ear Cho PC IPPlus và các dòng điện thoại	E18 trắng xanh	5	Tính năng nổi bật:trầm ấm Chất lượng sản phẩm:tốt Sản phẩm tốt nha , nghe hay lắm ,có tăng giảm âm lượng nên rất tiện ,tôi cảm ơn shop đã chăm chút gói hàng rất chuyên nghiệp để đến tay khách hàng tốt nhất có thể , vậy mà nhiều shop khác không làm được điều này . Hẹn lần sau với các sản phẩm khác nữa nha .	2025-12-22 14:15:38	2026-09-29 00:30:29
sp_9826314377	shopee	11416869736	general	🔥Unico A🔥Tai Nghe Gaming bass mạnh Có Dây Nhét Tai Chơi Game Chống Ồn Có Mic In Ear Cho PC IPPlus và các dòng điện thoại	E18 trắng xanh	5	Chất lượng sản phẩm:tuyệt vời luôn, âm thanh nghe to rõ Tính năng nổi bật:không Âm thanh nghe tốt, chất liệu bọc ngoài dây rất ưng ý, màu đẹp, nhỏ gọn, nói chung không chê	2022-10-16 13:37:19	2026-09-29 00:30:29
sp_80129666260	shopee	11416869736	general	🔥Unico A🔥Tai Nghe Gaming bass mạnh Có Dây Nhét Tai Chơi Game Chống Ồn Có Mic In Ear Cho PC IPPlus và các dòng điện thoại	E18 trắng xanh	5	Sản phẩm giao nhanh, đóng gói cẩn thận, nhìn ngoài đẹp giống hình. Chất lượng ổn, dùng cảm giác tốt, chưa thấy lỗi gì. Giá hợp lý, phù hợp nhu cầu. Shop tư vấn nhiệt tình, phản hồi nhanh. Trải nghiệm mua hàng khá hài lòng, sẽ ủng hộ thêm nếu dùng lâu vẫn ổn. Cảm ơn shop nhé.	2025-11-29 12:22:41	2026-09-29 00:30:29
sp_13201232603	shopee	11416869736	general	🔥Unico A🔥Tai Nghe Gaming bass mạnh Có Dây Nhét Tai Chơi Game Chống Ồn Có Mic In Ear Cho PC IPPlus và các dòng điện thoại	E18 trắng xanh	5	Tính năng nổi bật:để nghe Chất lượng sản phẩm:tốt Tốt lắm nha đẹp nữa 2 bên tai nghe cũng rõ có phần chỉnh âm thanh nữa giao nhanh lắm luôn mới 2 ngày đã giao rồi	2023-11-14 14:33:30	2026-09-29 00:30:29
sp_9651629544	shopee	11416869736	general	🔥Unico A🔥Tai Nghe Gaming bass mạnh Có Dây Nhét Tai Chơi Game Chống Ồn Có Mic In Ear Cho PC IPPlus và các dòng điện thoại		5	Chất lượng sản phẩm:tốt Tính năng nổi bật:rõ Shop giao nhanh, mình mua săn sale nên giá rẻ. Chất lượng ổn, dùng hơn tuần nay rồi vẫn okela lắm nhe mọi người...	2022-09-25 08:31:40	2026-09-29 00:30:29
sp_99846607176	shopee	11416869736	general	🔥Unico A🔥Tai Nghe Gaming bass mạnh Có Dây Nhét Tai Chơi Game Chống Ồn Có Mic In Ear Cho PC IPPlus và các dòng điện thoại	E18 trắng xanh	5	Âm thanh:tốt Chống ồn:tốt Vật liệu:tốt Đã nhận được hàng tay nghe êm tay nhưng k biết có bền k níu bền sẽ giới thiệu bạn bè ủng hộ shop tiếp lần sao shipper thân thiện dễ thương cho shop 5 sao	2026-06-07 19:22:59	2026-09-29 00:30:29
sp_9863049780	shopee	11416869736	general	🔥Unico A🔥Tai Nghe Gaming bass mạnh Có Dây Nhét Tai Chơi Game Chống Ồn Có Mic In Ear Cho PC IPPlus và các dòng điện thoại	E18 trắng xanh	5	Tính năng nổi bật:đẹp Chất lượng sản phẩm:ok lắm nên mua 2 dây lận mà chị mình lấy hết 1 dây đi công chuyện rùi nên không quay được nên quay 1 đỡ 😊😊😊 ok lắm mọi người nên mua nghe êm tai nhe ❤	2022-10-20 20:13:14	2026-09-29 00:30:29
sp_11942564423	shopee	11416869736	general	🔥Unico A🔥Tai Nghe Gaming bass mạnh Có Dây Nhét Tai Chơi Game Chống Ồn Có Mic In Ear Cho PC IPPlus và các dòng điện thoại	E18 đen xanh	5	Chất lượng sản phẩm:tốt Tính năng nổi bật:nghe nhạc 2 màu đều rất đẹp, giá rẻ nhưng mà chất lượng rất tốt, âm thanh nghe rất hay lun.	2023-07-09 16:44:16	2026-09-29 00:30:29
sp_15976023097	shopee	11416869736	general	🔥Unico A🔥Tai Nghe Gaming bass mạnh Có Dây Nhét Tai Chơi Game Chống Ồn Có Mic In Ear Cho PC IPPlus và các dòng điện thoại	E18 trắng xanh	5	Chất lượng sản phẩm:tốt sản phẩm giống hình, đẹp, âm thanh ổn, dây dài lắm nha =))) được cái giao hàng nhanh nữa. Không biết bền không nhưng với giá này thì cũng tốt rồi hihiihhihahahahhfheheheh	2024-07-27 16:19:10	2026-09-29 00:30:29
sp_14625288673	shopee	11416869736	general	🔥Unico A🔥Tai Nghe Gaming bass mạnh Có Dây Nhét Tai Chơi Game Chống Ồn Có Mic In Ear Cho PC IPPlus và các dòng điện thoại	E18 đen xanh	5	Tính năng nổi bật:âm thanh rõ Chất lượng sản phẩm:tốt Giao hàng nhanh, mới đặt hôm trước hôm sau đã có. Sản phẩm chất lượng tốt	2024-03-23 20:14:50	2026-09-29 00:30:29
sp_10964923654	shopee	11416869736	general	🔥Unico A🔥Tai Nghe Gaming bass mạnh Có Dây Nhét Tai Chơi Game Chống Ồn Có Mic In Ear Cho PC IPPlus và các dòng điện thoại	E18 đen xanh	5	Chất lượng sản phẩm:tốt Nhận hàng nhanh, bữa trước đặt bữa sau có rồi ý, tai nghe thì nghe ổn, khá rõ, đáng mua ạ	2023-03-10 10:55:57	2026-09-29 00:30:29
sp_54072305792	shopee	11416869736	general	🔥Unico A🔥Tai Nghe Gaming bass mạnh Có Dây Nhét Tai Chơi Game Chống Ồn Có Mic In Ear Cho PC IPPlus và các dòng điện thoại	E18 trắng xanh	5	Chất lượng sản phẩm:tốt Tính năng nổi bật:dây chắc chắn , âm thanh tốt và dễ dàng tăng giảm Đóng gói hàng ok , giao hàng nhanh , chất lượng tốt , nhma hơi xui vì bị rớt cái chụp , nói chung rất ok mn ạ giá cả cx hợp lí nx , nên mua ạ	2025-06-26 12:48:03	2026-09-29 00:30:29
sp_11986384216	shopee	11416869736	general	🔥Unico A🔥Tai Nghe Gaming bass mạnh Có Dây Nhét Tai Chơi Game Chống Ồn Có Mic In Ear Cho PC IPPlus và các dòng điện thoại	E18 trắng xanh	5	Tính năng nổi bật:chống ồn tốt Chất lượng sản phẩm:tốt Giá rẻ mà chất lượng cao, nhưng chưa biết xài được lâu dài k, ngoại hình sp đẹp, ổn, giao hàng nhanh	2023-07-13 19:48:55	2026-09-29 00:30:29
sp_17220995006	shopee	11416869736	general	🔥Unico A🔥Tai Nghe Gaming bass mạnh Có Dây Nhét Tai Chơi Game Chống Ồn Có Mic In Ear Cho PC IPPlus và các dòng điện thoại	E18 đen xanh	5	Tính năng nổi bật:giống như mô tả Chất lượng sản phẩm:sản phẩm đẹp, tốt, giá rẻ âm thanh nghe rất rõ, rất đáng để mua Mình mua qua flash sale chỉ tính mua chơi thử cho vui vì giá rất rẻ dưới 10k nên cũng ko kỳ vọng nhiều nhưng khi nhận sp rất ư là hài lòng từ đóng gói đến chất lượng sp. Chất liệu nhựa khá ổn áp với tầm giá, còn kèm nút điều chỉnh âm lượng với mức đang nghe. Dây tai nghe còn được bọc nhựa rất đẹp. Màu sắc phối đẹp. Âm thanh nghe rõ ràng và ấm áp. Shop đóng gói kỹ, giao hàng nhanh!	2024-10-17 15:36:10	2026-09-29 00:30:29
sp_85740700084	shopee	11416869736	general	🔥Unico A🔥Tai Nghe Gaming bass mạnh Có Dây Nhét Tai Chơi Game Chống Ồn Có Mic In Ear Cho PC IPPlus và các dòng điện thoại	E18 trắng xanh	5	Tính năng nổi bật:nghe nhạc Chất lượng sản phẩm:tốt Tai nghe tốt giá rẻ nhưng nghe cx ok, nghe nhạc bao êm bass mạnh nghe êm	2026-01-18 13:41:47	2026-09-29 00:30:29
sp_10770140620	shopee	11416869736	general	🔥Unico A🔥Tai Nghe Gaming bass mạnh Có Dây Nhét Tai Chơi Game Chống Ồn Có Mic In Ear Cho PC IPPlus và các dòng điện thoại	E18 trắng xanh	5	Chất lượng sản phẩm:ok Tính năng nổi bật:mẫu mã đẹp Đẹp dễ thương nghe ok lắm sau sẽ ủng hộ shop tiếp nên mua nha.	2023-02-13 10:33:42	2026-09-29 00:30:29
sp_9956045846	shopee	11416869736	general	🔥Unico A🔥Tai Nghe Gaming bass mạnh Có Dây Nhét Tai Chơi Game Chống Ồn Có Mic In Ear Cho PC IPPlus và các dòng điện thoại		5	Chất lượng sản phẩm:tuyệt vời Tính năng nổi bật:có nhiều nút bấm tiện lợi Tai nghe xinh lắm, dây nhìn khá bền, âm thanh ổn. Giao nhanh giá quá rẻ luôn.	2022-11-02 12:10:07	2026-09-29 00:30:29
sp_91080768093	shopee	11416869736	general	🔥Unico A🔥Tai Nghe Gaming bass mạnh Có Dây Nhét Tai Chơi Game Chống Ồn Có Mic In Ear Cho PC IPPlus và các dòng điện thoại	E18 trắng xanh	5	Âm thanh:rõ ràng Đệm tai:êm Tay nghe rẻ, đẹp nghe to rõ, sẽ mua tiếp của shop, a ship 10 sao nha không có tiền lẻ nên a chịu thiệt luôn đi làm về mới nghe phụ huynh nói	2026-03-06 18:55:41	2026-09-29 00:30:29
sp_15093956495	shopee	11416869736	general	🔥Unico A🔥Tai Nghe Gaming bass mạnh Có Dây Nhét Tai Chơi Game Chống Ồn Có Mic In Ear Cho PC IPPlus và các dòng điện thoại	E18 đen xanh	5	Chất lượng sản phẩm:tott Tính năng nổi bật:nghe gọi Sản phẩm tốt đúng mô tả nghe rất rõ shop thân thiện, anh ship thân thiện giao hàng nhanh	2024-05-06 07:21:05	2026-09-29 00:30:29
sp_10129899524	shopee	11416869736	general	🔥Unico A🔥Tai Nghe Gaming bass mạnh Có Dây Nhét Tai Chơi Game Chống Ồn Có Mic In Ear Cho PC IPPlus và các dòng điện thoại	E18 trắng xanh	5	Chất lượng sản phẩm:ok Tính năng nổi bật:tai nghe rất rõ và to giao hàng nhanh, shop thân thiện, tai nghe phù hợp với giá tiền, nghe như đang mở loa rất hài lòng, mọi người nên mua nha	2022-11-23 00:36:49	2026-09-29 00:30:29
sp_105550319442	shopee	11416869736	general	🔥Unico A🔥Tai Nghe Gaming bass mạnh Có Dây Nhét Tai Chơi Game Chống Ồn Có Mic In Ear Cho PC IPPlus và các dòng điện thoại	E18 đen xanh	5	Âm thanh:âm thanh rõ ràng. Giao hàng đúng tiến độ cam kết. Giá cả hợp lý. Shipper nhanh nhẹn, nhiệt tình. Đã thử và OK.	2026-07-29 17:25:08	2026-09-29 00:30:29
sp_13452502707	shopee	11416869736	general	🔥Unico A🔥Tai Nghe Gaming bass mạnh Có Dây Nhét Tai Chơi Game Chống Ồn Có Mic In Ear Cho PC IPPlus và các dòng điện thoại	E18 đen xanh	5	Giao hàng nhanh. Đủ số lượng. Ăn sale còn 10k nên khá ổn áp. Dùng thử thì okela ạ. Tới sài 10 ngày rùi tui mới đánh giá ấy. Rcm nên mua	2023-12-06 22:05:11	2026-09-29 00:30:29
sp_14498348836	shopee	11416869736	general	🔥Unico A🔥Tai Nghe Gaming bass mạnh Có Dây Nhét Tai Chơi Game Chống Ồn Có Mic In Ear Cho PC IPPlus và các dòng điện thoại	E18 trắng xanh	5	Chất lượng sản phẩm:tốt Tính năng nổi bật:nghe rõ. Sản phẩm giá rẻ mà sài tốt nha mọi người, nghe to rõ,êm lắm, hàng giao nhanh, shipper thân thiện nhiệt tình 💖🌷	2024-03-13 07:07:13	2026-09-29 00:30:29
sp_8656175598	shopee	11416869736	general	🔥Unico A🔥Tai Nghe Gaming bass mạnh Có Dây Nhét Tai Chơi Game Chống Ồn Có Mic In Ear Cho PC IPPlus và các dòng điện thoại		5	Chất lượng sản phẩm:phê lắm Tính năng nổi bật:chống điếc chống ồn Tui sài rùii , này mua về bán cho ngta í , ổn lắm , sài đợt dịch tới h lun nhé	2022-06-12 21:11:53	2026-09-29 00:30:29
sp_11088840540	shopee	11416869736	general	🔥Unico A🔥Tai Nghe Gaming bass mạnh Có Dây Nhét Tai Chơi Game Chống Ồn Có Mic In Ear Cho PC IPPlus và các dòng điện thoại		5	Chất lượng sản phẩm:ổn Tính năng nổi bật:được Ship hàng cực nhanh. Shop gói cẩn thận, nhiều lớp, gọn gàng. Tai nghe mới, nghe ổn, về lâu dài thì chưa biết :v.	2023-03-26 13:57:44	2026-09-29 00:30:29
sp_8627536933	shopee	11416869736	general	🔥Unico A🔥Tai Nghe Gaming bass mạnh Có Dây Nhét Tai Chơi Game Chống Ồn Có Mic In Ear Cho PC IPPlus và các dòng điện thoại		5	Chất lượng sản phẩm:tuỵt dời Tính năng nổi bật:oki Giá rẻ lại còn chất lượng tốt nx có vỏ bọc chống nc ở dây còn mấy khác thì nên cẩn thận nhé	2022-06-10 08:43:09	2026-09-29 00:30:29
sp_82486835646	shopee	11416869736	general	🔥Unico A🔥Tai Nghe Gaming bass mạnh Có Dây Nhét Tai Chơi Game Chống Ồn Có Mic In Ear Cho PC IPPlus và các dòng điện thoại	E18 trắng xanh	5	Âm thanh:ok Chống ồn:ok Dây:ok uy tín chất lượng sản phẩm tuyệt vời hơn những gì mình nghĩ cảm ơn cửa hàng và Shopee với shipper đã tạo ra một cái gọi là để cho mọi người đều có thể mua được sản phẩm mình yêu thích nhất sẽ ủng hộ vào những lần tiếp theo	2025-12-21 14:13:30	2026-09-29 00:30:29
sp_91321739901	shopee	11416869736	general	🔥Unico A🔥Tai Nghe Gaming bass mạnh Có Dây Nhét Tai Chơi Game Chống Ồn Có Mic In Ear Cho PC IPPlus và các dòng điện thoại	E18 đen xanh	5	Chất lượng sản phẩm:Chất lượng tốt Tính năng nổi bật:Sử dụng tốt Shop đóng gói kỹ, giao hàng nhanh với giá 9 ca nghe rất ổn áp im tay 5 sao cho shop sẽ quay lại ủng hộ tiếp	2026-03-08 18:45:12	2026-09-29 00:30:29
sp_80397746600	shopee	11416869736	general	🔥Unico A🔥Tai Nghe Gaming bass mạnh Có Dây Nhét Tai Chơi Game Chống Ồn Có Mic In Ear Cho PC IPPlus và các dòng điện thoại	E18 trắng xanh	5	Chất lượng sản phẩm:tốt Tính năng nổi bật:dùng để nghe sản phẩm được shop đóng gói cẩn thận có bọc xốp chống sóc và bỏ vào hộp. điều này cho thấy shop rất tôn trọng khách hàng và sản phẩm, cám ơn shop. Tai nghe rất đẹp, nghe rõ giá cả phải chăng.	2025-12-02 15:29:42	2026-09-29 00:30:29
sp_12084312907	shopee	11416869736	general	🔥Unico A🔥Tai Nghe Gaming bass mạnh Có Dây Nhét Tai Chơi Game Chống Ồn Có Mic In Ear Cho PC IPPlus và các dòng điện thoại	E18 trắng xanh	5	Sản phẩm cực kì tốt so với giá, màu trắng xanh đẹp, nghe nhạc hay, shop bán rẻ hơn các shop khác, gói hàng kĩ, giao nhanh. Sẽ tiếp tục ủng hộ shop, chúc shop buôn may bán đắt.	2023-07-25 16:24:28	2026-09-29 00:30:29
sp_17157702197	shopee	11416869736	general	🔥Unico A🔥Tai Nghe Gaming bass mạnh Có Dây Nhét Tai Chơi Game Chống Ồn Có Mic In Ear Cho PC IPPlus và các dòng điện thoại	E18 đen xanh	5	Chất lượng sản phẩm:a mazing good đỉnh của chop Tính năng nổi bật:bass hay sản phẩm giá rẻ mà chất lượng, 👍👍 rất sịn, dùng cực bền	2024-10-14 12:19:08	2026-09-29 00:30:29
sp_14133926980	shopee	11416869736	general	🔥Unico A🔥Tai Nghe Gaming bass mạnh Có Dây Nhét Tai Chơi Game Chống Ồn Có Mic In Ear Cho PC IPPlus và các dòng điện thoại	E18 đen xanh	5	Tính năng nổi bật:chưa biết Chất lượng sản phẩm:tốt Giao nhanh và cẩn thận nha, hàng đẹp, giống ảnh, mn yên tâm mua nha Ảnh của mik hơi tối chứ bên ngoài màu đẹp lắm nhe	2024-02-07 13:54:52	2026-09-29 00:30:29
sp_11156219774	shopee	11416869736	general	🔥Unico A🔥Tai Nghe Gaming bass mạnh Có Dây Nhét Tai Chơi Game Chống Ồn Có Mic In Ear Cho PC IPPlus và các dòng điện thoại		5	Giao hàng nhanh. Gói hành ok Test thử thì okila Còn xài được trong bao lâu thì chỉ có thời gian mới trả lời được 😅😂🤣. Do gắn vào Cpu máy tính cố định nên cũng ko cần loại sịn sò lắm , giá này mua là ổn . Hư mua tiếp Ủng hộ shop lần sau tiếp	2023-04-03 10:47:04	2026-09-29 00:30:29
sp_12913180149	shopee	11416869736	general	🔥Unico A🔥Tai Nghe Gaming bass mạnh Có Dây Nhét Tai Chơi Game Chống Ồn Có Mic In Ear Cho PC IPPlus và các dòng điện thoại	E18 trắng xanh	5	Tính năng nổi bật:cộng dây soăn nhìn đẹp, ít bị rối , mẫu đẹp lắm Chất lượng sản phẩm:chắc chắn,nghe nhạc,xem phim rất OK 👍	2023-10-18 09:25:55	2026-09-29 00:30:29
sp_10700624564	shopee	11416869736	general	🔥Unico A🔥Tai Nghe Gaming bass mạnh Có Dây Nhét Tai Chơi Game Chống Ồn Có Mic In Ear Cho PC IPPlus và các dòng điện thoại	E18 đen xanh	5	Chất lượng sản phẩm:tốt Tính năng nổi bật:nghe sản phẩm ổn, mình mới xài nên ko biết bền ko nhưng nhìn chắc chắn và xịn hơn cái tai nghe 60k mình mua ở chợ đêm nha	2023-02-04 18:30:36	2026-09-29 00:30:29
sp_17158557123	shopee	11416869736	general	🔥Unico A🔥Tai Nghe Gaming bass mạnh Có Dây Nhét Tai Chơi Game Chống Ồn Có Mic In Ear Cho PC IPPlus và các dòng điện thoại	E18 trắng xanh	5	Shop lên đơn cũng nhanh lắm ạ và bên vận chuyển giao cũng nhanh. Shop đóng gói cẩn thận, có chống sốc. Giao đúng màu, tai nghe đẹp, giá cả cũng hạt dẻ. Tai nghe đang dùng vẫn dùng được mà đặt thêm cái dự phòng thôi. Nói chung xài tạm cũng được, mà vài tháng là tui hết nghe được rồi🥲.	2024-10-14 13:25:51	2026-09-29 00:30:29
sp_6348216998	shopee	11416869736	general	🔥Unico A🔥Tai Nghe Gaming bass mạnh Có Dây Nhét Tai Chơi Game Chống Ồn Có Mic In Ear Cho PC IPPlus và các dòng điện thoại		5	Shop giao hàng nhanh ạ. Em ở gia lai và shop ở TP. HCM shop gửi hàng hôm thứ 2 và thứ 4 em đã nhận được rồi ạ. Tai nghe mua có 15k8 giá rẻ mà chất lượng tốt lắm ạ. Tuyệt vời, cho shop 5* nha.	2021-10-20 17:32:46	2026-09-29 00:30:29
sp_45106902743	shopee	11416869736	general	🔥Unico A🔥Tai Nghe Gaming bass mạnh Có Dây Nhét Tai Chơi Game Chống Ồn Có Mic In Ear Cho PC IPPlus và các dòng điện thoại	E18 trắng xanh	5	Chất lượng sản phẩm:sản phẩm ok Tính năng nổi bật:đúng như mô tả Sản phẩm này mình mua đã mua một lần thứ hai sử dụng sản phẩm rất là ok shop giao hàng nhanh	2025-05-29 13:15:40	2026-09-29 00:30:29
sp_10171912196	shopee	11416869736	general	🔥Unico A🔥Tai Nghe Gaming bass mạnh Có Dây Nhét Tai Chơi Game Chống Ồn Có Mic In Ear Cho PC IPPlus và các dòng điện thoại	E18 đen xanh	5	Chất lượng sản phẩm:tốt ạ em mua sài cả tuần nay rất ok luôn Tính năng nổi bật:âm thanh rất lớn rõ ạ Mọi người nên mua sử dụng thử nha rất tuyệt vời	2022-11-28 08:00:29	2026-09-29 00:30:29
sp_91449129874	shopee	11416869736	general	🔥Unico A🔥Tai Nghe Gaming bass mạnh Có Dây Nhét Tai Chơi Game Chống Ồn Có Mic In Ear Cho PC IPPlus và các dòng điện thoại	E18 đen xanh	5	Âm thanh:âm thanh nghe ổn Đệm tai:đệm tai khá êm Nghe gọi bình thường thì ok, nghe nhạc thì phù hợp với giá tiền rẻ. Không đòi hỏi nhiểu	2026-03-09 11:33:03	2026-09-29 00:30:31
sp_99135374326	shopee	11416869736	general	🔥Unico A🔥Tai Nghe Gaming bass mạnh Có Dây Nhét Tai Chơi Game Chống Ồn Có Mic In Ear Cho PC IPPlus và các dòng điện thoại	E18 trắng xanh	5	Âm thanh:tốt nha Chống ồn:sơ sơ Vật liệu:nhựa chắc chắn Giá quá ok lun, nghe cũng êm tai nữa, đeo nhìu ko hị đau tai nha	2026-05-27 16:57:50	2026-09-29 00:30:31
sp_94892512726	shopee	11416869736	general	🔥Unico A🔥Tai Nghe Gaming bass mạnh Có Dây Nhét Tai Chơi Game Chống Ồn Có Mic In Ear Cho PC IPPlus và các dòng điện thoại	E18 đen xanh	5	Âm thanh:Rõ ràng có bass Đệm tai:Đệm silicon mềm Đã mua 3 cái cho cả nhà xài, rất tốt nhé. Mình mua màu trắng xanh và đen xanh luôn, ở ngoài đẹp lắm. Shop giao hàng nhanh chóng, sản phẩm giống y như hình mô tả, dùng tốt mà giá lại mềm nữa. Rất đáng mua nhé mọi người. Cho shop 5* là xứng đáng.	2026-04-06 12:23:03	2026-09-29 00:30:31
sp_11186371655	shopee	11416869736	general	🔥Unico A🔥Tai Nghe Gaming bass mạnh Có Dây Nhét Tai Chơi Game Chống Ồn Có Mic In Ear Cho PC IPPlus và các dòng điện thoại	E18 trắng xanh	5	Chất lượng sản phẩm:rất tốt Sử dụng dễ dàng tiện lợi, giao hành nhanh, đóng gói cẩn thận và đặc biệt là nghe êm, rất tốt. Rất hài lòng	2023-04-06 14:20:25	2026-09-29 00:30:31
sp_15517313966	shopee	11416869736	general	🔥Unico A🔥Tai Nghe Gaming bass mạnh Có Dây Nhét Tai Chơi Game Chống Ồn Có Mic In Ear Cho PC IPPlus và các dòng điện thoại	E18 trắng xanh	5	Tính năng nổi bật:nghe êm màu đẹp Chất lượng sản phẩm:ok Shop giao hàng nhanh tai nghe nghe êm ko đau tai với k bị rè giá này mà đc v là ok r	2024-06-14 18:45:01	2026-09-29 00:30:31
sp_12879534210	shopee	11416869736	general	🔥Unico A🔥Tai Nghe Gaming bass mạnh Có Dây Nhét Tai Chơi Game Chống Ồn Có Mic In Ear Cho PC IPPlus và các dòng điện thoại	E18 trắng xanh	5	Tính năng nổi bật:đẹp Chất lượng sản phẩm:tiếng lớn Tai nghe tiếng lớn . đầy đủ. Giao hàng nhanh . giả lại rẻ. Quá ok lun 👌👌👌	2023-10-15 11:19:49	2026-09-29 00:30:31
sp_94282887663	shopee	11416869736	general	🔥Unico A🔥Tai Nghe Gaming bass mạnh Có Dây Nhét Tai Chơi Game Chống Ồn Có Mic In Ear Cho PC IPPlus và các dòng điện thoại	E18 đen xanh	5	Âm thanh:To rõ có âm bass Đệm tai:Đệm silicon êm ái Shop​ giao hàng nhanh chóng, hàng nhận được y như hình vậy, dùng tốt, êm tai. Săn sale được giá mềm thích ghê á. Cho shop 5 🌟 là xứng đáng.	2026-04-02 19:20:28	2026-09-29 00:30:31
sp_11606746393	shopee	11416869736	general	🔥Unico A🔥Tai Nghe Gaming bass mạnh Có Dây Nhét Tai Chơi Game Chống Ồn Có Mic In Ear Cho PC IPPlus và các dòng điện thoại	E18 đen xanh	5	Tính năng nổi bật:nge nhạc xem phim Chất lượng sản phẩm:tạm đánh giá là ok Shop chuẩn bị hàng & giao hàng nhanh. Sản phẩm nghe rất ấm kh bị chói tai. Giá rẻ. Nếu sài tốt sẽ mua lại	2023-05-29 05:43:55	2026-09-29 00:30:31
sp_67844180091	shopee	11416869736	general	🔥Unico A🔥Tai Nghe Gaming bass mạnh Có Dây Nhét Tai Chơi Game Chống Ồn Có Mic In Ear Cho PC IPPlus và các dòng điện thoại	E18 trắng xanh	5	Chất lượng sản phẩm:ok Tính năng nổi bật:ok Nhận hàng nhanh, nay ms test thử đeo vào tai nghe êm, âm thanh to ,shop đóng gói chỉn chu.để nghe xem dùng đc bao lâu thì sẽ quay lại đánh giá lại	2025-08-13 12:24:10	2026-09-29 00:30:31
sp_15976837797	shopee	11416869736	general	🔥Unico A🔥Tai Nghe Gaming bass mạnh Có Dây Nhét Tai Chơi Game Chống Ồn Có Mic In Ear Cho PC IPPlus và các dòng điện thoại	E18 trắng xanh	5	Shop lên đơn nhanh, giá cả ổn, bên vận chuyển giao cũng nhanh. Giao đúng màu, tai nghe đẹp, mua lần này lần thứ 3, xài tạm được. Cách vài tháng mới hết nghe được, giá cả không đắt nên vậy được🥰.	2024-07-27 17:32:48	2026-09-29 00:30:31
sp_79258888611	shopee	11416869736	general	🔥Unico A🔥Tai Nghe Gaming bass mạnh Có Dây Nhét Tai Chơi Game Chống Ồn Có Mic In Ear Cho PC IPPlus và các dòng điện thoại	E18 trắng xanh	5	Tính năng nổi bật:ổn áp Chất lượng sản phẩm:tốt Giá rẻ mà thấy tốt nha, nghe âm thanh rõ ràng, dây dài, giao hàng nhanh nên mua nha	2025-11-18 13:25:12	2026-09-29 00:30:31
sp_10743180252	shopee	11416869736	general	🔥Unico A🔥Tai Nghe Gaming bass mạnh Có Dây Nhét Tai Chơi Game Chống Ồn Có Mic In Ear Cho PC IPPlus và các dòng điện thoại	E18 trắng xanh	5	Chất lượng sản phẩm:ok Tính năng nổi bật:nghe rõ Tainnghe rõ và kh bị ồn, giá rẻ z thích hợp cho mí bạn mua tạm để học hành, lm việc, tai chắc chắn nhỏ gọn	2023-02-09 18:37:03	2026-09-29 00:30:31
sp_78052482199	shopee	11416869736	general	🔥Unico A🔥Tai Nghe Gaming bass mạnh Có Dây Nhét Tai Chơi Game Chống Ồn Có Mic In Ear Cho PC IPPlus và các dòng điện thoại	E18 trắng xanh	5	Chất lượng sản phẩm:tuyệt Tính năng nổi bật:chơi game nghe nhạc xem phim Tai nghe rất ổn đã mua vài lần, shop đóng hàng kĩ. Tai nghe tốt nghe rõ và không bị rè sẽ tiếp tục ủng hộ	2025-11-01 21:42:52	2026-09-29 00:30:31
sp_12760120085	shopee	11416869736	general	🔥Unico A🔥Tai Nghe Gaming bass mạnh Có Dây Nhét Tai Chơi Game Chống Ồn Có Mic In Ear Cho PC IPPlus và các dòng điện thoại	E18 đen xanh	5	Chất lượng sản phẩm:ok Tính năng nổi bật:sạc và nghe Chất lượng sản phẩm tương đối tốt Giá cả rẻ và hợp với nhu cầu của người tiêu dùng Mẫu mã đẹp sang trọng Thiết kế trang nhã Sẽ ủng hộ khi có nhu cầu mua hàng	2023-10-04 13:23:22	2026-09-29 00:30:31
sp_13329025916	shopee	11416869736	general	🔥Unico A🔥Tai Nghe Gaming bass mạnh Có Dây Nhét Tai Chơi Game Chống Ồn Có Mic In Ear Cho PC IPPlus và các dòng điện thoại	E18 đen xanh	5	Tính năng nổi bật:tốt Chất lượng sản phẩm:tốt Sản phẩm tốt giao hàng nhanh chóng ,chất lượng tốt khỏi bàn và giá lại siêu hạt dẻ	2023-11-25 13:08:02	2026-09-29 00:30:31
sp_10150386453	shopee	11416869736	general	🔥Unico A🔥Tai Nghe Gaming bass mạnh Có Dây Nhét Tai Chơi Game Chống Ồn Có Mic In Ear Cho PC IPPlus và các dòng điện thoại		5	Chất lượng sản phẩm:tốt nghe rất rõ Tính năng nổi bật:loa xịn Tôi mua 1 lần rồi sài rất ok lên mua tiếp giá tiền rẻ mà tai nghe tốt sài rất ok 10d lần sau nghé shop mua tiếp ................mm....	2022-11-25 11:46:25	2026-09-29 00:30:31
sp_35546611486	shopee	11416869736	general	🔥Unico A🔥Tai Nghe Gaming bass mạnh Có Dây Nhét Tai Chơi Game Chống Ồn Có Mic In Ear Cho PC IPPlus và các dòng điện thoại	E18 trắng xanh	5	Chất lượng sản phẩm:tốt Tính năng nổi bật:nghe Giá rẻ mà nghe rất tốt, còn dùng đến bao giờ thì chx biết, giao hàng rất nhanh	2025-04-03 19:11:47	2026-09-29 00:30:31
sp_79201340699	shopee	11416869736	general	🔥Unico A🔥Tai Nghe Gaming bass mạnh Có Dây Nhét Tai Chơi Game Chống Ồn Có Mic In Ear Cho PC IPPlus và các dòng điện thoại	E18 đen xanh	5	Tính năng nổi bật:nghe êm tai Chất lượng sản phẩm:tốt Shiper thân thiên ,giao hàng nhanh ,lần đầu mua ở shop thấy ok ,săn seo giá rẻ ,sẽ ủng hộ tiếp	2025-11-17 14:30:41	2026-09-29 00:30:31
sp_12518516655	shopee	11416869736	general	🔥Unico A🔥Tai Nghe Gaming bass mạnh Có Dây Nhét Tai Chơi Game Chống Ồn Có Mic In Ear Cho PC IPPlus và các dòng điện thoại	E18 trắng xanh	5	Chất lượng sản phẩm:Tạm ổn Tính năng nổi bật:Giá hạt dẻ Vận chuyển nhanh, shipper dễ thương nhiệt tình. Shop đóng gói cẩn thận. Với tầm giá này thì mình không đòi hỏi chất lượng được. Bạn nào mua chỉ để nghe nói thì ok. Mic mình test ổn, tai nghe thì chỉ ở mức nghe được.	2023-09-08 20:43:03	2026-09-29 00:30:31
sp_11194652407	shopee	11416869736	general	🔥Unico A🔥Tai Nghe Gaming bass mạnh Có Dây Nhét Tai Chơi Game Chống Ồn Có Mic In Ear Cho PC IPPlus và các dòng điện thoại	E18 đen xanh	5	Chất lượng sản phẩm:ngoài mong đợi Tính năng nổi bật:có thể dừng tiếp lúc ghi âm,gạt bật âm thanh,nghe to rõ,thu giọng ổn,mẫu mã đẹo sang Thật sự rất ưng luôn k nghĩ với giá này mua đc tai nghe vậy!!!!	2023-04-07 10:39:56	2026-09-29 00:30:31
sp_10672430338	shopee	11416869736	general	🔥Unico A🔥Tai Nghe Gaming bass mạnh Có Dây Nhét Tai Chơi Game Chống Ồn Có Mic In Ear Cho PC IPPlus và các dòng điện thoại	E18 đen xanh	5	Chất lượng sản phẩm:Tốt Tính năng nổi bật:Không biết Tai nghe đẹp, 2 bên đều nghe được, âm thanh cũng rõ ràng, shop uy tín sẽ ủng hộ tiếp🤗	2023-02-01 12:28:22	2026-09-29 00:30:31
sp_76299820241	shopee	11416869736	general	🔥Unico A🔥Tai Nghe Gaming bass mạnh Có Dây Nhét Tai Chơi Game Chống Ồn Có Mic In Ear Cho PC IPPlus và các dòng điện thoại	E18 trắng xanh	5	Chất lượng sản phẩm:được nha giá rẻ Tính năng nổi bật:nghe khá ổn không bị rì đeo cũng không bị đau tai 👂 lắm Mình săn có 9k	2025-10-13 11:08:55	2026-09-29 00:30:31
sp_80194251863	shopee	11416869736	general	🔥Unico A🔥Tai Nghe Gaming bass mạnh Có Dây Nhét Tai Chơi Game Chống Ồn Có Mic In Ear Cho PC IPPlus và các dòng điện thoại	E18 trắng xanh	5	Shop lên đơn nhanh lắm ạ và bên vận chuyển giao cũng nhanh, shop đóng gói cẩn thận, giao đúng màu, tai nghe đẹp, giống hình, giá cả ổn áp, đã đặt nhiều lần bên shop^^.	2025-11-30 12:06:08	2026-09-29 00:30:31
sp_12494220161	shopee	11416869736	general	🔥Unico A🔥Tai Nghe Gaming bass mạnh Có Dây Nhét Tai Chơi Game Chống Ồn Có Mic In Ear Cho PC IPPlus và các dòng điện thoại	E18 đen xanh	5	Chất lượng sản phẩm:ổn (giá rẻ nên không mong chờ quá nhiều) Tính năng nổi bật:Nghe rõ, màu đẹp Giao hàng nhanh chóng, đóng gói cẩn thận kĩ lưỡng, shop nhiệt tình, sản phẩm xài tốt	2023-09-06 15:15:07	2026-09-29 00:30:31
sp_12569450740	shopee	11416869736	general	🔥Unico A🔥Tai Nghe Gaming bass mạnh Có Dây Nhét Tai Chơi Game Chống Ồn Có Mic In Ear Cho PC IPPlus và các dòng điện thoại	E18 đen xanh	5	Tính năng nổi bật:tai nghe màu đen Chất lượng sản phẩm:chưa dùngvneen chưa biết Tai nghe màu đen, bọc hàng cẩn thận, giao hàng nhanh, giá rẻ, nhìn mãu mã đẹp, chưa dùng nên chưa biết nhưng nhìn thấy ok	2023-09-13 14:13:52	2026-09-29 00:30:31
sp_12532131891	shopee	11416869736	general	🔥Unico A🔥Tai Nghe Gaming bass mạnh Có Dây Nhét Tai Chơi Game Chống Ồn Có Mic In Ear Cho PC IPPlus và các dòng điện thoại	E18 đen xanh	5	Chất lượng sản phẩm:tuyệt vời Tính năng nổi bật:nghe ổn Giá rẻ đóng gói kĩ ship nhanh sản phẩm đẹp+ âm thanh nghe rất rõ.ĩbwbxwicpbw	2023-09-10 08:56:37	2026-09-29 00:30:31
sp_11175473918	shopee	11416869736	general	🔥Unico A🔥Tai Nghe Gaming bass mạnh Có Dây Nhét Tai Chơi Game Chống Ồn Có Mic In Ear Cho PC IPPlus và các dòng điện thoại	E18 trắng xanh	5	Tính năng nổi bật:như tai nghe bth thoii k khác mấy Chất lượng sản phẩm:chất lượng trong tầm giáa,tai nghe âm thanh khá là đều giao hàng khá nhanh,đóng gói kĩ càng dthww,tầm giá này k chê đc,mà tìm chỗ để chê cx k có💓😔tai nghe nhỏ nhắn đanggyeww,màu xinhh⭐⭐⭐⭐⭐	2023-04-05 13:01:58	2026-09-29 00:30:31
sp_11767874341	shopee	11416869736	general	🔥Unico A🔥Tai Nghe Gaming bass mạnh Có Dây Nhét Tai Chơi Game Chống Ồn Có Mic In Ear Cho PC IPPlus và các dòng điện thoại	E18 đen xanh	5	Tính năng nổi bật:bass nghe đã Chất lượng sản phẩm:tốt Giao hàng nhanh, anh ship dễ thương, nói chung hàng đáng mua. Nghe bass đã lắm ạ. Để giới thiệu bạn mua....hết biết viết.gì rồi mà nó hổng cho nhận 200 xu...huhuhu	2023-06-17 15:24:46	2026-09-29 00:30:31
sp_56292980844	shopee	11416869736	general	🔥Unico A🔥Tai Nghe Gaming bass mạnh Có Dây Nhét Tai Chơi Game Chống Ồn Có Mic In Ear Cho PC IPPlus và các dòng điện thoại	E18 trắng xanh	5	Tính năng nổi bật:nghe Chất lượng sản phẩm:tốt Không biết xài được lâu không, âm thanh rất hay, bass to, nghe nhạc nhức nhức cái đầu luôn, hơn hẳn những loại xài trước đây, giá lại quá rẻ nữa	2025-07-03 17:25:10	2026-09-29 00:30:31
sp_87280432096	shopee	11416869736	general	🔥Unico A🔥Tai Nghe Gaming bass mạnh Có Dây Nhét Tai Chơi Game Chống Ồn Có Mic In Ear Cho PC IPPlus và các dòng điện thoại	E18 trắng xanh	5	Shop giao hàng nhanh, giao đúng hàng. Màu trắng xanh quá đẹp. Hàng chất luợng nha, nghe đụơc và nghe rõ luôn. Có phần đêm nên êm lắm không bị đau. Săn sale đụơc giá rẻ nên siêu ưng 💯	2026-02-02 08:55:30	2026-09-29 00:30:31
sp_14199460366	shopee	11416869736	general	🔥Unico A🔥Tai Nghe Gaming bass mạnh Có Dây Nhét Tai Chơi Game Chống Ồn Có Mic In Ear Cho PC IPPlus và các dòng điện thoại	E18 đen xanh	5	Tính năng nổi bật:đẹp, tốt Chất lượng sản phẩm:oce Màu sắc đẹp, âm thanh nghe rất rõ, giá hợp lí có kèm 2 vỏ ngoài riêng. Nên mua ạ.	2024-02-15 10:58:22	2026-09-29 00:30:31
sp_15384714399	shopee	11416869736	general	🔥Unico A🔥Tai Nghe Gaming bass mạnh Có Dây Nhét Tai Chơi Game Chống Ồn Có Mic In Ear Cho PC IPPlus và các dòng điện thoại	E18 trắng xanh	5	Shop lên đơn nhanh, bên vận chuyển cũng giao nhanh lắm. Shop đóng gói cẩn thận, giao đúng màu. Lần trước tui đặt 1 lần rồi cũng ổn, xài giờ xu rồi.. Hết nghe được nên giờ đặt tiếp hehe🥲.	2024-06-03 12:05:10	2026-09-29 00:30:31
sp_71777156671	shopee	11416869736	general	🔥Unico A🔥Tai Nghe Gaming bass mạnh Có Dây Nhét Tai Chơi Game Chống Ồn Có Mic In Ear Cho PC IPPlus và các dòng điện thoại	E18 trắng xanh	5	Chất lượng sản phẩm:ok Tính năng nổi bật:ok uy tín chất lượng sản phẩm tuyệt vời hơn những gì mình nghĩ cảm ơn cửa hàng và Shopee với shipper đã tạo ra một cái gọi là để cho mọi người đều có thể mua được sản phẩm mình yêu thích nhất sẽ ủng hộ vào những lần tiếp theo	2025-09-05 13:32:12	2026-09-29 00:30:31
sp_13226890065	shopee	11416869736	general	🔥Unico A🔥Tai Nghe Gaming bass mạnh Có Dây Nhét Tai Chơi Game Chống Ồn Có Mic In Ear Cho PC IPPlus và các dòng điện thoại	E18 đen xanh	5	Chất lượng sản phẩm:tốt Tính năng nổi bật:nghe rất im Mẫu mã xinh lắm. Gọn và đẹp lắm. Nghe thử rất im. Nên mua sẽ mua tiếp	2023-11-16 12:09:03	2026-09-29 00:30:31
sp_12819097175	shopee	11416869736	general	🔥Unico A🔥Tai Nghe Gaming bass mạnh Có Dây Nhét Tai Chơi Game Chống Ồn Có Mic In Ear Cho PC IPPlus và các dòng điện thoại	E18 đen xanh	5	Chất lượng sản phẩm:tốt Tính năng nổi bật:âm thanh tốt Hàng rẻ, đẹp, tốt kiếm đâu ra Rất ưng ý Cho shop 5 sap chất lượng nhé 👍	2023-10-10 10:13:45	2026-09-29 00:30:31
sp_16835162772	shopee	11416869736	general	🔥Unico A🔥Tai Nghe Gaming bass mạnh Có Dây Nhét Tai Chơi Game Chống Ồn Có Mic In Ear Cho PC IPPlus và các dòng điện thoại	E18 trắng xanh	5	Tính năng nổi bật:tai nghe Chất lượng sản phẩm:tốt Sịn sò con bò lắm nhé, săn sale có 3k thôi, shop giao nhanh hôm trước hôm sau nhận hàng, rẻ mà chất lượng, chúc shop đắt hàng	2024-09-30 21:36:23	2026-09-29 00:30:31
sp_11352997248	shopee	11416869736	general	🔥Unico A🔥Tai Nghe Gaming bass mạnh Có Dây Nhét Tai Chơi Game Chống Ồn Có Mic In Ear Cho PC IPPlus và các dòng điện thoại	E18 đen xanh	5	Tai nghe êm chất lượng ổn giá rẻ nè mọi người ơi, nên mua ở đây ạ,, cho shop 5 sao nha. Sẽ quay lại mua lần sau ạ	2023-04-26 10:22:28	2026-09-29 00:30:31
sp_13330897206	shopee	11416869736	general	🔥Unico A🔥Tai Nghe Gaming bass mạnh Có Dây Nhét Tai Chơi Game Chống Ồn Có Mic In Ear Cho PC IPPlus và các dòng điện thoại	E18 trắng xanh	5	Chất lượng sản phẩm:tốt Lần đầu tiên mua ở shop, hàng đc bọc kĩ lắm. Tai nghe có phần tăng giảm âm lượng nữa nên không sợ âm thanh nhỏ nha, thấy còn 2 nút bấm nữa nma chưa biết để làm gì	2023-11-25 16:09:42	2026-09-29 00:30:31
sp_105949717805	shopee	11416869736	general	🔥Unico A🔥Tai Nghe Gaming bass mạnh Có Dây Nhét Tai Chơi Game Chống Ồn Có Mic In Ear Cho PC IPPlus và các dòng điện thoại	E18 trắng xanh	5	Đã nhận được hàng giao nhanh đóng gói cẩn thận cảm ơn shop nhìu ạ đã mua nhìu lần ở shop sử dụng rất tuyệt vời lại bền nữa âm thanh nghe rất rõ ạ	2026-08-01 15:31:49	2026-09-29 00:30:31
sp_11601358209	shopee	11416869736	general	🔥Unico A🔥Tai Nghe Gaming bass mạnh Có Dây Nhét Tai Chơi Game Chống Ồn Có Mic In Ear Cho PC IPPlus và các dòng điện thoại	E18 đen xanh	5	Tính năng nổi bật:nghe êm lắm nha Tai nghe đẹp nghe êm lắm nha tóm lại là tai nghe xịn an với cả giá cả rẻ nữa	2023-05-28 11:18:27	2026-09-29 00:30:31
sp_14730784708	shopee	11416869736	general	🔥Unico A🔥Tai Nghe Gaming bass mạnh Có Dây Nhét Tai Chơi Game Chống Ồn Có Mic In Ear Cho PC IPPlus và các dòng điện thoại	E18 đen xanh	5	Tính năng nổi bật:nghe âm thanh Chất lượng sản phẩm:tốt Với giá này mà có đc em tai nghe quá xuất sắc, nghe âm thanh rất chuẩn ko rè, thu âm rất tốt, rõ, 10₫	2024-03-31 23:40:29	2026-09-29 00:30:31
sp_15779254132	shopee	11416869736	general	🔥Unico A🔥Tai Nghe Gaming bass mạnh Có Dây Nhét Tai Chơi Game Chống Ồn Có Mic In Ear Cho PC IPPlus và các dòng điện thoại	E18 đen xanh	5	Shop soạn và giao hàng tầm 2 ngày mình nhận được. Shop giao đủ và đúng số lượng. Tai nghe rõ mà hong có L/R :)))) lần sau sẽ ủng hộ shop tiếp tục ạ 💕	2024-07-09 20:18:52	2026-09-29 00:30:31
sp_11678000857	shopee	11416869736	general	🔥Unico A🔥Tai Nghe Gaming bass mạnh Có Dây Nhét Tai Chơi Game Chống Ồn Có Mic In Ear Cho PC IPPlus và các dòng điện thoại	E18 đen xanh	5	Chất lượng sản phẩm:tốt Tính năng nổi bật:nghe hàng giao nhanh, giao đủ, đóng gói cẩn thận, chất lượng âm thanh chưa thử nhưng trông ổn, đáng mua	2023-06-07 12:52:04	2026-09-29 00:30:31
sp_11039512468	shopee	11416869736	general	🔥Unico A🔥Tai Nghe Gaming bass mạnh Có Dây Nhét Tai Chơi Game Chống Ồn Có Mic In Ear Cho PC IPPlus và các dòng điện thoại	E18 đen xanh	5	Chất lượng sản phẩm:tuyệt vời Tính năng nổi bật:nghe đã tay Mình mua ở shop này nhiều lần rồi, dùng cũng được tầm 3- 4 tháng, lần nào nhận hàng cũng rất ưng ý, rất hài lòng với sản phẩm ở shop, mọi người nên mua nhé	2023-03-20 00:57:05	2026-09-29 00:30:31
sp_99082688402	shopee	11416869736	general	🔥Unico A🔥Tai Nghe Gaming bass mạnh Có Dây Nhét Tai Chơi Game Chống Ồn Có Mic In Ear Cho PC IPPlus và các dòng điện thoại	E18 đen xanh	5	Âm thanh:test thử thì thấy nó siêu lớn nha Chống ồn:đeo cái người ta nói không nghe lun Vật liệu:khá êm tai với giá 15k là ổn quá ròi, nhưng không biết sài được bao lâu	2026-05-25 11:22:43	2026-09-29 00:30:31
sp_10102414780	shopee	11416869736	general	🔥Unico A🔥Tai Nghe Gaming bass mạnh Có Dây Nhét Tai Chơi Game Chống Ồn Có Mic In Ear Cho PC IPPlus và các dòng điện thoại	E18 trắng xanh	5	Tính năng nổi bật:mẫu cũng đẹp Chất lượng sản phẩm:ok Âm thanh mới thử thấy cũng được so với giá thành.dùng thời gian xem có bền ko sẽ ủng hộ thêm	2022-11-19 17:51:02	2026-09-29 00:30:31
sp_82480251708	shopee	11416869736	general	🔥Unico A🔥Tai Nghe Gaming bass mạnh Có Dây Nhét Tai Chơi Game Chống Ồn Có Mic In Ear Cho PC IPPlus và các dòng điện thoại	E18 đen xanh	5	Tính năng nổi bật:okd Chất lượng sản phẩm:oke Sản phẩm dùng ổn k biết có bền k. Sawb được giá rẻ nha. Gửi hàng nhanh gói hàng oke nè. Nhận hàng đúng mẫu nha.	2025-12-21 12:41:50	2026-09-29 00:30:31
sp_7803091802	shopee	11416869736	general	🔥Unico A🔥Tai Nghe Gaming bass mạnh Có Dây Nhét Tai Chơi Game Chống Ồn Có Mic In Ear Cho PC IPPlus và các dòng điện thoại		5	Đây là một sản phẩm sài rất oke, nghe đã cái tai, màu xanh với màu trắng phối với nhau rất đẹp, nó làm tôi sang hơn khi đeo nó. Nó rất hợp với chiếc điện thoại iPhone 13 mạ vàng của tôi:))	2022-03-19 15:12:37	2026-09-29 00:30:31
sp_63458193210	shopee	11416869736	general	🔥Unico A🔥Tai Nghe Gaming bass mạnh Có Dây Nhét Tai Chơi Game Chống Ồn Có Mic In Ear Cho PC IPPlus và các dòng điện thoại	E18 trắng xanh	5	Chất lượng sản phẩm:tốt Tính năng nổi bật:nghe nhạc Đã mua nhiều lần của shop. Rất hài lòng về sản phẩm. Nghe nhạc to rõ.	2025-07-25 22:41:54	2026-09-29 00:30:31
sp_12418456812	shopee	11416869736	general	🔥Unico A🔥Tai Nghe Gaming bass mạnh Có Dây Nhét Tai Chơi Game Chống Ồn Có Mic In Ear Cho PC IPPlus và các dòng điện thoại	E18 đen xanh	5	Chất lượng sản phẩm:very good Tính năng nổi bật:nghe rõ lắm hàng giao nhanh hơn dự kiến, tai nghe rõ cả 2 bên, lần đầu mua được tai nghe ưng như này, đánh giá shop 5 sao ⭐️⭐️⭐️⭐️⭐️	2023-08-29 12:19:12	2026-09-29 00:30:33
sp_15874982648	shopee	11416869736	general	🔥Unico A🔥Tai Nghe Gaming bass mạnh Có Dây Nhét Tai Chơi Game Chống Ồn Có Mic In Ear Cho PC IPPlus và các dòng điện thoại	E18 trắng xanh	5	Chất lượng sản phẩm:tốt nhma k bít sài đc lâu k Tai nghe đẹp đóng gói kĩ có bọc thêm túi chống sốc Nghe rõ nhạc Bass ổn Mọi thứ đều OK nên mua nha	2024-07-17 20:09:48	2026-09-29 00:30:33
sp_12248776217	shopee	11416869736	general	🔥Unico A🔥Tai Nghe Gaming bass mạnh Có Dây Nhét Tai Chơi Game Chống Ồn Có Mic In Ear Cho PC IPPlus và các dòng điện thoại	E18 trắng xanh	5	Tai nghe đẹp lắm nha shop ,lần đầu mua shop cũng không làm mình thất vọng nè ,màu đẹp ,lần sau có dịp sẽ quay lại ủng hộ shop tiếp nè	2023-08-11 20:41:07	2026-09-29 00:30:33
sp_13003595773	shopee	11416869736	general	🔥Unico A🔥Tai Nghe Gaming bass mạnh Có Dây Nhét Tai Chơi Game Chống Ồn Có Mic In Ear Cho PC IPPlus và các dòng điện thoại	E18 đen xanh	5	Tính năng nổi bật:mẫu mã đẹp Chất lượng sản phẩm:khá ổn Phù hợp với giá tiền hàng quốc tế nhưng sao khá nhanh ship thân thiện có dịp sẽ ủng hộ shop tiếp hihi a b c d e f i hihihi hahaha alo alo alo	2023-10-26 21:26:17	2026-09-29 00:30:33
sp_78177840908	shopee	11416869736	general	🔥Unico A🔥Tai Nghe Gaming bass mạnh Có Dây Nhét Tai Chơi Game Chống Ồn Có Mic In Ear Cho PC IPPlus và các dòng điện thoại	E18 trắng xanh	5	Tính năng nổi bật:nghe nhạc Chất lượng sản phẩm:tốt Thời gian giao hàng nhanh. Đóng gói cẩn thận và chắc chắn. Tai nghe đẹp nghe êm nhét vừa tai có chống đau tai.	2025-11-03 09:10:17	2026-09-29 00:30:33
sp_6624360830	shopee	11416869736	general	🔥Unico A🔥Tai Nghe Gaming bass mạnh Có Dây Nhét Tai Chơi Game Chống Ồn Có Mic In Ear Cho PC IPPlus và các dòng điện thoại		5	Sản phẩm giao hàng đúng hẹn. Khá giống với trong hình. Nghe thử thấy tốt,mic cũng ổn mà lại còn rẻ nữa. Nói chung là rất ok	2021-11-17 12:57:50	2026-09-29 00:30:33
sp_9980802374	shopee	11416869736	general	🔥Unico A🔥Tai Nghe Gaming bass mạnh Có Dây Nhét Tai Chơi Game Chống Ồn Có Mic In Ear Cho PC IPPlus và các dòng điện thoại	E18 đen xanh	5	Chất lượng sản phẩm:nghe rất tốt nha mn âm thanh rất trong hay Tính năng nổi bật:nghe nhạc Nên mua nha mn giá rẻ mà sp rất tốt luôn dây bền chắc chắn	2022-11-05 16:07:08	2026-09-29 00:30:33
sp_88327520558	shopee	11416869736	general	🔥Unico A🔥Tai Nghe Gaming bass mạnh Có Dây Nhét Tai Chơi Game Chống Ồn Có Mic In Ear Cho PC IPPlus và các dòng điện thoại	E18 trắng xanh	5	Đã nhận được hàng, shop đóng gói cẩn thận, giao hàng nhanh, sản phẩm đúng như mô tả , tai nghe dễ thương mà lại rẻ nữa, âm thanh ok.	2026-02-11 07:29:32	2026-09-29 00:30:33
sp_13198437679	shopee	11416869736	general	🔥Unico A🔥Tai Nghe Gaming bass mạnh Có Dây Nhét Tai Chơi Game Chống Ồn Có Mic In Ear Cho PC IPPlus và các dòng điện thoại	E18 đen xanh	5	Chất lượng sản phẩm:tốt Tính năng nổi bật:nghe Mua của shop mấy lần rồi. Tốt, giá rẻ kết nối đc với điện thoại. Giao hàng nhanh. Nên mua shop này nha	2023-11-14 10:53:55	2026-09-29 00:30:33
sp_12726679630	shopee	11416869736	general	🔥Unico A🔥Tai Nghe Gaming bass mạnh Có Dây Nhét Tai Chơi Game Chống Ồn Có Mic In Ear Cho PC IPPlus và các dòng điện thoại	E18 đen xanh	5	Tính năng nổi bật:nghe khá ổn Chất lượng sản phẩm:dùng khá okeeeee nha Tiện , giá thành thấp , nói chung là oke lắm .	2023-09-30 20:37:42	2026-09-29 00:30:33
sp_11423538966	shopee	11416869736	general	🔥Unico A🔥Tai Nghe Gaming bass mạnh Có Dây Nhét Tai Chơi Game Chống Ồn Có Mic In Ear Cho PC IPPlus và các dòng điện thoại	E18 đen xanh	5	Chất lượng sản phẩm:tốt Tính năng nổi bật:đẹp và thẩm mỹ Tai nghe đeo rất rõ Màu đẹp ko trầy xước Giao hàng nhanh 1 ngày Cho 5 sao	2023-05-05 22:48:02	2026-09-29 00:30:33
sp_13188124679	shopee	11416869736	general	🔥Unico A🔥Tai Nghe Gaming bass mạnh Có Dây Nhét Tai Chơi Game Chống Ồn Có Mic In Ear Cho PC IPPlus và các dòng điện thoại	E18 đen xanh	5	Tính năng nổi bật:tốt Chất lượng sản phẩm:tốt Hàng đủ, ship nhanh 2 ngày là mình nhận được hàng rồi. Tai nghe ok nha mình mua 2 lần rồi lần nào cũng ok hết.	2023-11-13 14:58:10	2026-09-29 00:30:33
sp_12531620169	shopee	11416869736	general	🔥Unico A🔥Tai Nghe Gaming bass mạnh Có Dây Nhét Tai Chơi Game Chống Ồn Có Mic In Ear Cho PC IPPlus và các dòng điện thoại	E18 trắng xanh	5	Chất lượng sản phẩm:tốt Tính năng nổi bật:nghe Tai nghe siêu đẹp luôn ạ, nghe âm thanh cũng tốt nữa, với giá này mà mua được một em tai nghe ntn thì quá là hời ạ	2023-09-10 07:23:44	2026-09-29 00:30:33
sp_95190428460	shopee	11416869736	general	🔥Unico A🔥Tai Nghe Gaming bass mạnh Có Dây Nhét Tai Chơi Game Chống Ồn Có Mic In Ear Cho PC IPPlus và các dòng điện thoại	E18 đen xanh	5	Âm thanh:chưa xài chưa biết Đệm tai:sử dụng tốt Shop giao hàng nhanh. Đóng gói cẩn thận chắc chắn. Giao đúng sản phẩm đã đặt. Chấm shop năm sao.	2026-04-09 08:31:56	2026-09-29 00:30:33
sp_74241192980	shopee	11416869736	general	🔥Unico A🔥Tai Nghe Gaming bass mạnh Có Dây Nhét Tai Chơi Game Chống Ồn Có Mic In Ear Cho PC IPPlus và các dòng điện thoại	E18 trắng xanh	5	Tính năng nổi bật:âm thanh rõ bass ấm áp Chất lượng sản phẩm:được lắm Sản phẩm tốt theo như QC , tôi rất vừa ý với mặt hàng này & sẽ quay lại với những sản phẩm phù hợp khác nữa nhé , cảm ơn shop nhiều .	2025-09-19 14:02:32	2026-09-29 00:30:33
sp_20422352936	shopee	11416869736	general	🔥Unico A🔥Tai Nghe Gaming bass mạnh Có Dây Nhét Tai Chơi Game Chống Ồn Có Mic In Ear Cho PC IPPlus và các dòng điện thoại	E18 đen xanh	5	Tính năng nổi bật:nghe to Chất lượng sản phẩm:tốt Giao hàng nhanh. Giá rẻ. Nghe thử thì loa to. Ổn. Nghe rõ. Còn độ bền thì chưa đánh giá được	2024-12-04 21:03:28	2026-09-29 00:30:33
sp_10083944233	shopee	11416869736	general	🔥Unico A🔥Tai Nghe Gaming bass mạnh Có Dây Nhét Tai Chơi Game Chống Ồn Có Mic In Ear Cho PC IPPlus và các dòng điện thoại	E18 trắng xanh	5	Sản phẩm đúng như mô tả ✌🏼Chất lượng . Dây xài êm . Nghe tốt nói chung rất là okla đáng đồng tiền nha. Nên mua nha . Tại mình vừa nhận hàng test rất ưng bụng*-*	2022-11-17 17:50:13	2026-09-29 00:30:33
sp_14807939714	shopee	11416869736	general	🔥Unico A🔥Tai Nghe Gaming bass mạnh Có Dây Nhét Tai Chơi Game Chống Ồn Có Mic In Ear Cho PC IPPlus và các dòng điện thoại	E18 trắng xanh	5	Chất lượng sản phẩm:ổn Tính năng nổi bật:bình thường Âm thanh ổn không bị rè, gói hàng cẩn thận, giao hàng nhanh, đúng mẫu mã. Cảm ơn shop	2024-04-06 14:58:05	2026-09-29 00:30:33
sp_11350308953	shopee	11416869736	general	🔥Unico A🔥Tai Nghe Gaming bass mạnh Có Dây Nhét Tai Chơi Game Chống Ồn Có Mic In Ear Cho PC IPPlus và các dòng điện thoại	E18 đen xanh	5	Chất lượng sản phẩm:tốt Tính năng nổi bật:tốt Mình chưa dùng nhưng shop đóng gói cẩn thận shipper nhieej tình thân thiện 100000 đieme nói chung là hài lòng nhà	2023-04-25 19:16:18	2026-09-29 00:30:33
sp_11437757780	shopee	11416869736	general	🔥Unico A🔥Tai Nghe Gaming bass mạnh Có Dây Nhét Tai Chơi Game Chống Ồn Có Mic In Ear Cho PC IPPlus và các dòng điện thoại	E18 đen xanh	5	Tính năng nổi bật:nghe nhạc Chất lượng sản phẩm:tốt Shop soạn và giao hàng siêu nhanh luôn nha sản phẩm ok giá siêu rẻ nếu chất lượng mình sẽ ủng hộ shop tiếp nữa nha	2023-05-07 17:59:26	2026-09-29 00:30:33
sp_12602385660	shopee	11416869736	general	🔥Unico A🔥Tai Nghe Gaming bass mạnh Có Dây Nhét Tai Chơi Game Chống Ồn Có Mic In Ear Cho PC IPPlus và các dòng điện thoại	E18 trắng xanh	5	Giao hàng rất nhanh luôn, test thử thì nghe lớn và rõ, tai nghe chống rối êm lắm nhe mn, dùng lâu dài thì chưa biết như thế nào nhưng với giá này thì sài một vài tháng cũng dư tiền.	2023-09-16 18:02:47	2026-09-29 00:30:33
sp_13482098116	shopee	11416869736	general	🔥Unico A🔥Tai Nghe Gaming bass mạnh Có Dây Nhét Tai Chơi Game Chống Ồn Có Mic In Ear Cho PC IPPlus và các dòng điện thoại	E18 trắng xanh	5	Chất lượng sản phẩm:tốt nha! Tính năng nổi bật:nghe nhạc thì cực chill luôn nha Shop giao nhanh,có miếng xốc nx,nghe chill lắm rõ nx.Nên mua nha🙈🙉💖	2023-12-09 15:08:40	2026-09-29 00:30:33
sp_11187441687	shopee	11416869736	general	🔥Unico A🔥Tai Nghe Gaming bass mạnh Có Dây Nhét Tai Chơi Game Chống Ồn Có Mic In Ear Cho PC IPPlus và các dòng điện thoại	E18 đen xanh	5	Tính năng nổi bật:phone nghe nhạc Chất lượng sản phẩm:tạm thời tốt Tai nghe như mô tả, nhận đúng đủ hàng. Cắm test thử nghe tốt. Hi vọng dùng được bền lâu	2023-04-06 16:00:02	2026-09-29 00:30:33
sp_78719321540	shopee	11416869736	general	🔥Unico A🔥Tai Nghe Gaming bass mạnh Có Dây Nhét Tai Chơi Game Chống Ồn Có Mic In Ear Cho PC IPPlus và các dòng điện thoại	E18 đen xanh	5	Âm thanh:rõ ràng Chống ồn:hiệu quả Dây:bền Tai nghe Gamming bass mạnh có dây giá cả phải chăng, săn được rẻ, nghe rất êm tai. Chất lượng tốt. Mẫu mã đẹp. Giao hàng nhanh. Cảm ơn shop.	2025-11-11 19:05:41	2026-09-29 00:30:33
sp_11142502284	shopee	11416869736	general	🔥Unico A🔥Tai Nghe Gaming bass mạnh Có Dây Nhét Tai Chơi Game Chống Ồn Có Mic In Ear Cho PC IPPlus và các dòng điện thoại	E18 trắng xanh	5	Chất lượng sản phẩm:tốt Hàng giao nhanh cực ạ, âm thanh nghe rõ với tốt lắm, nói chung với số tiền thì cũng đáng để mua	2023-04-01 15:44:01	2026-09-29 00:30:33
sp_78051093517	shopee	11416869736	general	🔥Unico A🔥Tai Nghe Gaming bass mạnh Có Dây Nhét Tai Chơi Game Chống Ồn Có Mic In Ear Cho PC IPPlus và các dòng điện thoại	E18 trắng xanh	5	Chất lượng sản phẩm:mới sử dụng nên chưa biết bền không Tính năng nổi bật:đẹp Mình săn tai nghe với giá 0đ. Nhìn đẹp, dây dài. Mình khá thích. Tai nghe êm nha. Shop đóng gói gửi hàng nhanh, shipper vui ve thân thiện nhiệt tình bảo quản hàng hóa tốt nói chung shipper giao hàng nhanh	2025-11-01 19:39:16	2026-09-29 00:30:33
sp_14396403713	shopee	11416869736	general	🔥Unico A🔥Tai Nghe Gaming bass mạnh Có Dây Nhét Tai Chơi Game Chống Ồn Có Mic In Ear Cho PC IPPlus và các dòng điện thoại	E18 trắng xanh	5	Tính năng nổi bật:Đầy đủ Chất lượng sản phẩm:TỐT Ê không nói 15 ngàn mà nói 150 ngàn họ cũng tin luôn á. Nghe hơi bị ổn mà đẹp nữa. Trước cũng mua mấy dây mấy chục ngàn đeo chơi nhưng nó dởm nha! Còn dây này thì xịn.	2024-03-04 20:02:00	2026-09-29 00:30:33
sp_15290360258	shopee	11416869736	general	🔥Unico A🔥Tai Nghe Gaming bass mạnh Có Dây Nhét Tai Chơi Game Chống Ồn Có Mic In Ear Cho PC IPPlus và các dòng điện thoại	E18 trắng xanh	5	Tính năng nổi bật:nghe nhạc Chất lượng sản phẩm:Tốt Giao hàng nhanh, đóng gói cẩn thận, sản phẩm đúng với mô tả, xài rất tốt âm thanh nghe rõ 💯	2024-05-24 18:16:43	2026-09-29 00:30:33
sp_15220517565	shopee	11416869736	general	🔥Unico A🔥Tai Nghe Gaming bass mạnh Có Dây Nhét Tai Chơi Game Chống Ồn Có Mic In Ear Cho PC IPPlus và các dòng điện thoại	E18 đen xanh	5	Chất lượng sản phẩm:tốt Tính năng nổi bật:hong Mọi người nên mua nha sản phẩm sài tốt rất hài lòng về sản phẩm & anh giao hàng tốt 👍	2024-05-17 16:02:49	2026-09-29 00:30:33
sp_86953121590	shopee	11416869736	general	🔥Unico A🔥Tai Nghe Gaming bass mạnh Có Dây Nhét Tai Chơi Game Chống Ồn Có Mic In Ear Cho PC IPPlus và các dòng điện thoại	E18 đen xanh	5	Chất lượng sản phẩm:tốt Tính năng nổi bật:nghe nhạc Rất hài lòng với đơn hàng này. Giao hàng nhanh chóng. Hàng tốt, chất lượng. Cho Shop năm sao nhé. 5*	2026-01-30 11:47:50	2026-09-29 00:30:33
sp_13156918402	shopee	11416869736	general	🔥Unico A🔥Tai Nghe Gaming bass mạnh Có Dây Nhét Tai Chơi Game Chống Ồn Có Mic In Ear Cho PC IPPlus và các dòng điện thoại	E18 đen xanh	5	Tính năng nổi bật:nghe nhạc rõ Chất lượng sản phẩm:tai nghe Nghe nhạc siêu đã rõ đã tai lắm. Giao hàng nhanh chóng. Săn sale giá rẻ quá ổn	2023-11-10 17:45:26	2026-09-29 00:30:33
sp_12628921087	shopee	11416869736	general	🔥Unico A🔥Tai Nghe Gaming bass mạnh Có Dây Nhét Tai Chơi Game Chống Ồn Có Mic In Ear Cho PC IPPlus và các dòng điện thoại	E18 trắng xanh	5	Chất lượng sản phẩm:tốt Tính năng nổi bật:có mic Tai nghe dùng rất tốt, âm thanh chuẩn và rõ ràng. Có nút bấm bậc mic để mở nhạc này kia bằng lời nói, rất tiện lợi	2023-09-19 19:26:57	2026-09-29 00:30:33
sp_11257292162	shopee	11416869736	general	🔥Unico A🔥Tai Nghe Gaming bass mạnh Có Dây Nhét Tai Chơi Game Chống Ồn Có Mic In Ear Cho PC IPPlus và các dòng điện thoại	E18 đen xanh	5	Chất lượng sản phẩm:tốt Tính năng nổi bật:k Tai nge hay giá hợp lí mọi ng nên mua thử mình mới đặt hqua là hôm nay có rồi chuẩn bị hàng nhanh shop nhiệt tình	2023-04-13 13:32:12	2026-09-29 00:30:33
sp_86949178475	shopee	11416869736	general	🔥Unico A🔥Tai Nghe Gaming bass mạnh Có Dây Nhét Tai Chơi Game Chống Ồn Có Mic In Ear Cho PC IPPlus và các dòng điện thoại	E18 trắng xanh	5	Đặt ở shop lần đầu thấy rất ưng, giá hạt dẻ, giao hàng nhanh, hàng chất lượng xịn xò,gói hàng có tâm nữa ạ,10điểm ko có nhưng ......	2026-01-30 11:11:49	2026-09-29 00:30:33
sp_102772227637	shopee	11416869736	general	🔥Unico A🔥Tai Nghe Gaming bass mạnh Có Dây Nhét Tai Chơi Game Chống Ồn Có Mic In Ear Cho PC IPPlus và các dòng điện thoại	E18 trắng xanh	5	Âm thanh:âm thanh rõ trầm Chống ồn:giảm tiếng on tốt Vật liệu:đêm tai mềm mại dễ chịu Dóng gói cẩn thận giao hàng nhanh shipper vui vẻ nhiệt tình	2026-06-30 19:49:52	2026-09-29 00:30:33
sp_11182408371	shopee	11416869736	general	🔥Unico A🔥Tai Nghe Gaming bass mạnh Có Dây Nhét Tai Chơi Game Chống Ồn Có Mic In Ear Cho PC IPPlus và các dòng điện thoại	E18 đen xanh	5	Chất lượng sản phẩm:tốt Màu xanh đen đẹp,nghe hay rõ ,nghe trúng quả bass muốn đi ráy tai luôn ý ,đẹp và chất lượng lắm ạ ,rẻ nữa mới chịu cơ🤣🤣😍	2023-04-06 05:48:43	2026-09-29 00:30:33
sp_25493097783	shopee	11416869736	general	🔥Unico A🔥Tai Nghe Gaming bass mạnh Có Dây Nhét Tai Chơi Game Chống Ồn Có Mic In Ear Cho PC IPPlus và các dòng điện thoại	E18 trắng xanh	5	Chất lượng sản phẩm:rất tốt,dây dài phù hợp cho hoạt động chơi game,nghe nhạc,xem phim... Tính năng nổi bật:có thể bấm dừng và tăng chỉnh âm lượng	2024-12-31 07:47:13	2026-09-29 00:30:33
sp_79253151667	shopee	11416869736	general	🔥Unico A🔥Tai Nghe Gaming bass mạnh Có Dây Nhét Tai Chơi Game Chống Ồn Có Mic In Ear Cho PC IPPlus và các dòng điện thoại	E18 trắng xanh	5	Sản phẩm tuyệt vời, đúng với mô tả. Giao hàng nhanh chóng, shipper thân thiện dễ mến Đóng gói cẩn thận, có thể thấy tâm huyết của người bán. Hộp không bị móp méo, vận chuyển rất tốt.	2025-11-18 10:20:13	2026-09-29 00:30:33
sp_63924945511	shopee	11416869736	general	🔥Unico A🔥Tai Nghe Gaming bass mạnh Có Dây Nhét Tai Chơi Game Chống Ồn Có Mic In Ear Cho PC IPPlus và các dòng điện thoại	E18 đen xanh	5	Hàng giao nhanh, đúng mẫu, giá rẻ, nhìn màu đẹp nha, còn chất lượng thì sau này ms bt đc. Nếu xài oke, tg dài đc thì sao này sẽ mua típ nha	2025-07-27 12:59:33	2026-09-29 00:30:33
sp_10710102563	shopee	11416869736	general	🔥Unico A🔥Tai Nghe Gaming bass mạnh Có Dây Nhét Tai Chơi Game Chống Ồn Có Mic In Ear Cho PC IPPlus và các dòng điện thoại	E18 trắng xanh	5	Chất lượng sản phẩm:quá xuất sắc Nghe êm to đều 2 bên, shop giao nhanh đóg gói kỹ, giá rẻ ko ngờ chỉ 20k đã có 1 chiếc tai nghe xịn v. Thanks shop	2023-02-05 21:08:51	2026-09-29 00:30:33
sp_13507638642	shopee	11416869736	general	🔥Unico A🔥Tai Nghe Gaming bass mạnh Có Dây Nhét Tai Chơi Game Chống Ồn Có Mic In Ear Cho PC IPPlus và các dòng điện thoại	E18 đen xanh	5	Tính năng nổi bật:sản phẩm tốt nên mua nhé đeo cũng êm nói chung với giá cả như này là hợp lí Sản phẩm dùng được phù hợp nghe nhạc làm việc giao hàng nhanh nên mua	2023-12-11 21:33:32	2026-09-29 00:30:33
sp_14031368012	shopee	11416869736	general	🔥Unico A🔥Tai Nghe Gaming bass mạnh Có Dây Nhét Tai Chơi Game Chống Ồn Có Mic In Ear Cho PC IPPlus và các dòng điện thoại	E18 trắng xanh	5	Chất lượng sản phẩm:tốt Tính năng nổi bật:nghe Chx dùng thử nhưng nhìn cấu tạo bên ngoài thấy khá chất lượng, màu đẹp nha, nút bấm cng nhiều chức năng nx	2024-01-29 13:41:00	2026-09-29 00:30:33
sp_75576256242	shopee	11416869736	general	🔥Unico A🔥Tai Nghe Gaming bass mạnh Có Dây Nhét Tai Chơi Game Chống Ồn Có Mic In Ear Cho PC IPPlus và các dòng điện thoại	E18 trắng xanh	5	Chất lượng sản phẩm:tốt Tính năng nổi bật:nghe bass đầm có nhiều tính năng hơn cùng giá Ra tiệm thì mua loại 50k ms nganh được con này vỏ in cắt ko ngọn nhưng chất âm tốt nhất tầm giá	2025-10-08 21:39:32	2026-09-29 00:30:33
sp_105962603307	shopee	11416869736	general	🔥Unico A🔥Tai Nghe Gaming bass mạnh Có Dây Nhét Tai Chơi Game Chống Ồn Có Mic In Ear Cho PC IPPlus và các dòng điện thoại	E18 trắng xanh	5	Giao hàng nhanh đóng gói cẩn thận đã mua lại lần t2 lần này săn đc vs giá 9k nên mua lắm nha mọi người vs giá như vậy chất lượng âm thanh ngoại hình cùa tai nghe quá lag nên mua	2026-08-01 17:49:49	2026-09-29 00:30:33
sp_13635416827	shopee	11416869736	general	🔥Unico A🔥Tai Nghe Gaming bass mạnh Có Dây Nhét Tai Chơi Game Chống Ồn Có Mic In Ear Cho PC IPPlus và các dòng điện thoại	E18 đen xanh	5	Tính năng nổi bật:Ok Chất lượng sản phẩm:Ok Tai nghe gaming/ bass mạnh màu đen xanh. Giao hàng nhanh, đúng, đủ số lượng. Săn sale giá rẻ.	2023-12-21 21:39:03	2026-09-29 00:30:33
sp_71846762633	shopee	11416869736	general	🔥Unico A🔥Tai Nghe Gaming bass mạnh Có Dây Nhét Tai Chơi Game Chống Ồn Có Mic In Ear Cho PC IPPlus và các dòng điện thoại	E18 trắng xanh	5	Chất lượng sản phẩm:tốt Tính năng nổi bật:nghe nhạc xem phim Giao hàng siêu nhanh..tai nghe đẹp, rẻ, nên mua nha cả nhà mình ơi..nghe rõ to.. sẽ tiếp tục ủng hộ shop..	2025-09-06 11:39:10	2026-09-29 00:30:34
sp_13520844443	shopee	11416869736	general	🔥Unico A🔥Tai Nghe Gaming bass mạnh Có Dây Nhét Tai Chơi Game Chống Ồn Có Mic In Ear Cho PC IPPlus và các dòng điện thoại	E18 đen xanh	5	đẹp, săn đc vs giá rẻ, nghe âm to chất lượng, mới mua ko biết có bền ko, nhưng thấy rất xứng đáng sẽ ủng hộ	2023-12-12 22:35:19	2026-09-29 00:30:34
sp_12310401206	shopee	11416869736	general	🔥Unico A🔥Tai Nghe Gaming bass mạnh Có Dây Nhét Tai Chơi Game Chống Ồn Có Mic In Ear Cho PC IPPlus và các dòng điện thoại	E18 trắng xanh	5	Chất lượng sản phẩm:ok Tai nghe ổn áp,giá rẻ,nghe đc 2 tai,đóng gói kĩ lắm luôn,đặt biệt giao cực nhanh,đặt hôm trc mà chìu hôm sau giao rồi	2023-08-17 19:06:06	2026-09-29 00:30:34
sp_11826694347	shopee	11416869736	general	🔥Unico A🔥Tai Nghe Gaming bass mạnh Có Dây Nhét Tai Chơi Game Chống Ồn Có Mic In Ear Cho PC IPPlus và các dòng điện thoại	E18 trắng xanh	5	Chất lượng sản phẩm:khá tốt Tính năng nổi bật:nghe Giao hàng nhanh chóng, âm thanh nghe rõ, êm tai, chất lượng sản phẩm phù hợp với giá tiền.	2023-06-25 10:09:29	2026-09-29 00:30:34
sp_13942733345	shopee	11416869736	general	🔥Unico A🔥Tai Nghe Gaming bass mạnh Có Dây Nhét Tai Chơi Game Chống Ồn Có Mic In Ear Cho PC IPPlus và các dòng điện thoại	E18 đen xanh	5	Tính năng nổi bật:nghe Chất lượng sản phẩm:tốt giaooo đủ sp nhaaaa, shop cbi hàng nhanhhh lắm luônnn, mua shop 2 lần roàiii, taiii nghe và dây sạc dùngggg siuuu bềnnn giá rẻee nữaaaa. mãi iu	2024-01-20 18:01:42	2026-09-29 00:30:34
sp_10719237492	shopee	11416869736	general	🔥Unico A🔥Tai Nghe Gaming bass mạnh Có Dây Nhét Tai Chơi Game Chống Ồn Có Mic In Ear Cho PC IPPlus và các dòng điện thoại	E18 trắng xanh	5	Chất lượng sản phẩm:Khá tốt Tính năng nổi bật:K bt Tai nghe cũng khá tốt, bass mạnh, chs game thì tuyệt đấy.Màu xanh thì cũng khá xinh	2023-02-06 21:17:18	2026-09-29 00:30:34
sp_11255903545	shopee	11416869736	general	🔥Unico A🔥Tai Nghe Gaming bass mạnh Có Dây Nhét Tai Chơi Game Chống Ồn Có Mic In Ear Cho PC IPPlus và các dòng điện thoại	E18 trắng xanh	5	Chất lượng sản phẩm:tốt Tính năng nổi bật:nghe gọi Dưới 20k nhưng âm thanh khá rõ, bền hay không chưa biết nhưng đánh giá khả quan tốt	2023-04-13 11:11:50	2026-09-29 00:30:34
sp_69169306622	shopee	27706747428	general	Sạc Dự Phòng 30000mah Sạc Nhanh Màn Hình Led Tích Hợp 2 Đầu Sạc Tiện Dụng Sạc Cho Iphone Và Android		5	Đúng với mô tả:ok Chất lượng sản phẩm:tốt Sản phẩm nhỏ gọn rất tiện cầm tay. Tôi đã xạc điện thoại 12 prmax cũng rất nhanh lên pin	2025-08-21 12:37:51	2026-09-29 00:30:43
sp_76719146021	shopee	27706747428	general	Sạc Dự Phòng 30000mah Sạc Nhanh Màn Hình Led Tích Hợp 2 Đầu Sạc Tiện Dụng Sạc Cho Iphone Và Android	TZ100 30000mah Đen	5	Sản phẩm tốt phù hợp giá tiền Giao hàng nhanh góp hàng rất cần thận Nhận hàng giống như trên mẫu của shop Moi người hãy kham khám và trải nghiệm thử nhé Ngoan xinh yêu lắm 🥰	2025-10-16 22:05:21	2026-09-29 00:30:43
sp_69267440480	shopee	27706747428	general	Sạc Dự Phòng 30000mah Sạc Nhanh Màn Hình Led Tích Hợp 2 Đầu Sạc Tiện Dụng Sạc Cho Iphone Và Android		5	Chất lượng sản phẩm:Tốt Đúng với mô tả:giao hàng đúng vs màu sản phẩm đã đặt! Nên mua vì nó nhỏ tiện lợi khi đi chs 🥰	2025-08-22 16:06:58	2026-09-29 00:30:43
sp_81423127682	shopee	27706747428	general	Sạc Dự Phòng 30000mah Sạc Nhanh Màn Hình Led Tích Hợp 2 Đầu Sạc Tiện Dụng Sạc Cho Iphone Và Android	TZ100 30000mAh Đen	5	• Sản phẩm đúng như mô tả, chất lượng vượt mong đợi, dùng rất chắc chắn và tiện lợi. • Đóng gói cẩn thận, giao hàng nhanh, dịch vụ hỗ trợ nhiệt tình.	2025-12-12 11:26:04	2026-09-29 00:30:43
sp_75574030343	shopee	27706747428	general	Sạc Dự Phòng 30000mah Sạc Nhanh Màn Hình Led Tích Hợp 2 Đầu Sạc Tiện Dụng Sạc Cho Iphone Và Android	TZ100 30000mAh Trắng	5	Sản phẩm đóng gói cẩn thận, giao hàng nhanh. Chất lượng tốt hơn mong đợi, màu sắc đúng mô tả, thiết kế đẹp và sang trọng. Dễ sử dụng, cầm chắc tay, hoạt động ổn định. Giá hợp lý so với chất lượng. Mình rất hài lòng, sẽ tiếp tục ủng hộ và giới thiệu cho bạn bè.	2025-10-08 19:00:39	2026-09-29 00:30:43
sp_81423111532	shopee	27706747428	general	Sạc Dự Phòng 30000mah Sạc Nhanh Màn Hình Led Tích Hợp 2 Đầu Sạc Tiện Dụng Sạc Cho Iphone Và Android	120W 50.000mAh	5	• Sản phẩm đúng như mô tả, chất lượng vượt mong đợi, dùng rất chắc chắn và tiện lợi. • Đóng gói cẩn thận, giao hàng nhanh, dịch vụ hỗ trợ nhiệt tình.	2025-12-12 11:25:34	2026-09-29 00:30:43
sp_95137227553	shopee	27706747428	general	Sạc Dự Phòng 30000mah Sạc Nhanh Màn Hình Led Tích Hợp 2 Đầu Sạc Tiện Dụng Sạc Cho Iphone Và Android	TZ100 30000mAh Trắng	5	Tốc độ:sản phẩm sạc nhanh lên pin sạc rất là nhanh Thiết kế:thiết kế nhỉ gọn,cầm tay dễ dàng và tiện lợi Chất liệu:chất liệu nhựa ABS chắc chắn, sạc lâu không bị nóng	2026-04-08 19:43:51	2026-09-29 00:30:44
sp_80616111709	shopee	27706747428	general	Sạc Dự Phòng 30000mah Sạc Nhanh Màn Hình Led Tích Hợp 2 Đầu Sạc Tiện Dụng Sạc Cho Iphone Và Android	120W 30.000mAh	5	Tốc độ:Tốc độ sạc khá ok Thiết kế:Thiết kế dây cáp sạc khá gọn Chất liệu:Nhựa Sản phẩm ok , chất liệu nhựa hoàn thiện tốt, sạc pin nhanh. Tốc độ sạc tốt.	2025-12-04 16:32:29	2026-09-29 00:30:44
sp_67541507755	shopee	27706747428	general	Sạc Dự Phòng 30000mah Sạc Nhanh Màn Hình Led Tích Hợp 2 Đầu Sạc Tiện Dụng Sạc Cho Iphone Và Android		5	Đúng với mô tả:ddungs Chất lượng sản phẩm:ok Ban đầu sạc lên 100 tưởng đầy r nma sạc từ 18 lên 37 đã hết nma những lần sau sạc để nó hết nhấp nháy sạc rất ok	2025-08-12 16:49:45	2026-09-29 00:30:44
sp_16041533920	shopee	27706747428	general	Sạc Dự Phòng 30000mah Sạc Nhanh Màn Hình Led Tích Hợp 2 Đầu Sạc Tiện Dụng Sạc Cho Iphone Và Android		5	Sạc sử dụng ok, mình sạc được e ip 7 3 lần, như thế là ok rồi, quan trọng nhỏ gọn cho vào túi nó dễ, có tích hợp dây sạc tiện nhé cả nhà.5* shop	2024-08-02 17:44:32	2026-09-29 00:30:44
sp_64544563455	shopee	27706747428	general	Sạc Dự Phòng 30000mah Sạc Nhanh Màn Hình Led Tích Hợp 2 Đầu Sạc Tiện Dụng Sạc Cho Iphone Và Android		5	Chất lượng sản phẩm:good Đúng với mô tả:đúng mô tả Hàng đẹp, giao nhanh. Tốc độ sạc bình thường, không nhanh. Về độ bền phải dùng lâu mới biết được	2025-07-30 10:25:21	2026-09-29 00:30:44
sp_69648779133	shopee	27706747428	general	Sạc Dự Phòng 30000mah Sạc Nhanh Màn Hình Led Tích Hợp 2 Đầu Sạc Tiện Dụng Sạc Cho Iphone Và Android	120W 10.000mAh	5	Đúng với mô tả:đúng Chất lượng sản phẩm:khá tốt Sạc khá nhanh, mới dùng nên chưa biết có bền hay không, dùng 1 tgian quay lại đánh giá sau	2025-08-24 18:21:25	2026-09-29 00:30:44
sp_80192920840	shopee	27706747428	general	Sạc Dự Phòng 30000mah Sạc Nhanh Màn Hình Led Tích Hợp 2 Đầu Sạc Tiện Dụng Sạc Cho Iphone Và Android	TZ100 30000mah Trắng	5	Tốc độ:nhanh bền Thiết kế:đẹp vừa vặn Chất liệu:nhựa cứng Rất hay nha mn oii về về dùg ik ạ tui đg dùg đc mấy ngày r nè thấy ô kê lắm nha	2025-11-30 11:44:26	2026-09-29 00:30:44
sp_64560289403	shopee	27706747428	general	Sạc Dự Phòng 30000mah Sạc Nhanh Màn Hình Led Tích Hợp 2 Đầu Sạc Tiện Dụng Sạc Cho Iphone Và Android		5	Đúng với mô tả:đúng với mô tả Chất lượng sản phẩm:tốt sạc tốt, thiết kế nhỏ gọn, tiện lợi, màu đẹp!	2025-07-30 17:01:56	2026-09-29 00:30:44
sp_63605949014	shopee	27706747428	general	Sạc Dự Phòng 30000mah Sạc Nhanh Màn Hình Led Tích Hợp 2 Đầu Sạc Tiện Dụng Sạc Cho Iphone Và Android		5	Chất lượng sản phẩm:ok Đúng với mô tả:ok ! Chất lượng sản phẩm rất tốt . Mẫu mã đẹp . Giao hàng nhanh	2025-07-26 20:40:49	2026-09-29 00:30:44
sp_78494045783	shopee	27706747428	general	Sạc Dự Phòng 30000mah Sạc Nhanh Màn Hình Led Tích Hợp 2 Đầu Sạc Tiện Dụng Sạc Cho Iphone Và Android	TZ100 30000mah Đen	5	Chất lượng sản phẩm:tốt Đúng với mô tả:đúng Hàng mới , đẹp , đóng gói cẩn thận . cắm vào thấy sạc nhanh . hy vọng chất lượng tốt . tôi rất hài lòng	2025-11-07 12:07:26	2026-09-29 00:30:44
sp_16044391883	shopee	27706747428	general	Sạc Dự Phòng 30000mah Sạc Nhanh Màn Hình Led Tích Hợp 2 Đầu Sạc Tiện Dụng Sạc Cho Iphone Và Android		5	Không uổng công chờ đợi. Siêu siêu chất.Shop đóng gói cẩn thận . Shop giao hàng nhanh tư vấn nhiệt tình dễ thương ạ em sẽ quay lại vào lần sauu	2024-08-02 21:57:42	2026-09-29 00:30:44
sp_16044984048	shopee	27706747428	general	Sạc Dự Phòng 30000mah Sạc Nhanh Màn Hình Led Tích Hợp 2 Đầu Sạc Tiện Dụng Sạc Cho Iphone Và Android		5	e mơi nhận hàng, e thấy shop gói hàng rất tỉ mỷ, hàng đến tay hộp nguyên vẹn, sạc e dùng được 2 lần con 14 promax nhỏ gọn nên tầm đó là được rồi, 5 * shop nhé	2024-08-02 23:21:41	2026-09-29 00:30:44
sp_16043040375	shopee	27706747428	general	Sạc Dự Phòng 30000mah Sạc Nhanh Màn Hình Led Tích Hợp 2 Đầu Sạc Tiện Dụng Sạc Cho Iphone Và Android		5	Chất lượng sản phẩm tốt, đóng gói cẩn thận, thời gian giao hàng nhanh.	2024-08-02 19:47:52	2026-09-29 00:30:44
sp_16043290974	shopee	27706747428	general	Sạc Dự Phòng 30000mah Sạc Nhanh Màn Hình Led Tích Hợp 2 Đầu Sạc Tiện Dụng Sạc Cho Iphone Và Android		5	tốt. Dùng thử thấy OK. Sạc lên pin nhanh Còn dùng lâu mới biết được bền k	2024-08-02 20:09:27	2026-09-29 00:30:44
sp_16042470440	shopee	27706747428	general	Sạc Dự Phòng 30000mah Sạc Nhanh Màn Hình Led Tích Hợp 2 Đầu Sạc Tiện Dụng Sạc Cho Iphone Và Android		5	Vì không có dự định dùng thường xuyên nên mình chỉ mua cái rẻ để dùng. Sản phẩm như hình thôi. Đong gói cũng cẩn thận, mua chơi chơi thôi	2024-08-02 19:00:52	2026-09-29 00:30:44
sp_65415964796	shopee	27706747428	general	Sạc Dự Phòng 30000mah Sạc Nhanh Màn Hình Led Tích Hợp 2 Đầu Sạc Tiện Dụng Sạc Cho Iphone Và Android		5	Chất lượng sản phẩm:tốt Đúng với mô tả:đúng mô tả	2025-08-04 00:49:36	2026-09-29 00:30:44
sp_16042478929	shopee	27706747428	general	Sạc Dự Phòng 30000mah Sạc Nhanh Màn Hình Led Tích Hợp 2 Đầu Sạc Tiện Dụng Sạc Cho Iphone Và Android		5	Nhận hàng bóc hàng ra và cảm thấy rất ưng ý và nhìn thấy rất chắc chắn có cơ hội sẽ ủng hộ shop tiếp tục. Vote 5s	2024-08-02 19:01:33	2026-09-29 00:30:44
sp_16043160695	shopee	27706747428	general	Sạc Dự Phòng 30000mah Sạc Nhanh Màn Hình Led Tích Hợp 2 Đầu Sạc Tiện Dụng Sạc Cho Iphone Và Android		5	Giao hàng nhanh , đóng gói nhỏ gọn , sản phẩm đúng như quảng cáo , giống hình	2024-08-02 19:58:17	2026-09-29 00:30:44
sp_94625799617	shopee	27706747428	general	Sạc Dự Phòng 30000mah Sạc Nhanh Màn Hình Led Tích Hợp 2 Đầu Sạc Tiện Dụng Sạc Cho Iphone Và Android	TZ100 30000mAh Trắng	5	Tốc độ:pin lên ok Thiết kế:nhỏ gọn, cầm tay Chất liệu:nhựa Hàng giao nhanh, sạc dùng cũng okela	2026-04-04 10:14:33	2026-09-29 00:30:44
sp_72848600262	shopee	27706747428	general	Sạc Dự Phòng 30000mah Sạc Nhanh Màn Hình Led Tích Hợp 2 Đầu Sạc Tiện Dụng Sạc Cho Iphone Và Android	120W 10.000mAh	5	Mình thực sự rất ấn tượng với sản phẩm này ngay từ lần đầu sử dụng. Không chỉ được đóng gói cẩn thận, sản phẩm còn mang lại cảm giác cao cấp từ chất liệu cho đến thiết kế. Từng chi tiết nhỏ đều được chăm chút kỹ lưỡng, thể hiện sự chuyên nghiệp và tâm huyết của nhà sản xuất. Khi sử dụng, mình cảm nhận rõ sự tiện lợi và hiệu quả vượt ngoài mong đợi. Ngoài ra, điểm cộng rất lớn là sản phẩm có tính năng đúng như mô tả, hoàn toàn không bị ‘quảng cáo quá đà’ như một số nơi khác.	2025-09-12 08:06:32	2026-09-29 00:30:44
sp_91725084848	shopee	27706747428	general	Sạc Dự Phòng 30000mah Sạc Nhanh Màn Hình Led Tích Hợp 2 Đầu Sạc Tiện Dụng Sạc Cho Iphone Và Android	TZ100 30000mAh Trắng	5	Tốc độ:sản phẩm sạc nhanh Thiết kế:thiết kế đẹp không quá to hoặc quá nhỏ Chất liệu:nhưa ABS chắc chắn Mới sài nên chưa biết lâu nó ra sao nhưng hiện tại sạc nhanh,đẹp,pin trâu	2026-03-12 16:29:30	2026-09-29 00:30:44
sp_70189563345	shopee	27706747428	general	Sạc Dự Phòng 30000mah Sạc Nhanh Màn Hình Led Tích Hợp 2 Đầu Sạc Tiện Dụng Sạc Cho Iphone Và Android		5	Sác đt đẹp, nhỏ gọn mang đi du lịch khá tiện nhưng nhược điểm là chỉ sạc được 1 lần là hết pin mà để sạc đầy củ sạc dự phòng thì rất rất rất lâu luôn huhu	2025-08-27 10:13:39	2026-09-29 00:30:44
sp_69946342191	shopee	27706747428	general	Sạc Dự Phòng 30000mah Sạc Nhanh Màn Hình Led Tích Hợp 2 Đầu Sạc Tiện Dụng Sạc Cho Iphone Và Android		5	Giao hàng nhanh, đóng gói cẩn thận. Chất lượng sản phẩm tốt. Rất hài lòng về sản phẩm	2025-08-26 15:54:19	2026-09-29 00:30:44
sp_16899269320	shopee	27706747428	general	Sạc Dự Phòng 30000mah Sạc Nhanh Màn Hình Led Tích Hợp 2 Đầu Sạc Tiện Dụng Sạc Cho Iphone Và Android		5	Chất lượng lắm nhé, hình ảnh mang tính nhận xu, sạc lâu, chỉ là dây tặng của shop sạc ip không phải sạc nhanh, mn muốn sạc nhanh phải mua dây khác	2024-10-02 15:39:48	2026-09-29 00:30:44
sp_65484529122	shopee	27706747428	general	Sạc Dự Phòng 30000mah Sạc Nhanh Màn Hình Led Tích Hợp 2 Đầu Sạc Tiện Dụng Sạc Cho Iphone Và Android		5	Chất lượng sản phẩm:chua biet Đúng với mô tả:ok mới nhận đc thấy cứng cáp để sd xem sao	2025-08-06 13:52:09	2026-09-29 00:30:44
sp_65425600932	shopee	27706747428	general	Sạc Dự Phòng 30000mah Sạc Nhanh Màn Hình Led Tích Hợp 2 Đầu Sạc Tiện Dụng Sạc Cho Iphone Và Android		5	(TB) TUẦN MỚI - QUÀ TỚI! Dành cho Quý khách nhận được tin nhắn : + Có ngay 20% giá trị thẻ nạp trong NGÀY MAI 05/8/2025. Khuyến mại được sử dụng gọi/nhắn tin trong 15 ngày. + Thêm ưu đãi hời khi nạp tại https://my.vnpt.com.vn/adv/napthe . CSKH: 18001091 (0đ).	2025-08-04 14:24:02	2026-09-29 00:30:44
sp_78212959797	shopee	27706747428	general	Sạc Dự Phòng 30000mah Sạc Nhanh Màn Hình Led Tích Hợp 2 Đầu Sạc Tiện Dụng Sạc Cho Iphone Và Android	120W 30.000mAh	5	Chất lượng sản phẩm:10d Đúng với mô tả:đúng sạc nhanh, trâu, đẹp, đèn nhìu chế độ sáng mạnh hoặc yếu	2025-11-04 00:41:46	2026-09-29 00:30:44
sp_82479899937	shopee	27706747428	general	Sạc Dự Phòng 30000mah Sạc Nhanh Màn Hình Led Tích Hợp 2 Đầu Sạc Tiện Dụng Sạc Cho Iphone Và Android	TZ90 ĐEN 10.000mAh	5	Đúng với mô tả:đúng với mô tả, giao hàng nhanh, đóng gói cẩn thận Sạc nhỏ gọn dễ mang đi mang lại	2025-12-21 12:36:18	2026-09-29 00:30:44
sp_83973449887	shopee	27706747428	general	Sạc Dự Phòng 30000mah Sạc Nhanh Màn Hình Led Tích Hợp 2 Đầu Sạc Tiện Dụng Sạc Cho Iphone Và Android	TZ100 30000mAh Đen	5	10 điểm, đẹp xuất sắc. Mình rất ưng í. Săn trên live còn được giá siêu hời nữa cơ. Take care khách hàng rất okela, nhiệt tình, nhò giao gấp, thì bất ngờ nay đã nhận. Được rồi . 10 điểm ko có nhưng ý Chắc phải mua thêm màu khác vì đẹp quá í	2026-01-03 20:05:22	2026-09-29 00:30:44
sp_69951464411	shopee	27706747428	general	Sạc Dự Phòng 30000mah Sạc Nhanh Màn Hình Led Tích Hợp 2 Đầu Sạc Tiện Dụng Sạc Cho Iphone Và Android		5	Shop giao nhanh, đóng gói kĩ, sản phẩm như hình, sạc cũng khá nhanh~	2025-08-26 21:44:49	2026-09-29 00:30:44
sp_16041809332	shopee	27706747428	general	Sạc Dự Phòng 30000mah Sạc Nhanh Màn Hình Led Tích Hợp 2 Đầu Sạc Tiện Dụng Sạc Cho Iphone Và Android		5	Hàng ok chất lượng y chang ảnh, sẽ ủng hộ shop thêm nữa nha rất ok	2024-08-02 18:06:45	2026-09-29 00:30:44
sp_16043117518	shopee	27706747428	general	Sạc Dự Phòng 30000mah Sạc Nhanh Màn Hình Led Tích Hợp 2 Đầu Sạc Tiện Dụng Sạc Cho Iphone Và Android		5	ổn nha mấy ní ơiiii, dây sạc k kéo dài dc nhg có thể gắn dây sạc riêng của mình vào nè, kbt bền k nhg hiện tại là thấy oceee nhaa	2024-08-02 19:54:29	2026-09-29 00:30:44
sp_16041613054	shopee	27706747428	general	Sạc Dự Phòng 30000mah Sạc Nhanh Màn Hình Led Tích Hợp 2 Đầu Sạc Tiện Dụng Sạc Cho Iphone Và Android		5	Ai còn đang lưỡng lự thì nên mua nhé ! Giao hàng nhanh , gói hàng ổn ạ	2024-08-02 17:51:04	2026-09-29 00:30:44
sp_71513875996	shopee	27706747428	general	Sạc Dự Phòng 30000mah Sạc Nhanh Màn Hình Led Tích Hợp 2 Đầu Sạc Tiện Dụng Sạc Cho Iphone Và Android	120W 10.000mAh	5	Shop giao hàng nhanh đóng gói cẩn thận sản phẩm đúng như shop mô ta	2025-09-04 16:10:44	2026-09-29 00:30:44
sp_68322901734	shopee	27706747428	general	Sạc Dự Phòng 30000mah Sạc Nhanh Màn Hình Led Tích Hợp 2 Đầu Sạc Tiện Dụng Sạc Cho Iphone Và Android		5	Chất lượng sản phẩm:đẹp Đúng với mô tả:đúng sản phẩm đẹp đúng mẫu ship nhiệt tình giao hàng nhanh đáng giá chỉ mang tính chất nhận xu :33	2025-08-17 00:53:12	2026-09-29 00:30:44
sp_102174869871	shopee	27706747428	general	Sạc Dự Phòng 30000mah Sạc Nhanh Màn Hình Led Tích Hợp 2 Đầu Sạc Tiện Dụng Sạc Cho Iphone Và Android	TZ100 30000mAh Đen	5	Shop chuẩn bị hàng và giao hàng nhanh, hàng đúng sản phẩm đã đặt, chất lượng sản phẩm cũng ok, ủng hộ shop.	2026-06-26 20:03:14	2026-09-29 00:30:44
sp_64036194128	shopee	27706747428	general	Sạc Dự Phòng 30000mah Sạc Nhanh Màn Hình Led Tích Hợp 2 Đầu Sạc Tiện Dụng Sạc Cho Iphone Và Android	120W 10.000mAh	5	ITS VERY AMAYING PRODUCT IM SO BUYING MANY OF THEM, THEY FUNCTION THE WAY THEY SHOULD SO I WILL DEFINITELY REPURCHASE AGAIN SOON	2025-07-28 01:21:16	2026-09-29 00:30:44
sp_66365632612	shopee	27706747428	general	Sạc Dự Phòng 30000mah Sạc Nhanh Màn Hình Led Tích Hợp 2 Đầu Sạc Tiện Dụng Sạc Cho Iphone Và Android		5	Đóng gói cẩn thận, chất lượng sản phẩm tương đương với giá tiền, video và ảnh mang tính chất nhận xu	2025-08-08 19:50:58	2026-09-29 00:30:44
sp_16044453954	shopee	27706747428	general	Sạc Dự Phòng 30000mah Sạc Nhanh Màn Hình Led Tích Hợp 2 Đầu Sạc Tiện Dụng Sạc Cho Iphone Và Android		5	Sản phẩm ok như hình ưng ý và ship rất nhanh nói chung hài lòng sau sẽ mua thêm ủng hộ shop	2024-08-02 22:05:04	2026-09-29 00:30:44
sp_16044017750	shopee	27706747428	general	Sạc Dự Phòng 30000mah Sạc Nhanh Màn Hình Led Tích Hợp 2 Đầu Sạc Tiện Dụng Sạc Cho Iphone Và Android		5	Sản phẩm ok như hình ưng ý và ship rất nhanh nói chung hài lòng sau sẽ mua thêm ủng hộ shop	2024-08-02 21:16:54	2026-09-29 00:30:44
sp_16043377213	shopee	27706747428	general	Sạc Dự Phòng 30000mah Sạc Nhanh Màn Hình Led Tích Hợp 2 Đầu Sạc Tiện Dụng Sạc Cho Iphone Và Android		5	Mẫu mã đẹp. Cầm nặng tay . Tất cả mọi thứ đều OK cho đến khi tui cầm cái dây đi sạc pin. Nó quá ngắn .. nếu thiết kế dài 1 tí nữa thì phù hợp hơn... Chã nhẽ lại đi mua thêm cái dây sạc....màu sắc đẹp nhé .	2024-08-02 20:16:51	2026-09-29 00:30:44
sp_17282336447	shopee	27706747428	general	Sạc Dự Phòng 30000mah Sạc Nhanh Màn Hình Led Tích Hợp 2 Đầu Sạc Tiện Dụng Sạc Cho Iphone Và Android		5	Chất lượng sản phẩm:như quảng cáo Đúng với mô tả:như mô tả hàng đẹp, dây cáp đi cùng nhìn rất chắc chắn, ảnh chỉ mang tính chất nhận xu	2024-10-21 22:28:17	2026-09-29 00:30:44
sp_16801531180	shopee	27706747428	general	Sạc Dự Phòng 30000mah Sạc Nhanh Màn Hình Led Tích Hợp 2 Đầu Sạc Tiện Dụng Sạc Cho Iphone Và Android		5	Đóng gói cẩn thận, giao hàng nhanh. Sản phẩm giống miêu tả, nhỏ gọn tiện mang đi.	2024-09-28 16:33:20	2026-09-29 00:30:44
sp_99131298663	shopee	27706747428	general	Sạc Dự Phòng 30000mah Sạc Nhanh Màn Hình Led Tích Hợp 2 Đầu Sạc Tiện Dụng Sạc Cho Iphone Và Android	120W 10.000mAh	5	Tốc độ:nhanh Thiết kế:như ảnh Chất liệu:như mô tả Sạc rẻ , nhanh , dễ dàng sử dụng và tiện lợi mang theo	2026-05-27 11:43:00	2026-09-29 00:30:44
sp_73107628120	shopee	27706747428	general	Sạc Dự Phòng 30000mah Sạc Nhanh Màn Hình Led Tích Hợp 2 Đầu Sạc Tiện Dụng Sạc Cho Iphone Và Android	120W 10.000mAh	5	Đúng với mô tả:y chang hình Sạc này rẻ, nên thời gian sạc không nhiều nhưng mà sài tốt	2025-09-15 08:55:39	2026-09-29 00:30:45
sp_69272133207	shopee	27706747428	general	Sạc Dự Phòng 30000mah Sạc Nhanh Màn Hình Led Tích Hợp 2 Đầu Sạc Tiện Dụng Sạc Cho Iphone Và Android		5	Chất lượng sản phẩm:ok Đúng với mô tả:yes có nhiều chân sạc, khá tiện lợi, sạc chậm, dùng lúc cấp bách giao hàng nhanh chóng	2025-08-22 18:52:00	2026-09-29 00:30:45
sp_90516621132	shopee	27706747428	general	Sạc Dự Phòng 30000mah Sạc Nhanh Màn Hình Led Tích Hợp 2 Đầu Sạc Tiện Dụng Sạc Cho Iphone Và Android	120W 30.000mAh	5	Tốc độ:ok Thiết kế:ok Chất liệu:ok [TB] TẾT VẸN TOÀN - FLASH SALE 26%! Duy nhất trên My Viettel đến 03/03, lúc 12h-15h và 19h-22h hàng ngày. Chỉ còn 74K/30 ngày (giá gốc 100K) để sở hữu gói MXH100: + 1GB/ngày. + Miễn phí data truy cập TikTok, YouTube, Meta (Facebook, Threads, Instagram, nhắn tin Messenger). Đăng ký ngay tại https://vietteltelecom.vn/2026_MXH100. Gói cước gia hạn với giá gốc sau 30 ngày. Chương trình dành riêng cho Quý khách. Liên hệ 198 (0đ).	2026-03-01 22:44:47	2026-09-29 00:30:45
sp_68321330320	shopee	27706747428	general	Sạc Dự Phòng 30000mah Sạc Nhanh Màn Hình Led Tích Hợp 2 Đầu Sạc Tiện Dụng Sạc Cho Iphone Và Android	120W 10.000mAh	5	Đúng với mô tả:đúng Chất lượng sản phẩm:tốt Sản phẩm tốt chất lượng siêu tuyệt vời aihihi mọi người nên mua sản phẩm này nhaaaaaaaaa	2025-08-17 00:02:59	2026-09-29 00:30:45
sp_67825582435	shopee	27706747428	general	Sạc Dự Phòng 30000mah Sạc Nhanh Màn Hình Led Tích Hợp 2 Đầu Sạc Tiện Dụng Sạc Cho Iphone Và Android		5	Đúng với mô tả:đúng Sạc nhanh, đẹp, không biết dùng lâu thế nào nhưng mà hàng mới về oki nha, đóng gói cẩn thận ạ	2025-08-13 11:30:07	2026-09-29 00:30:45
sp_55449062014	shopee	27706747428	general	Sạc Dự Phòng 30000mah Sạc Nhanh Màn Hình Led Tích Hợp 2 Đầu Sạc Tiện Dụng Sạc Cho Iphone Và Android	120W 30.000mAh	5	Chất lượng sản phẩm:okee Đúng với mô tả:đúng Giao hàng nhanh nhéee, sạc dùng ổn pin trâu mình săn sale nên giá hời lắm luôn	2025-06-30 10:07:43	2026-09-29 00:30:45
sp_85135064187	shopee	27706747428	general	Sạc Dự Phòng 30000mah Sạc Nhanh Màn Hình Led Tích Hợp 2 Đầu Sạc Tiện Dụng Sạc Cho Iphone Và Android	TZ100 30000mAh ĐEN	5	Chất lượng sản phẩm:full box nguyên nhãn Đúng với mô tả:đúng mô tả nhưng shop gửi sai màu Mk đặt shop màu đen nhưng shop giao cho mk màu trắng. Mong shop chú ý hơn khi đóng hàng	2026-01-13 17:55:31	2026-09-29 00:30:45
sp_67543880942	shopee	27706747428	general	Sạc Dự Phòng 30000mah Sạc Nhanh Màn Hình Led Tích Hợp 2 Đầu Sạc Tiện Dụng Sạc Cho Iphone Và Android		5	Sài ok, Sp bị dơ dù mới mở từ hộp, giao nhanh hàng bị móp nhẹ, và có cả 1 cây đinh đâm vào hộp shop đóng gói, hên là ko ảnh hưởng đến sp	2025-08-12 19:21:27	2026-09-29 00:30:45
sp_65429089855	shopee	27706747428	general	Sạc Dự Phòng 30000mah Sạc Nhanh Màn Hình Led Tích Hợp 2 Đầu Sạc Tiện Dụng Sạc Cho Iphone Và Android		5	Hàng chuẩn với hình ảnh đầy đủ phụ kiện , chưa thể đánh giá bền hay không	2025-08-04 18:59:37	2026-09-29 00:30:45
sp_67919875557	shopee	27706747428	general	Sạc Dự Phòng 30000mah Sạc Nhanh Màn Hình Led Tích Hợp 2 Đầu Sạc Tiện Dụng Sạc Cho Iphone Và Android		5	Sạc chinh lắm nha tròi oiiii màu tím siuuuu chinh luonnn ý sạc được nha	2025-08-13 22:40:19	2026-09-29 00:30:45
sp_16043158728	shopee	27706747428	general	Sạc Dự Phòng 30000mah Sạc Nhanh Màn Hình Led Tích Hợp 2 Đầu Sạc Tiện Dụng Sạc Cho Iphone Và Android		5	Sản phẩm ok như hình ưng ý và ship rất nhanh nói chung hài lòng sau sẽ mua thêm ủng hộ shop	2024-08-02 19:58:07	2026-09-29 00:30:45
sp_16042466486	shopee	27706747428	general	Sạc Dự Phòng 30000mah Sạc Nhanh Màn Hình Led Tích Hợp 2 Đầu Sạc Tiện Dụng Sạc Cho Iphone Và Android		5	Cứu tinh của tôi mỗi khi đi xa là đây cảm ơn shop rất nhìu ạ sản phẩm ok nhan sạc nhanh cực	2024-08-02 19:00:31	2026-09-29 00:30:45
sp_16667197002	shopee	27706747428	general	Sạc Dự Phòng 30000mah Sạc Nhanh Màn Hình Led Tích Hợp 2 Đầu Sạc Tiện Dụng Sạc Cho Iphone Và Android		5	Đúng với mô tả:ok Chất lượng sản phẩm:đúng như thông số đăng trẻn app Dùng 1 thời gian sẽ phản hồi tiếp	2024-09-21 17:19:14	2026-09-29 00:30:45
sp_16043032844	shopee	27706747428	general	Sạc Dự Phòng 30000mah Sạc Nhanh Màn Hình Led Tích Hợp 2 Đầu Sạc Tiện Dụng Sạc Cho Iphone Và Android		5	Giao hàng nhanh Đóng gói cẩn thận Vừa nhận hàng xong nên vào đánh giá luôn vù sp quá ưng😆😆😆😆😆 5saoooo nhá	2024-08-02 19:47:15	2026-09-29 00:30:45
sp_80712583381	shopee	27706747428	general	Sạc Dự Phòng 30000mah Sạc Nhanh Màn Hình Led Tích Hợp 2 Đầu Sạc Tiện Dụng Sạc Cho Iphone Và Android	120W 10.000mAh	5	Tốc độ:san pham sac nhanh Thiết kế:thiet ke nhor gon dam tay Chất liệu:abs chac chan rất chất lượng rất hài lòng sẽ ủng hộ shop tiếp	2025-12-05 07:06:41	2026-09-29 00:30:45
sp_97531020930	shopee	27706747428	general	Sạc Dự Phòng 30000mah Sạc Nhanh Màn Hình Led Tích Hợp 2 Đầu Sạc Tiện Dụng Sạc Cho Iphone Và Android	TZ100 30000mAh Đen	5	Shop giao hàng nhanh chóng, đầy đủ đúng chuẩn sản phẩm mà đã đặt, sẽ ủng hộ Shop thêm sau	2026-05-04 06:48:49	2026-09-29 00:30:45
sp_59897502741	shopee	27706747428	general	Sạc Dự Phòng 30000mah Sạc Nhanh Màn Hình Led Tích Hợp 2 Đầu Sạc Tiện Dụng Sạc Cho Iphone Và Android		5	Giá thành rẻ mà xài tốt, hành nhận về còn mguyeen, shop giao hàng siêu nhanh	2025-07-14 17:52:53	2026-09-29 00:30:45
sp_69274860386	shopee	27706747428	general	Sạc Dự Phòng 30000mah Sạc Nhanh Màn Hình Led Tích Hợp 2 Đầu Sạc Tiện Dụng Sạc Cho Iphone Và Android		5	Mong là dùng ổn với sử dụng được lâu ạ còn sạc nhìn xinh lắm ạ...	2025-08-22 23:47:45	2026-09-29 00:30:45
sp_16044654220	shopee	27706747428	general	Sạc Dự Phòng 30000mah Sạc Nhanh Màn Hình Led Tích Hợp 2 Đầu Sạc Tiện Dụng Sạc Cho Iphone Và Android		5	Các b yên tâm mua hàng nhé. Shop tư vấn nhanh và nhiệt tình.	2024-08-02 22:30:07	2026-09-29 00:30:45
sp_71838301021	shopee	27706747428	general	Sạc Dự Phòng 30000mah Sạc Nhanh Màn Hình Led Tích Hợp 2 Đầu Sạc Tiện Dụng Sạc Cho Iphone Và Android	120W 10.000mAh	5	Chất lượng sản phẩm:toots Đúng với mô tả:đúng sạc dùng khá ok, nên mua nhé mọi người hình ảnh chỉ mang tính chất nhận xu	2025-09-06 09:02:55	2026-09-29 00:30:45
sp_16639144201	shopee	27706747428	general	Sạc Dự Phòng 30000mah Sạc Nhanh Màn Hình Led Tích Hợp 2 Đầu Sạc Tiện Dụng Sạc Cho Iphone Và Android		5	Sản phẩm sử dụng tốt lắm nha , shop gói hàng cẩn thận nữa	2024-09-19 11:03:57	2026-09-29 00:30:45
sp_61891705911	shopee	27706747428	general	Sạc Dự Phòng 30000mah Sạc Nhanh Màn Hình Led Tích Hợp 2 Đầu Sạc Tiện Dụng Sạc Cho Iphone Và Android	120W 10.000mAh	5	Chất lượng sản phẩm:ổn Đúng với mô tả:đúng Giao hàng nhanh, shipper thân thiện,hàng cũng ok á.Lần đầu mua nên sẽ xem xét thêm	2025-07-20 18:35:13	2026-09-29 00:30:45
sp_78670627021	shopee	27706747428	general	Sạc Dự Phòng 30000mah Sạc Nhanh Màn Hình Led Tích Hợp 2 Đầu Sạc Tiện Dụng Sạc Cho Iphone Và Android	120W 10.000mAh	5	ngoại hình bắt mắt, cấp điện được cho nhiều thiết bị, nhưng sạc đầy lại nó khó quá, rõ là lâu	2025-11-09 19:43:53	2026-09-29 00:30:45
sp_71517007180	shopee	27706747428	general	Sạc Dự Phòng 30000mah Sạc Nhanh Màn Hình Led Tích Hợp 2 Đầu Sạc Tiện Dụng Sạc Cho Iphone Và Android		5	Sẵn phẩm như mơ ta giao hàng nhanh đóng gói cẩn thận lần sau lại ủng hộ	2025-09-04 19:16:23	2026-09-29 00:30:45
sp_16041712572	shopee	27706747428	general	Sạc Dự Phòng 30000mah Sạc Nhanh Màn Hình Led Tích Hợp 2 Đầu Sạc Tiện Dụng Sạc Cho Iphone Và Android		5	Hàng chuẩn lắm luôn ý ạ, nên mua nha mn, rẻ mà chất lượng.,	2024-08-02 17:59:08	2026-09-29 00:30:45
sp_16044521890	shopee	27706747428	general	Sạc Dự Phòng 30000mah Sạc Nhanh Màn Hình Led Tích Hợp 2 Đầu Sạc Tiện Dụng Sạc Cho Iphone Và Android		5	sạc sử dụng tốt, mình mới nhận hàng màu đẹp luôn nhé. nên mua	2024-08-02 22:13:19	2026-09-29 00:30:45
sp_16044977950	shopee	27706747428	general	Sạc Dự Phòng 30000mah Sạc Nhanh Màn Hình Led Tích Hợp 2 Đầu Sạc Tiện Dụng Sạc Cho Iphone Và Android		5	săn sale nên được giá rẻ , sản phẩm tốt sẽ mua lại .	2024-08-02 23:20:31	2026-09-29 00:30:45
sp_73539618107	shopee	27706747428	general	Sạc Dự Phòng 30000mah Sạc Nhanh Màn Hình Led Tích Hợp 2 Đầu Sạc Tiện Dụng Sạc Cho Iphone Và Android	120W 10.000mAh	5	Chất lượng sản phẩm:tốt Sp tốt. Đúng như mô tả. Khuyên dùng. Sạc nhanh . Dc 2 lần với ss note 10+ của mình.	2025-09-16 10:59:33	2026-09-29 00:30:45
sp_16042374484	shopee	27706747428	general	Sạc Dự Phòng 30000mah Sạc Nhanh Màn Hình Led Tích Hợp 2 Đầu Sạc Tiện Dụng Sạc Cho Iphone Và Android		5	Shop giao hàng nhanh lắm. Đặt sáng qua mà trưa nay đã nhận đv rồi.	2024-08-02 18:52:46	2026-09-29 00:30:45
sp_16043772251	shopee	27706747428	general	Sạc Dự Phòng 30000mah Sạc Nhanh Màn Hình Led Tích Hợp 2 Đầu Sạc Tiện Dụng Sạc Cho Iphone Và Android		5	Hàng chuẩn, ok, sẽ ủng hộ tiếp lần sau, đóng gói đẹp, giao hàng nhanh.	2024-08-02 20:53:20	2026-09-29 00:30:45
sp_64108786459	shopee	27706747428	general	Sạc Dự Phòng 30000mah Sạc Nhanh Màn Hình Led Tích Hợp 2 Đầu Sạc Tiện Dụng Sạc Cho Iphone Và Android		5	Moi mua lân đâu nên không biết Sài nhu thẻ nao.để coi sao.neu OK quay lại ung hộ tiếp .màu tím de thg nha moi người	2025-07-28 12:55:45	2026-09-29 00:30:45
sp_81432247792	shopee	27706747428	general	Sạc Dự Phòng 30000mah Sạc Nhanh Màn Hình Led Tích Hợp 2 Đầu Sạc Tiện Dụng Sạc Cho Iphone Và Android	TZ100 30000mah Đen	5	Đúng với mô tả:đúng Chất lượng sản phẩm:ok Shop làm ăn ok bị lỗi có đổi cho mình	2025-12-12 19:18:23	2026-09-29 00:30:45
sp_16042477462	shopee	27706747428	general	Sạc Dự Phòng 30000mah Sạc Nhanh Màn Hình Led Tích Hợp 2 Đầu Sạc Tiện Dụng Sạc Cho Iphone Và Android		5	phù hợp với giá tiền . Đã thế shop nhiệt tình nữa ạ	2024-08-02 19:01:26	2026-09-29 00:30:45
sp_77236808880	shopee	27706747428	general	Sạc Dự Phòng 30000mah Sạc Nhanh Màn Hình Led Tích Hợp 2 Đầu Sạc Tiện Dụng Sạc Cho Iphone Và Android	TZ100 30000mah Đen	5	Chất lượng sản phẩm:ch bít Đúng với mô tả:đúng Đã nhận được hàng, hơi nặng tay, xài ơi sẽ ủng hộ típ	2025-10-22 14:53:09	2026-09-29 00:30:45
sp_73120521873	shopee	27706747428	general	Sạc Dự Phòng 30000mah Sạc Nhanh Màn Hình Led Tích Hợp 2 Đầu Sạc Tiện Dụng Sạc Cho Iphone Và Android	TZ100 30000mAh Trắng	5	mình đã nhận được hàng từ tay shiper rồi nè mọi người ơi am tâm n	2025-09-15 10:23:51	2026-09-29 00:30:45
sp_64282532656	shopee	27706747428	general	Sạc Dự Phòng 30000mah Sạc Nhanh Màn Hình Led Tích Hợp 2 Đầu Sạc Tiện Dụng Sạc Cho Iphone Và Android		5	Đúng với mô tả:dung voi mo ta Chất lượng sản phẩm:tốt	2025-07-29 07:01:52	2026-09-29 00:30:45
sp_16043162296	shopee	27706747428	general	Sạc Dự Phòng 30000mah Sạc Nhanh Màn Hình Led Tích Hợp 2 Đầu Sạc Tiện Dụng Sạc Cho Iphone Và Android		5	Màu xinh đúng với mô tả. Chất lượng thì để dùng thử mới biết được	2024-08-02 19:58:26	2026-09-29 00:30:45
sp_16041614055	shopee	27706747428	general	Sạc Dự Phòng 30000mah Sạc Nhanh Màn Hình Led Tích Hợp 2 Đầu Sạc Tiện Dụng Sạc Cho Iphone Và Android		5	Sạc xinh và nhỏ gọn, mình sạc thử thấy lên pin hơi chậm xíu nhưng mà xinh và gọn nên vẫn ưng	2024-08-02 17:51:08	2026-09-29 00:30:45
sp_90312343700	shopee	27706747428	general	Sạc Dự Phòng 30000mah Sạc Nhanh Màn Hình Led Tích Hợp 2 Đầu Sạc Tiện Dụng Sạc Cho Iphone Và Android	120W 30.000mAh	5	Tốc độ:sạc nhanh Thiết kế:đẹp Chất liệu:nhìn ok	2026-02-28 16:29:42	2026-09-29 00:30:45
sp_67979146757	shopee	27706747428	general	Sạc Dự Phòng 30000mah Sạc Nhanh Màn Hình Led Tích Hợp 2 Đầu Sạc Tiện Dụng Sạc Cho Iphone Và Android		5	Sản phẩm thấy nhiều lượt bán nên mua dùng thử sạc pin đầy 100% nhưng khi sạc điện thoại chưa đầy đã hết pin	2025-08-14 17:51:09	2026-09-29 00:30:45
sp_16042683492	shopee	27706747428	general	Sạc Dự Phòng 30000mah Sạc Nhanh Màn Hình Led Tích Hợp 2 Đầu Sạc Tiện Dụng Sạc Cho Iphone Và Android		5	Đặt hoả tốc nhận hàng trong một nốt nhạc.Nói chung là ưng ý.	2024-08-02 19:17:50	2026-09-29 00:30:45
sp_16042569705	shopee	27706747428	general	Sạc Dự Phòng 30000mah Sạc Nhanh Màn Hình Led Tích Hợp 2 Đầu Sạc Tiện Dụng Sạc Cho Iphone Và Android		5	Sản phẩm tốt và rất nên mua. Nói chung là cực kì đáng mua nha,	2024-08-02 19:08:38	2026-09-29 00:30:45
sp_78729900766	shopee	27706747428	general	Sạc Dự Phòng 30000mah Sạc Nhanh Màn Hình Led Tích Hợp 2 Đầu Sạc Tiện Dụng Sạc Cho Iphone Và Android	TZ104 50.000mAh	5	Sản phẩm như hình shop chuẩn bị hàng nhanh giá cả phải chăng nên mua	2025-11-12 12:27:23	2026-09-29 00:30:45
sp_79268759409	shopee	27706747428	general	Sạc Dự Phòng 30000mah Sạc Nhanh Màn Hình Led Tích Hợp 2 Đầu Sạc Tiện Dụng Sạc Cho Iphone Và Android	120W 10.000mAh	5	Giao hàng nhanh chóng Dù nhận dc rất lâu r nhưng giờ ms bỏ ra dùng nên chưa bt chất lượng thế nào	2025-11-18 20:42:59	2026-09-29 00:30:45
sp_16043034640	shopee	27706747428	general	Sạc Dự Phòng 30000mah Sạc Nhanh Màn Hình Led Tích Hợp 2 Đầu Sạc Tiện Dụng Sạc Cho Iphone Và Android		5	xuất sắc luônnn chời ơi quá ok, mà giá còn rẻ nữa.	2024-08-02 19:47:24	2026-09-29 00:30:45
sp_62044113692	shopee	27706747428	general	Sạc Dự Phòng 30000mah Sạc Nhanh Màn Hình Led Tích Hợp 2 Đầu Sạc Tiện Dụng Sạc Cho Iphone Và Android		5	Chất lượng sản phẩm:Tốt Đúng với mô tả:đúm Vì mình quá thích couj r, pk lms đây🐮🐮🐮🐄🐄🐄🐄💗💗💗🥵🥵🥵🥵🥵🥵🥵🥵🥵🥵🥵🥵🥵🥵	2025-07-21 05:51:35	2026-09-29 00:30:45
sp_71446958316	shopee	27706747428	general	Sạc Dự Phòng 30000mah Sạc Nhanh Màn Hình Led Tích Hợp 2 Đầu Sạc Tiện Dụng Sạc Cho Iphone Và Android		5	Đúng với mô tả:bt Chất lượng sản phẩm:bt Dùng cho ip 13 đc 1 lần là hết pin nha hình thức thì đẹp nhưng nhanh hết pin	2025-09-03 20:28:11	2026-09-29 00:30:45
sp_106841491250	shopee	27706747428	general	Sạc Dự Phòng 30000mah Sạc Nhanh Màn Hình Led Tích Hợp 2 Đầu Sạc Tiện Dụng Sạc Cho Iphone Và Android	TZ100 30000mAh Trắng	5	Shop giao hàng Chất lượng sản phẩm đúng như đã mô tả, giao hàng nhanh,	2026-08-07 19:55:44	2026-09-29 00:30:47
sp_65462779435	shopee	27706747428	general	Sạc Dự Phòng 30000mah Sạc Nhanh Màn Hình Led Tích Hợp 2 Đầu Sạc Tiện Dụng Sạc Cho Iphone Và Android		5	Chất lượng sản phẩm:cũng okk Đúng với mô tả:đúng sạc lên khá lâuuu, xuống pin cũng nhanh hụ hụ😭😭😭	2025-08-05 11:04:32	2026-09-29 00:30:47
sp_16042112586	shopee	27706747428	general	Sạc Dự Phòng 30000mah Sạc Nhanh Màn Hình Led Tích Hợp 2 Đầu Sạc Tiện Dụng Sạc Cho Iphone Và Android		5	Xinh-rẻ- tiện lắm mn oiii- đóng gói cẩn thận mn nên mua nhaaaaa	2024-08-02 18:31:19	2026-09-29 00:30:47
sp_16043246640	shopee	27706747428	general	Sạc Dự Phòng 30000mah Sạc Nhanh Màn Hình Led Tích Hợp 2 Đầu Sạc Tiện Dụng Sạc Cho Iphone Và Android		5	rẻ hơn so với giá bên ngoài , như vậy ok quá rồi sẽ ủng hộ shop tiếp , đánh giá shop 5 sao	2024-08-02 20:05:44	2026-09-29 00:30:47
sp_75416134778	shopee	27706747428	general	Sạc Dự Phòng 30000mah Sạc Nhanh Màn Hình Led Tích Hợp 2 Đầu Sạc Tiện Dụng Sạc Cho Iphone Và Android	TZ100 30000mAh Trắng	5	Chất lượng sản phẩm:tốt thanks shop đã sạc giúp ạ	2025-10-03 11:27:04	2026-09-29 00:30:47
sp_64730469698	shopee	27706747428	general	Sạc Dự Phòng 30000mah Sạc Nhanh Màn Hình Led Tích Hợp 2 Đầu Sạc Tiện Dụng Sạc Cho Iphone Và Android		5	Sạc khá tốt cho các đầu type C, nhưng sạc iPhone thì không vào	2025-07-31 06:41:18	2026-09-29 00:30:47
sp_68607553437	shopee	27706747428	general	Sạc Dự Phòng 30000mah Sạc Nhanh Màn Hình Led Tích Hợp 2 Đầu Sạc Tiện Dụng Sạc Cho Iphone Và Android	120W 10.000mAh	5	Sản phẩm tệ sạc hơn 1 tiếng đã hết pin thật thất vọng	2025-08-17 13:50:49	2026-09-29 00:30:47
sp_68622298531	shopee	27706747428	general	Sạc Dự Phòng 30000mah Sạc Nhanh Màn Hình Led Tích Hợp 2 Đầu Sạc Tiện Dụng Sạc Cho Iphone Và Android	120W 10.000mAh	5	Đúng với mô tả:ok Sạc ok. Dúng 1 thời gian xem sao. Ok sẽ mua tiếp Shop giao hàng nhanh đóng gói cẩn thận	2025-08-17 20:33:17	2026-09-29 00:30:47
sp_86111001375	shopee	27706747428	general	Sạc Dự Phòng 30000mah Sạc Nhanh Màn Hình Led Tích Hợp 2 Đầu Sạc Tiện Dụng Sạc Cho Iphone Và Android	TZ100 30000mAh ĐEN	5	Chất lượng sản phẩm:tốt,sạc nhanh lên,pin khá trâu Đúng với mô tả:đúng dùng cả ngày vẫn được...	2026-01-22 19:58:03	2026-09-29 00:30:47
sp_16715272452	shopee	27706747428	general	Sạc Dự Phòng 30000mah Sạc Nhanh Màn Hình Led Tích Hợp 2 Đầu Sạc Tiện Dụng Sạc Cho Iphone Và Android		5	Sản phẩm tạm đc ko tích điện lắm nhưng dùng tạm cũng oki sạc....	2024-09-25 19:52:04	2026-09-29 00:30:47
sp_64344892835	shopee	27706747428	general	Sạc Dự Phòng 30000mah Sạc Nhanh Màn Hình Led Tích Hợp 2 Đầu Sạc Tiện Dụng Sạc Cho Iphone Và Android		5	Shop chuẩn bị hàng, giao hàng nhanh. Mẫu mã đẹp, nên muaaaaa.	2025-07-29 09:33:23	2026-09-29 00:30:47
sp_67982757422	shopee	27706747428	general	Sạc Dự Phòng 30000mah Sạc Nhanh Màn Hình Led Tích Hợp 2 Đầu Sạc Tiện Dụng Sạc Cho Iphone Và Android	120W 10.000mAh	5	Ổn nha mấy mom, mặc dù hiện pin hơi khó để biết chính xác nó còn bnh í	2025-08-14 22:19:37	2026-09-29 00:30:47
sp_68242692282	shopee	27706747428	general	Sạc Dự Phòng 30000mah Sạc Nhanh Màn Hình Led Tích Hợp 2 Đầu Sạc Tiện Dụng Sạc Cho Iphone Và Android		5	Màu rất ưng, giao hàng lại nhanhhh, sạc khá là oke nhma phải sử dụng lâu mới rv tiếp đc	2025-08-15 15:16:32	2026-09-29 00:30:47
sp_16043386909	shopee	27706747428	general	Sạc Dự Phòng 30000mah Sạc Nhanh Màn Hình Led Tích Hợp 2 Đầu Sạc Tiện Dụng Sạc Cho Iphone Và Android		5	Shop phục vụ rất tốt không có gì để chê.	2024-08-02 20:17:42	2026-09-29 00:30:47
sp_72188506140	shopee	27706747428	general	Sạc Dự Phòng 30000mah Sạc Nhanh Màn Hình Led Tích Hợp 2 Đầu Sạc Tiện Dụng Sạc Cho Iphone Và Android	120W 10.000mAh	5	Chất lượng sản phẩm:tốt Màu đẹp, nhỏ gọn	2025-09-08 10:53:51	2026-09-29 00:30:47
sp_79383501566	shopee	27706747428	general	Sạc Dự Phòng 30000mah Sạc Nhanh Màn Hình Led Tích Hợp 2 Đầu Sạc Tiện Dụng Sạc Cho Iphone Và Android	TZ100 30000mah Trắng	5	Đúng với mô tả:toot saif oki an Chất lượng sản phẩm:huhu phú yên mùa bão lụt này nhờ có ẻm mua thêm một cục nữa r ạ	2025-11-20 14:03:18	2026-09-29 00:30:47
sp_86112827212	shopee	27706747428	general	Sạc Dự Phòng 30000mah Sạc Nhanh Màn Hình Led Tích Hợp 2 Đầu Sạc Tiện Dụng Sạc Cho Iphone Và Android	TZ100 30000mAh ĐEN	5	Đúng với mô tả:sac du phong giao hàng nhanh , hình ảnh chỉ mang tính chất minh hoạ , sạc ok	2026-01-22 21:45:51	2026-09-29 00:30:47
sp_66743964855	shopee	27706747428	general	Sạc Dự Phòng 30000mah Sạc Nhanh Màn Hình Led Tích Hợp 2 Đầu Sạc Tiện Dụng Sạc Cho Iphone Và Android		5	Đóng gói cẩn thận,hàng ko bị vỡ. shipper thân thiện, nhiệt tình	2025-08-09 14:06:16	2026-09-29 00:30:47
sp_69648387096	shopee	27706747428	general	Sạc Dự Phòng 30000mah Sạc Nhanh Màn Hình Led Tích Hợp 2 Đầu Sạc Tiện Dụng Sạc Cho Iphone Và Android		5	Nhỏ nhẹ tiện dễ dùng và cute phô mai que hàng chất lượng tốt	2025-08-24 17:49:02	2026-09-29 00:30:47
sp_69953372648	shopee	27706747428	general	Sạc Dự Phòng 30000mah Sạc Nhanh Màn Hình Led Tích Hợp 2 Đầu Sạc Tiện Dụng Sạc Cho Iphone Và Android		5	Đúng với mô tả:ok Chất lượng sản phẩm:chất lượng ok nhận hàng nhanh và đảm bảo nha nên mua và trải nghiệm	2025-08-27 00:38:07	2026-09-29 00:30:47
sp_16044740704	shopee	27706747428	general	Sạc Dự Phòng 30000mah Sạc Nhanh Màn Hình Led Tích Hợp 2 Đầu Sạc Tiện Dụng Sạc Cho Iphone Và Android		5	Nói chung là cực kì đáng mua nha, ship cũng nhanh nữaaaa	2024-08-02 22:42:05	2026-09-29 00:30:47
sp_78363815554	shopee	27706747428	general	Sạc Dự Phòng 30000mah Sạc Nhanh Màn Hình Led Tích Hợp 2 Đầu Sạc Tiện Dụng Sạc Cho Iphone Và Android	TZ100 30000mah Đen	5	Sài rất tốt mình rất thích sài và đã mua lại hai lần nên mua nha mng giá rẻ	2025-11-05 20:37:32	2026-09-29 00:30:47
sp_16043759557	shopee	27706747428	general	Sạc Dự Phòng 30000mah Sạc Nhanh Màn Hình Led Tích Hợp 2 Đầu Sạc Tiện Dụng Sạc Cho Iphone Và Android		5	Đóng gói cẩn thân, sản phẩm giống hình	2024-08-02 20:52:05	2026-09-29 00:30:47
sp_16043490495	shopee	27706747428	general	Sạc Dự Phòng 30000mah Sạc Nhanh Màn Hình Led Tích Hợp 2 Đầu Sạc Tiện Dụng Sạc Cho Iphone Và Android		5	ok lắm ạ, mình đặt ở shop này lần thứ 2 rùi, nói chung rất ok,k có cái nào bị lỗi cả, sau này sẽ mua ở đây tiếp	2024-08-02 20:26:54	2026-09-29 00:30:47
sp_100658180300	shopee	27706747428	general	Sạc Dự Phòng 30000mah Sạc Nhanh Màn Hình Led Tích Hợp 2 Đầu Sạc Tiện Dụng Sạc Cho Iphone Và Android	TZ100 30000mAh Đen	5	dùng khá là ổn ạ , đã vậy còn săn được giá quá là hời luôn á mọi người	2026-06-16 08:58:05	2026-09-29 00:30:47
sp_70622260909	shopee	27706747428	general	Sạc Dự Phòng 30000mah Sạc Nhanh Màn Hình Led Tích Hợp 2 Đầu Sạc Tiện Dụng Sạc Cho Iphone Và Android		5	Giao hàng nhanh chóng được đóng gói cẩn thận nhé mọi người nên mua nha m	2025-08-30 00:38:10	2026-09-29 00:30:47
sp_81588704938	shopee	27706747428	general	Sạc Dự Phòng 30000mah Sạc Nhanh Màn Hình Led Tích Hợp 2 Đầu Sạc Tiện Dụng Sạc Cho Iphone Và Android	TZ100 30000mAh Đen	5	Tốc độ:chua thu Thiết kế:nho gon ok Chất liệu:chat lieu nhua ABS chac chan Hinh anh chi mang tc minh hoa. Mình chưa sd nên chưa bít hi	2025-12-13 15:00:52	2026-09-29 00:30:47
sp_16042534293	shopee	27706747428	general	Sạc Dự Phòng 30000mah Sạc Nhanh Màn Hình Led Tích Hợp 2 Đầu Sạc Tiện Dụng Sạc Cho Iphone Và Android		5	Hàng chính hãng xịn xò, tương xứng với giá.	2024-08-02 19:05:52	2026-09-29 00:30:47
sp_82550817196	shopee	27706747428	general	Sạc Dự Phòng 30000mah Sạc Nhanh Màn Hình Led Tích Hợp 2 Đầu Sạc Tiện Dụng Sạc Cho Iphone Và Android	TZ100 30000mAh Đen	5	giao hàng nhanh chóng, shipper thân thiện. mn nên ủng hộ shop nhé	2025-12-22 20:12:22	2026-09-29 00:30:47
sp_99162818341	shopee	27706747428	general	Sạc Dự Phòng 30000mah Sạc Nhanh Màn Hình Led Tích Hợp 2 Đầu Sạc Tiện Dụng Sạc Cho Iphone Và Android	TZ100 30000mAh Trắng	5	Khay đẹp phù hợp giá tiền, giao hàng nhanh. Khay có giá úp không đọng nước	2026-05-28 17:26:05	2026-09-29 00:30:47
sp_16044701219	shopee	27706747428	general	Sạc Dự Phòng 30000mah Sạc Nhanh Màn Hình Led Tích Hợp 2 Đầu Sạc Tiện Dụng Sạc Cho Iphone Và Android		5	Đóng gói chắc chắn, ảnh hơi mờ nhưng rất khá ổn	2024-08-02 22:36:36	2026-09-29 00:30:47
sp_99023620548	shopee	27706747428	general	Sạc Dự Phòng 30000mah Sạc Nhanh Màn Hình Led Tích Hợp 2 Đầu Sạc Tiện Dụng Sạc Cho Iphone Và Android	TZ100 30000mAh Trắng	5	Hàng tốt,pin trâu.nên mua nhé ae	2026-05-22 22:16:58	2026-09-29 00:30:47
sp_86379552719	shopee	27706747428	general	Sạc Dự Phòng 30000mah Sạc Nhanh Màn Hình Led Tích Hợp 2 Đầu Sạc Tiện Dụng Sạc Cho Iphone Và Android	TZ83 80000mah Trắng	5	Đơn hàng tốt dùng được	2026-01-25 13:32:36	2026-09-29 00:30:47
sp_71788372099	shopee	27706747428	general	Sạc Dự Phòng 30000mah Sạc Nhanh Màn Hình Led Tích Hợp 2 Đầu Sạc Tiện Dụng Sạc Cho Iphone Và Android	120W 10.000mAh	5	Chất lượng sản phẩm:oke Đúng với mô tả:đúng nói chung đẹp okee nhma hơi ch ấy lắm nên để tìm thêm đã	2025-09-05 15:16:59	2026-09-29 00:30:47
sp_66866903890	shopee	27706747428	general	Sạc Dự Phòng 30000mah Sạc Nhanh Màn Hình Led Tích Hợp 2 Đầu Sạc Tiện Dụng Sạc Cho Iphone Và Android		5	NPP GẠO PHƯƠNG LINH :🔉🔉 -CHUYÊN PHÂN PHỐI GẠO SỈ cho TẤT CẢ TỈNH các Miền Bắc - Trung - Nam (Nhà phân phối Đà Nẵng, Đà Lạt và TPHCM) đủ các loại hiện đang phân phối 79 loại gạo :Gạo Miền Tây, Gạo Phan Rang, Phan Thiết , Ninh Thuận, Phú Yên , Đắk Lắk,Gạo Tây Nguyên,gạo cam Phước... 📇Số 10, đường 22 tháng 8, Cam Thuận, Cam Ranh . GIAO HÀNG TẬN NƠI: 📱0775 5678 12 📱0386 376 485 📱0394 71 68 71	2025-08-09 21:33:50	2026-09-29 00:30:47
sp_81154069896	shopee	27706747428	general	Sạc Dự Phòng 30000mah Sạc Nhanh Màn Hình Led Tích Hợp 2 Đầu Sạc Tiện Dụng Sạc Cho Iphone Và Android	TZ100 30000mah Đen	5	Đúng với mô tả:sạc nhanh Chất lượng sản phẩm:tốt	2025-12-09 11:14:09	2026-09-29 00:30:47
sp_66129114379	shopee	27706747428	general	Sạc Dự Phòng 30000mah Sạc Nhanh Màn Hình Led Tích Hợp 2 Đầu Sạc Tiện Dụng Sạc Cho Iphone Và Android		5	Giao hàng nhanh, hàng đẹp như trên hình, mỗi cái sạc vào điện thoại không nhanh lắm	2025-08-07 18:26:38	2026-09-29 00:30:47
sp_66959274130	shopee	27706747428	general	Sạc Dự Phòng 30000mah Sạc Nhanh Màn Hình Led Tích Hợp 2 Đầu Sạc Tiện Dụng Sạc Cho Iphone Và Android		5	Đúng với mô tả:đúng với mô tả quâ đẹp	2025-08-10 10:34:53	2026-09-29 00:30:47
sp_77758886625	shopee	27706747428	general	Sạc Dự Phòng 30000mah Sạc Nhanh Màn Hình Led Tích Hợp 2 Đầu Sạc Tiện Dụng Sạc Cho Iphone Và Android	TZ100 30000mah Đen	5	ok dùng ngon ổn định	2025-10-28 18:42:04	2026-09-29 00:30:47
sp_71750478492	shopee	27706747428	general	Sạc Dự Phòng 30000mah Sạc Nhanh Màn Hình Led Tích Hợp 2 Đầu Sạc Tiện Dụng Sạc Cho Iphone Và Android	120W 10.000mAh	5	Hình ảnh chỉ mang tính chất nhận xu.!!! shop đóng gói ok, hàng đẹp	2025-09-05 10:52:24	2026-09-29 00:30:47
sp_65018176056	shopee	27706747428	general	Sạc Dự Phòng 30000mah Sạc Nhanh Màn Hình Led Tích Hợp 2 Đầu Sạc Tiện Dụng Sạc Cho Iphone Và Android		5	Shop có hỗ trợ đổi trả ❤️	2025-08-01 13:44:20	2026-09-29 00:30:47
sp_64992630671	shopee	27706747428	general	Sạc Dự Phòng 30000mah Sạc Nhanh Màn Hình Led Tích Hợp 2 Đầu Sạc Tiện Dụng Sạc Cho Iphone Và Android		5	Đúng với mô tả:ok Chất lượng sản phẩm:ok Hình ảnh mang tính chất nhận xu nha nha hàng nhận được như mô tả nè	2025-07-31 23:40:17	2026-09-29 00:30:47
sp_80775324913	shopee	27706747428	general	Sạc Dự Phòng 30000mah Sạc Nhanh Màn Hình Led Tích Hợp 2 Đầu Sạc Tiện Dụng Sạc Cho Iphone Và Android	TZ104 50.000mAh	5	Giao hàng nhanh, đúng mẫu, chưa biết đồ bền thế nào nhìn cũng OK	2025-12-05 17:06:17	2026-09-29 00:30:47
sp_72862002455	shopee	27706747428	general	Sạc Dự Phòng 30000mah Sạc Nhanh Màn Hình Led Tích Hợp 2 Đầu Sạc Tiện Dụng Sạc Cho Iphone Và Android	TZ100 30000mAh Trắng	5	Hình thức bề ngoài ổn,còn phải dùng mới biết dc	2025-09-12 13:48:18	2026-09-29 00:30:47
sp_67979370448	shopee	27706747428	general	Sạc Dự Phòng 30000mah Sạc Nhanh Màn Hình Led Tích Hợp 2 Đầu Sạc Tiện Dụng Sạc Cho Iphone Và Android	120W 10.000mAh	5	Sản phẩm rất đẹp tôi rất yêu sản phẩm này rất ok rất tuyệt cà là vời	2025-08-14 18:05:30	2026-09-29 00:30:48
sp_69869997923	shopee	27706747428	general	Sạc Dự Phòng 30000mah Sạc Nhanh Màn Hình Led Tích Hợp 2 Đầu Sạc Tiện Dụng Sạc Cho Iphone Và Android	120W 10.000mAh	5	Cục sạc này pin trâu sài okay có đèn có dây tích sẵn hợp túi tiền nên mua nha	2025-08-26 00:54:23	2026-09-29 00:30:48
sp_82341539513	shopee	27706747428	general	Sạc Dự Phòng 30000mah Sạc Nhanh Màn Hình Led Tích Hợp 2 Đầu Sạc Tiện Dụng Sạc Cho Iphone Và Android	TZ100 30000mAh Trắng	5	Tốc độ:Ok Thiết kế:ok Chất liệu:ok Chất lượng tốt	2025-12-20 22:22:09	2026-09-29 00:30:48
sp_92486369632	shopee	27706747428	general	Sạc Dự Phòng 30000mah Sạc Nhanh Màn Hình Led Tích Hợp 2 Đầu Sạc Tiện Dụng Sạc Cho Iphone Và Android	TZ100 30000mAh Trắng	5	Ban đầu thấy đẹp để từ từ coi sao	2026-03-18 22:01:37	2026-09-29 00:30:48
sp_75278072028	shopee	27706747428	general	Sạc Dự Phòng 30000mah Sạc Nhanh Màn Hình Led Tích Hợp 2 Đầu Sạc Tiện Dụng Sạc Cho Iphone Và Android	TZ100 30000mAh Trắng	5	Đúng với mô tả:ddung Tốt	2025-09-27 15:48:09	2026-09-29 00:30:48
sp_16043272641	shopee	27706747428	general	Sạc Dự Phòng 30000mah Sạc Nhanh Màn Hình Led Tích Hợp 2 Đầu Sạc Tiện Dụng Sạc Cho Iphone Và Android		5	Sẽ ủng hộ shop thêm, hình ảnh chỉ mang tính chất để nhận xu	2024-08-02 20:07:54	2026-09-29 00:30:48
sp_94510043182	shopee	27706747428	general	Sạc Dự Phòng 30000mah Sạc Nhanh Màn Hình Led Tích Hợp 2 Đầu Sạc Tiện Dụng Sạc Cho Iphone Và Android	TZ100 30000mAh Trắng	5	Nhâ hàng đúng mẫu, sản phẩm chất lượng, hình ảnh chỉ mang tính chất nhận xu	2026-04-03 20:21:22	2026-09-29 00:30:48
sp_66731501044	shopee	27706747428	general	Sạc Dự Phòng 30000mah Sạc Nhanh Màn Hình Led Tích Hợp 2 Đầu Sạc Tiện Dụng Sạc Cho Iphone Và Android		5	Chất lượng sản phẩm:tốt Rất tuyệt vời	2025-08-09 13:33:37	2026-09-29 00:30:48
sp_62376091502	shopee	27706747428	general	Sạc Dự Phòng 30000mah Sạc Nhanh Màn Hình Led Tích Hợp 2 Đầu Sạc Tiện Dụng Sạc Cho Iphone Và Android	120W 10.000mAh	5	sản phẩm rất hữu dụng	2025-07-22 13:54:09	2026-09-29 00:30:48
sp_77432910176	shopee	27706747428	general	Sạc Dự Phòng 30000mah Sạc Nhanh Màn Hình Led Tích Hợp 2 Đầu Sạc Tiện Dụng Sạc Cho Iphone Và Android	TZ100 30000mah Đen	5	tôi nghĩ dung lượng thật chỉ là 20k mah thôi	2025-10-24 20:26:07	2026-09-29 00:30:48
sp_9446044400	shopee	20625866584	general	Cường lực chống nhìn trộm có khung tự dán cho iphone 11 pro max 12 pro max 13 promax x xr xs max 7 8 plus 14 15 16 17	11 PROMAX [HỘP VÀNG]	5	Có lưới loa chống bụi, cường lực dày, chất lượng, kính kingkong nên tin tưởng. Có khung rất dễ dán. thích nhất khả năng chống nhìn trộm. Rất ưng.	2022-09-02 14:34:12	2026-09-29 00:30:58
sp_13252654557	shopee	20625866584	general	Cường lực chống nhìn trộm có khung tự dán cho iphone 11 pro max 12 pro max 13 promax x xr xs max 7 8 plus 14 15 16 17	11 PROMAX [HỘP VÀNG]	5	Chất lượng sản phẩm:good Đúng với mô tả:đầy đủ Quá hài lòng! Đầy đủ theo mô tả đóng gói cẩn thận giao hàng nhanh. Ủng hộ shop vì đã mua nhiều mà chỉ có shop là mình được thấy cảm giác mua hàng mà yên tâm và hài lòng! Mọi người nên mua và ủng hộ!	2023-11-18 12:26:43	2026-09-29 00:30:58
sp_9456132691	shopee	20625866584	general	Cường lực chống nhìn trộm có khung tự dán cho iphone 11 pro max 12 pro max 13 promax x xr xs max 7 8 plus 14 15 16 17	13 PROMAX [HỘP VÀNG]	5	Chất lượng sản phẩm:Giống y video mô tả. Kính chống trộm rất tốt. vuốt mượt, Có khung nên rất dễ dán Đáng 5 sao về chất lượng. đáng tiền bỏ ra. Đóng gói sản phẩm chắc chắn . Cảm ơn shop .	2022-09-03 17:23:40	2026-09-29 00:30:58
sp_10721176843	shopee	20625866584	general	Cường lực chống nhìn trộm có khung tự dán cho iphone 11 pro max 12 pro max 13 promax x xr xs max 7 8 plus 14 15 16 17	13 PROMAX [HỘP VÀNG]	5	Chất lượng sản phẩm:tốt Đúng với mô tả:đúng Sản phẩm dễ dùng , mình dùng nhiều rồi nên hay mua và giới thiệu cho bb . Nên mua nha mn dễ dán lắm . Chất lượng tuyệt - Giá rẻ - đặt biệt shop đóng gói cẩn thận . Kiện mình nhận hộp mới toang . Ship giao hàng tận tình và chiều khách . Sẽ tiếp tục ủng hộ	2023-02-07 07:43:07	2026-09-29 00:30:58
sp_11565099300	shopee	20625866584	general	Cường lực chống nhìn trộm có khung tự dán cho iphone 11 pro max 12 pro max 13 promax x xr xs max 7 8 plus 14 15 16 17	13 PRO [HỘP VÀNG]	5	Mua nhiều lần và chất lượng rất tốt, vận chuyển hàng 1 ngày là tới, sẽ còn ủng hộ shop dài dài, cường lực xài thích lắm ạ, tặng đc nhiều quà nữa	2023-05-23 15:56:46	2026-09-29 00:30:58
sp_13406448987	shopee	20625866584	general	Cường lực chống nhìn trộm có khung tự dán cho iphone 11 pro max 12 pro max 13 promax x xr xs max 7 8 plus 14 15 16 17	XS MAX [HỘP VÀNG]	5	Đúng với mô tả:good Chất lượng sản phẩm:good Tốt, không cần bàn, độ bền tương đối, giao hàng nhanh, tư vấn nhiệt tình, thân thiện. Sẽ tiếp tục ủng hộ shop.	2023-12-02 17:44:45	2026-09-29 00:30:58
sp_10081982297	shopee	20625866584	general	Cường lực chống nhìn trộm có khung tự dán cho iphone 11 pro max 12 pro max 13 promax x xr xs max 7 8 plus 14 15 16 17	12 PROMAX [HỘP VÀNG]	5	Chất lượng sản phẩm:toots Cường lực tốt nhất từ trước tới nay mình đã dùng, có sẵn khung nên rất dễ dán, kh bị bám vân tay, lau chùi dễ, giá rẻ, giao hàng nhanh, shop chu đáo	2022-11-17 14:31:21	2026-09-29 00:30:58
sp_11935920356	shopee	20625866584	general	Cường lực chống nhìn trộm có khung tự dán cho iphone 11 pro max 12 pro max 13 promax x xr xs max 7 8 plus 14 15 16 17	XS MAX [HỘP VÀNG]	5	Miếng dán dễ dán, tỷ lệ mờ được tầm 80%. Chất lượng tương ứng trong tầm giá. Shop dễ thương, phục vụ tốt. Đóng gói sản phẩm chắc chắn. Thời gian giao hàng nhanh.	2023-07-08 20:29:10	2026-09-29 00:30:58
sp_16531244994	shopee	20625866584	general	Cường lực chống nhìn trộm có khung tự dán cho iphone 11 pro max 12 pro max 13 promax x xr xs max 7 8 plus 14 15 16 17	11 PROMAX [HỘP VÀNG]	5	Đúng với mô tả:rat dung Chất lượng sản phẩm:tot lam nh sản phẩm rất tốt ạ, đã mua 2 lần ở shop , rất hài lòng	2024-09-11 15:17:36	2026-09-29 00:30:58
sp_15868557002	shopee	20625866584	general	Cường lực chống nhìn trộm có khung tự dán cho iphone 11 pro max 12 pro max 13 promax x xr xs max 7 8 plus 14 15 16 17	11 [HỘP VÀNG]	5	Giao hàng nhanh, đóng gói chắc chắn, bên trong đầy đủ phụ kiện, còn được tặng thêm quà, có khung nên dán màn hình k sợ bị lệch, ổn áp sẽ ủng hộ thêm	2024-07-17 11:20:32	2026-09-29 00:30:58
sp_9464395363	shopee	20625866584	general	Cường lực chống nhìn trộm có khung tự dán cho iphone 11 pro max 12 pro max 13 promax x xr xs max 7 8 plus 14 15 16 17	11 PROMAX [HỘP VÀNG]	5	Chất lượng sản phẩm:kính chống nhìn trộm dùng tốt. được tặng quà nữa Đã sử dụng nhiều loại chống trộm. Nhưng đánh giá cao loại này: 1. Thiết kế viền loa có lưới chống bụi bảo vệ tốt điện thoại 2. Khả năng chống nhìn trộm tốt 3. Có khung tự dán rất dễ dán 4. màn vuốt rất mượt. ko bị rít tay khi dùng. Cho 5 sao về chất lượng nhé.Có dịp mua tiếp	2022-09-04 18:01:45	2026-09-29 00:30:58
sp_13492653269	shopee	20625866584	general	Cường lực chống nhìn trộm có khung tự dán cho iphone 11 pro max 12 pro max 13 promax x xr xs max 7 8 plus 14 15 16 17	8PLUS TRẮNG [VÀNG]	5	Chất lượng sản phẩm:tốt Đúng với mô tả:đúng mô tả Giao hàng nhanh, đóng gói cẩn thận, được tặng nhiều quà. Gói hàng đẹp lắm ạ. Sẽ ủng hộ shop tiếp tục	2023-12-10 15:40:00	2026-09-29 00:30:58
sp_12392580707	shopee	20625866584	general	Cường lực chống nhìn trộm có khung tự dán cho iphone 11 pro max 12 pro max 13 promax x xr xs max 7 8 plus 14 15 16 17	14 PROMAX [HỘP VÀNG]	5	Chất lượng sản phẩm:rất tốt Đóng gói cẩn thận,lời nhắn nhủ từ shop rất dễ thương,kính qá đẹp dễ dán cho nhữg tay ngag như mình..tks shop sẽ ủng hộ dài dài	2023-08-26 14:31:54	2026-09-29 00:30:58
sp_40950409318	shopee	20625866584	general	Cường lực chống nhìn trộm có khung tự dán cho iphone 11 pro max 12 pro max 13 promax x xr xs max 7 8 plus 14 15 16 17	15 [HỘP VÀNG]	5	Đúng với mô tả:Sản phẩm đúng với mô tả Chất lượng sản phẩm:chất lượng sản phẩm tốt Giao hàng nhanh, đóng gói cẩn thận. Sản phẩm tốt.	2025-05-06 21:40:22	2026-09-29 00:30:58
sp_10412508288	shopee	20625866584	general	Cường lực chống nhìn trộm có khung tự dán cho iphone 11 pro max 12 pro max 13 promax x xr xs max 7 8 plus 14 15 16 17	11 [HỘP VÀNG]	5	Chất lượng sản phẩm:tốt Mình là người khá kỹ tính trong việc mua hàng, mà shop này lại làm mình vui vẻ khi mua hàng thì là một thành công lớn của shop này rồi đấy Không phải tự dưng mà tuy khen shop này đâu nhé. Đồ gì đâu mà vừa chất lượng lại vừa có giá vô cùng rẻ nữa chứ	2022-12-27 11:21:12	2026-09-29 00:30:58
sp_13000187033	shopee	20625866584	general	Cường lực chống nhìn trộm có khung tự dán cho iphone 11 pro max 12 pro max 13 promax x xr xs max 7 8 plus 14 15 16 17	12 PROMAX [HỘP VÀNG]	5	Chất lượng sản phẩm:ok Đúng với mô tả:chuẩn Hàng đẹp lắm! Ưng ý đóng gói cẩn thận giao hàng nhanh....uy tín...sẽ ủng hộ nhìu lần nữa👍	2023-10-26 16:34:29	2026-09-29 00:30:58
sp_12604807926	shopee	20625866584	general	Cường lực chống nhìn trộm có khung tự dán cho iphone 11 pro max 12 pro max 13 promax x xr xs max 7 8 plus 14 15 16 17	14 PROMAX [HỘP VÀNG]	5	Đúng với mô tả:đúng với mô tả của shop Chất lượng sản phẩm:rất tốt Shop nhiệt tình sản phẩm đúng có chống nhìn trộm dễ dán rất ưng	2023-09-16 23:16:22	2026-09-29 00:30:58
sp_10481898488	shopee	20625866584	general	Cường lực chống nhìn trộm có khung tự dán cho iphone 11 pro max 12 pro max 13 promax x xr xs max 7 8 plus 14 15 16 17	11 PROMAX [HỘP VÀNG]	5	Chất lượng sản phẩm:giong voi hinh shop up Giao nhanh, kính dễ dán dễ sử dung, bền, thank shop, mình mua được máy lần rùi	2023-01-05 18:27:20	2026-09-29 00:30:58
sp_11374348689	shopee	20625866584	general	Cường lực chống nhìn trộm có khung tự dán cho iphone 11 pro max 12 pro max 13 promax x xr xs max 7 8 plus 14 15 16 17	11 PROMAX [HỘP VÀNG]	5	Chất lượng sản phẩm:rất tốt Shop đóng gói kỹ đầy đủ phụ kiện quà tặng các bạn nên sử dụng thử 1 lần nha. Giá thì không thể rẻ hơn cho một sản phẩm chất lượng như vầy. Cảm ơn shop	2023-04-29 11:00:13	2026-09-29 00:30:58
sp_12799518509	shopee	20625866584	general	Cường lực chống nhìn trộm có khung tự dán cho iphone 11 pro max 12 pro max 13 promax x xr xs max 7 8 plus 14 15 16 17	13 PRO [HỘP VÀNG]	5	Đúng với mô tả:Oki Giao hàng nhanh! Shop chu đáo, chuẩn bị tặng kèm đủ thứ các kiểu, màn hình dán rất ok gửi shop 5 sao nhé!	2023-10-08 11:21:47	2026-09-29 00:30:58
sp_11918850704	shopee	20625866584	general	Cường lực chống nhìn trộm có khung tự dán cho iphone 11 pro max 12 pro max 13 promax x xr xs max 7 8 plus 14 15 16 17	7PLUS TRẮNG [VÀNG]	5	Đúng với mô tả:đúng mô tả chống nhìn trộm Chất lượng sản phẩm:tạm ổn trong tầm giá Sản phẩm đóng gói kỹ càng mua đc flash sale như vậy là quá hài lòng. Lần đầu mua hàng còn chưa yên tâm về chất lượng nhưg sau khi nhận hàng thì sản phẩm ok phù hợp với giá tiền nên sẽ ủng hộ shop dài dài. Cho shop 5 sao luôn vì thời gian giao hàng cũng rất nhanh	2023-07-06 22:53:56	2026-09-29 00:30:58
sp_12395536284	shopee	20625866584	general	Cường lực chống nhìn trộm có khung tự dán cho iphone 11 pro max 12 pro max 13 promax x xr xs max 7 8 plus 14 15 16 17	11 [HỘP VÀNG]	5	Đúng với mô tả:như hình Chất lượng sản phẩm:tốt Giao hàng nhanh, mua mỗi cái cường lực mà kèm rất nhiều thứ, bọc rất cẩn thận đáng tiền. Mọi người nên mua	2023-08-26 19:48:24	2026-09-29 00:30:58
sp_77316740051	shopee	20625866584	general	Cường lực chống nhìn trộm có khung tự dán cho iphone 11 pro max 12 pro max 13 promax x xr xs max 7 8 plus 14 15 16 17	12 PROMAX [HỘP VÀNG]	5	Kính cường lực xài em lắm hàng chất lượng cao giá rẻ chống nhìn trộm hiệu quả shop tư vấn nhiệt tình giao hàng nhanh chóng lúc trước không biết mình mua ở ngoài giá mắc hơn gấp 23 lần xanh xa le giá tốt sẽ ủng hộ shop dài dài shipper nhiệt tình thân thiện giao hàng cực nhanh	2025-10-23 15:24:15	2026-09-29 00:30:58
sp_11845068151	shopee	20625866584	general	Cường lực chống nhìn trộm có khung tự dán cho iphone 11 pro max 12 pro max 13 promax x xr xs max 7 8 plus 14 15 16 17	X / XS [HỘP VÀNG]	5	Chất lượng sản phẩm:tốt Đúng với mô tả:đúng Shop chuẩn bị và giao hàng nhanh, chất lượng sản phẩm ổn, đóng gói chắc chắn, giao đủ số lượng...	2023-06-27 17:59:01	2026-09-29 00:30:58
sp_62891303661	shopee	20625866584	general	Cường lực chống nhìn trộm có khung tự dán cho iphone 11 pro max 12 pro max 13 promax x xr xs max 7 8 plus 14 15 16 17	XS MAX [HỘP VÀNG]	5	Chất lượng sản phẩm:ok tuyet voi Đúng với mô tả:đúng đúng Giao hàng nhanh đóng gói kỹ càng,phụ kiện đầy đủ dễ làm,giá rẻ nên mua nha cả nhà	2025-07-24 22:00:14	2026-09-29 00:30:58
sp_81241341109	shopee	20625866584	general	Cường lực chống nhìn trộm có khung tự dán cho iphone 11 pro max 12 pro max 13 promax x xr xs max 7 8 plus 14 15 16 17	XR [HỘP VÀNG]	5	Chống nhìn trộm:tốt lắm Cường lực:dày Khung tự dán:dễ dán, dán lần đầu 1 phát ăn ngay Rẻ, kính dày ok k dễ bị xước, chống nhìn trộm siêuu tốt luôn mà giao hàng nhanh nữa. Bộ kit dán dễ cực, làm theo hướng dẫn với lau màn hình dt kĩ là k bị bụi vs bong bóng hihi. Quá ưng nên có dịp chắc chắn sẽ mua lại	2025-12-10 17:20:13	2026-09-29 00:30:58
sp_74662323970	shopee	20625866584	general	Cường lực chống nhìn trộm có khung tự dán cho iphone 11 pro max 12 pro max 13 promax x xr xs max 7 8 plus 14 15 16 17	15 PROMAX [HỘP VÀNG]	5	Đã nhận được sản phẩm, giao hàng siêu nhanh, đóng gói cẩn thận. Móc treo chất lượng, màu trắng đẹp, dán tường chắc chắn không bị rơi. Đã thử treo áo khoác và túi xách vẫn rất ổn. Dễ sử dụng, phù hợp cho phòng trọ nhỏ. Rất hài lòng, sẽ giới thiệu cho bạn bè mua thêm.	2025-09-22 14:01:11	2026-09-29 00:30:58
sp_90553411037	shopee	20625866584	general	Cường lực chống nhìn trộm có khung tự dán cho iphone 11 pro max 12 pro max 13 promax x xr xs max 7 8 plus 14 15 16 17	12 PRO [HỘP VÀNG]	5	Chống nhìn trộm:rất tốt Cường lực:dày và bền Khung tự dán:giúp dán dễ dàng mà không bị lệch Hàng về cũng khá nhanh,miếng dán cường lực dày và bền,có khả năng chống nhìn trộm rất tốt,có cả khung tự dán giúp dán rất dễ dàng mà không bị lệch!ổn nha!	2026-03-02 13:34:43	2026-09-29 00:30:58
sp_11774607969	shopee	20625866584	general	Cường lực chống nhìn trộm có khung tự dán cho iphone 11 pro max 12 pro max 13 promax x xr xs max 7 8 plus 14 15 16 17	11 [HỘP VÀNG]	5	Kính dán siêu dễ, khớp nữa. Kính tràn camera luôn nên là bảo vệ được camera. Chứ mấy kính đó giờ mình xài ngta hay khoét lỗ camera trước với loa thoại, xài lâu bám bụi kinh khủng. Nhưng kính của shop thì xịn, không bị bám bụi. Ưng dã man. Này là điện thoại mình quay ở ngoài trời sáng, để 80% độ sáng, chống nhìn trộm ok lắm nha. Kính cũng mướt, không ảnh hưởng cảm ứng gì. Nói chung là ưng lắm ạ	2023-06-18 13:52:58	2026-09-29 00:30:58
sp_9566566431	shopee	20625866584	general	Cường lực chống nhìn trộm có khung tự dán cho iphone 11 pro max 12 pro max 13 promax x xr xs max 7 8 plus 14 15 16 17	11 [HỘP VÀNG]	5	Chất lượng sản phẩm:kinhs cường lực Sp khá tốt nha mn, k cần phải tự canh đề dán mà đã có khung rồi, chống trộm tốt	2022-09-15 10:27:51	2026-09-29 00:30:58
sp_25513386805	shopee	20625866584	general	Cường lực chống nhìn trộm có khung tự dán cho iphone 11 pro max 12 pro max 13 promax x xr xs max 7 8 plus 14 15 16 17	11 [HỘP VÀNG]	5	Chất lượng sản phẩm:ok Đúng với mô tả:ok Ok đến ko ngờ luôn Chuẩn chỉnh Ngon lành ko thua gì ngoài tiệm Mua đây còn check chất lượng được Giá ổn nhất hệ mua bữa giờ Ủng hộ shop lâu dài Cảm ơn shop Chúc shop năm mới phát tài 🥰	2025-01-02 10:59:04	2026-09-29 00:30:58
sp_44901177812	shopee	20625866584	general	Cường lực chống nhìn trộm có khung tự dán cho iphone 11 pro max 12 pro max 13 promax x xr xs max 7 8 plus 14 15 16 17	16 PROMAX [HỘP VÀNG]	5	Đúng với mô tả:đúng Chất lượng sản phẩm:tốt Shop dao hàng nhanh, gói hàng cẩn thận, đúng với những gì mô tả,sẽ ủng hộ shop nhiều lần sau, chúc shop bán đắt hàng, bạn ship rât nhiệt tình	2025-05-28 14:53:16	2026-09-29 00:30:58
sp_13231676428	shopee	20625866584	general	Cường lực chống nhìn trộm có khung tự dán cho iphone 11 pro max 12 pro max 13 promax x xr xs max 7 8 plus 14 15 16 17	13 [HỘP VÀNG]	5	Đúng với mô tả:dung Chất lượng sản phẩm:tot Mình mua của shop tới giờ là cái thứ 4 luôn rồi đó ạ. Mình xài còn giới thiệu cho bạn với người thân mua xài nữa.	2023-11-16 18:00:09	2026-09-29 00:30:58
sp_108821653517	shopee	20625866584	general	Cường lực chống nhìn trộm có khung tự dán cho iphone 11 pro max 12 pro max 13 promax x xr xs max 7 8 plus 14 15 16 17	11 PROMAX [HỘP VÀNG]	5	Kính cường lực chất lượng khá tốt, dán lên màn hình vừa vặn, trong suốt và cảm ứng nhạy. Bề mặt mịn, ít bám vân tay, lau chùi cũng dễ. Đóng gói cẩn thận, giao hàng nhanh, kính không bị nứt hay trầy xước. Với mức giá này thì mình thấy khá ổn, sẽ ủng hộ lần sau.	2026-09-07 18:41:20	2026-09-29 00:30:58
sp_16108918389	shopee	20625866584	general	Cường lực chống nhìn trộm có khung tự dán cho iphone 11 pro max 12 pro max 13 promax x xr xs max 7 8 plus 14 15 16 17	11 PROMAX [HỘP VÀNG]	5	Shop quấn chống sốc kĩ. Có khung dán rất dễ. Chống nhìn trộm tốt. Giá rẻ hơn các shop khác. Sẽ mua thê. Hài lòng	2024-08-08 19:11:30	2026-09-29 00:30:58
sp_11131164943	shopee	20625866584	general	Cường lực chống nhìn trộm có khung tự dán cho iphone 11 pro max 12 pro max 13 promax x xr xs max 7 8 plus 14 15 16 17	7PLUS TRẮNG [VÀNG]	5	Đúng với mô tả:đúng Chất lượng sản phẩm:tốt Cường lực kingkong chống nhìn trộm có khung tự dán cho iPhone 7 plus - đèn đẹp quá ủng hộ nhé 🥰🥰🥰🥰🥰	2023-03-31 11:07:28	2026-09-29 00:30:58
sp_97643496754	shopee	20625866584	general	Cường lực chống nhìn trộm có khung tự dán cho iphone 11 pro max 12 pro max 13 promax x xr xs max 7 8 plus 14 15 16 17	15 PROMAX [HỘP VÀNG]	5	Chống nhìn trộm:chống nhìn tốt Cường lực:dầy dặn oke Khung tự dán:dể dán có khung sẵng ụp vào là oke Giao hàng nhanh. Hàng tốt chất lượng tốt shop nhiệt tình mua về tự dán có sẵn khung. Đã mua nhiều lần bên shop rồi cảm thấy rất hài lòng.	2026-05-06 18:10:47	2026-09-29 00:30:58
sp_11703080186	shopee	20625866584	general	Cường lực chống nhìn trộm có khung tự dán cho iphone 11 pro max 12 pro max 13 promax x xr xs max 7 8 plus 14 15 16 17	13 PRO [HỘP VÀNG]	5	Shop dễ thương dữ, tặng kèm khẩu trang và thiệp cảm ơn, cam kết hoàn hàng nếu bể vỡ khi vận chuyển Giá sản phẩm tốt, đóng gói và phụ kiện đi kèm đầy đủ	2023-06-09 23:08:43	2026-09-29 00:30:58
sp_10592750766	shopee	20625866584	general	Cường lực chống nhìn trộm có khung tự dán cho iphone 11 pro max 12 pro max 13 promax x xr xs max 7 8 plus 14 15 16 17	7PLUS TRẮNG [VÀNG]	5	Chất lượng sản phẩm:tuyệt vờii Đúng với mô tả:giống i xìiii Shop đáng iu tặng cả khẩu trang Đóng gói cẩn thận Giao hàng nhanh Chất lượng sản phẩm so với giá tiền quá mong đợiiii	2023-01-19 12:19:08	2026-09-29 00:30:58
sp_11452613315	shopee	20625866584	general	Cường lực chống nhìn trộm có khung tự dán cho iphone 11 pro max 12 pro max 13 promax x xr xs max 7 8 plus 14 15 16 17	XS MAX [HỘP VÀNG]	5	Đúng với mô tả:tốt Chất lượng sản phẩm:rất tốt nhe đóng gói kĩ, giao hàng nhanh, shipper thân thiện dễ thương, được tặng thêm một cái khẩu trang nữa ạ	2023-05-09 11:30:44	2026-09-29 00:30:58
sp_10311079136	shopee	20625866584	general	Cường lực chống nhìn trộm có khung tự dán cho iphone 11 pro max 12 pro max 13 promax x xr xs max 7 8 plus 14 15 16 17	11 [HỘP VÀNG]	5	Chất lượng sản phẩm:tto Đúng với mô tả:chuan Sản phẩm tốt,dễ dán ,nhìn xịn sò lắm ,mọi ng dán lưu ý lau thật sạch màn hình điện thoại để ko bị hở nha ,nói chung dùng rất oki ,lần sau sẽ ủng hộ thêm	2022-12-15 10:07:17	2026-09-29 00:30:58
sp_11276359324	shopee	20625866584	general	Cường lực chống nhìn trộm có khung tự dán cho iphone 11 pro max 12 pro max 13 promax x xr xs max 7 8 plus 14 15 16 17	12 PRO [HỘP VÀNG]	5	Chất lượng sản phẩm:chất lượng tốt Đúng với mô tả:đúng với mô tả Mua lần thứ hai cảm ơn shop, rất dễ sử dụng, cảm ơn shop có tặng kèm khẩu trang	2023-04-15 11:54:57	2026-09-29 00:30:58
sp_32887066573	shopee	20625866584	general	Cường lực chống nhìn trộm có khung tự dán cho iphone 11 pro max 12 pro max 13 promax x xr xs max 7 8 plus 14 15 16 17	13 [HỘP VÀNG]	5	Đúng với mô tả:nhận hàng đúng ngày đóng hàng giao cẩn thận lắm Chất lượng sản phẩm:sài êm, tốt lắm phù hợp với số tiền mjh bỏ ra Nói chung là hài lòng	2025-03-14 09:25:26	2026-09-29 00:30:58
sp_87690471847	shopee	20625866584	general	Cường lực chống nhìn trộm có khung tự dán cho iphone 11 pro max 12 pro max 13 promax x xr xs max 7 8 plus 14 15 16 17	11 [HỘP VÀNG]	5	Kính cường lực chống trộm 2 bên bám chắc, che nhìn hiệu quả, bảo vệ quyền riêng tư tốt. Độ trong cao khi nhìn trực diện, thao tác mượt. Chống trầy xước ổn, hạn chế bám vân tay. Dán dễ, viền kín, bảo vệ màn hình an tâm.	2026-02-06 08:31:45	2026-09-29 00:30:58
sp_9446138091	shopee	20625866584	general	Cường lực chống nhìn trộm có khung tự dán cho iphone 11 pro max 12 pro max 13 promax x xr xs max 7 8 plus 14 15 16 17	12 PROMAX [HỘP VÀNG]	5	Chất lượng sản phẩm:kính rất mượt, cảm giác khác biệt so với kính thông thường. chống trộm tốt. thật sự là mình không ngờ kính cường lực ở shop này nó lại đẹp xịn đến vậy nó rất đáng với số tiền, mình thích nhất ở cái kính này là nó được thiết kế siêu vừa với vái điện thoại mình	2022-09-02 14:46:26	2026-09-29 00:30:58
sp_10008724738	shopee	20625866584	general	Cường lực chống nhìn trộm có khung tự dán cho iphone 11 pro max 12 pro max 13 promax x xr xs max 7 8 plus 14 15 16 17	13 PRO [HỘP VÀNG]	5	Chất lượng sản phẩm:chất lượng tốt Đúng với mô tả:đúng như hình Cảm ơn shop, mình đã nhận được hàng gòi, rất chất lượng và rất dể dùng, mình vừa dán lên chiêc điện thoại của mình và rất hài lòng.	2022-11-09 14:23:45	2026-09-29 00:30:58
sp_13954602991	shopee	20625866584	general	Cường lực chống nhìn trộm có khung tự dán cho iphone 11 pro max 12 pro max 13 promax x xr xs max 7 8 plus 14 15 16 17	XS MAX [HỘP VÀNG]	5	Chất lượng sản phẩm tuyệt với rất xinh và dễ thương luôn, đóng gói sản phẩm chắc chắn đẹp, giá cả hợp lý quá rẻ, thời gian giao hàng nhanh.Tuyệt vời 5 sao 🌟	2024-01-21 22:21:50	2026-09-29 00:30:58
sp_13711716227	shopee	20625866584	general	Cường lực chống nhìn trộm có khung tự dán cho iphone 11 pro max 12 pro max 13 promax x xr xs max 7 8 plus 14 15 16 17	11 [HỘP VÀNG]	5	Chất lượng sản phẩm:toots hown tốt Đúng với mô tả:đúng tuyệt đúng nên mua có hướng dẫn chi tiết bên chat đầy đủ dụng cụ dể làm okla nhaa!!!	2023-12-29 17:15:33	2026-09-29 00:30:58
sp_16184753762	shopee	20625866584	general	Cường lực chống nhìn trộm có khung tự dán cho iphone 11 pro max 12 pro max 13 promax x xr xs max 7 8 plus 14 15 16 17	X / XS [HỘP VÀNG]	5	Đúng với mô tả:dung Chất lượng sản phẩm:tot Hàng đóng gói rất đẹp và chắc chắn Quả nhiên người bán đã gửi gắm rất nhiều tâm tư và tình cảm trong lúc gói hàng. Hộp không có dấu hiệu bị móp, chứng tỏ bộ phận vận chuyển đã nâng niu chúng rất nhiều. Xin nghiêng mình cảm ơn vì tất cả.	2024-08-14 21:48:11	2026-09-29 00:30:58
sp_15972439154	shopee	20625866584	general	Cường lực chống nhìn trộm có khung tự dán cho iphone 11 pro max 12 pro max 13 promax x xr xs max 7 8 plus 14 15 16 17	12 PRO [HỘP VÀNG]	5	Đúng với mô tả:dep Chất lượng sản phẩm:chống tốt Dán dễ chống thộm tốt giá rẻ nữa rất ok tuyệt vời nên mua nha mọi người 🤣🤣	2024-07-27 10:46:17	2026-09-29 00:31:00
sp_91476504555	shopee	20625866584	general	Cường lực chống nhìn trộm có khung tự dán cho iphone 11 pro max 12 pro max 13 promax x xr xs max 7 8 plus 14 15 16 17	11 [HỘP VÀNG]	5	Chống nhìn trộm:khả năng chống nhìn trộm tốt Cường lực:kính dày Khung tự dán:khung hỗ trợ tốt Shop giao hàng nhanh, đóng gói kĩ, kính giá rẻ, chất lượng tốt	2026-03-09 15:06:29	2026-09-29 00:31:00
sp_89994915034	shopee	20625866584	general	Cường lực chống nhìn trộm có khung tự dán cho iphone 11 pro max 12 pro max 13 promax x xr xs max 7 8 plus 14 15 16 17	15 PRO [HỘP VÀNG]	5	Sản phẩm thiết kế đẹp mắt, chất lượng vượt mong đợi. Chất liệu bền chắc, cầm rất đầm tay, từng chi tiết được hoàn thiện chỉn chu, tinh tế. Mình đã sử dụng và cực kỳ hài lòng – không chỉ đáp ứng tốt nhu cầu mà còn mang lại cảm giác sang trọng, cao cấp. Đóng gói kỹ lưỡng, giao hàng nhanh. Rất đáng tiền, chắc chắn sẽ ủng hộ dài lâu!	2026-02-25 18:17:30	2026-09-29 00:31:00
sp_16131090429	shopee	20625866584	general	Cường lực chống nhìn trộm có khung tự dán cho iphone 11 pro max 12 pro max 13 promax x xr xs max 7 8 plus 14 15 16 17	14 PROMAX [HỘP VÀNG]	5	Giao hàng nhanh. Đủ số lượng sản phẩm. Thấy shop có nhiều đánh giá tốt và được bạn giới thiệu nên mình mua kính ở đây, bạn mình dùng kính cường lực ở đây giá rất ok chất lượng thì khỏi bàn. Lần sau sẽ quay lại ủng hộ cho shop nhé! Shop dễ thương lắm nha	2024-08-10 15:26:31	2026-09-29 00:31:00
sp_16163832426	shopee	20625866584	general	Cường lực chống nhìn trộm có khung tự dán cho iphone 11 pro max 12 pro max 13 promax x xr xs max 7 8 plus 14 15 16 17	12 PROMAX [HỘP VÀNG]	5	Chất lượng sản phẩm:tốt Đúng với mô tả:đúng Hàng OK nha mọi người, giá rẻ, nên mua lắm, chống nhìn trộm rất là tốt cho người thích riêng tư.	2024-08-13 09:04:18	2026-09-29 00:31:00
sp_10698599449	shopee	20625866584	general	Cường lực chống nhìn trộm có khung tự dán cho iphone 11 pro max 12 pro max 13 promax x xr xs max 7 8 plus 14 15 16 17	11 [HỘP VÀNG]	5	Chất lượng sản phẩm:rất tốt Đúng với mô tả:vừa khít với đt mà mình đang sử dụng Shop tư vấn nhiệt tình, đóng gói cẩn thận và giao hàng rất nhanh. Mới đặt hôm qua hôm nay đã nhận được hàng rồi ạ	2023-02-04 14:55:51	2026-09-29 00:31:00
sp_20480453534	shopee	20625866584	general	Cường lực chống nhìn trộm có khung tự dán cho iphone 11 pro max 12 pro max 13 promax x xr xs max 7 8 plus 14 15 16 17	11 [HỘP VÀNG]	5	Đúng với mô tả:dung Chất lượng sản phẩm:tốt Shop giao hành nhanh.đóng gói sản phẩm rất cẩn thận và chu đáo.sản phẩm chất lượng tốt.còn đc tặng kèm 1 chiếc khẩu trang.chất lượng tốt sẽ ủng hộ shop những lần sau	2024-12-05 05:09:15	2026-09-29 00:31:00
sp_19626301734	shopee	20625866584	general	Cường lực chống nhìn trộm có khung tự dán cho iphone 11 pro max 12 pro max 13 promax x xr xs max 7 8 plus 14 15 16 17	11 [HỘP VÀNG]	5	Đúng với mô tả:đúng với mô tả ở shop Chất lượng sản phẩm:ok Giao hàng nhanh Shipper rất hiểu ý khi giao trong giờ hành chính tại cơ quan làm việc của tôi Hàng chuẩn, bao gói, hộp đầy đủ dụng cụ có thể tự làm mà không cần đi đâu xa Kính chắc chắn , chống nhìn trộm tốt nha Còn mua nữa	2024-11-25 10:11:37	2026-09-29 00:31:00
sp_13782118361	shopee	20625866584	general	Cường lực chống nhìn trộm có khung tự dán cho iphone 11 pro max 12 pro max 13 promax x xr xs max 7 8 plus 14 15 16 17	13 PRO [HỘP VÀNG]	5	Chất lượng sản phẩm:ok Đúng với mô tả:dung Giao hàng nhanh, tặng quá trời quà, kính dán ổn áp, đóng gói cẩn thận, giá rẻ nên mua	2024-01-06 00:39:48	2026-09-29 00:31:00
sp_94967672274	shopee	20625866584	general	Cường lực chống nhìn trộm có khung tự dán cho iphone 11 pro max 12 pro max 13 promax x xr xs max 7 8 plus 14 15 16 17	13 [HỘP VÀNG]	5	Đã mua lại nhiều lần, kính này dùng tốt nhẹ, chống nhìn trộm rất tốt, giá cả phải chăng, sẽ mua lại dài dài nhiều lần	2026-04-07 12:48:11	2026-09-29 00:31:00
sp_10302695937	shopee	20625866584	general	Cường lực chống nhìn trộm có khung tự dán cho iphone 11 pro max 12 pro max 13 promax x xr xs max 7 8 plus 14 15 16 17	11 [HỘP VÀNG]	5	Chất lượng sản phẩm:mới sử dụng nên chưa biết Đúng với mô tả:đúng Sản phẩm giá tốt chống nhìn trôm bình thường. Shop tặng quà kèm theo khá nhiều	2022-12-14 14:06:03	2026-09-29 00:31:00
sp_10193514157	shopee	20625866584	general	Cường lực chống nhìn trộm có khung tự dán cho iphone 11 pro max 12 pro max 13 promax x xr xs max 7 8 plus 14 15 16 17	11 [HỘP VÀNG]	5	Chất lượng sản phẩm:toots Đúng với mô tả:đúng Mn ơi rất đỉnh lun ạ, kính xài rất oki, dễ dán lắm nhé, shop pv tốt, hỗ trợ nhiệt tình, còn đc tặng quà kèm nữa thích lứm🥹🥹	2022-11-30 18:26:43	2026-09-29 00:31:00
sp_13318116169	shopee	20625866584	general	Cường lực chống nhìn trộm có khung tự dán cho iphone 11 pro max 12 pro max 13 promax x xr xs max 7 8 plus 14 15 16 17	12 PRO [HỘP VÀNG]	5	Chất lượng sản phẩm:sản phẩm tốt Đúng với mô tả:đúng mô tả Mua hàng còn được shop tặng tấm thiệp với món quà nhỏ nhỏ là cái khẩu trang nữa, 10đ cho shop vì sự tinh tế Giao hàng cũng nhanh nữa Đáng mua nhé mọi người	2023-11-24 12:18:13	2026-09-29 00:31:00
sp_9455239192	shopee	20625866584	general	Cường lực chống nhìn trộm có khung tự dán cho iphone 11 pro max 12 pro max 13 promax x xr xs max 7 8 plus 14 15 16 17	12 PROMAX [HỘP VÀNG]	5	Chất lượng sản phẩm:đáng tiền Kính chất lượng, mua hẳn 3 kính. cần dùng khi sài. Về mặt bên ngoài nhìn rất chắc chắn. Đóng gói cẩn thận. Đáng mua. Giao hàng nhanh lắm. Mới đặt hôm qua mà hôm nay nhận được rồi. 10sao về khâu giao hàng nhé	2022-09-03 15:35:54	2026-09-29 00:31:00
sp_14552255418	shopee	20625866584	general	Cường lực chống nhìn trộm có khung tự dán cho iphone 11 pro max 12 pro max 13 promax x xr xs max 7 8 plus 14 15 16 17	X / XS [HỘP VÀNG]	5	Đúng với mô tả:cường lực iphone X Chất lượng sản phẩm:tốt Dễ dán cường lực, chất lượng tốt, giao hàng nhanh. Sẽ ủng hộ shop trong những lần mua tiếp theo.	2024-03-17 17:58:10	2026-09-29 00:31:00
sp_13250652906	shopee	20625866584	general	Cường lực chống nhìn trộm có khung tự dán cho iphone 11 pro max 12 pro max 13 promax x xr xs max 7 8 plus 14 15 16 17	11 PROMAX [HỘP VÀNG]	5	Chất lượng sản phẩm:sản phẩm chất lượng Đúng với mô tả:tốt Sản phẩm chất lượng tuyệt vời giá cả hợp lý mọi người nên mua	2023-11-18 09:28:05	2026-09-29 00:31:00
sp_11687993149	shopee	20625866584	general	Cường lực chống nhìn trộm có khung tự dán cho iphone 11 pro max 12 pro max 13 promax x xr xs max 7 8 plus 14 15 16 17	12 PROMAX [HỘP VÀNG]	5	Chất lượng sản phẩm:tot Đúng với mô tả:đúng Giao hành nhanh và đóng gói tốt. Sản phẩm chất lượng và đúng với mô tả. Dễ dán và không bị bụi. cám ơn shop	2023-06-08 14:36:57	2026-09-29 00:31:00
sp_13039033042	shopee	20625866584	general	Cường lực chống nhìn trộm có khung tự dán cho iphone 11 pro max 12 pro max 13 promax x xr xs max 7 8 plus 14 15 16 17	15 [HỘP VÀNG]	5	Chất lượng sản phẩm:ok Đúng với mô tả:ok Sản phẩm đầy đủ, ship hàng nhanh, tư vấn nhiệt tình. 10 điẻmmmmmmmm, dễ sử dụng lắm	2023-10-30 13:15:22	2026-09-29 00:31:00
sp_15931399361	shopee	20625866584	general	Cường lực chống nhìn trộm có khung tự dán cho iphone 11 pro max 12 pro max 13 promax x xr xs max 7 8 plus 14 15 16 17	12 PRO [HỘP VÀNG]	5	Chất lượng sản phẩm:tốt Đúng với mô tả:đúng Shop tận tình, tặng nhiều sản phẩm đi kèm, xài tốt sau này sẽ ủng hộ tiếp	2024-07-23 10:18:49	2026-09-29 00:31:00
sp_15907385778	shopee	20625866584	general	Cường lực chống nhìn trộm có khung tự dán cho iphone 11 pro max 12 pro max 13 promax x xr xs max 7 8 plus 14 15 16 17	11 [HỘP VÀNG]	5	Chất lượng sản phẩm:tot ma re Đúng với mô tả:đúng Kính cường lực rất tốt, mà lại rẻ nữa. Đặc biệt cho cái khuôn dán nhanh cấp kì. 1 phút 30 giây là xong. Đỡ tốn 3 xị ra Cell phone store kkkk	2024-07-20 19:13:23	2026-09-29 00:31:00
sp_10742367660	shopee	20625866584	general	Cường lực chống nhìn trộm có khung tự dán cho iphone 11 pro max 12 pro max 13 promax x xr xs max 7 8 plus 14 15 16 17	12 PRO [HỘP VÀNG]	5	Chất lượng sản phẩm:tốt Đúng với mô tả:đúng chuẩn Miếng dán dễ dán , đẹp . Chất lượng giá đẹp luôn🤣. Sẽ ủng hộ cho lần sau này nhé . Cảm ơn shop về mấy món quà ❤️	2023-02-09 17:15:21	2026-09-29 00:31:00
sp_9738595597	shopee	20625866584	general	Cường lực chống nhìn trộm có khung tự dán cho iphone 11 pro max 12 pro max 13 promax x xr xs max 7 8 plus 14 15 16 17	XS MAX [HỘP VÀNG]	5	Chất lượng sản phẩm:hài lòng lắm Kiếng rất xịn xò. Chống nhìn trộm tốt. Hàng kingkong thì quá ok. Giá lại rẻ. Rất đáng tiền. Shop giao hàng nhanh đóng gói cẩn thận và đầy đủ. Còn có cho quá trời quà tặng.	2022-10-05 23:31:59	2026-09-29 00:31:00
sp_66577341294	shopee	20625866584	general	Cường lực chống nhìn trộm có khung tự dán cho iphone 11 pro max 12 pro max 13 promax x xr xs max 7 8 plus 14 15 16 17	12 PROMAX [HỘP VÀNG]	5	Đúng với mô tả:toot Chất lượng sản phẩm:rât tốt Kính dán dễ dàng , giá hợp lý . Shop giao nhanh đúng loại , uy tín . Nên mua dư 1-2 cái sau thay dễ dàng. 5 sao	2025-08-09 07:49:41	2026-09-29 00:31:00
sp_12551451476	shopee	20625866584	general	Cường lực chống nhìn trộm có khung tự dán cho iphone 11 pro max 12 pro max 13 promax x xr xs max 7 8 plus 14 15 16 17	13 PRO [HỘP VÀNG]	5	Đã mua lần 2, giá tốt, giao cực nhanh, chăm sóc khách hàng tốt, tặng kèm khẩu trang và có tờ giấy cảm ơn, giá mềm	2023-09-11 21:44:56	2026-09-29 00:31:00
sp_18065928531	shopee	20625866584	general	Cường lực chống nhìn trộm có khung tự dán cho iphone 11 pro max 12 pro max 13 promax x xr xs max 7 8 plus 14 15 16 17	13 PROMAX [HỘP VÀNG]	5	Chất lượng sản phẩm:dung Đúng với mô tả:dung Chất lượng sản phẩm tốt , nên mua , giao hành nhanh chóng , đóng gói sạch sẽ , kĩ càng , phù hợp , ngon , nla bla bla , nhu cầu sử dụng thường xuyên tốt , chúc shop phát triển nnansbbxbbxbxd	2024-11-10 07:22:01	2026-09-29 00:31:00
sp_12613306658	shopee	20625866584	general	Cường lực chống nhìn trộm có khung tự dán cho iphone 11 pro max 12 pro max 13 promax x xr xs max 7 8 plus 14 15 16 17	X / XS [HỘP VÀNG]	5	Đúng với mô tả:ok Chất lượng sản phẩm:tốt Đóng gói cẩn thận. Đc tặng khẩu trang. Chất lượng nha. Đầy đủ. Có khung sẵn. Mng nên mua. Giá thì quá rẻ. Ship bao nhanh. Có bảo hành vấn đề bể vở khi vận chuyển. Nchubg mình rất hài lòng. Mng ủng hộ cho shop nhìu nha. Feckback trong video rất có tâm. Xem nhooooo. Okiiiiiiiiiiii nhoooooio	2023-09-17 23:58:29	2026-09-29 00:31:00
sp_14281270790	shopee	20625866584	general	Cường lực chống nhìn trộm có khung tự dán cho iphone 11 pro max 12 pro max 13 promax x xr xs max 7 8 plus 14 15 16 17	14 PROMAX [HỘP VÀNG]	5	Đúng với mô tả:đúng mô tả Chất lượng sản phẩm:ok Giao hàng nhanh chóng - đóng gói kĩ càng Nhận hàng đủ số lượng Dán lên rất sáng điện thoại Sẽ ủng hộ thêm nếu có nhu cầu Shipper giao hàng nhiệt tình - đầu năm nhận hàng hài lòng nha	2024-02-23 12:25:41	2026-09-29 00:31:00
sp_10981996110	shopee	20625866584	general	Cường lực chống nhìn trộm có khung tự dán cho iphone 11 pro max 12 pro max 13 promax x xr xs max 7 8 plus 14 15 16 17	XS MAX [HỘP VÀNG]	5	Chất lượng sản phẩm:ok Đúng với mô tả:ok Kính ok , giao nhanh , shop nhiệt tình nên mua lắm nha mọi người đánh giá 5 sao	2023-03-12 13:46:38	2026-09-29 00:31:00
sp_10837811127	shopee	20625866584	general	Cường lực chống nhìn trộm có khung tự dán cho iphone 11 pro max 12 pro max 13 promax x xr xs max 7 8 plus 14 15 16 17	11 [HỘP VÀNG]	5	Đúng với mô tả:đúng Chất lượng sản phẩm:tốt Giao hàng nhanh ạ, mình đã đặt shop trc đó mấy lần rồi, thấy giá rẻ với chất lượng cũng ok lắm ạ, nên mới đặt thêm lần nữa, nhưng lần nào shop cũng chuẩn bị nhiều quà tặng kèm( khăn lau đt với phiếu quà tặng ) mình rất vui vì sự chu đáo đó. Đóng gói cẩn thận lắm ạ.	2023-02-22 15:29:48	2026-09-29 00:31:00
sp_88005005503	shopee	20625866584	general	Cường lực chống nhìn trộm có khung tự dán cho iphone 11 pro max 12 pro max 13 promax x xr xs max 7 8 plus 14 15 16 17	12 PROMAX [HỘP VÀNG]	5	Chất lượng sản phẩm:tốt Đúng với mô tả:đúng với nô tả Shop giao hàng nhanh , hàng đóng gói cẩn thận, shipper nhiệt tình, sử dụng rất tốt, đã mua lần 2 ở shop. Hài lòng về sản phẩm…Ủng hộ 5 sao cho sản phẩm của shop	2026-02-08 19:04:54	2026-09-29 00:31:00
sp_9598408812	shopee	20625866584	general	Cường lực chống nhìn trộm có khung tự dán cho iphone 11 pro max 12 pro max 13 promax x xr xs max 7 8 plus 14 15 16 17	XS MAX [HỘP VÀNG]	5	Chất lượng sản phẩm:đẹp Đúng với mô tả:đúng Đã nhận được hàng. Shop giao nhanh quá. Mới đặt hôm qua ma hôm nay giao rùi. Quà tặng cũng nhiều nữa ạ	2022-09-18 23:08:17	2026-09-29 00:31:00
sp_15672528051	shopee	20625866584	general	Cường lực chống nhìn trộm có khung tự dán cho iphone 11 pro max 12 pro max 13 promax x xr xs max 7 8 plus 14 15 16 17	13 PROMAX [HỘP VÀNG]	5	Shop đóng gói cẩn thận, chắc chắn. Sản phẩm đúng y như hình, mới. Shop tư vấn và hỗ trợ nhiệt tình. Thời gian đóng gói, giao hàng cũng khá nhanh chóng. Shop còn tặng thêm miếng dán mèo thần tài, một cái khẩu trang nữa. OK.	2024-06-30 11:03:03	2026-09-29 00:31:00
sp_10497359025	shopee	20625866584	general	Cường lực chống nhìn trộm có khung tự dán cho iphone 11 pro max 12 pro max 13 promax x xr xs max 7 8 plus 14 15 16 17	14 [HỘP VÀNG]	5	Chất lượng sản phẩm:tot nha Đúng với mô tả:dung ne Cường lực chống nhìn trộm tốt, shop nhiệt tình còn gửi quá trời quà tặng	2023-01-07 14:04:18	2026-09-29 00:31:00
sp_12270601767	shopee	20625866584	general	Cường lực chống nhìn trộm có khung tự dán cho iphone 11 pro max 12 pro max 13 promax x xr xs max 7 8 plus 14 15 16 17	11 PROMAX [HỘP VÀNG]	5	Chất lượng sản phẩm:ổn Đúng với mô tả:đúng Shop giao hàng đủ. Thân thiện. Giao đúng sản phẩm. Đóng gói tốt. Giá cả ổn. Chất lượng sản phẩm phù hợp với giá tiền.	2023-08-13 21:20:46	2026-09-29 00:31:00
sp_11187949304	shopee	20625866584	general	Cường lực chống nhìn trộm có khung tự dán cho iphone 11 pro max 12 pro max 13 promax x xr xs max 7 8 plus 14 15 16 17	XS MAX [HỘP VÀNG]	5	Đúng với mô tả:đúng Nhìn cũng chắc chắn, không biết Sài co bên không. chất lượng dịch vụ tốt, Shop có cam kết hoàn tiền nếu bể, có tặng 1 cái khẩu trang,	2023-04-06 16:46:42	2026-09-29 00:31:00
sp_10293130538	shopee	20625866584	general	Cường lực chống nhìn trộm có khung tự dán cho iphone 11 pro max 12 pro max 13 promax x xr xs max 7 8 plus 14 15 16 17	11 [HỘP VÀNG]	5	Giao hàng nhanh nha trong cong 24h đã nhận đc hàng, được shop tặng món quà là thấy thích rồi , hài lòng về shop còn chất lượng chờ thời gian su dung moi biết	2022-12-13 13:26:35	2026-09-29 00:31:00
sp_82527661679	shopee	20625866584	general	Cường lực chống nhìn trộm có khung tự dán cho iphone 11 pro max 12 pro max 13 promax x xr xs max 7 8 plus 14 15 16 17	11 [HỘP VÀNG]	5	Đả mua nhiều lần các sản phẩm tại shop, đóng gói kỷ, giá cả phải chăng, chất lượng tốt. Thank shop nhiều ,sẽ mua những lần tiếp theo 😘😘😘😘	2025-12-22 05:59:25	2026-09-29 00:31:00
sp_17355564517	shopee	20625866584	general	Cường lực chống nhìn trộm có khung tự dán cho iphone 11 pro max 12 pro max 13 promax x xr xs max 7 8 plus 14 15 16 17	14 PROMAX [HỘP VÀNG]	5	Chất lượng sản phẩm:siêu tốt Đúng với mô tả:đúng Đặt hàng ở shop này nhiều lần lắm muôn rồi, lần nào mua cường lực cũng mua ở đây hết. Chất lượng sản phẩm thì xịn khỏi bàn, dịch vụ chăm sóc khách hàng cũng siêu tốt. Đáng để mua lắm nha mn!!!	2024-10-25 18:32:39	2026-09-29 00:31:00
sp_11295650726	shopee	20625866584	general	Cường lực chống nhìn trộm có khung tự dán cho iphone 11 pro max 12 pro max 13 promax x xr xs max 7 8 plus 14 15 16 17	12 [HỘP VÀNG]	5	Đúng với mô tả:dung Chất lượng sản phẩm:ok Tot dễ dán . Gia re . Giao hang nhanh . Mà tối quá chắc bữa sau mình mua loại khac dan lai	2023-04-17 14:47:28	2026-09-29 00:31:00
sp_16626708992	shopee	20625866584	general	Cường lực chống nhìn trộm có khung tự dán cho iphone 11 pro max 12 pro max 13 promax x xr xs max 7 8 plus 14 15 16 17	15 PROMAX [HỘP VÀNG]	5	Đúng với mô tả:dung Chất lượng sản phẩm:tôt Lần thứ 2 mua sp gioa nhanh mà lại còn có miếng dán cho mình ốp vào đt rất dễ sử dụng giá lại quá rẻ nên mua nhé mọi người	2024-09-18 15:20:23	2026-09-29 00:31:00
sp_10288165956	shopee	20625866584	general	Cường lực chống nhìn trộm có khung tự dán cho iphone 11 pro max 12 pro max 13 promax x xr xs max 7 8 plus 14 15 16 17	12 PROMAX [HỘP VÀNG]	5	Đúng với mô tả:đúng Chất lượng sản phẩm:tốt Shop đóng gói kỹ, đẹp. Giao hàng rất nhanh luôn ạ. Giá sp lại rất rẻ so với những chỗ khác và còn được tặng kèm cả đống quà luôn.	2022-12-12 19:58:49	2026-09-29 00:31:00
sp_10346529830	shopee	20625866584	general	Cường lực chống nhìn trộm có khung tự dán cho iphone 11 pro max 12 pro max 13 promax x xr xs max 7 8 plus 14 15 16 17	12 [HỘP VÀNG]	5	Chất lượng sản phẩm:shop tuyet voi quá đóng hàng cẩn thận hàng rất tốt rất cứng đáng mua , sẽ ghé lại mua nhé cảm ơn rất nhiều shop này cute siu dễ thương ❤️❤️❤️❤️❤️❤️👸❤️	2022-12-18 19:34:56	2026-09-29 00:31:00
sp_15868319663	shopee	20625866584	general	Cường lực chống nhìn trộm có khung tự dán cho iphone 11 pro max 12 pro max 13 promax x xr xs max 7 8 plus 14 15 16 17	XR [HỘP VÀNG]	5	Chất lượng sản phẩm:Good Giao hàng nhanh hàng cẩn thận và đầy đủ. Khá hài lòng với shop. Tương lai cần đặt sẽ tiếp tục ở shop.	2024-07-17 10:57:37	2026-09-29 00:31:00
sp_14348730951	shopee	20625866584	general	Cường lực chống nhìn trộm có khung tự dán cho iphone 11 pro max 12 pro max 13 promax x xr xs max 7 8 plus 14 15 16 17	13 PRO [HỘP VÀNG]	5	Giao nhanh lắm nha, đóng gói cực chu đáo, kính đã dán rồi nè, sôi được cả mặt, kính dễ dán, mỏng chứ k dày lắm đâu.	2024-02-29 18:05:13	2026-09-29 00:31:00
sp_10387534675	shopee	20625866584	general	Cường lực chống nhìn trộm có khung tự dán cho iphone 11 pro max 12 pro max 13 promax x xr xs max 7 8 plus 14 15 16 17	XS MAX [HỘP VÀNG]	5	Giao hàng nhanh, đóng gói cẩn thận, còn chất lượng phải dùng thời gian mấy biết. Trước mắt cho 5sao shop về khoản đóng gói& hàng thật ảnh thật	2022-12-23 17:02:54	2026-09-29 00:31:00
sp_60914230955	shopee	20625866584	general	Cường lực chống nhìn trộm có khung tự dán cho iphone 11 pro max 12 pro max 13 promax x xr xs max 7 8 plus 14 15 16 17	13 PROMAX [HỘP VÀNG]	5	Chất lượng sản phẩm:tốt Đúng với mô tả:đúng Shop giao hàng nhanh đóng gói cẩn thận giao đủ số lượng hàng đặt mẫu mã chọn	2025-07-17 16:11:00	2026-09-29 00:31:00
sp_12229191570	shopee	20625866584	general	Cường lực chống nhìn trộm có khung tự dán cho iphone 11 pro max 12 pro max 13 promax x xr xs max 7 8 plus 14 15 16 17	X / XS [HỘP VÀNG]	5	Đúng với mô tả:giống g Chất lượng sản phẩm:tuyệt vời Trời ơi đỉnh nha. Mình từng dùng nhiều loại dán rồi loại này rẻ vl mà chất lượng k thua kém nha. Bấm mướt á nên mua nha mọi người. Shop cũng giao hàng nhanh nữa tuyệt vời nhó. Không liên quan còn được tặng cái khẩu trang.	2023-08-10 10:26:40	2026-09-29 00:31:00
sp_11364220223	shopee	20625866584	general	Cường lực chống nhìn trộm có khung tự dán cho iphone 11 pro max 12 pro max 13 promax x xr xs max 7 8 plus 14 15 16 17	11 PROMAX [HỘP VÀNG]	5	Chất lượng sản phẩm:khá ổn Đúng với mô tả:đúng Giao hàng nhanh, nhưng shop nên có thêm cái để gỡ cường lực cũ thì oki hơn nói chung giá rẻ mà khá chất lượng 🥰	2023-04-27 21:07:21	2026-09-29 00:31:00
sp_13208979308	shopee	20625866584	general	Cường lực chống nhìn trộm có khung tự dán cho iphone 11 pro max 12 pro max 13 promax x xr xs max 7 8 plus 14 15 16 17	7PLUS TRẮNG [VÀNG]	5	Đúng với mô tả:Kính cường lực Shop giao nhanh, gói hàng ổn, mua shop lần 2 r thấy rất oke khâu gói hàng và giao. Đặc biệt shop còn tặng quà nhiều. Chất lượng kính cường lực khỏi phải bàn, nhìn trộm cũng khó nên rất hay xài, vừa bảo vệ màn hình vừa chống nhìn. Bộ dụng cụ trong hộp đầy đủ phù hợp để tự dán ở nhà, săn sale 11/11 nên chỉ còn nửa giá cảm thấy khá ổn	2023-11-15 01:53:35	2026-09-29 00:31:00
sp_14257284444	shopee	20625866584	general	Cường lực chống nhìn trộm có khung tự dán cho iphone 11 pro max 12 pro max 13 promax x xr xs max 7 8 plus 14 15 16 17	15 PROMAX [HỘP VÀNG]	5	Chất lượng sản phẩm:tốt Đúng với mô tả:đúng Giao hàng nhanh chóng, rất ưng ý khi nhận được hàng, shop chu đáo , lì xì đầu năm. Chúc shop buôn may bán đắt , làm ăn tấn tới.	2024-02-21 09:21:46	2026-09-29 00:31:01
sp_16223133636	shopee	20625866584	general	Cường lực chống nhìn trộm có khung tự dán cho iphone 11 pro max 12 pro max 13 promax x xr xs max 7 8 plus 14 15 16 17	12 PROMAX [HỘP VÀNG]	5	Đúng với mô tả:dung mo ta Chất lượng sản phẩm:tốt Shop đóng gói sản phẩm cẩn thận, giao hàng nhanh, miếng dán có khung cố định nên rất tiện, dễ sử dụng, cám ơn ạ	2024-08-18 14:53:57	2026-09-29 00:31:01
sp_14986166223	shopee	20625866584	general	Cường lực chống nhìn trộm có khung tự dán cho iphone 11 pro max 12 pro max 13 promax x xr xs max 7 8 plus 14 15 16 17	11 PROMAX [HỘP VÀNG]	5	Đúng với mô tả:ok Chất lượng sản phẩm:ok sản phẩm giao nhanh chất lượng cao phù hợp với em có đi làm thêm gì nữa dị đó là em đang đi làm gì có gì chị em mình gặp nhau ở nhà em đi ăn cả	2024-04-25 11:45:49	2026-09-29 00:31:01
sp_13710831035	shopee	20625866584	general	Cường lực chống nhìn trộm có khung tự dán cho iphone 11 pro max 12 pro max 13 promax x xr xs max 7 8 plus 14 15 16 17	11 PROMAX [HỘP VÀNG]	5	Đúng với mô tả:đúng Chất lượng sản phẩm:chưa biết Shop chuẩn bị hàng rất nhanh và đóng gói đẹp , giao đúng và đủ sản phẩm. Có nhiều quà tặng kèm . Mọi người yên tâm mua hàng nhé.	2023-12-29 15:53:55	2026-09-29 00:31:01
sp_19973218772	shopee	20625866584	general	Cường lực chống nhìn trộm có khung tự dán cho iphone 11 pro max 12 pro max 13 promax x xr xs max 7 8 plus 14 15 16 17	11 PRO [HỘP VÀNG]	5	Đúng với mô tả:ddunsg Chất lượng sản phẩm:tốt Sản phẩm tốt chất lương dễ dán giao nhanh thân thiện rẻ hiwn so với thị trường bên ngoài mình sẽ mua ủng hộ tiếp hihi cảm ơn shop	2024-11-30 22:37:55	2026-09-29 00:31:01
sp_16656397875	shopee	20625866584	general	Cường lực chống nhìn trộm có khung tự dán cho iphone 11 pro max 12 pro max 13 promax x xr xs max 7 8 plus 14 15 16 17	13 PROMAX [HỘP VÀNG]	5	Hàng đóng gói cẩn thận, giao hàng nhanh. Giá cả phải chăng. Mình chưa dán thử không biết có dễ dán không nữa. Sẽ ủng hộ shop tiếp lần sau.	2024-09-20 18:31:08	2026-09-29 00:31:01
sp_10963432302	shopee	20625866584	general	Cường lực chống nhìn trộm có khung tự dán cho iphone 11 pro max 12 pro max 13 promax x xr xs max 7 8 plus 14 15 16 17	11 PROMAX [HỘP VÀNG]	5	Chất lượng sản phẩm:tot Đúng với mô tả:chuẩn Hàng đẹp, chuẩn, đóng gói cẩn thận, đc tặng 1 khẩu trang . Nên kua nhé mọi người	2023-03-10 07:10:01	2026-09-29 00:31:01
sp_11433953007	shopee	20625866584	general	Cường lực chống nhìn trộm có khung tự dán cho iphone 11 pro max 12 pro max 13 promax x xr xs max 7 8 plus 14 15 16 17	7PLUS TRẮNG [VÀNG]	5	Đúng với mô tả:Yes Chất lượng sản phẩm:Tốt Shop đóng gói rất cẩn thận. Do đt mình đầy nên k quay chi tiết được. Có cả giấy cảm ơn in màu cute lắm ạ. Có hộp sịn sò. Đầy đủ phụ kiện. Shipper nhiệt tình. Sẽ ủng hộ shop những lần sau. Tặng shop 5 sao ạ.	2023-05-07 10:32:44	2026-09-29 00:31:01
sp_13808544377	shopee	20625866584	general	Cường lực chống nhìn trộm có khung tự dán cho iphone 11 pro max 12 pro max 13 promax x xr xs max 7 8 plus 14 15 16 17	14 PROMAX [HỘP VÀNG]	5	Đúng với mô tả:sản phẩm như hình shop đăng Chất lượng sản phẩm:tốt Miếng cường lực có hộp đựng chắc chắn và sang trọng. Giá chỉ tầm vài chục K thì quá là rẻ luôn đó. Nên trải nghiệm nha mọi người.	2024-01-08 12:45:29	2026-09-29 00:31:01
sp_22659450070	shopee	20625866584	general	Cường lực chống nhìn trộm có khung tự dán cho iphone 11 pro max 12 pro max 13 promax x xr xs max 7 8 plus 14 15 16 17	13 PRO [HỘP VÀNG]	5	Mình ưng cái kính này quá, nó bảo vệ cam và bảo vệ loa trước cho đt mình luôn, chống nhìn trộm tốt, shop tư vấn nhiệt tình	2024-12-15 12:49:57	2026-09-29 00:31:01
sp_13160943757	shopee	20625866584	general	Cường lực chống nhìn trộm có khung tự dán cho iphone 11 pro max 12 pro max 13 promax x xr xs max 7 8 plus 14 15 16 17	12 PROMAX [HỘP VÀNG]	5	Chất lượng sản phẩm:tot Đúng với mô tả:đúng Giao hàng nhanh và đóng gói cẩn thận. Sản phẩm tốt và chất lượng nên sẽ mua lại khi có nhu cầu. Cám ơn shop	2023-11-11 00:51:35	2026-09-29 00:31:01
sp_69254650794	shopee	20625866584	general	Cường lực chống nhìn trộm có khung tự dán cho iphone 11 pro max 12 pro max 13 promax x xr xs max 7 8 plus 14 15 16 17	16 PROMAX [HỘP VÀNG]	5	Chất lượng sản phẩm:tốt Đúng với mô tả:đúng Shop giao hàng nhanh, đóng gói cẩn thận, nhận hàng đầy đủ còn kèm theo quà tặng dễ thương, miếng dán cường lực rất dễ tự dán ở nhà giá thành rẻ ưng ý, sẽ tiếp tục ủng hộ shop lần sau	2025-08-22 12:51:14	2026-09-29 00:31:01
sp_12624559986	shopee	20625866584	general	Cường lực chống nhìn trộm có khung tự dán cho iphone 11 pro max 12 pro max 13 promax x xr xs max 7 8 plus 14 15 16 17	13 PROMAX [HỘP VÀNG]	5	Chất lượng sản phẩm:good Shop giao nhanh, lần thứ n mua hàng tại shop, vẫn đảm bảo chất lượng, đóng gói kỹ, quà tặng kèm dễ thương.	2023-09-19 10:51:29	2026-09-29 00:31:01
sp_16545218987	shopee	20625866584	general	Cường lực chống nhìn trộm có khung tự dán cho iphone 11 pro max 12 pro max 13 promax x xr xs max 7 8 plus 14 15 16 17	11 PROMAX [HỘP VÀNG]	5	Shop giao hàng nhanh. Sản phẩm đúng với mô tả. Giá cả hợp lý. Hài lòng lắm. Đóng gói cẩn thận. Mọi người nên mua nha	2024-09-12 13:04:55	2026-09-29 00:31:01
sp_16349138659	shopee	20625866584	general	Cường lực chống nhìn trộm có khung tự dán cho iphone 11 pro max 12 pro max 13 promax x xr xs max 7 8 plus 14 15 16 17	X / XS [HỘP VÀNG]	5	Giao hàng nhanh,gói cẩn thận,đúng mẫu,hàng như mô tả,shop có tâm giao đầy đủ đồ tặng kèm,giá rẻ mà chất lượng,lần sau sẽ ủng hộ tiếp	2024-08-30 10:15:50	2026-09-29 00:31:01
sp_105812634170	shopee	20625866584	general	Cường lực chống nhìn trộm có khung tự dán cho iphone 11 pro max 12 pro max 13 promax x xr xs max 7 8 plus 14 15 16 17	12 [HỘP VÀNG]	5	Chống nhìn trộm:tôi rất hài lòng với khả năng chống nhìn trộm Cường lực:dày dặn Khung tự dán:có khung nên dân dễ ,ko sợ lệnh Sp tốt	2026-07-31 10:37:43	2026-09-29 00:31:01
sp_9510897850	shopee	20625866584	general	Cường lực chống nhìn trộm có khung tự dán cho iphone 11 pro max 12 pro max 13 promax x xr xs max 7 8 plus 14 15 16 17	11 [HỘP VÀNG]	5	Đúng với mô tả:đúng Chất lượng sản phẩm:ok Có khung tự dán mà mình lỡ dùng quên chụp ảnh shop giao hàng nhanh lắm, shop tặng cho cái khẩu trang, vocher 10k với thư cảm ơn dễ thương lắm, kính kingkong thì yên tâm nên mua nha mng	2022-09-09 21:38:41	2026-09-29 00:31:01
sp_16000031708	shopee	20625866584	general	Cường lực chống nhìn trộm có khung tự dán cho iphone 11 pro max 12 pro max 13 promax x xr xs max 7 8 plus 14 15 16 17	11 PROMAX [HỘP VÀNG]	5	Đúng với mô tả:đúng với mô tả Chất lượng sản phẩm:rất rất ok nên mua nha mn Nên mua,giao hàng nhanh đóng gói kỹ 🩷🩷🩷 sẽ ủng hộ nữa nhé ♥️♥️	2024-07-29 21:51:19	2026-09-29 00:31:01
sp_9633218056	shopee	20625866584	general	Cường lực chống nhìn trộm có khung tự dán cho iphone 11 pro max 12 pro max 13 promax x xr xs max 7 8 plus 14 15 16 17	12 [HỘP VÀNG]	5	Chất lượng sản phẩm:ok Đúng với mô tả:ok Phải nói shop gói hàng rất kĩ lưỡng. Hàng rất chất lượng. Quà tặng kèm đủ hết. Đáng mua nha mn	2022-09-22 22:00:01	2026-09-29 00:31:01
sp_18027437934	shopee	20625866584	general	Cường lực chống nhìn trộm có khung tự dán cho iphone 11 pro max 12 pro max 13 promax x xr xs max 7 8 plus 14 15 16 17	11 PROMAX [HỘP VÀNG]	5	Shop đóng gói hàng kỹ. Thời gian giao hàng nhanh. Shop phụ vụ tốt. Mình chưa dùng thử nhưng hy vọng là bền. Giá sản phẩm ok.	2024-11-08 09:57:35	2026-09-29 00:31:01
sp_12848434233	shopee	20625866584	general	Cường lực chống nhìn trộm có khung tự dán cho iphone 11 pro max 12 pro max 13 promax x xr xs max 7 8 plus 14 15 16 17	11 PRO [HỘP VÀNG]	5	Đúng với mô tả:dung Chất lượng sản phẩm:tot Lần đầu mua của shop, đóng gói hàng đẹp đầy đủ, được tặng quà và thư cảm ơn, nhìn rất hài lòng nha, cho shop 5 sao.	2023-10-12 19:20:44	2026-09-29 00:31:01
sp_11750387619	shopee	20625866584	general	Cường lực chống nhìn trộm có khung tự dán cho iphone 11 pro max 12 pro max 13 promax x xr xs max 7 8 plus 14 15 16 17	13 PROMAX [HỘP VÀNG]	5	Đã nhận được hàng, giao hàng nhanh. Đóng gói cẩn thận, nón rát đẹp nên mua nha moi người . Mình sẽ ủng hộ lần sau	2023-06-15 13:43:19	2026-09-29 00:31:01
sp_11024157261	shopee	20625866584	general	Cường lực chống nhìn trộm có khung tự dán cho iphone 11 pro max 12 pro max 13 promax x xr xs max 7 8 plus 14 15 16 17	X / XS [HỘP VÀNG]	5	Chất lượng sản phẩm:ok Đúng với mô tả:ok Hàng được gói kỹ, shop trả lời nhanh và thân thiện, hỗ trợ hết mình, sản phẩm như hình, ship nhanh sẽ ủng hộ những lần sau	2023-03-17 20:18:44	2026-09-29 00:31:01
sp_31690404490	shopee	20625866584	general	Cường lực chống nhìn trộm có khung tự dán cho iphone 11 pro max 12 pro max 13 promax x xr xs max 7 8 plus 14 15 16 17	11 PROMAX [HỘP VÀNG]	5	Chất lượng sản phẩm:ok tốt, chất lượng Đúng với mô tả:đúng Sản phẩm đẹp, đúng mô tả, đóng gói cẩn thận, giao hàng nhanh, shop chu đáo chuẩn bị đầy đủ phụ kiện, tặng cả khẩu trang	2025-02-27 10:50:27	2026-09-29 00:31:01
sp_20143363459	shopee	20625866584	general	Cường lực chống nhìn trộm có khung tự dán cho iphone 11 pro max 12 pro max 13 promax x xr xs max 7 8 plus 14 15 16 17	14 PROMAX [HỘP VÀNG]	5	Chất lượng sản phẩm:tốt Chống nhìn trộm tốt. Mặt kính cũng chắc chắn không thua kém gì ở cửa hàng mà giá thành lại rẻ nữa	2024-12-02 10:41:51	2026-09-29 00:31:01
sp_15893206658	shopee	20625866584	general	Cường lực chống nhìn trộm có khung tự dán cho iphone 11 pro max 12 pro max 13 promax x xr xs max 7 8 plus 14 15 16 17	15 PLUS [HỘP VÀNG]	5	Đúng với mô tả:tốt Chất lượng sản phẩm:tốt Mình mới nhận hàng và dán xong nè, xem mấy video quảng cáo bên TQ thấy dán dễ lắm, tới mình dán lúc đầu hơi hoảng vì tưởng cái điện thoại sẽ vừa vô cái khung luôn nhưng loay hoay 1 hồi cũng dán được kkkk đẹp nha shop ơi, cho 5 sao 😛😛 ahihihihi	2024-07-19 13:37:41	2026-09-29 00:31:01
sp_17971087018	shopee	20625866584	general	Cường lực chống nhìn trộm có khung tự dán cho iphone 11 pro max 12 pro max 13 promax x xr xs max 7 8 plus 14 15 16 17	14 PROMAX [HỘP VÀNG]	5	Chất lượng sản phẩm:rốt Đúng với mô tả:đúng Giao hàng đúng nhanh luôn ạ. Đống gối kỉ. Có mua nhiều shop rồi, vẫn thấy shop này giá ổn chất lượng tốt nên ủng hộ lại	2024-11-06 12:57:24	2026-09-29 00:31:01
sp_12229162112	shopee	20625866584	general	Cường lực chống nhìn trộm có khung tự dán cho iphone 11 pro max 12 pro max 13 promax x xr xs max 7 8 plus 14 15 16 17	11 [HỘP VÀNG]	5	Nên mua nha mọi người . Hàng chất lượng giá cũng hợp lí, shop nhiệt tình dễ thương có thư cảm ơn các thứ , đóng gói cẩn thận tặng quà nhỏ nhỏ các thứ	2023-08-10 10:23:31	2026-09-29 00:31:01
sp_16504343600	shopee	20625866584	general	Cường lực chống nhìn trộm có khung tự dán cho iphone 11 pro max 12 pro max 13 promax x xr xs max 7 8 plus 14 15 16 17	13 PROMAX [HỘP VÀNG]	5	Đúng với mô tả:đúng Chất lượng sản phẩm:good Shop chuẩn bị và giao hàng rất nhanh, kính cường thấy đẹp mà chưa dán vào máy xem thế nào	2024-09-09 15:50:59	2026-09-29 00:31:01
sp_10035947939	shopee	20625866584	general	Cường lực chống nhìn trộm có khung tự dán cho iphone 11 pro max 12 pro max 13 promax x xr xs max 7 8 plus 14 15 16 17	X / XS [HỘP VÀNG]	5	Sao mà đóng gói dễ thương quá z hảaaa 😍 Không biết chất lượng sp bên shop ntn, nhưng mà mình khá là thích cách đóng hàng bên shop. Giao nhanh ạ	2022-11-12 18:49:06	2026-09-29 00:31:01
sp_16070884616	shopee	20625866584	general	Cường lực chống nhìn trộm có khung tự dán cho iphone 11 pro max 12 pro max 13 promax x xr xs max 7 8 plus 14 15 16 17	13 PROMAX [HỘP VÀNG]	5	Chất lượng sản phẩm:kha chuẩn Đúng với mô tả:đúng như hình ảnh Đóng gói tốt - đầy đủ hàng + khuyến mại Hài lòng với shop - cám ơn	2024-08-05 14:19:37	2026-09-29 00:31:01
sp_15969907871	shopee	20625866584	general	Cường lực chống nhìn trộm có khung tự dán cho iphone 11 pro max 12 pro max 13 promax x xr xs max 7 8 plus 14 15 16 17	11 PROMAX [HỘP VÀNG]	5	Chất lượng sản phẩm:tốt ổn Đúng với mô tả:đúng Đóng gói hàng cẩn thận đẹp sản phẩm đúng mô ta cường lực ok chống trộm ổn	2024-07-27 00:17:46	2026-09-29 00:31:01
sp_13593695745	shopee	20625866584	general	Cường lực chống nhìn trộm có khung tự dán cho iphone 11 pro max 12 pro max 13 promax x xr xs max 7 8 plus 14 15 16 17	13 PRO [HỘP VÀNG]	5	Shop đóng góp và giao hàng siêu siêu nhanh, đóng hàng rất cẩn thẩn, hàng nhận được đúng mô tả, mình chưa dùng nên cũng chưa biết dán cho dễ không, cảm ơn shop	2023-12-18 14:01:00	2026-09-29 00:31:01
sp_12747307801	shopee	20625866584	general	Cường lực chống nhìn trộm có khung tự dán cho iphone 11 pro max 12 pro max 13 promax x xr xs max 7 8 plus 14 15 16 17	11 [HỘP VÀNG]	5	Đúng với mô tả:ddungs Chất lượng sản phẩm:tot ổn Kính cường lực chống nhìn trộm rẻ hàng oke giao hàng nhanh shippper thân thiện lần sau ủng hokj tiếp nhé.jhgdksj	2023-10-03 06:48:50	2026-09-29 00:31:01
sp_14526357476	shopee	20625866584	general	Cường lực chống nhìn trộm có khung tự dán cho iphone 11 pro max 12 pro max 13 promax x xr xs max 7 8 plus 14 15 16 17	XR [HỘP VÀNG]	5	Đúng với mô tả:đúng mô tả Chất lượng sản phẩm:oke Kính cường lực mẩu mới, đẹp có khung dễ dán. Có tặng đầy đủ miếng vệ sinh kính	2024-03-15 13:57:24	2026-09-29 00:31:01
sp_11943292106	shopee	20625866584	general	Cường lực chống nhìn trộm có khung tự dán cho iphone 11 pro max 12 pro max 13 promax x xr xs max 7 8 plus 14 15 16 17	11 [HỘP VÀNG]	5	Chất lượng sản phẩm:xịn Đúng với mô tả:đúng tuyệt vời shop gói hàng cẩn thận chỉnh chu lắm chống nhìn trộm xịn lắm shop giao hàng nhanh 📦 🚚 NÊN MUA NHA	2023-07-09 17:55:17	2026-09-29 00:31:01
sp_10243580640	shopee	20625866584	general	Cường lực chống nhìn trộm có khung tự dán cho iphone 11 pro max 12 pro max 13 promax x xr xs max 7 8 plus 14 15 16 17	X / XS [HỘP VÀNG]	5	Giao hàng nhanh, miếng dán đầy đủ phụ kiện rất dễ dán. Khả năng chống nhìn trộm ở mức chấp nhận đc, phù hợp giá tiền. Nhìn nghiêng góc 45 độ vẫn thấy rõ màn hình ở độ sáng từ 40% đổ lên.	2022-12-07 08:48:02	2026-09-29 00:31:01
sp_105066347476	shopee	20625866584	general	Cường lực chống nhìn trộm có khung tự dán cho iphone 11 pro max 12 pro max 13 promax x xr xs max 7 8 plus 14 15 16 17	XS MAX [HỘP VÀNG]	5	Chống nhìn trộm:✔️ Cường lực:✔️ Khung tự dán:💯 Chất lượng kính cường lực và knăg chống nhìn trộm tốt , giá lại siu iu shop lại giao hàng nhanh nữa nchug 💯🥰	2026-07-24 18:26:26	2026-09-29 00:31:01
sp_57875084222	shopee	20625866584	general	Cường lực chống nhìn trộm có khung tự dán cho iphone 11 pro max 12 pro max 13 promax x xr xs max 7 8 plus 14 15 16 17	13 [HỘP VÀNG]	5	Chất lượng sản phẩm:Ok Đúng với mô tả:đúng Dễ định hình, đóng gói chỉnh chu Chất lượng tốt Đúng mô tả Chuẩn bị hàng, đi hàng nhanh. Sẽ ủng hộ lại	2025-07-09 01:23:28	2026-09-29 00:31:01
sp_15395180303	shopee	20625866584	general	Cường lực chống nhìn trộm có khung tự dán cho iphone 11 pro max 12 pro max 13 promax x xr xs max 7 8 plus 14 15 16 17	14 PRO [HỘP VÀNG]	5	Chất lượng sản phẩm:5 sao Đúng với mô tả:đúng Giao hàng rất nhanh, đặt hôm trc 2 hôm sau nhận dc hàng, đc tặng thêm 1 cái khẩu trang và đồ dáng. Giá rẻ	2024-06-04 13:10:30	2026-09-29 00:31:01
sp_96206355349	shopee	20625866584	general	Cường lực chống nhìn trộm có khung tự dán cho iphone 11 pro max 12 pro max 13 promax x xr xs max 7 8 plus 14 15 16 17	11 [HỘP VÀNG]	5	Chống nhìn trộm:rất hài lòng Cường lực:bền bỉ Khung tự dán:dễ dán Hàng gói chắc chắn, giao nhanh, shop gửi hàng nhanh. Siuuuuuu ưng nên mua nha.	2026-04-18 18:18:19	2026-09-29 00:31:01
sp_15650670151	shopee	20625866584	general	Cường lực chống nhìn trộm có khung tự dán cho iphone 11 pro max 12 pro max 13 promax x xr xs max 7 8 plus 14 15 16 17	12 PROMAX [HỘP VÀNG]	5	Chất lượng sản phẩm:tốt Dán màn hình đẹp, có khung dễ dán có cho kèm phụ kiện để lau chùi màn hình, giá rẻ, giao hàng nhanh	2024-06-28 10:09:25	2026-09-29 00:31:01
sp_11079511616	shopee	20625866584	general	Cường lực chống nhìn trộm có khung tự dán cho iphone 11 pro max 12 pro max 13 promax x xr xs max 7 8 plus 14 15 16 17	11 PROMAX [HỘP VÀNG]	5	Chất lượng sản phẩm:5 sao Đúng với mô tả:đúng mô tả Shop đóng gói cẩnn thận hàng rất ung y đúng mẫu. 10 điểm cho shop mọi ng nên mua nhé	2023-03-25 10:24:06	2026-09-29 00:31:01
sp_90303516652	shopee	20625866584	general	Cường lực chống nhìn trộm có khung tự dán cho iphone 11 pro max 12 pro max 13 promax x xr xs max 7 8 plus 14 15 16 17	11 [HỘP VÀNG]	5	Chống nhìn trộm:hai long Cường lực:ok Khung tự dán:dan de dang Khung tự dán giúp dán kính dễ dàng mà k sợ lệch, giao hàng rất nhanh, sẽ tiếp tục ủng hộ shop nữa.	2026-02-28 08:18:27	2026-09-29 00:31:01
sp_73050515716	shopee	20625866584	general	Cường lực chống nhìn trộm có khung tự dán cho iphone 11 pro max 12 pro max 13 promax x xr xs max 7 8 plus 14 15 16 17	11 PRO [HỘP VÀNG]	5	Đúng với mô tả:dung Chất lượng sản phẩm:tot Hàng giao nhanh, cường lực cứng cáp dán rất dễ luôn á, đáng để mua nha mng	2025-09-14 22:13:44	2026-09-29 00:31:01
sp_17181047527	shopee	20625866584	general	Cường lực chống nhìn trộm có khung tự dán cho iphone 11 pro max 12 pro max 13 promax x xr xs max 7 8 plus 14 15 16 17	13 PROMAX [HỘP VÀNG]	5	Wow wow, bảng mắt siêu xinh, nhìn mê cực luôn mà giá lại còn rẻ. Đánh thử màu nhũ vàng lên mắt lấp lánh, xinh xỉu. Recommend sản phẩm vô cùng ưng nên mua mọi người nha. 5 sao cho sản phẩm, thời gian giao hàng lại còn siêu nhanh	2024-10-15 14:54:04	2026-09-29 00:31:01
sp_15892052725	shopee	20625866584	general	Cường lực chống nhìn trộm có khung tự dán cho iphone 11 pro max 12 pro max 13 promax x xr xs max 7 8 plus 14 15 16 17	12 PROMAX [HỘP VÀNG]	5	Hàng giao nhanh chong, đóng gói kĩ càng. Shop hỗ trợ tư vấn nhiệt tình. Hộp cường lực chắc chắn, hy vọng sp sẽ bền chắc chắn	2024-07-19 11:48:05	2026-09-29 00:31:01
sp_13359493004	shopee	20625866584	general	Cường lực chống nhìn trộm có khung tự dán cho iphone 11 pro max 12 pro max 13 promax x xr xs max 7 8 plus 14 15 16 17	13 PRO [HỘP VÀNG]	5	Chất lượng sản phẩm:tốt Đúng với mô tả:đúng Kính dày lắm nha kh mỏng như kính thường đâu, mua ở shop kh biết bnhiu lần gòi chất lượng phải nói kh có gì để chê luôn, lần nào shop cũng kèm quà tặng chuẩn bị hàng cũng nhanh nữa, iu shopppp	2023-11-28 13:12:42	2026-09-29 00:31:01
sp_87237777265	shopee	20625866584	general	Cường lực chống nhìn trộm có khung tự dán cho iphone 11 pro max 12 pro max 13 promax x xr xs max 7 8 plus 14 15 16 17	17 PROMAX [HỘP VÀNG]	5	Đúng với mô tả:hàng đúng với mô tả Shop tư vấn nhiệt tình, dễ thương, giải quyết thoả đáng! Shop giao hàng nhanh, thanks shop	2026-02-01 17:14:13	2026-09-29 00:31:01
sp_29256778079	shopee	20625866584	general	Cường lực chống nhìn trộm có khung tự dán cho iphone 11 pro max 12 pro max 13 promax x xr xs max 7 8 plus 14 15 16 17	12 PROMAX [HỘP VÀNG]	5	Chất lượng sản phẩm:ok Đúng với mô tả:đúng sản phẩm Shop giao hàng nhanh, hàng đóng gói cẩn thận, shipper nhiệt tình, 5 sao cho sản phẩm của shop	2025-01-22 21:04:53	2026-09-29 00:31:01
sp_87506219974	shopee	20625866584	general	Cường lực chống nhìn trộm có khung tự dán cho iphone 11 pro max 12 pro max 13 promax x xr xs max 7 8 plus 14 15 16 17	11 [HỘP VÀNG]	5	Sản phẩm đúng mô tả chất lượng tốt đóng gói cẩn thận giao hàng nhanh nhân viên thân thiện giá cả hợp lý sử dụng ổn định lâu dài rất hài lòng sẽ tiếp tục ủng hộ shop trong thời gian tới và giới thiệu cho bạn bè người thân cùng mua sắm an tâm tin tưởng lựa chọn nhiều lần nữa vì dịch vụ chăm sóc tốt chu đáo...	2026-02-04 02:15:58	2026-09-29 00:31:03
sp_95108745370	shopee	20625866584	general	Cường lực chống nhìn trộm có khung tự dán cho iphone 11 pro max 12 pro max 13 promax x xr xs max 7 8 plus 14 15 16 17	12 PROMAX [HỘP VÀNG]	5	Đúng với mô tả:đúng Chất lượng sản phẩm:chuẩn Rất ok lắm nha, shop tặng quà dễ thương Vừa rẻ vừa chất lượng lắm ạ ❤️❤️❤️❤️❤️❤️❤️❤️❤️❤️	2026-04-08 11:40:34	2026-09-29 00:31:03
sp_11208073500	shopee	20625866584	general	Cường lực chống nhìn trộm có khung tự dán cho iphone 11 pro max 12 pro max 13 promax x xr xs max 7 8 plus 14 15 16 17	11 PROMAX [HỘP VÀNG]	5	Chất lượng sản phẩm:Tốt Shop đóng gói cẩn thận, mở ra có thư cảm ơn rất chu đáo. 👏👏👏 Bên trong hộp đầy đủ dụng cụ để dán kính, kèm hướng dẫn cụ thể. Kính chống nhìn trộm tốt, ngồi liền kế bên không thấy gì khi nghiêng nhẹ điện thoại 👍👍👍 Lần đầu mua ở shop như vậy là hài lòng, sẽ ủng hộ shop thêm.	2023-04-08 16:04:44	2026-09-29 00:31:03
sp_80935008084	shopee	29210990754	general	Sạc nhanh PD 20W Không Nóng Máy An Toàn Ổn Định Có Cáp Sạc 66W Đi Kèm Combo Bảo Hành 12 Tháng Medusa	Combo 2 Cáp,Máy 6-->14PRM	5	Sản phẩm tuyệt vời, đúng với mô tả. Giao hàng nhanh chóng, shipper thân thiện dễ mến Đóng gói cẩn thận, có thể thấy tâm huyết của người bán. Hộp không bị móp méo, vận chuyển rất tốt.	2025-12-07 11:59:54	2026-09-29 00:31:12
sp_16592339499	shopee	29210990754	general	Sạc nhanh PD 20W Không Nóng Máy An Toàn Ổn Định Có Cáp Sạc 66W Đi Kèm Combo Bảo Hành 12 Tháng Medusa		5	Đúng với mô tả:sạc chuẩn dung lượng Chất lượng sản phẩm:ok Đọc nhận xét thấy mn review okay nên mua về dùng thử, mẫu đẹp cầm nặng tay, mới nhận là chụp hình đánh giá liền lun, có pin sẵn nên mình cắm sạc đt luôn	2024-09-15 19:14:03	2026-09-29 00:31:12
sp_16591183302	shopee	29210990754	general	Sạc nhanh PD 20W Không Nóng Máy An Toàn Ổn Định Có Cáp Sạc 66W Đi Kèm Combo Bảo Hành 12 Tháng Medusa		5	Hình ảnh giống với mô tả của shop. Có hỗ trợ sạc nhanh, mình đang sạc để xả nguồn mà thấy dung lượng pin rất ổn, pin điện thoại lên 40% mà dung lượng cục sạc chỉ mất 10%, mà điện thoại mình còn là vừa sạc vừa sử dụng, dung lượng này mình thấy có thể thoải mái sạc đầy 1 quả pin đt khoảng 3-4 lần. Mọi người nên mua nhé	2024-09-15 17:26:37	2026-09-29 00:31:12
sp_100344063853	shopee	29210990754	general	Sạc nhanh PD 20W Không Nóng Máy An Toàn Ổn Định Có Cáp Sạc 66W Đi Kèm Combo Bảo Hành 12 Tháng Medusa	Bộ Sạc,Máy 6-->14PRM	5	Đóng gói cẩn thận, có thể thấy tâm huyết của người bán. Hộp không bị móp méo, vận chuyển rất tốt. Thời gian giao hàng nhanh chóng, tôi không phải chờ đợi quá lâu để nhận sản phẩm. Chất lượng sản phẩm vượt mong đợi. Tôi rất hài lòng với trải nghiệm mua hàng này. Sản phẩm chất lượng tốt, đóng gói cẩn thận, giao hàng nhanh. Đã mua lần thứ 3 và vẫn rất hài lòng. Sản phẩm được giao nhanh và đóng gói chắc chắn.	2026-06-11 10:00:15	2026-09-29 00:31:12
sp_16833450281	shopee	29210990754	general	Sạc nhanh PD 20W Không Nóng Máy An Toàn Ổn Định Có Cáp Sạc 66W Đi Kèm Combo Bảo Hành 12 Tháng Medusa		5	Đúng với mô tả:san pham cam chac tay Chất lượng sản phẩm:dùng thời gian mới biết Nhận hàng trong tình trạng tốt, shop giao hàng nhanh, đóng gói cẩn thận. Chất lượng ổng trong tầm giá. Hài lòng.	2024-09-30 18:55:55	2026-09-29 00:31:12
sp_16592245639	shopee	29210990754	general	Sạc nhanh PD 20W Không Nóng Máy An Toàn Ổn Định Có Cáp Sạc 66W Đi Kèm Combo Bảo Hành 12 Tháng Medusa		5	Mình vừa nhận được hàng và đang dùng thử thấy rất ổn nha mọi người. Sạc nhanh, pin khủng, dùng cả ngày không hết. Có màn hình báo pin nên tiện theo dõi, kích thước nhỏ gọn dễ nhét túi quần hoặc cặp sách. Shop tư vấn nhiệt tình chu đáo.	2024-09-15 19:05:23	2026-09-29 00:31:12
sp_99118146006	shopee	29210990754	general	Sạc nhanh PD 20W Không Nóng Máy An Toàn Ổn Định Có Cáp Sạc 66W Đi Kèm Combo Bảo Hành 12 Tháng Medusa	Combo 2 Cáp Giá Tốt,Máy 6-->14PRM	5	Dây sạc nhanh IP mang đến tốc độ sạc ổn định, hỗ trợ truyền tải điện năng nhanh chóng giúp tiết kiệm đáng kể thời gian chờ. Thiết kế dây chắc chắn, lớp bọc bền giúp hạn chế tình trạng gãy gập sau thời gian dài sử dụng. Khả năng tương thích tốt với nhiều thiết bị như điện thoại, tablet và pin dự phòng. Trong quá trình sử dụng, dây cho kết nối ổn định, ít xảy ra hiện tượng nóng hoặc chập chờn. Đây là lựa chọn phù hợp cho người cần một phụ kiện sạc nhanh, bền và tiện lợi trong tầm giá hợp lý.	2026-05-26 19:38:49	2026-09-29 00:31:13
sp_16592398759	shopee	29210990754	general	Sạc nhanh PD 20W Không Nóng Máy An Toàn Ổn Định Có Cáp Sạc 66W Đi Kèm Combo Bảo Hành 12 Tháng Medusa		5	Chất lượng sản phẩm tốt,giá rẻ.Mẫu mã đa dạng.rất tốt nên mình mua khá nhiều.Shop hỗ trợ mã giảm giá,và có những sản phẩm tốt! quá chất lượng luôn mọi người ạ. cảm ơn shop iuu	2024-09-15 19:19:40	2026-09-29 00:31:13
sp_16590226151	shopee	29210990754	general	Sạc nhanh PD 20W Không Nóng Máy An Toàn Ổn Định Có Cáp Sạc 66W Đi Kèm Combo Bảo Hành 12 Tháng Medusa		5	Sử dụng trong hai ngày, khi đầy pin có thể sạc đầy iPhone của tôi tới 4 lần, cảm giác dung lượng pin thực tế gần như là 20,000mAh, vì vậy tôi đánh giá sản phẩm này 5 sao. Tốc độ vận chuyển cũng khá tốt, tôi ở thành phố Hồ Chí Minh và chỉ trong hai ngày là đã nhận được hàng. Thái độ của dịch vụ khách hàng cũng tốt, họ còn tự động gửi cho tôi phiếu giảm giá nữa	2024-09-15 15:56:46	2026-09-29 00:31:13
sp_101236734476	shopee	29210990754	general	Sạc nhanh PD 20W Không Nóng Máy An Toàn Ổn Định Có Cáp Sạc 66W Đi Kèm Combo Bảo Hành 12 Tháng Medusa	Bộ Sạc,Máy 6-->14PRM	5	Tốc độ:toc do sạc nhanh,ko nong cuc sac Dung lượng:pin lơn dùng dc nhiều lần ,sạc ko nóng Thiết kế:nhor gonj, deex mang theeo Sip nhanh,hàng chuẩn	2026-06-19 18:06:04	2026-09-29 00:31:13
sp_16591267450	shopee	29210990754	general	Sạc nhanh PD 20W Không Nóng Máy An Toàn Ổn Định Có Cáp Sạc 66W Đi Kèm Combo Bảo Hành 12 Tháng Medusa		5	Chất lượng sản phẩm:ok Đúng với mô tả:sạc được các máy ạ Sạc dự phòng khá đẹp ! Shop đóng gói bao đẹp và chắc chắn !Săn hôm flasale lên mua được giá hời ! Lúc mình bỏ ra là sạc đầy 100% và có sạc cho iphone 8pl từ 40% -100% pin hết khoảng 2-2h30p ! 1 sạc dự phòng này dùng đc 4 lần để sạc cho đt mình !🤩🤩🤩🤩	2024-09-15 17:34:25	2026-09-29 00:31:13
sp_16590766362	shopee	29210990754	general	Sạc nhanh PD 20W Không Nóng Máy An Toàn Ổn Định Có Cáp Sạc 66W Đi Kèm Combo Bảo Hành 12 Tháng Medusa		5	Mua chiếc pin sạc này thật là tốt! Dung lượng 20000mAh siêu lớn, sạc nhanh 66W cực kỳ tiện lợi. Thiết kế bọc trong lớp vỏ trong suốt siêu ngầu nghèo, quả là một lựa chọn tuyệt vời	2024-09-15 16:47:43	2026-09-29 00:31:13
sp_16592178507	shopee	29210990754	general	Sạc nhanh PD 20W Không Nóng Máy An Toàn Ổn Định Có Cáp Sạc 66W Đi Kèm Combo Bảo Hành 12 Tháng Medusa		5	Mình rất thích sản phẩm này. Đã mua của shop mấy lần rồi, lần nào giao hàng cũng nhanh, đều ưng hết. Đóng hàng lại đẹp và chắc chắn. Sản phẩm đáng đồng tiền. Nên mua mọi người nhé. 5***** dành cho shop	2024-09-15 18:59:31	2026-09-29 00:31:13
sp_16591353541	shopee	29210990754	general	Sạc nhanh PD 20W Không Nóng Máy An Toàn Ổn Định Có Cáp Sạc 66W Đi Kèm Combo Bảo Hành 12 Tháng Medusa		5	Sạc dự phòng cầm chắc tay, màu đẹp, vừa mới mở hàng nên chưa biết chất lượng sạc như thế nào nhưng nói chung là ok, dây sạc thì ok nhưng có vẻ phần đầu cắm dạng usb dài hơn một chút so với những dây sạc khác, không biết là do dạng thiết kế như vậy hay là do dây có vấn đề về chi tiết. Đáng được 5 sao	2024-09-15 17:42:29	2026-09-29 00:31:13
sp_17062045461	shopee	29210990754	general	Sạc nhanh PD 20W Không Nóng Máy An Toàn Ổn Định Có Cáp Sạc 66W Đi Kèm Combo Bảo Hành 12 Tháng Medusa		5	Chất lượng sản phẩm:tạm ổn Đúng với mô tả:đúng Shop đóng gói gói cẩn thận, gửi đúng mẫu đã đặt. Sản phẩm đúng mô tả, chất lượng pin sạc dự phòng tạm ổn, hợp lý so với giá tiền.	2024-10-11 09:43:23	2026-09-29 00:31:13
sp_91253506240	shopee	29210990754	general	Sạc nhanh PD 20W Không Nóng Máy An Toàn Ổn Định Có Cáp Sạc 66W Đi Kèm Combo Bảo Hành 12 Tháng Medusa	Bộ Sạc,Máy 6-->14PRM	5	Tốc độ:sạc nhanh,30p được 50% Thiết kế:nhor gon có thêm thẻ bảo hành, vì máy t chai pin nên sạc cx lâu nhưng thử máy khác rất nhanh	2026-03-07 22:14:58	2026-09-29 00:31:13
sp_104532132086	shopee	29210990754	general	Sạc nhanh PD 20W Không Nóng Máy An Toàn Ổn Định Có Cáp Sạc 66W Đi Kèm Combo Bảo Hành 12 Tháng Medusa	Bộ Sạc,Máy 6-->14PRM	5	Tốc độ:khá nhanh và không nóng máy Thiết kế:đẹp chắc chắn Bộ sạc IPhone 6-14 chất lượng tốt. Giá rẻ hơn các shop khác. Dịch vụ Bán hàng chuyên nghiệp. Rất đáng mua.	2026-07-12 10:29:56	2026-09-29 00:31:13
sp_93854714827	shopee	29210990754	general	Sạc nhanh PD 20W Không Nóng Máy An Toàn Ổn Định Có Cáp Sạc 66W Đi Kèm Combo Bảo Hành 12 Tháng Medusa	Cáp 1M,Máy 6-->14PRM	5	Tốc độ:ổn định Dung lượng:Tối đa Thiết kế:nhỏ gọn Dây sạc chắc chắn, sạc ổn định, pin đầy nhanh, không gây nóng máy, chất lượng ổn, giá phù hợp	2026-03-29 21:04:18	2026-09-29 00:31:13
sp_102316048900	shopee	29210990754	general	Sạc nhanh PD 20W Không Nóng Máy An Toàn Ổn Định Có Cáp Sạc 66W Đi Kèm Combo Bảo Hành 12 Tháng Medusa	Bộ Sạc,Máy 15-->17PRM	5	Tốc độ:nhanh Dung lượng:Lâu hết Thiết kế:Nhỏ gọn dễ mang theo Giao hàng nhanh, đóng gói cẩn thận, sạc nhanh phù hợp với giá. Sẽ tiếp tục ủng hộ shop.	2026-06-27 13:03:41	2026-09-29 00:31:13
sp_105558794988	shopee	29210990754	general	Sạc nhanh PD 20W Không Nóng Máy An Toàn Ổn Định Có Cáp Sạc 66W Đi Kèm Combo Bảo Hành 12 Tháng Medusa	Cáp Bọc Dù 1M,Máy 6-->14PRM	5	Mình đã sử dụng dây sạc này một thời gian và thấy chất lượng rất tốt. Dây sạc vào điện ổn định, tốc độ sạc nhanh, phần đầu cáp chắc chắn, không bị lỏng khi cắm. Chất liệu dây bền, dẻo, khó gãy gập nên rất yên tâm khi sử dụng hằng ngày. Với mức giá này thì mình thấy hoàn toàn xứng đáng và sẽ tiếp tục ủng hộ.	2026-07-29 19:34:44	2026-09-29 00:31:13
sp_107125314053	shopee	29210990754	general	Sạc nhanh PD 20W Không Nóng Máy An Toàn Ổn Định Có Cáp Sạc 66W Đi Kèm Combo Bảo Hành 12 Tháng Medusa	Bộ Sạc (Cáp 1M),Máy 6-->14PRM	5	Tốc độ:sac nhanh Dung lượng:lon Thiết kế:dep mat sạc nhanh vào, giao hàng nhanh chóng, dùng ổn ạ, có điều bền hay không thì k rõ ạ	2026-08-14 20:29:21	2026-09-29 00:31:13
sp_110026235366	shopee	29210990754	general	Sạc nhanh PD 20W Không Nóng Máy An Toàn Ổn Định Có Cáp Sạc 66W Đi Kèm Combo Bảo Hành 12 Tháng Medusa	Bộ Sạc (Cáp Dù 1M),Máy 6-->14PRM	5	Tốc độ:nhanh 25 phut 30% Dung lượng:vua Thiết kế:ok Mà rất đẹp sạc nhanh không bắt máy hình thức đẹp shipper giao hàng tận tình mọi người có nhu cầu sử dụng mua sử dụng tốt sạc không gắn máy	2026-09-16 16:16:37	2026-09-29 00:31:13
sp_75332944912	shopee	29210990754	general	Sạc nhanh PD 20W Không Nóng Máy An Toàn Ổn Định Có Cáp Sạc 66W Đi Kèm Combo Bảo Hành 12 Tháng Medusa	Cáp 1M,Máy 6-->14PRM	5	Chất lượng sản phẩm:toot Đúng với mô tả:nhue ảnh Sạc dây ngắn vào pin rất nhanh, hàng giao nhanh, đặt hôm trc hôm sau về luôn	2025-09-30 13:36:07	2026-09-29 00:31:13
sp_106976831942	shopee	29210990754	general	Sạc nhanh PD 20W Không Nóng Máy An Toàn Ổn Định Có Cáp Sạc 66W Đi Kèm Combo Bảo Hành 12 Tháng Medusa	Bộ Sạc (Cáp 1M),Máy 6-->14PRM	5	Tốc độ:sac nhanh Dung lượng:lon Thiết kế:nhor gon de mang theo nhận hang rât ứng ý ,shop đong gói cản thận ,giao nhanh xac nhoe gịn tiện lợi xac nhanh nưa cho shop 5***	2026-08-08 13:52:11	2026-09-29 00:31:13
sp_109912945718	shopee	29210990754	general	Sạc nhanh PD 20W Không Nóng Máy An Toàn Ổn Định Có Cáp Sạc 66W Đi Kèm Combo Bảo Hành 12 Tháng Medusa	Cáp Bọc Dù 1M,Máy 6-->14PRM	5	Tốc độ:sac nhanh khong bi nong day Dung lượng:dung duoc nhieu lan Thiết kế:nho gon, de mang theo Sạc hỏng cần mua gấp nên shop giao nhanh, sạc nhanh dây dài	2026-09-15 19:51:49	2026-09-29 00:31:13
sp_107211657463	shopee	29210990754	general	Sạc nhanh PD 20W Không Nóng Máy An Toàn Ổn Định Có Cáp Sạc 66W Đi Kèm Combo Bảo Hành 12 Tháng Medusa	Bộ Sạc (Cáp Dù 1M),Máy 6-->14PRM	5	Tốc độ:nhanh Dung lượng:nhieu Thiết kế:nho gon Sạc vừa chắc chắn vừa vào điện nhanh. Giá cả cũng rất hợp lý nữa. Giao hàng nhanh	2026-08-19 12:35:05	2026-09-29 00:31:13
sp_107203273735	shopee	29210990754	general	Sạc nhanh PD 20W Không Nóng Máy An Toàn Ổn Định Có Cáp Sạc 66W Đi Kèm Combo Bảo Hành 12 Tháng Medusa	Bộ Sạc (Cáp Dù 1M),Máy 6-->14PRM	5	Tốc độ:nhanh Dung lượng:lowsn Thiết kế:dep Sản phẩm ok, chất lượng tốt , giá cả hợp lý , giao hàng nhanh không phải đợi quá lâu	2026-08-19 01:44:40	2026-09-29 00:31:13
sp_16590380373	shopee	29210990754	general	Sạc nhanh PD 20W Không Nóng Máy An Toàn Ổn Định Có Cáp Sạc 66W Đi Kèm Combo Bảo Hành 12 Tháng Medusa		5	Đã nhận hàng giao hàng nhanh. Đóng gói hàng cẩn thận nhìn chất lượng ￼. M đang dùng thử sẽ nhận xét sau. Thấy mọi người review nhiều nên mua theo. Đáng thử nha mng . ♥️	2024-09-15 16:10:36	2026-09-29 00:31:13
sp_105115201268	shopee	29210990754	general	Sạc nhanh PD 20W Không Nóng Máy An Toàn Ổn Định Có Cáp Sạc 66W Đi Kèm Combo Bảo Hành 12 Tháng Medusa	Cáp 1M,Máy 6-->14PRM	5	Tốc độ:nhanh Dung lượng:tốt Thiết kế:gọn Hành đóng gói chắc chắn , có giấy bảo hành . Giao hàng siêu nhanh lắm ạ , dùng rất tốt và sạc rất nhanh ạ	2026-07-27 17:53:36	2026-09-29 00:31:13
sp_100709070223	shopee	29210990754	general	Sạc nhanh PD 20W Không Nóng Máy An Toàn Ổn Định Có Cáp Sạc 66W Đi Kèm Combo Bảo Hành 12 Tháng Medusa	Bộ Sạc,Máy 6-->14PRM	5	Tốc độ:tooi thaays pin nhanh vào Dung lượng:pin sacj lớn dùng nhiều lần Thiết kế:gojn nhẹ dễ mang theo Giá rẻ sạc nhanh nên mua	2026-06-16 17:30:51	2026-09-29 00:31:13
sp_67977407726	shopee	29210990754	general	Sạc nhanh PD 20W Không Nóng Máy An Toàn Ổn Định Có Cáp Sạc 66W Đi Kèm Combo Bảo Hành 12 Tháng Medusa		5	Đúng với mô tả:ok Chất lượng sản phẩm:ok Giao hàng nhanh lắm, đặt hôm trước hsau nhận rồi. Đóng gói cẩn thận lắm ạ. Sạc pin có hộp đàng hoàng test thử cắm vào pin nha mn. Nên mua sạc nhanh ạ	2025-08-14 15:46:43	2026-09-29 00:31:13
sp_110445964872	shopee	29210990754	general	Sạc nhanh PD 20W Không Nóng Máy An Toàn Ổn Định Có Cáp Sạc 66W Đi Kèm Combo Bảo Hành 12 Tháng Medusa	Bộ Sạc (Cáp 1M),Máy 6-->14PRM	5	Tốc độ:toc do sac pin nhanh nha Dung lượng:uci la Thiết kế:nho gon tien loi ne Shop gui the bao hanh la thay uy tin 10 diem ạ	2026-09-19 19:19:08	2026-09-29 00:31:13
sp_107207125722	shopee	29210990754	general	Sạc nhanh PD 20W Không Nóng Máy An Toàn Ổn Định Có Cáp Sạc 66W Đi Kèm Combo Bảo Hành 12 Tháng Medusa	Cáp Bọc Dù 1M,Máy 6-->14PRM	5	Tốc độ:tốc độ sạc nhanh ổn Dung lượng:sạc lớn dùng được nhiều lần cho điện thoại Thiết kế:nhỏ gọn dễ mang dễ sài oki Sạc nhanh pin lên nhanh oki ship nhanh .shop 100 điểm. Tâm lí	2026-08-19 07:54:01	2026-09-29 00:31:13
sp_109075104151	shopee	29210990754	general	Sạc nhanh PD 20W Không Nóng Máy An Toàn Ổn Định Có Cáp Sạc 66W Đi Kèm Combo Bảo Hành 12 Tháng Medusa	Cáp Bọc Dù 1M,Máy 6-->14PRM	5	Tốc độ:ko gây nóng, pin lên nhanh Dung lượng:oke lớn Thiết kế:nhỏ gọn, chắc Rât là oke nên mua dây sạc nhé, nói chung là ổn dây cứng cáp chắc mới mua về không biết để lâu như nào	2026-09-09 13:48:20	2026-09-29 00:31:13
sp_107125502349	shopee	29210990754	general	Sạc nhanh PD 20W Không Nóng Máy An Toàn Ổn Định Có Cáp Sạc 66W Đi Kèm Combo Bảo Hành 12 Tháng Medusa	Bộ Sạc (Cáp 1M),Máy 6-->14PRM	5	Tốc độ:nhanh Dung lượng:lớn Thiết kế:nhỏ gọn, dễ mang Giao hàng nhanh, đóng gói cẩn thận và chắc chắn, lúc đầu vội quá nên bị đặt nhầm hàng, cảm ơn shop đã hỗ trợ huỷ đơn và giao hàng cho em siêu nhanh ạ!! Chấm shop 100*	2026-08-14 20:39:43	2026-09-29 00:31:13
sp_110235540758	shopee	29210990754	general	Sạc nhanh PD 20W Không Nóng Máy An Toàn Ổn Định Có Cáp Sạc 66W Đi Kèm Combo Bảo Hành 12 Tháng Medusa	Cáp Bọc Dù 1M,Máy 6-->14PRM	5	Tốc độ:sac nhanh Dung lượng:khong nong may Thiết kế:nho gon, de mang, mau trang dep sạc nhanh, ko nóng máy, bọc dù nên bền, ship hàng nhanh, sẽ mua lại	2026-09-18 04:02:19	2026-09-29 00:31:13
sp_105660154128	shopee	29210990754	general	Sạc nhanh PD 20W Không Nóng Máy An Toàn Ổn Định Có Cáp Sạc 66W Đi Kèm Combo Bảo Hành 12 Tháng Medusa	Combo 2Cáp Bọc Dù 1M,Máy 6-->14PRM	5	Tốc độ:Tôi thấy tốc độ sạc rất nhanh, chỉ vài phút là đầy pin. Dung lượng:Pin sạc lớn nên dùng được nhiều lần cho điện thoại. Thiết kế:Thiết kế nhỏ gọn dễ mang theo và cầm chắc tay. sản phẩm sử dụng ổn định, sạc nhanh, chất lượng tốt so với tầm giá	2026-07-30 13:54:41	2026-09-29 00:31:13
sp_96988059669	shopee	29210990754	general	Sạc nhanh PD 20W Không Nóng Máy An Toàn Ổn Định Có Cáp Sạc 66W Đi Kèm Combo Bảo Hành 12 Tháng Medusa	Combo 2 Cáp Giá Tốt,Máy 6-->14PRM	5	Đúng với mô tả:đúng mô tả Chất lượng sản phẩm:tốt giao hàng nhanh , đóng gói cẩn thận , giá hợp lý , hàng y hình , nên mua	2026-04-25 15:40:31	2026-09-29 00:31:13
sp_97744986954	shopee	29210990754	general	Sạc nhanh PD 20W Không Nóng Máy An Toàn Ổn Định Có Cáp Sạc 66W Đi Kèm Combo Bảo Hành 12 Tháng Medusa	Combo 2 Cáp Giá Tốt,Máy 6-->14PRM	5	Tốc độ:sạc rất nhanh. Dùng thích lắm ah Dung lượng:pin sạc lớn dùng được nhiều lần cho điện thoại Thiết kế nhỏ gọn dễ mang theo . Săn đc giá tốt. Rẻ đẹp. Đồ bền còn theo thời gian. Nên mua ạ	2026-05-08 23:02:12	2026-09-29 00:31:13
sp_95769401383	shopee	29210990754	general	Sạc nhanh PD 20W Không Nóng Máy An Toàn Ổn Định Có Cáp Sạc 66W Đi Kèm Combo Bảo Hành 12 Tháng Medusa	Bộ Sạc,Máy 6-->14PRM	5	Tốc độ:a Dung lượng:tot Thiết kế:ok Sản phẩm tuyệt vời, đúng với mô tả. Giao hàng nhanh chóng, shipper thân thiện dễ mến Đóng gói cẩn thận, có thể thấy tâm huyết của người bán. Hộp không bị móp méo, vận chuyển rất tốt. Thời gian giao hàng nhanh chóng, tôi không phải chờ đợi quá lâu để nhận sản phẩm. Chất lượng sản phẩm vượt mong đợi. Tôi rất hài lòng với trải nghiệm mua hàng này. Sản phẩm chất lượng tốt, đóng gói cẩn thận, giao hàng nhanh. Đã mua lần thứ 3 và vẫn rất hài lòng. Sản phẩm được giao nhanh và đóng gói chắc chắn.	2026-04-15 07:04:52	2026-09-29 00:31:13
sp_81671129212	shopee	29210990754	general	Sạc nhanh PD 20W Không Nóng Máy An Toàn Ổn Định Có Cáp Sạc 66W Đi Kèm Combo Bảo Hành 12 Tháng Medusa	Cáp 1M,Máy 6-->14PRM	5	Chất lượng sản phẩm:tam thoi ok Đúng với mô tả:đúng Dây sạc dài 1m như mô tả của shop, sạc thử thấy vào pin khá nhanh, m sẽ đánh giá thêm sau 1 thời gian sd	2025-12-14 10:28:39	2026-09-29 00:31:13
sp_108657388613	shopee	29210990754	general	Sạc nhanh PD 20W Không Nóng Máy An Toàn Ổn Định Có Cáp Sạc 66W Đi Kèm Combo Bảo Hành 12 Tháng Medusa	Bộ Sạc (Cáp Dù 1M),Máy 6-->14PRM	5	Hàng giao nhanh, đóng gói khá cẩn thận. Sản phẩm nhận được đúng như mô tả, nhìn ngoài khá ổn, dùng thử thấy chất lượng ổn trong tầm giá. Shop tư vấn và phản hồi cũng nhanh. Nhìn chung khá hài lòng, sẽ ủng hộ shop nếu có nhu cầu lần sau.	2026-09-06 14:20:30	2026-09-29 00:31:13
sp_110924257059	shopee	29210990754	general	Sạc nhanh PD 20W Không Nóng Máy An Toàn Ổn Định Có Cáp Sạc 66W Đi Kèm Combo Bảo Hành 12 Tháng Medusa	Bộ Sạc (Cáp Dù 1M),Máy 6-->14PRM	5	Giao hàng nhanh chóng, đóng gói cẩn thận nhiều lớp chống sốc. Sản phẩm nhận được đúng như mô tả, chất lượng hoàn thiện tốt trong tầm giá. Dùng thử thấy rất hài lòng, sẽ tiếp tục ủng hộ shop trong các đơn hàng sau. Cho shop 5 sao!	2026-09-23 16:51:14	2026-09-29 00:31:13
sp_107244806308	shopee	29210990754	general	Sạc nhanh PD 20W Không Nóng Máy An Toàn Ổn Định Có Cáp Sạc 66W Đi Kèm Combo Bảo Hành 12 Tháng Medusa	Combo 2 Cáp 1M,Máy 6-->14PRM	5	Tốc độ:Tốc độ sạc nhanh, không khác gì với hàng chính hãng. Dung lượng:Sản phảm phù hợp với dung lượng pin của iPhone mà tôi đang sử dụng. Có bảo hành 1 đổi 1 khi có hư hỏng. Thiết kế:Thiết kế đẹp mắt, nhỏ gọn, chắc chắn.	2026-08-20 22:20:28	2026-09-29 00:31:13
sp_102472741329	shopee	29210990754	general	Sạc nhanh PD 20W Không Nóng Máy An Toàn Ổn Định Có Cáp Sạc 66W Đi Kèm Combo Bảo Hành 12 Tháng Medusa	Cáp 1M,Máy 6-->14PRM	5	Tốc độ:tôi thấy tốc độ sạc rất nhanh, đầy pin Dung lượng:pin sạc lớn nên dùng được nhiều lần cho điện thoại Thiết kế:thiết kế dọn dàng cầm chắt tay dễ mang đi Nên mua nha nm	2026-06-28 15:45:55	2026-09-29 00:31:13
sp_105062819157	shopee	29210990754	general	Sạc nhanh PD 20W Không Nóng Máy An Toàn Ổn Định Có Cáp Sạc 66W Đi Kèm Combo Bảo Hành 12 Tháng Medusa	Cáp Bọc Dù 1M,Máy 6-->14PRM	5	Tốc độ:Tốc độ xạc tốt Dung lượng:dung lượng đầy đủ thiết kế nhỏ nhẹn đẹp dây chắc chắn, không biết độ bền bao lâu giá cả rẻ phải chăng	2026-07-24 14:46:35	2026-09-29 00:31:13
sp_108826568739	shopee	29210990754	general	Sạc nhanh PD 20W Không Nóng Máy An Toàn Ổn Định Có Cáp Sạc 66W Đi Kèm Combo Bảo Hành 12 Tháng Medusa	Bộ Sạc (Cáp Dù 1M),Máy 6-->14PRM	5	Tốc độ:nhanh Dung lượng:dùng được nhiều điện thoại Thiết kế:nhor ngọn dễ sử dụng Sạc nhanh hài lòng với sản phẩm Sẽ ủng hộ lâu dài Nói chung lên mua cả nhà nhé Đánh giá 5 sao Sẽ giới thiệu cho nhiều bạn bè để mua sản phẩm	2026-09-07 20:12:05	2026-09-29 00:31:13
sp_109989943787	shopee	29210990754	general	Sạc nhanh PD 20W Không Nóng Máy An Toàn Ổn Định Có Cáp Sạc 66W Đi Kèm Combo Bảo Hành 12 Tháng Medusa	Combo 2Cáp Bọc Dù 1M,Máy 6-->14PRM	5	mới dúng 1 dây thấy cũm hơi đc đc thôi nha shop đóng gói ổn áp nhận hàng k bị móp nun á. hết sẽ ủng hộ shop tip nhen. ship cũng cưng hết sẩy nè 🥰	2026-09-16 09:23:58	2026-09-29 00:31:13
sp_17030504427	shopee	29210990754	general	Sạc nhanh PD 20W Không Nóng Máy An Toàn Ổn Định Có Cáp Sạc 66W Đi Kèm Combo Bảo Hành 12 Tháng Medusa		5	Đúng với mô tả:đúng vs mô tả Chất lượng sản phẩm:tốt Shop làm việc chuyên nghiệp. Khen ạ. Haha cho 10* Giá rẻ giao hàng nhanh, ví dụ có lầm lỡ là cho luôn bảo gửi lại khôm chịu nhận :)))) ngon trong tầm giá nhé cả nhà.	2024-10-09 10:19:19	2026-09-29 00:31:15
sp_17131320669	shopee	29210990754	general	Sạc nhanh PD 20W Không Nóng Máy An Toàn Ổn Định Có Cáp Sạc 66W Đi Kèm Combo Bảo Hành 12 Tháng Medusa		5	Đúng với mô tả:đúng Chất lượng sản phẩm:ok Sạt cũng nhanh mà mìn sạt đầy pin thì dùng sạt cho đt tầm 3 lần là hết	2024-10-13 14:15:49	2026-09-29 00:31:15
sp_87545373902	shopee	29210990754	general	Sạc nhanh PD 20W Không Nóng Máy An Toàn Ổn Định Có Cáp Sạc 66W Đi Kèm Combo Bảo Hành 12 Tháng Medusa	Bộ Sạc,Máy 6-->14PRM	5	Tốc độ:nhanh, sạc nhanh dâyd pin Dung lượng:dung luong lon Thiết kế:gon, nhej , tien lowi Giao hàng nhanh, đóng gói cẩn thận, chất lượng đã đặt nhiều lần	2026-02-04 10:05:22	2026-09-29 00:31:15
sp_110537632619	shopee	29210990754	general	Sạc nhanh PD 20W Không Nóng Máy An Toàn Ổn Định Có Cáp Sạc 66W Đi Kèm Combo Bảo Hành 12 Tháng Medusa	Cáp 1M,Máy 6-->14PRM	5	Tốc độ:Pin lên nhanh,không nóng máy Dung lượng:Pin sạc dung lượng lớn.dùng được nhiều Thiết kế:Thiet kế nhỏ gọn.dễ mang theo .chắc tay giá rẻ.k biết bền k.nhưng sạc vô pin rất nhanh nha mn.nên mua ạ	2026-09-20 21:14:47	2026-09-29 00:31:15
sp_107055027697	shopee	29210990754	general	Sạc nhanh PD 20W Không Nóng Máy An Toàn Ổn Định Có Cáp Sạc 66W Đi Kèm Combo Bảo Hành 12 Tháng Medusa	Bộ Sạc (Cáp 1M),Máy 6-->14PRM	5	Tốc độ:nhanh Dung lượng:chua ro Thiết kế:gọn Mua đồ của shop sạc mới dùng thấy sạc nhanh, gọn đẹp. Dùng lâu ổn sẽ ủng hộ shop tiépppp Giao hàng nhanh, đóng gói cẩn thận đẹp	2026-08-11 21:55:05	2026-09-29 00:31:15
sp_107053727329	shopee	29210990754	general	Sạc nhanh PD 20W Không Nóng Máy An Toàn Ổn Định Có Cáp Sạc 66W Đi Kèm Combo Bảo Hành 12 Tháng Medusa	Cáp Bọc Dù 1M,Máy 6-->14PRM	5	Tốc độ:chua biet Dung lượng:okee Thiết kế:thiet ke 1m chac chan sản phẩm đúng với hình ảnh, giao hàng nhanh đóng gói hàng cẩn thận	2026-08-11 20:38:49	2026-09-29 00:31:15
sp_110272216890	shopee	29210990754	general	Sạc nhanh PD 20W Không Nóng Máy An Toàn Ổn Định Có Cáp Sạc 66W Đi Kèm Combo Bảo Hành 12 Tháng Medusa	Combo 2Cáp Bọc Dù 1M,Máy 6-->14PRM	5	, Xạc nhanh, dây chắc chắn, tốc độ xạc nhanh , thiết kế dây dù bền bỉ hơn so với dây của hãng, cầm chắc tay, nhân viên giao hàng thân thiện ok, sẽ ủng hộ shop thêm	2026-09-18 15:55:32	2026-09-29 00:31:15
sp_93903690079	shopee	29210990754	general	Sạc nhanh PD 20W Không Nóng Máy An Toàn Ổn Định Có Cáp Sạc 66W Đi Kèm Combo Bảo Hành 12 Tháng Medusa	Bộ Sạc,Máy 15-->16PRM	5	sạc vào nhanh. chất lượng không biết bền bằng dây dù không. dùng bền sẽ quay lại mua shop tiếp. giá rẻ lắm mấy chục ngàn thôi.	2026-03-30 16:08:26	2026-09-29 00:31:15
sp_104978002054	shopee	29210990754	general	Sạc nhanh PD 20W Không Nóng Máy An Toàn Ổn Định Có Cáp Sạc 66W Đi Kèm Combo Bảo Hành 12 Tháng Medusa	Bộ Sạc,Máy 6-->14PRM	5	Đúng với mô tả:đúng nha Chất lượng sản phẩm:rất tốt, sạc máy vào nhanh, dây vs củ rất chắc chắn và an toàn kh bị hở	2026-07-19 19:24:38	2026-09-29 00:31:15
sp_81398374174	shopee	29210990754	general	Sạc nhanh PD 20W Không Nóng Máy An Toàn Ổn Định Có Cáp Sạc 66W Đi Kèm Combo Bảo Hành 12 Tháng Medusa	Cáp 1M,Máy 6-->14PRM	5	Đúng với mô tả:đúng Chất lượng sản phẩm:tốt Hàng đc đóng gói rất kĩ và giao rất nhanh Sử dụng thấy rất ok và vừa lòng Shipper thân thiện và gần gũi	2025-12-11 20:58:41	2026-09-29 00:31:15
sp_99190251858	shopee	29210990754	general	Sạc nhanh PD 20W Không Nóng Máy An Toàn Ổn Định Có Cáp Sạc 66W Đi Kèm Combo Bảo Hành 12 Tháng Medusa	Củ 2O.W,Máy 6-->14PRM	5	Tốc độ:nhanh Dung lượng:lớn Thiết kế:nhỏ gọn, cầm chắc tay, dễ mang theo Giao hàng trong tuần nhaaaa, đóng gói kĩ nè, giá cả hợp lý, mua lần đầu sử dụng ok sẽ ủng hộ shop ở lần mua tiếp theo nèeee 🥰🥰🥰🥰🥰	2026-05-30 12:15:58	2026-09-29 00:31:15
sp_109770273845	shopee	29210990754	general	Sạc nhanh PD 20W Không Nóng Máy An Toàn Ổn Định Có Cáp Sạc 66W Đi Kèm Combo Bảo Hành 12 Tháng Medusa	Cáp 1M,Máy 6-->14PRM	5	Đã nhận được hàng đúng như trong hình. Dây sạc nhanh hiệu quả tốt . Sẽ ủng hộ shop lần sau . Nhân viên giao hàng nhanh nhiệt tình thân thiện	2026-09-14 19:30:23	2026-09-29 00:31:15
sp_95614547434	shopee	29210990754	general	Sạc nhanh PD 20W Không Nóng Máy An Toàn Ổn Định Có Cáp Sạc 66W Đi Kèm Combo Bảo Hành 12 Tháng Medusa	Cáp 1M,Máy 6-->14PRM	5	Shop giao hàng cũng nhanh, đóng gói cẩn thận Sạc vào siu nhanh lun mọi người ạ Giá cũng k quá đắt , mua dùng ổn lắm nha Mình sẽ quay lại mua tiếp vào lần tới	2026-04-13 16:19:29	2026-09-29 00:31:15
sp_94036421619	shopee	29210990754	general	Sạc nhanh PD 20W Không Nóng Máy An Toàn Ổn Định Có Cáp Sạc 66W Đi Kèm Combo Bảo Hành 12 Tháng Medusa	Bộ Sạc,Máy 6-->14PRM	5	Tốc độ:nhanh Dung lượng:lớn Thiết kế:vừa phải Sạc dung lượng ổn bảo hành tốt chế độ đãi ngộ ổn sẽ mua lại vào lúc cần	2026-03-31 14:05:38	2026-09-29 00:31:15
sp_106833053295	shopee	29210990754	general	Sạc nhanh PD 20W Không Nóng Máy An Toàn Ổn Định Có Cáp Sạc 66W Đi Kèm Combo Bảo Hành 12 Tháng Medusa	Củ 2O.W,Máy 6-->14PRM	5	Tốc độ:tôi thấy tốc độ sạc nhanh Dung lượng:20w Thiết kế:nhỏ ngọn. Đẹp Đã sạc thử. Sạc nhanh. Đóng gói cẩn thận. Giao hàng nhanh. Hy vọng độ bền được lâu	2026-08-07 18:18:52	2026-09-29 00:31:15
sp_104922860967	shopee	29210990754	general	Sạc nhanh PD 20W Không Nóng Máy An Toàn Ổn Định Có Cáp Sạc 66W Đi Kèm Combo Bảo Hành 12 Tháng Medusa	Combo 2 Cáp Giá Tốt,Máy 6-->14PRM	5	Dây sạc chất lượng tốt, sạc nhanh và ổn định, đầu cắm chắc chắn, không bị lỏng. Chiều dài vừa tiện sử dụng, dây dẻo và bền, đúng như mô tả. Giao hàng nhanh, đóng gói cẩn thận, rất đáng mua.	2026-07-17 12:54:09	2026-09-29 00:31:15
sp_106833599666	shopee	29210990754	general	Sạc nhanh PD 20W Không Nóng Máy An Toàn Ổn Định Có Cáp Sạc 66W Đi Kèm Combo Bảo Hành 12 Tháng Medusa	Combo 2 Cáp 1M,Máy 6-->14PRM	5	Tốc độ:Tôi thấy sạch nhanh , nhanh đầy Dung lượng:pin lawms Thiết kế:thiết kế nhỏ gọn dễ cầm đi Sạc ok chất lượng ạ . Sạc nhanh	2026-08-07 18:26:22	2026-09-29 00:31:15
sp_109201605689	shopee	29210990754	general	Sạc nhanh PD 20W Không Nóng Máy An Toàn Ổn Định Có Cáp Sạc 66W Đi Kèm Combo Bảo Hành 12 Tháng Medusa	Bộ Sạc (Cáp 1M),Máy 6-->14PRM	5	sạc này mua ngoài tiệm phải 2-300k ý , giá rẻ mà dùng oki lắm nha , sạc nhanh , ít nóng máy nên muaaa	2026-09-10 16:36:46	2026-09-29 00:31:15
sp_108019301902	shopee	29210990754	general	Sạc nhanh PD 20W Không Nóng Máy An Toàn Ổn Định Có Cáp Sạc 66W Đi Kèm Combo Bảo Hành 12 Tháng Medusa	Cáp Bọc Dù 1M,Máy 6-->14PRM	5	Sản phẩm nhận được rất ưng ý, chất lượng tốt, đóng gói cẩn thận, giao hàng nhanh. Hàng thực tế đẹp hơn mong đợi, dùng rất tiện và chắc chắn. Shop tư vấn nhiệt tình, thái độ phục vụ tốt. Mình khá hài lòng với sản phẩm lần này, sẽ tiếp tục ủng hộ shop và giới thiệu cho bạn bè.	2026-08-31 21:31:21	2026-09-29 00:31:15
sp_107295339260	shopee	29210990754	general	Sạc nhanh PD 20W Không Nóng Máy An Toàn Ổn Định Có Cáp Sạc 66W Đi Kèm Combo Bảo Hành 12 Tháng Medusa	Cáp Bọc Dù 1M,Máy 6-->14PRM	5	Tốc độ:day sac nhanh Dung lượng:pin sac lon Thiết kế:thiet ke nho gon, de mang Dây dài 1 m, dây sạc nhanh, giao hàng nhanh, giá cả hợp lí	2026-08-22 20:27:39	2026-09-29 00:31:15
sp_99825603720	shopee	29210990754	general	Sạc nhanh PD 20W Không Nóng Máy An Toàn Ổn Định Có Cáp Sạc 66W Đi Kèm Combo Bảo Hành 12 Tháng Medusa	Combo 2 Cáp Giá Tốt,Máy 6-->14PRM	5	Tốc độ:nhnh Dung lượng:tot Thiết kế:nho gon Mh mua dây mà k mua củ mất công đặt mua thêm củ nưac. Huhu. Dây sạc nhỏ gọn, sạc nhanh, k bị nóng máy. Hi vọng sd bền lâu ạ.	2026-06-07 12:37:43	2026-09-29 00:31:15
sp_96648121164	shopee	29210990754	general	Sạc nhanh PD 20W Không Nóng Máy An Toàn Ổn Định Có Cáp Sạc 66W Đi Kèm Combo Bảo Hành 12 Tháng Medusa	Bộ Sạc,Máy 6-->14PRM	5	Tốc độ:nhanh Dung lượng:ok Thiết kế:ổn Hàng tạm ổn. Lần sau mình sẽ ủng hộ shop tiếp tục. Chúc shop buôn may bán đắt nhé	2026-04-22 17:02:16	2026-09-29 00:31:15
sp_107221218765	shopee	29210990754	general	Sạc nhanh PD 20W Không Nóng Máy An Toàn Ổn Định Có Cáp Sạc 66W Đi Kèm Combo Bảo Hành 12 Tháng Medusa	Bộ Sạc (Cáp Dù 1M),Máy 6-->14PRM	5	Tốc độ:sạc pin Dung lượng:nhanh Thiết kế:đẹp Giao hàng nhanh. Đúng đủ sổ lượng. Dây nhìn đẹp bền. Sang lắm ạ. Lần sau sẽ ủng hộ	2026-08-19 21:15:27	2026-09-29 00:31:15
sp_94714011413	shopee	29210990754	general	Sạc nhanh PD 20W Không Nóng Máy An Toàn Ổn Định Có Cáp Sạc 66W Đi Kèm Combo Bảo Hành 12 Tháng Medusa	Củ 2O.W,Máy 15-->16PRM	5	Dung lượng:pin sạc lớn sạc nhiều thiết bị Thiết kế:thiết kế nhỏ gọn dễ cầm nắm Tốc độ:sạc rất nhanh Cảm ơn shop nhiều sẽ ủng hộ shop lần sau cho shop 5⭐️⭐️⭐️⭐️⭐️	2026-04-05 10:24:32	2026-09-29 00:31:15
sp_94249815658	shopee	29210990754	general	Sạc nhanh PD 20W Không Nóng Máy An Toàn Ổn Định Có Cáp Sạc 66W Đi Kèm Combo Bảo Hành 12 Tháng Medusa	Bộ Sạc,Máy 6-->14PRM	5	Tốc độ:nhanh Dung lượng:nhe Thiết kế:ok Hàng giao nhanh nó gói cẩn thận vì rất đẹp nạp rất nhanh giá cả phải chăng mọi người có nhu cầu mua sử dụng tốt	2026-04-02 12:17:46	2026-09-29 00:31:15
sp_101886091234	shopee	29210990754	general	Sạc nhanh PD 20W Không Nóng Máy An Toàn Ổn Định Có Cáp Sạc 66W Đi Kèm Combo Bảo Hành 12 Tháng Medusa	Củ 2O.W,Máy 6-->14PRM	5	Tốc độ:nhanh Dung lượng:k rõ lắm Thiết kế:đẹp gọn Lúc đầu sạc thấy ổn, giao hàng nhanh chón đóng gói cẩn thận ok sẽ tiếp tục ủng hộ	2026-06-24 10:11:18	2026-09-29 00:31:15
sp_106584685843	shopee	29210990754	general	Sạc nhanh PD 20W Không Nóng Máy An Toàn Ổn Định Có Cáp Sạc 66W Đi Kèm Combo Bảo Hành 12 Tháng Medusa	Bộ Sạc (Cáp 1M),Máy 6-->14PRM	5	Sản phẩm chất lượng như cam kết! Giá 91k cho bộ sạc này cũng ok! Độ bền thì phải theo thời gian sử dụng mới biết! Có giấy bảo hành trông có vẻ uy tín!	2026-08-06 03:40:30	2026-09-29 00:31:15
sp_95354420252	shopee	29210990754	general	Sạc nhanh PD 20W Không Nóng Máy An Toàn Ổn Định Có Cáp Sạc 66W Đi Kèm Combo Bảo Hành 12 Tháng Medusa	Cáp 1M,Máy 6-->14PRM	5	Tốc độ:nhanh Dung lượng:to Thiết kế:nhỏ gọn Ship hàng nhanh Đóng gói chỉnh chu cẩn thận Shop hỗ trợ nhiệt tình chu đáo Mua app mã siêu rẻ mọi người ạ	2026-04-10 21:19:55	2026-09-29 00:31:15
sp_106916029707	shopee	29210990754	general	Sạc nhanh PD 20W Không Nóng Máy An Toàn Ổn Định Có Cáp Sạc 66W Đi Kèm Combo Bảo Hành 12 Tháng Medusa	Combo 2 Cáp Giá Tốt,Máy 6-->14PRM	5	Tốc độ:toc do ok Dung lượng:ok Thiết kế:nho gon Giao hàng nhanh ship thân thiện dùng thấy khá ổn..giá cả thì rẻ hơn mua ngoài	2026-08-08 06:22:21	2026-09-29 00:31:15
sp_107004479675	shopee	29210990754	general	Sạc nhanh PD 20W Không Nóng Máy An Toàn Ổn Định Có Cáp Sạc 66W Đi Kèm Combo Bảo Hành 12 Tháng Medusa	Bộ Sạc (Cáp 1M),Máy 6-->14PRM	5	Tốc độ:tôi thấy tốc độ sạc khá nhanh Dung lượng:pin sac lon Thiết kế:thiết kế nhỏ gọn, dễ mang theo Dùng khá ổn đối với giá mà mà mình đã mua	2026-08-09 11:05:12	2026-09-29 00:31:15
sp_97687263354	shopee	29210990754	general	Sạc nhanh PD 20W Không Nóng Máy An Toàn Ổn Định Có Cáp Sạc 66W Đi Kèm Combo Bảo Hành 12 Tháng Medusa	Bộ Sạc,Máy 6-->14PRM	5	Tốc độ:nhanh Dung lượng:tot Thiết kế:gon nhe sạc nhanh tốt cho shop 5 sao nhe shipper nhiệt tình giao hàng nhanh . nói chung là nên mua nhe mọi ngừi	2026-05-07 20:02:49	2026-09-29 00:31:15
sp_97283348813	shopee	29210990754	general	Sạc nhanh PD 20W Không Nóng Máy An Toàn Ổn Định Có Cáp Sạc 66W Đi Kèm Combo Bảo Hành 12 Tháng Medusa	Bộ Sạc,Máy 15-->16PRM	5	Tốc độ:cắm sạc test thử thấy báo sạc nhanh ,ok Dung lượng:sạc nhanh Thiết kế:mẫu mã thiết kế thấy đẹp ok Sạc lần đầu thấy sạc nhanh,nhưng sẽ đánh giá lại sau 1 thời gian sử dụng	2026-04-28 11:41:23	2026-09-29 00:31:15
sp_109166412706	shopee	29210990754	general	Sạc nhanh PD 20W Không Nóng Máy An Toàn Ổn Định Có Cáp Sạc 66W Đi Kèm Combo Bảo Hành 12 Tháng Medusa	Bộ Sạc (Cáp 1M),Máy 6-->14PRM	5	Tốc độ:tốc độ sạc nhanh, máy không nóng Dung lượng:pin sạc dung lượng lớn Thiết kế:thiết kế nhỏ gọn, dễ mang theo Giao hàng nhanh, sạc 30 phút từ 1-61% , quá ngon luôn, cho shop 5*	2026-09-10 08:18:37	2026-09-29 00:31:15
sp_110027207373	shopee	29210990754	general	Sạc nhanh PD 20W Không Nóng Máy An Toàn Ổn Định Có Cáp Sạc 66W Đi Kèm Combo Bảo Hành 12 Tháng Medusa	Bộ Sạc (Cáp 1M),Máy 6-->14PRM	5	Giao hàng nhanh ghê, mới hqua hôm trước hôm sau về luôn. Mk mới sạc thấy cũng lên pin nhanh lắm, lâu dài ko biết thế nào	2026-09-16 16:32:47	2026-09-29 00:31:15
sp_107059339233	shopee	29210990754	general	Sạc nhanh PD 20W Không Nóng Máy An Toàn Ổn Định Có Cáp Sạc 66W Đi Kèm Combo Bảo Hành 12 Tháng Medusa	Cáp 1M,Máy 6-->14PRM	5	Tốc độ:sạc nhanh mà không bị nóng máy Dung lượng:dùng ổn Thiết kế:thiết kế gọn dễ mang theo Sản phẩm khá là ok và nên mua	2026-08-12 05:38:46	2026-09-29 00:31:15
sp_104746757217	shopee	29210990754	general	Sạc nhanh PD 20W Không Nóng Máy An Toàn Ổn Định Có Cáp Sạc 66W Đi Kèm Combo Bảo Hành 12 Tháng Medusa	Bộ Sạc,Máy 6-->14PRM	5	Tốc độ:ok Dung lượng:ko biet Thiết kế:ok Hình ảnh mang tính chất nhận xu , giao hàng đúng ngày, sạc cũng nhanh, củ sạc cũng nóng chứ ko phải ko nóng. Giá này ko đòi hỏi nhiều	2026-07-14 19:20:14	2026-09-29 00:31:15
sp_83589544425	shopee	29210990754	general	Sạc nhanh PD 20W Không Nóng Máy An Toàn Ổn Định Có Cáp Sạc 66W Đi Kèm Combo Bảo Hành 12 Tháng Medusa	Bộ Sạc,Máy 6-->14PRM	5	Đúng với mô tả:ddusng Shop cbi hàng nhanh lắm, sạc ổn, tạm thời thì chưa thấy nóng sạc hay máy, sạc vào nhanh, cầm nặng tay	2025-12-31 09:52:56	2026-09-29 00:31:15
sp_102165108435	shopee	29210990754	general	Sạc nhanh PD 20W Không Nóng Máy An Toàn Ổn Định Có Cáp Sạc 66W Đi Kèm Combo Bảo Hành 12 Tháng Medusa	Bộ Sạc,Máy 15-->17PRM	5	Tốc độ:Tôi thấy tốc độ sạc nhanh Dung lượng:Pin sạc lớn nên dùng được nhiều lần Thiết kế:Thiết kế nhỏ gọn dễ mang theo Sản phẩm tiện gọn dễ sử dụng	2026-06-26 12:16:22	2026-09-29 00:31:15
sp_93899451200	shopee	29210990754	general	Sạc nhanh PD 20W Không Nóng Máy An Toàn Ổn Định Có Cáp Sạc 66W Đi Kèm Combo Bảo Hành 12 Tháng Medusa	Cáp 1M,Máy 6-->14PRM	5	Tốc độ:nhanh Dung lượng:pin sạc lớn Thiết kế:nhỏ gọn Dây sạc có thiết kế khá gọn, dễ mang theo và sử dụng hằng ngày. Chất liệu vỏ dây tương đối bền, ít bị gãy hoặc rối khi sử dụng lâu. Tốc độ sạc ổn định, giúp thiết bị nạp pin khá nhanh. Đầu cắm chắc chắn, cắm vào máy không bị lỏng. Tuy nhiên, nếu dùng nhiều hoặc gập mạnh thì dây vẫn có thể bị hỏng ở phần đầu nối	2026-03-30 12:17:10	2026-09-29 00:31:15
sp_105108243007	shopee	29210990754	general	Sạc nhanh PD 20W Không Nóng Máy An Toàn Ổn Định Có Cáp Sạc 66W Đi Kèm Combo Bảo Hành 12 Tháng Medusa	Cáp 1M,Máy 6-->14PRM	5	Tốc độ:nhanh Dung lượng:Lớn Thiết kế:nhỏ gọn Sản phẩm giao hàng nhanh chóng, đúng với mô tả, có chính sách đổi trả nên khá an tâm khi mua hàng nha.	2026-07-27 10:35:23	2026-09-29 00:31:15
sp_111046153476	shopee	29210990754	general	Sạc nhanh PD 20W Không Nóng Máy An Toàn Ổn Định Có Cáp Sạc 66W Đi Kèm Combo Bảo Hành 12 Tháng Medusa	Bộ Sạc (Cáp 1M),Máy 15-->17PRM	5	Tốc độ:Tôi thấy tốc độ sạc nhanh, pin lên rất nhanh mà không gây nóng. Dung lượng:Pin sạc dung lượng lớn, dùng được nhiều lần cho điện thoại. Thiết kế:Thiết kế nhỏ gọn, dễ mang theo và cầm chắc tay. Quá ưng ạ mọi người mua ủng hộ nha Hình ảnh chỉ mang tính chất minh hoạ	2026-09-24 20:33:24	2026-09-29 00:31:15
sp_96210859600	shopee	29210990754	general	Sạc nhanh PD 20W Không Nóng Máy An Toàn Ổn Định Có Cáp Sạc 66W Đi Kèm Combo Bảo Hành 12 Tháng Medusa	Cáp 1M,Máy 6-->14PRM	5	Tốc độ:Bề mặt: Bề mặt dũa có độ nhám cao, giúp thợ mài nhanh chóng. Dung lượng:Bề mặt: Bề mặt dũa có độ nhám cao, giúp thợ mài nhanh chóng. Thiết kế:Thiết kế: Thiết kế nhỏ gọn, cầm chắc tay và dễ mang theo.	2026-04-19 00:08:29	2026-09-29 00:31:15
sp_104056824584	shopee	29210990754	general	Sạc nhanh PD 20W Không Nóng Máy An Toàn Ổn Định Có Cáp Sạc 66W Đi Kèm Combo Bảo Hành 12 Tháng Medusa	Cáp 1M,Máy 6-->14PRM	5	Giao đúng sản phẩm. Thời gian giao hàng nhanh. Sản phẩm sử dụng ổn, sạc nhanh. Sẽ tiếp tục ủng hộ khi có nhu cầu	2026-07-09 09:44:13	2026-09-29 00:31:15
sp_105832867965	shopee	29210990754	general	Sạc nhanh PD 20W Không Nóng Máy An Toàn Ổn Định Có Cáp Sạc 66W Đi Kèm Combo Bảo Hành 12 Tháng Medusa	Bộ Sạc,Máy 6-->14PRM	5	Sản phẩm đẹp, hoàn thiện tốt, đúng với hình ảnh và mô tả của shop. Giá cả hợp lý, giao hàng đúng hẹn, đóng gói cẩn thận. Mình rất hài lòng và chắc chắn sẽ quay lại mua thêm trong thời gian tới.	2026-07-31 17:01:06	2026-09-29 00:31:15
sp_66368048610	shopee	29210990754	general	Sạc nhanh PD 20W Không Nóng Máy An Toàn Ổn Định Có Cáp Sạc 66W Đi Kèm Combo Bảo Hành 12 Tháng Medusa		5	Chất lượng sản phẩm:quas ok Đúng với mô tả:quas ok Mình sốc khi mua cả bộ 67k , sốc hơn khi sạc tầm 20’ đã đầy rồi, quá đỉnh luôn ạ	2025-08-08 23:29:13	2026-09-29 00:31:15
sp_110042254727	shopee	29210990754	general	Sạc nhanh PD 20W Không Nóng Máy An Toàn Ổn Định Có Cáp Sạc 66W Đi Kèm Combo Bảo Hành 12 Tháng Medusa	Combo 2 Cáp 1M,Máy 6-->14PRM	5	Tốc độ:ok Dung lượng:ok Thiết kế:ok Giao nhanh mua với giá khá rẻ dùng cũng tạm đc đóng gói cẩn thận ok nhé ncl đc giá rẻ v thì k đòi hỏi gì hơn ạ cảm ơn shop	2026-09-16 19:24:46	2026-09-29 00:31:15
sp_99202120353	shopee	29210990754	general	Sạc nhanh PD 20W Không Nóng Máy An Toàn Ổn Định Có Cáp Sạc 66W Đi Kèm Combo Bảo Hành 12 Tháng Medusa	Combo 2 Cáp Giá Tốt,Máy 6-->14PRM	5	H * Sản phẩm giống như hình ảnh trên Shopee. Rất hài lòng và sẽ quay lại lần sau nha! * Sản phẩm chất lượng tốt, giá không đau ví. Giao hàng nhanh, thân thiện, lễ phép.	2026-05-31 11:15:11	2026-09-29 00:31:15
sp_73189836641	shopee	29210990754	general	Sạc nhanh PD 20W Không Nóng Máy An Toàn Ổn Định Có Cáp Sạc 66W Đi Kèm Combo Bảo Hành 12 Tháng Medusa		5	Đúng với mô tả:đúng Chất lượng sản phẩm:okila sạc ok vào nhanh cái bảo vệ cute lắm ý siu đẹp dùng ok nên mua nha mn oi	2025-09-15 18:31:44	2026-09-29 00:31:15
sp_107925038234	shopee	29210990754	general	Sạc nhanh PD 20W Không Nóng Máy An Toàn Ổn Định Có Cáp Sạc 66W Đi Kèm Combo Bảo Hành 12 Tháng Medusa	Combo 2 Cáp 1M,Máy 6-->14PRM	5	Tốc độ:nhanhh Dung lượng:ok Thiết kế:nho gon Nói chungg ms sài thấy nhanh ,nhẹ , okkkkkkk nchung ổnnnn để sài lâu thử xem bền k	2026-08-30 17:21:17	2026-09-29 00:31:15
sp_101228710970	shopee	29210990754	general	Sạc nhanh PD 20W Không Nóng Máy An Toàn Ổn Định Có Cáp Sạc 66W Đi Kèm Combo Bảo Hành 12 Tháng Medusa	Cáp 1M,Máy 6-->14PRM	5	Tôi thấy tốc độ sạc rất nhanh chỉ vài phút là lên pin pin sạc lớn nên dùng được nhiều lần cho điện thoại thiết kế nhỏ gọn dễ mang theo và	2026-06-19 16:51:08	2026-09-29 00:31:17
sp_107201678408	shopee	29210990754	general	Sạc nhanh PD 20W Không Nóng Máy An Toàn Ổn Định Có Cáp Sạc 66W Đi Kèm Combo Bảo Hành 12 Tháng Medusa	Củ 2O.W,Máy 6-->14PRM	5	Tốc độ:ok Dung lượng:ok Thiết kế:ok Sản phẩm sạch nhanh hình ảnh đẹp bảo vệ với tuy nhiên là cần phải sử dụng lâu mới đánh giá chính xác được	2026-08-18 22:36:31	2026-09-29 00:31:17
sp_78920146847	shopee	29210990754	general	Sạc nhanh PD 20W Không Nóng Máy An Toàn Ổn Định Có Cáp Sạc 66W Đi Kèm Combo Bảo Hành 12 Tháng Medusa	Bộ Sạc,Máy 6-->14PRM	5	Đúng với mô tả:dung voi mo ta Chất lượng sản phẩm:tốt Mình đã dùng được nửa tháng mới quay lại nhận xét. Mình thấy sạc pin vào điện nhanh rất OK nha. Giao hàng nhanh. Giá cả phù hợp. Tặng cho shop 5 sao nha. Nên mua mọi người nhé	2025-11-14 11:02:39	2026-09-29 00:31:17
sp_98684370317	shopee	29210990754	general	Sạc nhanh PD 20W Không Nóng Máy An Toàn Ổn Định Có Cáp Sạc 66W Đi Kèm Combo Bảo Hành 12 Tháng Medusa	Cáp 1M,Máy 6-->14PRM	5	Sản phẩm tuyệt vời, đúng với mô tả. Giao hàng nhanh chóng, shipper thân thiện dễ mến Đóng gói cẩn thận, có thể thấy tâm huyết của người bán. Hộp không bị móp méo, vận chuyển rất tốt. Thời gian giao hàng nhanh chóng, tôi không phải chờ đợi quá lâu để nhận sản phẩm. Chất lượng sản phẩm vượt mong đợi. Tôi rất hài lòng với trải nghiệm mua hàng này. Sản phẩm chất lượng tốt, đóng gói cẩn thận, giao hàng nhanh. Đã mua lần thứ 3 và vẫn rất hài lòng. Sản phẩm được giao nhanh và đóng gói chắc chắn.	2026-05-19 07:57:26	2026-09-29 00:31:17
sp_89336012975	shopee	29210990754	general	Sạc nhanh PD 20W Không Nóng Máy An Toàn Ổn Định Có Cáp Sạc 66W Đi Kèm Combo Bảo Hành 12 Tháng Medusa	Bộ Sạc,Máy 6-->14PRM	5	Chất lượng sản phẩm:tốt Đúng với mô tả:đúng với mô tả Chất lượng sản phẩm tốt, đúng với mô tả, dùng ổn định, sạc nhanh đầy pin, bảo hành đầy đủ, chăm sóc khách hàng nhiệt tình, chu đáo, tốt tốt tốt	2026-02-20 10:58:31	2026-09-29 00:31:17
sp_78917661866	shopee	29210990754	general	Sạc nhanh PD 20W Không Nóng Máy An Toàn Ổn Định Có Cáp Sạc 66W Đi Kèm Combo Bảo Hành 12 Tháng Medusa	Bộ Sạc,Máy 6-->14PRM	5	Giao hàng nhanh nha vừa kịp đồ đông luôn.size vừa vặn luôn.bé nhà mh 7m vừa zin luôn nè.cho shop 5 sao luôn sẽ ủng hộ lần sau. Sạc nhanh oke lắm nha	2025-11-14 10:04:10	2026-09-29 00:31:17
sp_16829804774	shopee	29210990754	general	Sạc nhanh PD 20W Không Nóng Máy An Toàn Ổn Định Có Cáp Sạc 66W Đi Kèm Combo Bảo Hành 12 Tháng Medusa		5	Đúng với mô tả:đúng hình Chất lượng sản phẩm:tot giá rẻ mà cực nang tay . chua xài chua biet sao nhung thay ok á	2024-09-30 13:21:40	2026-09-29 00:31:17
sp_104064952183	shopee	29210990754	general	Sạc nhanh PD 20W Không Nóng Máy An Toàn Ổn Định Có Cáp Sạc 66W Đi Kèm Combo Bảo Hành 12 Tháng Medusa	Cáp 1M,Máy 15-->17PRM	5	Tốc độ:sac bt Dung lượng:dung duoc nhieu lan Thiết kế:nho gon Sp đúng mẫu mã, nhận hàng đúng số lượng. Sẽ tiếp tục ủng hộ.	2026-07-09 10:40:23	2026-09-29 00:31:17
sp_104745307949	shopee	29210990754	general	Sạc nhanh PD 20W Không Nóng Máy An Toàn Ổn Định Có Cáp Sạc 66W Đi Kèm Combo Bảo Hành 12 Tháng Medusa	Cáp 1M,Máy 15-->17PRM	5	Tốc độ:tốc độ sac nhanh Dung lượng:pin sạc lớn dùng cho điện thoại Thiết kế:thiết kế nhỏ gọn dễ mang đi Nên mua nha mọi người. Bên ngoài shop đắt gấp đôi luôn	2026-07-14 18:01:22	2026-09-29 00:31:17
sp_99851337776	shopee	29210990754	general	Sạc nhanh PD 20W Không Nóng Máy An Toàn Ổn Định Có Cáp Sạc 66W Đi Kèm Combo Bảo Hành 12 Tháng Medusa	Cáp 1M,Máy 6-->14PRM	5	Với giá 44k thì mua được cái sạc đt như vậy là rẻ.sạc pin nhanh . Không nóng máy nhé. Nên mua nha mọi người ơiiiii	2026-06-07 21:20:13	2026-09-29 00:31:17
sp_107894970195	shopee	29210990754	general	Sạc nhanh PD 20W Không Nóng Máy An Toàn Ổn Định Có Cáp Sạc 66W Đi Kèm Combo Bảo Hành 12 Tháng Medusa	Bộ Sạc (Cáp 1M),Máy 6-->14PRM	5	Shop giao hàng nhanh đúng sản phẩm, tốc độ sạc nhanh không gây nóng máy lắm, nhỏ gọn dễ dàng mang theo và cầm chắc chắn	2026-08-30 07:44:20	2026-09-29 00:31:17
sp_105334844167	shopee	29210990754	general	Sạc nhanh PD 20W Không Nóng Máy An Toàn Ổn Định Có Cáp Sạc 66W Đi Kèm Combo Bảo Hành 12 Tháng Medusa	Bộ Sạc,Máy 6-->14PRM	5	Tốc độ:Toi thấy tốc độ sạc rất nhanh, sạc vài phút là đầy pin Dung lượng:pin sạc lớn nên xài được nhiều lần cho điện thoai Thiết kế:thiết kế nhỏ gọn dễ mang theo và cầm chắc tay	2026-07-28 17:55:06	2026-09-29 00:31:17
sp_101682680515	shopee	29210990754	general	Sạc nhanh PD 20W Không Nóng Máy An Toàn Ổn Định Có Cáp Sạc 66W Đi Kèm Combo Bảo Hành 12 Tháng Medusa	Bộ Sạc,Máy 6-->14PRM	5	Tốc độ:sacj nhanh Sạc khoảng hơn 1 tiếng thì đầy nha mọi người. Nói chung sạc ok, mình dùng nhiều lần rồi, đã mua của shop 3 chiếc	2026-06-23 07:04:21	2026-09-29 00:31:17
sp_95407694077	shopee	29210990754	general	Sạc nhanh PD 20W Không Nóng Máy An Toàn Ổn Định Có Cáp Sạc 66W Đi Kèm Combo Bảo Hành 12 Tháng Medusa	Bộ Sạc,Máy 15-->16PRM	5	Sản phẩm đúng như mô tả sạc rất nhanh chỉ vài phút là đầy pin cho điện thoại dung lượng sạc lớn dùng được nhiều lần để sạc điện thoại thiết kế nhỏ gọn cầm chắc tay và nhìn	2026-04-11 08:55:05	2026-09-29 00:31:17
sp_94069333556	shopee	29210990754	general	Sạc nhanh PD 20W Không Nóng Máy An Toàn Ổn Định Có Cáp Sạc 66W Đi Kèm Combo Bảo Hành 12 Tháng Medusa	Cáp 1M,Máy 6-->14PRM	5	Tốc độ:sạc cũng nhanh dùng cũng được Dung lượng:dùng được khá là lâu ngà sạc 2 lần đủ dùng Thiết kế:thiết kế nhỏ gọn chắc tay	2026-03-31 20:19:14	2026-09-29 00:31:17
sp_107142699124	shopee	29210990754	general	Sạc nhanh PD 20W Không Nóng Máy An Toàn Ổn Định Có Cáp Sạc 66W Đi Kèm Combo Bảo Hành 12 Tháng Medusa	Cáp Bọc Dù 1M,Máy 6-->14PRM	5	Giao hàng đầy đủ , hàng đẹp nha shop ko có j chê phù hợp vs giá tiền giao hàg khá nhanh Shop đóng hàg cẩn thận chu đáo Dùng rất okkk la😁😁😁😁	2026-08-15 16:57:41	2026-09-29 00:31:17
sp_107201721985	shopee	29210990754	general	Sạc nhanh PD 20W Không Nóng Máy An Toàn Ổn Định Có Cáp Sạc 66W Đi Kèm Combo Bảo Hành 12 Tháng Medusa	Bộ Sạc (Cáp 1M),Máy 6-->14PRM	5	Sản phẩm nhận được đúng như mô tả, chất lượng tốt, đóng gói cẩn thận. Màu sắc, kiểu dáng giống hình, dùng rất ổn. Giá cả hợp lý, giao hàng nhanh, nhân viên hỗ trợ nhiệt tình. Nói chung rất hài lòng, sẽ tiếp tục ủng hộ shop.	2026-08-18 22:40:25	2026-09-29 00:31:17
sp_110400056221	shopee	29210990754	general	Sạc nhanh PD 20W Không Nóng Máy An Toàn Ổn Định Có Cáp Sạc 66W Đi Kèm Combo Bảo Hành 12 Tháng Medusa	Cáp 1M,Máy 6-->14PRM	5	Sản phẩm nhìn chung rất tốt, chất lượng ổn, đúng mô tả, đóng gói cẩn thận, giao hàng nhanh, không bị hư hỏng hay thiếu sản phẩm. Shop tư vấn nhiệt tình, thái độ phục vụ tốt. Mình khá hài lòng với lần mua hàng này và sẽ tiếp tục ủng hộ shop trong những lần tiếp theo.	2026-09-19 10:10:40	2026-09-29 00:31:17
sp_94443228249	shopee	29210990754	general	Sạc nhanh PD 20W Không Nóng Máy An Toàn Ổn Định Có Cáp Sạc 66W Đi Kèm Combo Bảo Hành 12 Tháng Medusa	Bộ Sạc,Máy 6-->14PRM	5	Tốc độ:sac nhanh Thiết kế:thiet ke nho gon, dep. Sạc nhanh, sản phẩm đẹp. Giao hàng nhanh. Rất đáng mua. Ban đầu cứ sợ mua trên shopee k uy tin nhưng nhận hàng về thấy hàng rất ok	2026-04-03 11:37:24	2026-09-29 00:31:17
sp_109346566301	shopee	29210990754	general	Sạc nhanh PD 20W Không Nóng Máy An Toàn Ổn Định Có Cáp Sạc 66W Đi Kèm Combo Bảo Hành 12 Tháng Medusa	Bộ Sạc (Cáp Dù 1M),Máy 6-->14PRM	5	Tốc độ:tôi thấy dây sạc ok sạc nhanh quá đỉnh nên dùng thủw nhe các bạn oiw Dung lượng:dung luongwj sạc quá ok Thiết kế:thiết kế nhỏ gọn dễ cầm dùng đựng Dây sạc ok dạc được sạc nhanh nhỏ gọn qaonx x	2026-09-11 13:35:43	2026-09-29 00:31:17
sp_105075901320	shopee	29210990754	general	Sạc nhanh PD 20W Không Nóng Máy An Toàn Ổn Định Có Cáp Sạc 66W Đi Kèm Combo Bảo Hành 12 Tháng Medusa	Bộ Sạc (Cáp 1M),Máy 6-->14PRM	5	Sản phẩm đúng với mô tả của shop, chất lượng phù hợp với giá cả, shop giao hàng nhanh, lần sau nếu cần sẽ mua nha!	2026-07-25 10:37:40	2026-09-29 00:31:17
sp_104991026908	shopee	29210990754	general	Sạc nhanh PD 20W Không Nóng Máy An Toàn Ổn Định Có Cáp Sạc 66W Đi Kèm Combo Bảo Hành 12 Tháng Medusa	Cáp 1M,Máy 6-->14PRM	5	Tốc độ:toc do sac nhanh Dung lượng:do pin lơn hay bé thì su dung sẽ y vậy Thiết kế:thiet ke nho gon de dang mang theo Sp tot	2026-07-20 14:35:45	2026-09-29 00:31:17
sp_95903805996	shopee	29210990754	general	Sạc nhanh PD 20W Không Nóng Máy An Toàn Ổn Định Có Cáp Sạc 66W Đi Kèm Combo Bảo Hành 12 Tháng Medusa	Bộ Sạc,Máy 6-->14PRM	5	Tốc độ:Sạc nhanh, sạc 1lúc cũng được khá nhiều pin Dung lượng:Pin sạc lớn, dùng được nhiều lần để sạc Thiết kế:Thiết kế nhỏ gọn, cầm chắc tay và nhìn đẹp	2026-04-16 08:06:06	2026-09-29 00:31:17
sp_107372680959	shopee	29210990754	general	Sạc nhanh PD 20W Không Nóng Máy An Toàn Ổn Định Có Cáp Sạc 66W Đi Kèm Combo Bảo Hành 12 Tháng Medusa	Bộ Sạc (Cáp Dù 1M),Máy 6-->14PRM	5	Tốc độ:tôi thấy tốc độ sạc nhanh, pin dùng lâu không gây nóng Dung lượng:pin sạc dung lượng lớn, dùng được nhiều Thiết kế:thiết kế nhỏ gọn, dây dày dặn, thuận tiện mang theo	2026-08-26 17:21:19	2026-09-29 00:31:17
sp_77325202710	shopee	29210990754	general	Sạc nhanh PD 20W Không Nóng Máy An Toàn Ổn Định Có Cáp Sạc 66W Đi Kèm Combo Bảo Hành 12 Tháng Medusa	Cáp 1M,Máy 6-->14PRM	5	Sản phẩm rất tốt, chất lượng vượt mong đợi. Mẫu mã đẹp, dùng bền và tiện lợi. Giá cả hợp lý so với chất lượng. Giao hàng nhanh, đóng gói cẩn thận, nhân viên hỗ trợ nhiệt tình. Mình rất hài lòng và sẽ tiếp tục ủng hộ.	2025-10-24 00:59:18	2026-09-29 00:31:17
sp_107271893605	shopee	29210990754	general	Sạc nhanh PD 20W Không Nóng Máy An Toàn Ổn Định Có Cáp Sạc 66W Đi Kèm Combo Bảo Hành 12 Tháng Medusa	Cáp 1M,Máy 15-->17PRM	5	Shop đóng gói sản phẩm chắc chắn, cẩn thận và giao hàng nhanh chóng, sản phẩm chất lượng đúng như mô tả. Dùng thời gian đầu mk vẫn thấy rất ổn định Rất đáng để mua dùng	2026-08-21 22:00:48	2026-09-29 00:31:17
sp_105355798945	shopee	29210990754	general	Sạc nhanh PD 20W Không Nóng Máy An Toàn Ổn Định Có Cáp Sạc 66W Đi Kèm Combo Bảo Hành 12 Tháng Medusa	Bộ Sạc (Cáp 1M),Máy 15-->17PRM	5	Tốc độ:ok Dung lượng:ok Thiết kế:ok Shop đóng gói hàng cẩn thận, giao hàng nhanh, sản phẩm đẹp và chất lượng. Mình rất hài lòng, sẽ ủng hộ shop lần sau. Shop đóng gói hàng cẩn thận, giao hàng nhanh, sản phẩm đẹp và chất lượng. Mình rất hài lòng, sẽ ủng hộ shop lần sau	2026-07-28 23:13:38	2026-09-29 00:31:17
sp_16876750841	shopee	29210990754	general	Sạc nhanh PD 20W Không Nóng Máy An Toàn Ổn Định Có Cáp Sạc 66W Đi Kèm Combo Bảo Hành 12 Tháng Medusa		5	Chất lượng sản phẩm:Tốt Đúng với mô tả:Đúng với mô tả Sạc nhanh 120w Dung lượng chuẩn 20000mha 5 sao cho shop	2024-10-01 11:25:22	2026-09-29 00:31:17
sp_106839685373	shopee	29210990754	general	Sạc nhanh PD 20W Không Nóng Máy An Toàn Ổn Định Có Cáp Sạc 66W Đi Kèm Combo Bảo Hành 12 Tháng Medusa	Combo 2 Cáp 1M,Máy 6-->14PRM	5	Tốc độ:ổn Dung lượng:sạc nhanb Thiết kế:thiết kế cổ điển, tôn trọng, giống hàng ngày xưa, dùng đc khá lâu, mình dubff dc 1 năm	2026-08-07 19:36:14	2026-09-29 00:31:17
sp_94516235772	shopee	29210990754	general	Sạc nhanh PD 20W Không Nóng Máy An Toàn Ổn Định Có Cáp Sạc 66W Đi Kèm Combo Bảo Hành 12 Tháng Medusa	Cáp 1M,Máy 6-->14PRM	5	* Sản phẩm tuyệt vời, đúng với mô tả. Giao hàng nhanh chóng, shipper thân thiện dễ mến * Đóng gói cẩn thận, có thể thấy tâm huyết của người bán. Hộp không bị móp méo, vận chuyển rất tốt	2026-04-03 21:33:00	2026-09-29 00:31:17
sp_95898218797	shopee	29210990754	general	Sạc nhanh PD 20W Không Nóng Máy An Toàn Ổn Định Có Cáp Sạc 66W Đi Kèm Combo Bảo Hành 12 Tháng Medusa	Bộ Sạc,Máy 6-->14PRM	5	Tốc độ:sac rat nhanh, chi vai phut la day pin cho điên thoại Dung lượng:pin sạc lớn, dùng được nhiều lần để sạc cho điện thoại Thiết kế:thiet kế nhỏ gọn, cầm chắc tay và nhìn đẹp Dùg rất ok	2026-04-16 07:29:02	2026-09-29 00:31:17
sp_97474820999	shopee	29210990754	general	Sạc nhanh PD 20W Không Nóng Máy An Toàn Ổn Định Có Cáp Sạc 66W Đi Kèm Combo Bảo Hành 12 Tháng Medusa	Bộ Sạc,Máy 6-->14PRM	5	Không biết có chính hãng hay hại máy không nma mình thấy sạc nhanh lắm, giao hàng cũng nhanh	2026-05-02 15:03:28	2026-09-29 00:31:17
sp_109630487598	shopee	29210990754	general	Sạc nhanh PD 20W Không Nóng Máy An Toàn Ổn Định Có Cáp Sạc 66W Đi Kèm Combo Bảo Hành 12 Tháng Medusa	Bộ Sạc (Cáp 1M),Máy 6-->14PRM	5	Hàng nhận được rất ưng ý ạ. Đóng gói cẩn thận, sản phẩm đúng như mô tả, chất lượng tốt, dùng khá thích. Shop tư vấn nhiệt tình, giao hàng cũng nhanh. Sẽ tiếp tục ủng hộ shop lần sau ❤️	2026-09-13 15:38:59	2026-09-29 00:31:17
sp_105075995873	shopee	29210990754	general	Sạc nhanh PD 20W Không Nóng Máy An Toàn Ổn Định Có Cáp Sạc 66W Đi Kèm Combo Bảo Hành 12 Tháng Medusa	Bộ Sạc,Máy 6-->14PRM	5	Sản phẩm đúng với mô tả của shop, chất lượng phù hợp với giá cả, shop giao hàng nhanh, lần sau nếu cần sẽ mua nha!	2026-07-25 10:44:38	2026-09-29 00:31:17
sp_108896312033	shopee	29210990754	general	Sạc nhanh PD 20W Không Nóng Máy An Toàn Ổn Định Có Cáp Sạc 66W Đi Kèm Combo Bảo Hành 12 Tháng Medusa	Bộ Sạc (Cáp 1M),Máy 6-->14PRM	5	Tốc độ:tôi thấy tốc độ sạc rất nhanh Dung lượng:pin sạc dung lượng lớn; sạc nhiều lần cho điện thoại Thiết kế:thiết kế nhỏ gọn dễ mang theo và cầm tay Dùng sản phẩm sạc rất nhanh khi cần thiết	2026-09-08 09:04:17	2026-09-29 00:31:17
sp_101605818426	shopee	29210990754	general	Sạc nhanh PD 20W Không Nóng Máy An Toàn Ổn Định Có Cáp Sạc 66W Đi Kèm Combo Bảo Hành 12 Tháng Medusa	Củ 2O.W,Máy 6-->14PRM	5	Giao hàng nhanhh đóng gói ổnnn để sạc như nào đã nhaaa giá hợpp lí mãi ủng hộ	2026-06-22 10:31:56	2026-09-29 00:31:17
sp_107318437518	shopee	29210990754	general	Sạc nhanh PD 20W Không Nóng Máy An Toàn Ổn Định Có Cáp Sạc 66W Đi Kèm Combo Bảo Hành 12 Tháng Medusa	Combo 2 Cáp 1M,Máy 6-->14PRM	5	Hàng nhận được đúng mô tả, đóng gói cẩn thận, giao hàng nhanh. Sản phẩm đẹp, chất lượng ổn, dùng tốt. Shop tư vấn nhiệt tình, giá cả hợp lý. Sẽ tiếp tục ủng hộ shop và mua lại khi cần. ⭐️⭐️⭐️⭐️⭐️	2026-08-23 22:52:17	2026-09-29 00:31:17
sp_82033687484	shopee	29210990754	general	Sạc nhanh PD 20W Không Nóng Máy An Toàn Ổn Định Có Cáp Sạc 66W Đi Kèm Combo Bảo Hành 12 Tháng Medusa	Cáp 1M,Máy 6-->14PRM	5	Tốc độ:sạc nhanh Thiết kế:dây dài chắc chắn Hàng giao nhanh sản phẩm tốt sạc vào nhanh	2025-12-17 17:47:57	2026-09-29 00:31:17
sp_108070914075	shopee	29210990754	general	Sạc nhanh PD 20W Không Nóng Máy An Toàn Ổn Định Có Cáp Sạc 66W Đi Kèm Combo Bảo Hành 12 Tháng Medusa	Cáp Bọc Dù 1M,Máy 6-->14PRM	5	Tốc độ:sac nhanh Dung lượng:ok Thiết kế:dung nhu quang cao Giao hàng nhanh, đóng gói cẩn thận, dây sạc dùng được, hình như ảnh, mua ok nha	2026-09-02 03:10:24	2026-09-29 00:31:17
sp_107173205719	shopee	29210990754	general	Sạc nhanh PD 20W Không Nóng Máy An Toàn Ổn Định Có Cáp Sạc 66W Đi Kèm Combo Bảo Hành 12 Tháng Medusa	Củ 2O.W,Máy 6-->14PRM	5	Tốc độ:nhanh Dung lượng:sạc nhanh ok Thiết kế:nhỏ gọn, tiện lợi mình mua về tưởng lại phải đổi cơ, dùng rất ok, giao hàng nhanh	2026-08-17 09:06:10	2026-09-29 00:31:17
sp_74291436246	shopee	29210990754	general	Sạc nhanh PD 20W Không Nóng Máy An Toàn Ổn Định Có Cáp Sạc 66W Đi Kèm Combo Bảo Hành 12 Tháng Medusa	Combo 2 Cáp 1M,Máy 15-->17PRM	5	Đúng với mô tả:đúng Chất lượng sản phẩm:tốt Dây xạc dù Iphon 15 mình mua được giá hời, sạc nhanh như dây chính hãng cả nhà ạ , lần sau mua tiếp	2025-09-19 18:29:52	2026-09-29 00:31:17
sp_95740709004	shopee	29210990754	general	Sạc nhanh PD 20W Không Nóng Máy An Toàn Ổn Định Có Cáp Sạc 66W Đi Kèm Combo Bảo Hành 12 Tháng Medusa	Cáp 1M,Máy 6-->14PRM	5	Tốc độ:m Dung lượng:m Thiết kế:m Đóng gói cẩn thận có cả lời cảm ơn nữa Dây sạc đc bọc trong cả túi dip Chất lg sạc cx ok	2026-04-14 23:45:12	2026-09-29 00:31:17
sp_81251677420	shopee	29210990754	general	Sạc nhanh PD 20W Không Nóng Máy An Toàn Ổn Định Có Cáp Sạc 66W Đi Kèm Combo Bảo Hành 12 Tháng Medusa	Bộ Sạc,Máy 6-->14PRM	5	Sản phẩm nhận được nhìn chung đáp ứng khá tốt so với kỳ vọng. Chất lượng tổng thể ổn, phù hợp với mức giá và công dụng mà người mua cần. Khi sử dụng, sản phẩm hoạt động đúng như mô tả của shop, không gặp lỗi đáng kể và cảm giác khá hài lòng. Mẫu mã, màu sắc và hình thức bên ngoài tương đối giống với hình ảnh quảng cáo, đảm bảo được sự tin tưởng khi đặt hàng online. Thời gian giao hàng nhanh, đóng gói cẩn thận nên sản phẩm đến tay còn nguyên vẹn, không bị móp méo hay hư hại.	2025-12-10 22:29:30	2026-09-29 00:31:17
sp_109397787564	shopee	29210990754	general	Sạc nhanh PD 20W Không Nóng Máy An Toàn Ổn Định Có Cáp Sạc 66W Đi Kèm Combo Bảo Hành 12 Tháng Medusa	Bộ Sạc (Cáp Dù 1M),Máy 6-->14PRM	5	Sản phẩm tuyệt vời, đúng với mô tả. Giao hàng nhanh chóng, shipper thân thiện dễ mến Đóng gói cẩn thận, có thể thấy tâm huyết của người bán. Hộp không bị móp méo, vận chuyển rất tốt.	2026-09-11 23:19:28	2026-09-29 00:31:17
sp_106808081275	shopee	29210990754	general	Sạc nhanh PD 20W Không Nóng Máy An Toàn Ổn Định Có Cáp Sạc 66W Đi Kèm Combo Bảo Hành 12 Tháng Medusa	Bộ Sạc,Máy 6-->14PRM	5	Tốc độ:ổn Dung lượng:ổn Thiết kế:nhỏ gọn Hình ảnh mang tính chất nhận xu Hàng ok sẽ ủng hộ shop nhiều hơn nữa Gọn nhẹ, dễ sử dụng, khá ok, sẽ ghé lại ủng hộ	2026-08-07 09:52:45	2026-09-29 00:31:17
sp_110450014796	shopee	29210990754	general	Sạc nhanh PD 20W Không Nóng Máy An Toàn Ổn Định Có Cáp Sạc 66W Đi Kèm Combo Bảo Hành 12 Tháng Medusa	Bộ Sạc (Cáp Dù 1M),Máy 6-->14PRM	5	Tốc độ:ok Dung lượng:ok Thiết kế:ok Shop giao hàng nhanh, đóng gói cẩn thận. Sạc nhanh, ko biết có dùng đc lâu bền ko. Nếu sản phẩm ok sẽ ủng hộ shop tiếp ở những đơn hàng sau.	2026-09-19 20:07:39	2026-09-29 00:31:17
sp_99950617072	shopee	29210990754	general	Sạc nhanh PD 20W Không Nóng Máy An Toàn Ổn Định Có Cáp Sạc 66W Đi Kèm Combo Bảo Hành 12 Tháng Medusa	Bộ Sạc,Máy 6-->14PRM	5	Tôi cảm nhận sạc rất nhanh, chỉ vài phút là đầy điện thoại. Pin sạc lớn nên dùng được nhiều lần. Thiết kế nhỏ gọn, cầm chắc tay và dễ mang theo	2026-06-08 22:50:28	2026-09-29 00:31:18
sp_106523979915	shopee	29210990754	general	Sạc nhanh PD 20W Không Nóng Máy An Toàn Ổn Định Có Cáp Sạc 66W Đi Kèm Combo Bảo Hành 12 Tháng Medusa	Bộ Sạc (Cáp Dù 1M),Máy 6-->14PRM	5	Sạc nhanh như shop miêu tả ,sạc không bị nóng máy , shop có thông tin bảo hành đi kèm theo rất chú đáo chăm sớc khách chuyên nghiệp... thử vài tháng xem sao OK shop	2026-08-05 19:15:49	2026-09-29 00:31:18
sp_104958666815	shopee	29210990754	general	Sạc nhanh PD 20W Không Nóng Máy An Toàn Ổn Định Có Cáp Sạc 66W Đi Kèm Combo Bảo Hành 12 Tháng Medusa	Bộ Sạc (Cáp 1M),Máy 6-->14PRM	5	Sài ổn phết, shop nói chuyện dthw, ban đầu mik mua nhầm tính đổi nm sau mik pass cho bn mik r bn mik ns oke nheee	2026-07-18 17:21:18	2026-09-29 00:31:18
sp_67378763778	shopee	29210990754	general	Sạc nhanh PD 20W Không Nóng Máy An Toàn Ổn Định Có Cáp Sạc 66W Đi Kèm Combo Bảo Hành 12 Tháng Medusa	Củ 2O.W,Máy 6-->14PRM	5	Chất lượng sản phẩm:chất luợng tốt vì dùng gần 1tháng roy thấy ok nên hôm nay mới đánh giá Đúng với mô tả:hàng đúng như mô tả,thank shop	2025-08-11 17:31:05	2026-09-29 00:31:18
sp_103105011815	shopee	29210990754	general	Sạc nhanh PD 20W Không Nóng Máy An Toàn Ổn Định Có Cáp Sạc 66W Đi Kèm Combo Bảo Hành 12 Tháng Medusa	Combo 2 Cáp Giá Tốt,Máy 6-->14PRM	5	Tốc độ:raat nhanh Dung lượng:nhanh Thiết kế:nho gonj deex mang sạc ai cx cần tui mua hai cái lun dùng dần ae mua đi nhé tui kbt nói gì nữa rùi mua đi các mom	2026-07-02 20:41:48	2026-09-29 00:31:18
sp_99208346920	shopee	29210990754	general	Sạc nhanh PD 20W Không Nóng Máy An Toàn Ổn Định Có Cáp Sạc 66W Đi Kèm Combo Bảo Hành 12 Tháng Medusa	Củ 2O.W,Máy 6-->14PRM	5	Tốc độ:chưa biết Dung lượng:chưa biết Thiết kế:nhỏ gọn Shop giao hàng nhanh lắm đóng gói hàng cũng đẹp nữa đợi sale mình mua nữa hàng bên shop này OK lắm	2026-05-31 17:41:14	2026-09-29 00:31:18
sp_96876638032	shopee	29210990754	general	Sạc nhanh PD 20W Không Nóng Máy An Toàn Ổn Định Có Cáp Sạc 66W Đi Kèm Combo Bảo Hành 12 Tháng Medusa	Củ 2O.W,Máy 6-->14PRM	5	Sản phẩm nhìn chung đáp ứng khá tốt nhu cầu sử dụng của mình. Chất lượng ổn định, thiết kế hợp lý và dễ dùng. Một số chi tiết có thể cải thiện thêm để hoàn thiện hơn, nhưng trong tầm giá thì hoàn toàn chấp nhận được. Trải nghiệm mua hàng và sử dụng khá hài lòng, mình vẫn sẽ cân nhắc ủng hộ trong những lần tiếp theo.	2026-04-24 09:11:34	2026-09-29 00:31:18
sp_110143566717	shopee	29210990754	general	Sạc nhanh PD 20W Không Nóng Máy An Toàn Ổn Định Có Cáp Sạc 66W Đi Kèm Combo Bảo Hành 12 Tháng Medusa	Bộ Sạc (Cáp Dù 1M),Máy 6-->14PRM	5	Tốc độ:ok Dung lượng:ok Thiết kế:ok Sạc ok nha thấy vào sạc cũng khá nhanh, thấy lượt mua nhiều nên mua theo. khá là okila nhé	2026-09-17 08:36:52	2026-09-29 00:31:18
sp_10706819082	shopee	1592328943	general	Chuột không dây Logitech M220 Silent giảm ồn USB pin 1.5 năm phù hợp PC Laptop	Hồng	5	Chất lượng sản phẩm:100 diem Tính năng nổi bật:nhạy , giảm ồn 90% Giao nhanh , đẹp , mướt , shop còn tặng hộp cafe haha , chuột hồng mình thấy kiểu hồng pastel xinh lắm mng ưi, giảm dc gần như hết tiếng ồn , ưng lắm vì nhiều khi ở nơi công cộng ồn quá cx ngại	2023-02-05 14:42:52	2026-09-29 00:31:27
sp_11868991667	shopee	1592328943	general	Chuột không dây Logitech M220 Silent giảm ồn USB pin 1.5 năm phù hợp PC Laptop	Hồng	5	Chất lượng sản phẩm:10 điểm Tính năng nổi bật:Đẹp, Nhạy, Xịn xò Cầm vừa tay, màu hồng xinh xắn, rất nhạy, click nhẹ nhàng, phát ra âm thanh nhỏ xíu không đáng kể. Có ngăn nhỏ để thanh kết nối bên trong rất tiện lợi. Highly recommend nha.	2023-06-30 20:39:05	2026-09-29 00:31:27
sp_10785363798	shopee	1592328943	general	Chuột không dây Logitech M220 Silent giảm ồn USB pin 1.5 năm phù hợp PC Laptop	Trắng	5	Chất lượng sản phẩm:Cực tốt Đồ logitech bền, chuột 3-4 năm không hư và mình chỉ vứt đi khi làm mất USB kết nối. Mua lại con này ưng cực, áp mã giảm tính cả ship có hơn 200k, nảy tốt, con lăn rất mượt và không ồn. Vừa y lòng bàn tay mình nên sẽ vừa vặn với con gái, bạn nam tay to thì chắc sẽ hơi bé. Nó không trắng tinh mà kiểu trắng hơi xám xám nên nhìn sang lắm. Giao hàng cực kì nhanh, những ai sống gần TP thì có ở tỉnh cũng chỉ ship 2-3 ngày là tới tay.	2023-02-15 11:54:24	2026-09-29 00:31:27
sp_9200874173	shopee	1592328943	general	Chuột không dây Logitech M220 Silent giảm ồn USB pin 1.5 năm phù hợp PC Laptop	Xám	5	Chất lượng sản phẩm:Tốt, nhỏ gọn, giao hàng nhanh Tính năng nổi bật:Bấm rất êm, lướt nhạy, có tặng kèm pin Chuột nhỏ gọn, vừa tay. Đặc biệt là bấm kêu rất nhỏ, hầu như ko nghe tạch tạch, tích tích, phù hợp cho dân văn phòng, người muốn làm việc ban đêm mà ko muốn làm phiền người khác. Mn nên mua đi ạ, xứng đáng với số tiền bỏ ra ạ	2022-08-08 16:08:08	2026-09-29 00:31:27
sp_11313728659	shopee	1592328943	general	Chuột không dây Logitech M220 Silent giảm ồn USB pin 1.5 năm phù hợp PC Laptop	Hồng	5	Shop đóng gói cẩn thận, giao hàng nhanh chóng, còn được tặng kèm cafe miễn chê luôn. Chuột vừa tay, bề mặt nhám, click chuột êm, khớp cài chắc chắn, màu hồng kiểu pastel rất ưng luôn ạ. Trước mua nhầm M220 hàng fake dùng rất chán, tốn pin và nhanh hư cực kì nên giờ phải tìm đúng brand mua cho yên tâm chất lượng.	2023-04-19 16:03:41	2026-09-29 00:31:27
sp_10835404310	shopee	1592328943	general	Chuột không dây Logitech M220 Silent giảm ồn USB pin 1.5 năm phù hợp PC Laptop	Xám	5	Chất lượng sản phẩm:Tốt Tính năng nổi bật:Chống ồn Giao hàng nhanh, đóng gói cẩn thận. Chuột dùng tốt, nhỏ gọn, âm thanh so với con B175 cũ của mình thì khác biệt hẳn, chống ồn rất tốt.	2023-02-22 09:58:11	2026-09-29 00:31:27
sp_8604051002	shopee	1592328943	general	Chuột không dây Logitech M220 Silent giảm ồn USB pin 1.5 năm phù hợp PC Laptop	Hồng	5	Chất lượng sản phẩm:TỐt Tính năng nổi bật:nhạy Giao hàng nhanh chóng, màu hồng siêu cute, chuột nhạy, giá cả phù hợp. Đóng gói cẩn thận, hộp ko bị móp méo khi giao	2022-06-08 09:30:13	2026-09-29 00:31:28
sp_8487209615	shopee	1592328943	general	Chuột không dây Logitech M220 Silent giảm ồn USB pin 1.5 năm phù hợp PC Laptop	Xám	5	Chuột rất nhạy, thao tác nhanh. Bề mặt nhám, cầm vừa tay. Không còn tiếng click ồn ào nữa. Shop giao hàng nhanh và đóng gói cẩn thận	2022-05-26 22:02:07	2026-09-29 00:31:28
sp_10261421792	shopee	1592328943	general	Chuột không dây Logitech M220 Silent giảm ồn USB pin 1.5 năm phù hợp PC Laptop	Trắng	5	Chất lượng sản phẩm:tốt Tính năng nổi bật:chuột không dây, êm Chuột dùng rất thích, ko tạo tiếng ồn. Shop giao hàng nhanh, có kèm quà tặng. Sp Đáng mua ạ	2022-12-09 12:26:11	2026-09-29 00:31:28
sp_68825527687	shopee	1592328943	general	Chuột không dây Logitech M220 Silent giảm ồn USB pin 1.5 năm phù hợp PC Laptop	Xám	5	Tính năng nổi bật:noise reduction Chất lượng sản phẩm:excellent Logi thì không còn phải đắn đo về chất lượng. Giá cả phù hợp với hssv Chuột màu nhìn sang lắm, còn được kèm 1 viên pin bên trong	2025-08-19 09:40:39	2026-09-29 00:31:28
sp_13698935897	shopee	1592328943	general	Chuột không dây Logitech M220 Silent giảm ồn USB pin 1.5 năm phù hợp PC Laptop	Xám	5	Chất lượng sản phẩm:tốt, chất lượng Tính năng nổi bật:gọn nhẹ, êm tay, giảm ồn Chuột xài rất tốt, đáng với số tiền mình bỏ ra	2023-12-28 14:04:51	2026-09-29 00:31:28
sp_13876493743	shopee	1592328943	general	Chuột không dây Logitech M220 Silent giảm ồn USB pin 1.5 năm phù hợp PC Laptop	Trắng	5	Tính năng nổi bật:am thanh im lang Chất lượng sản phẩm:ổn, ko ồn Shop giao hàng nhanh chóng đóng gói cẩn thận Mong dùng đc lâu	2024-01-14 16:14:48	2026-09-29 00:31:28
sp_12215972008	shopee	1592328943	general	Chuột không dây Logitech M220 Silent giảm ồn USB pin 1.5 năm phù hợp PC Laptop	Hồng	5	Chất lượng sản phẩm:tốt Tính năng nổi bật:êm Shop đóng gói cẩn thận. Hàng tốt, dùng rất êm và nhạy. Shop nhiệt tình, cho mình đổi màu.	2023-08-08 23:00:58	2026-09-29 00:31:28
sp_72493624642	shopee	1592328943	general	Chuột không dây Logitech M220 Silent giảm ồn USB pin 1.5 năm phù hợp PC Laptop	Xám	5	Chuột rất nhạy, bấm êm, không hề có tiếng lách cách. Shop tư vấn hợp lý, giá phải chăng nhưng dùng khá ưng ý. Luôn tin tưởng đồ Logi	2025-09-09 21:38:28	2026-09-29 00:31:28
sp_93838108471	shopee	1592328943	general	Chuột không dây Logitech M220 Silent giảm ồn USB pin 1.5 năm phù hợp PC Laptop	Xám	5	Độ nhạy:chuot rat nhay, thao tac muot ma Thiết kế:nho gon, vua tay Chuột lướt mượt lắm, vừa tay, nhỏ gọn, rất thích. Không có nhiều tiếng ồn đâu. Rcm nhé	2026-03-29 17:28:58	2026-09-29 00:31:28
sp_11398716548	shopee	1592328943	general	Chuột không dây Logitech M220 Silent giảm ồn USB pin 1.5 năm phù hợp PC Laptop	Hồng	5	Tính năng nổi bật:Êm Chất lượng sản phẩm:Tốt Đóng gói sản phẩm chắc chắn. Chuột màu hồng rất xinh, xài êm, cầm rất đằm tay, khi dùng k gây ra tiếng ồn	2023-05-02 21:57:10	2026-09-29 00:31:28
sp_8669381756	shopee	1592328943	general	Chuột không dây Logitech M220 Silent giảm ồn USB pin 1.5 năm phù hợp PC Laptop	Hồng	5	Tính năng nổi bật:màu pastel dễ thương, chuột êm và nhạy Chất lượng sản phẩm:quá tốt Màu quá dễ thương luôn, chỉ tiếc 1 cái phải chi cái receiver nó cũng màu hồng cho đồng bộ huhu. Chất lượng tốt, shop giao nhanh, xài êm không nghe tiếng ồn, quá tốt vì mình hay dùng vào ban đêm mà vẫn kh làm phiền mn.	2022-06-14 09:32:54	2026-09-29 00:31:28
sp_15311476904	shopee	1592328943	general	Chuột không dây Logitech M220 Silent giảm ồn USB pin 1.5 năm phù hợp PC Laptop	Trắng	5	Chất lượng sản phẩm:tốt Tính năng nổi bật:di chuột êm, ko ồn shop giao hàng nhanh, 1 ngày đã nhận được. Dùng tốt, giá hời	2024-05-26 22:47:55	2026-09-29 00:31:28
sp_10723900932	shopee	1592328943	general	Chuột không dây Logitech M220 Silent giảm ồn USB pin 1.5 năm phù hợp PC Laptop	Hồng	5	Chất lượng sản phẩm:very good Tính năng nổi bật:êm Giao hàng nhanh, xịn, bấm k có tiếng ồn, nhỏ gọn màu xinh xỉu nên mua nha	2023-02-07 13:44:42	2026-09-29 00:31:28
sp_17034192498	shopee	1592328943	general	Chuột không dây Logitech M220 Silent giảm ồn USB pin 1.5 năm phù hợp PC Laptop	Xám	5	Tính năng nổi bật:chuootj nhayj Chất lượng sản phẩm:tôt Hàng chính hãng dùng thích hẳn có bảo hành giá rẻ đã từng dùng 1 con khác của hãng mấy năm rồi chưa hỏng 10 điểm nên mua	2024-10-09 16:02:43	2026-09-29 00:31:28
sp_11942440040	shopee	1592328943	general	Chuột không dây Logitech M220 Silent giảm ồn USB pin 1.5 năm phù hợp PC Laptop	Hồng	5	Tính năng nổi bật:tốt Chất lượng sản phẩm:tốt Chuột tốt, xài rất êm, không bị ồn, giá cả khá rẻ, giao hàng nhanh. Rất hài lòng	2023-07-09 16:31:38	2026-09-29 00:31:28
sp_100522552938	shopee	1592328943	general	Chuột không dây Logitech M220 Silent giảm ồn USB pin 1.5 năm phù hợp PC Laptop	Xám	5	Độ nhạy:Chuot nhay va thao tac muot tren cac be mat Thiết kế:thiet ke nho gon, cam rat vua tay Chuột của Logi thì xịn khỏi phải bàn rồi, thiết kế nhỏ gọn vừa tay. Kết nối receiver tiện lợi. Đặc biệt là siêu êm, không gây ồn.	2026-06-13 16:15:47	2026-09-29 00:31:28
sp_10328387922	shopee	1592328943	general	Chuột không dây Logitech M220 Silent giảm ồn USB pin 1.5 năm phù hợp PC Laptop	Hồng	5	Chất lượng sản phẩm:êm Tính năng nổi bật:giảm ồn Chuột khá nhạy. Màu xinh. Giảm hẳn tiếng ồn khi nhấp. Pin dùng lâu không cần phải thay pin thường xuyên.	2022-12-16 19:16:59	2026-09-29 00:31:28
sp_10689921279	shopee	1592328943	general	Chuột không dây Logitech M220 Silent giảm ồn USB pin 1.5 năm phù hợp PC Laptop	Hồng	5	Chất lượng sản phẩm:tot Tính năng nổi bật:on Màu rất xinh. Bấm êm k có tiếng ồn. Nên mua. Mình là nữ cầm rất vừa tay	2023-02-03 14:29:42	2026-09-29 00:31:28
sp_39376950357	shopee	1592328943	general	Chuột không dây Logitech M220 Silent giảm ồn USB pin 1.5 năm phù hợp PC Laptop	Xám	5	Chất lượng sản phẩm:tốt Tính năng nổi bật:nhạy Chuột dùng dễ, nhạy dễ sử dụng Shop giao hàng tương đối nhanh Giá thàng hợp lý	2025-04-26 11:19:11	2026-09-29 00:31:28
sp_12640941858	shopee	1592328943	general	Chuột không dây Logitech M220 Silent giảm ồn USB pin 1.5 năm phù hợp PC Laptop	Xám	5	Chất lượng sản phẩm:good Tính năng nổi bật:không gây ồn khi bấm Sản phẩm nhỏ gọn cầm rất thích, đặc biệt không gây ồn khi bấm, chất lượng 10₫ rất đáng mua. Mình mua với giá 215k sau khi áp mã các kiểu vào😂😂	2023-09-21 08:22:10	2026-09-29 00:31:28
sp_10705116725	shopee	1592328943	general	Chuột không dây Logitech M220 Silent giảm ồn USB pin 1.5 năm phù hợp PC Laptop	Trắng	5	Chất lượng sản phẩm:Đẹp, bấm êm thật không nghe tiếng gì Tính năng nổi bật:màu sáng đẹp sang :)) Hài lòng với sản phẩm ở giá tiền này, mong là sẽ bền và không dơ	2023-02-05 11:24:41	2026-09-29 00:31:28
sp_10204024101	shopee	1592328943	general	Chuột không dây Logitech M220 Silent giảm ồn USB pin 1.5 năm phù hợp PC Laptop	Trắng	5	Chất lượng sản phẩm:Tốt, độ hoàn thiện cao Tính năng nổi bật:kết nối nhanh, xài êm, vừa tay, gọn Tiền nào của nấy nhé bà con	2022-12-01 22:26:13	2026-09-29 00:31:28
sp_97724395822	shopee	1592328943	general	Chuột không dây Logitech M220 Silent giảm ồn USB pin 1.5 năm phù hợp PC Laptop	Xám	5	Độ nhạy:chuột nhạy, bấm nút êm Thiết kế:nhỏ gọn, vừa tay, cầm k bị mỏi Giao hàng đúng đủ mẫu Chuột tiếng click êm, siêu nhỏ Cầm gọn, k bị mỏi tay khi dùng lâu	2026-05-08 10:31:01	2026-09-29 00:31:28
sp_6804973725	shopee	1592328943	general	Chuột không dây Logitech M220 Silent giảm ồn USB pin 1.5 năm phù hợp PC Laptop	Xám	5	Hàng tốt, chuột nhỏ gọn vừa tay. Bấm rất êm, không phát ra tiếng thích hợp sử dụng buổi đêm. Chuột nhạy và mượt, rất tốt, nên mua ạ	2021-12-05 10:52:45	2026-09-29 00:31:28
sp_12300856838	shopee	1592328943	general	Chuột không dây Logitech M220 Silent giảm ồn USB pin 1.5 năm phù hợp PC Laptop	Hồng	5	Chất lượng sản phẩm:tốt Tính năng nổi bật:yên tĩnh Chuột không dây Logitech M220 silent touch chất lượng tốt, màu hồng rất xinh. Đóng gói cẩn thận, vận chuyển nhanh chóng.	2023-08-16 19:35:32	2026-09-29 00:31:28
sp_11887659643	shopee	1592328943	general	Chuột không dây Logitech M220 Silent giảm ồn USB pin 1.5 năm phù hợp PC Laptop	Xám	5	Chuột êm k có tiến tạch tạch Khá bé thích hợp cho người tay nhỏ Nhẹ, lướt êm dùng thích lắm ạ Rcm mn mua nhaaaaaa 😍😍😍😍😍	2023-07-03 12:14:36	2026-09-29 00:31:28
sp_9886841348	shopee	1592328943	general	Chuột không dây Logitech M220 Silent giảm ồn USB pin 1.5 năm phù hợp PC Laptop	Hồng	5	Chất lượng sản phẩm:tốt Tính năng nổi bật:tiếng click nhẹ Ban đầu mình định chọn đen hoặc trắng nhưng sau khi đọc 1 list feedback thì mình chọn màu hồng và màu rất đẹp nhé mọi người. Ko phải hồng sến sến mà giống màu hồng da rất là pastel Âm thanh nhỏ và click cũng êm Còn bền hay không thì phải xài lâu mới biết được Cảm ơn shop nhé	2022-10-24 01:25:04	2026-09-29 00:31:28
sp_16237601129	shopee	1592328943	general	Chuột không dây Logitech M220 Silent giảm ồn USB pin 1.5 năm phù hợp PC Laptop	Hồng	5	Tính năng nổi bật:chuột ko dây Chất lượng sản phẩm:tốt Chuột êm, ko có tiếng luôn hahaa, màu xinh lắm, giá rẻ, phù hợp với tay các bạn nữ	2024-08-20 00:20:05	2026-09-29 00:31:28
sp_14339782119	shopee	1592328943	general	Chuột không dây Logitech M220 Silent giảm ồn USB pin 1.5 năm phù hợp PC Laptop	Trắng	5	Chất lượng sản phẩm:tốt Tính năng nổi bật:chuột bấm êm shop giao hàng nhanh, chuột rất đẹp, vì chọn loại chuột không tiếng ồn nên bấm rất êm tai	2024-02-28 21:46:47	2026-09-29 00:31:28
sp_10163365702	shopee	1592328943	general	Chuột không dây Logitech M220 Silent giảm ồn USB pin 1.5 năm phù hợp PC Laptop	Hồng	5	Chất lượng sản phẩm:5 saooo Tính năng nổi bật:Màu xinh Chuột màu xinh lắm mn. Test thử thì nhạy cực. Đóng gói kĩ, gọn gàng nhennn. Nói chung là hài lòng á	2022-11-26 22:41:45	2026-09-29 00:31:28
sp_12914999559	shopee	1592328943	general	Chuột không dây Logitech M220 Silent giảm ồn USB pin 1.5 năm phù hợp PC Laptop	Xám	5	Chuột xịn. Giao hàng nhanh chất lượng. Chuột xài rất êm không nghe tiếng bấm gì luôn nha mọi người. Canh sale nên giá rất hợp lý.	2023-10-18 12:28:08	2026-09-29 00:31:28
sp_7670758267	shopee	1592328943	general	Chuột không dây Logitech M220 Silent giảm ồn USB pin 1.5 năm phù hợp PC Laptop	Hồng	5	Hàng chính hãng, có tem niêm phong. Chuột rất đẹp, bấm rất êm, màu hồng past cực kỳ cool luôn. Đặc biệt là giao hàng rất nhanh. Cảm ơn shop rất nhiều!	2022-03-06 12:25:47	2026-09-29 00:31:28
sp_10504083476	shopee	1592328943	general	Chuột không dây Logitech M220 Silent giảm ồn USB pin 1.5 năm phù hợp PC Laptop	Trắng	5	Chất lượng sản phẩm:tốt Tính năng nổi bật:Click chuột giảm tiếng ồn Chuột dùng rất tốt, kết nối nhanh và nhạy, Click chuột ko tạo tiếng ồn nhiều nên mình dùng khá thích. Form chuột cầm khá chắc tay, con lăn tốt và mượt.	2023-01-08 11:19:51	2026-09-29 00:31:28
sp_7566427665	shopee	1592328943	general	Chuột không dây Logitech M220 Silent giảm ồn USB pin 1.5 năm phù hợp PC Laptop	Trắng	5	Sản phẩm chất lượng tuyệt vời, xứng đáng giá tiền, chưa bao giờ hối hận khi mua đồ logitech, chuột click k phát ra tiếng hihi	2022-02-23 09:32:13	2026-09-29 00:31:28
sp_43876197665	shopee	1592328943	general	Chuột không dây Logitech M220 Silent giảm ồn USB pin 1.5 năm phù hợp PC Laptop	Xám	5	Chất lượng sản phẩm:tốt Tính năng nổi bật:chống ồn Mình mua lần 2 rồi, sản phẩm sài êm tay, chống ồn, bấm chuột êm rất đã tay nhé	2025-05-24 15:55:47	2026-09-29 00:31:28
sp_8921841175	shopee	1592328943	general	Chuột không dây Logitech M220 Silent giảm ồn USB pin 1.5 năm phù hợp PC Laptop	Hồng	5	Chuột đẹp mà dùng rất ok nha cả nhà ơi. Không biết có được bền không nhưng mới dùng em này thấy rất ổn, chuột bấm k bị kêu tạch tạch như các loại khác, cũng rất tiện vì k phải dây dợ lằng nhằng. Mọi người nên mua ạ	2022-07-10 11:22:42	2026-09-29 00:31:28
sp_78964306410	shopee	1592328943	general	Chuột không dây Logitech M220 Silent giảm ồn USB pin 1.5 năm phù hợp PC Laptop	Xám	5	Chất lượng sản phẩm:tốt Chuột mua săn sale giá ổn. Xài êm và tiện lợi rất thích. Mọi người canh săn sale mua để được giá tốt. Chất lượng chuột logitech thì khỏi chê	2025-11-14 22:01:28	2026-09-29 00:31:28
sp_73843525022	shopee	1592328943	general	Chuột không dây Logitech M220 Silent giảm ồn USB pin 1.5 năm phù hợp PC Laptop	Xám	5	Chuột êm mượt, không phát ra tiếng ồn (vẫn nghe tạch tạch nhưng rất nhỏ, không ảnh hưởng). Di chuyển mượt mà, nhỏ gọn cũng rất phù hợp với ai tay nhỏ như mình. Rất đáng tiền mua	2025-09-17 12:36:01	2026-09-29 00:31:28
sp_12219652853	shopee	1592328943	general	Chuột không dây Logitech M220 Silent giảm ồn USB pin 1.5 năm phù hợp PC Laptop	Hồng	5	màu hồng ở ngoài xinh hơn ảnh rất rất nhiều luôn, nhìn iu lắm, con lăn không kêu, mướt, bấm không tiếng ồn, nhạy, hi vọng pin xài pền vì chuột brand khác mình xài nuốt pin lắm, giờ có 10 sao cũng cho 😋 anh shipper giao nhanh với dễ thương lắm	2023-08-09 12:32:16	2026-09-29 00:31:28
sp_13843870075	shopee	1592328943	general	Chuột không dây Logitech M220 Silent giảm ồn USB pin 1.5 năm phù hợp PC Laptop	Hồng	5	Chất lượng sản phẩm:10 đỉm Chuột ok lắm nha mn. Giá rẻ so vs chất lượng. Chuột logitech thì miễn chê rùi. Bấm êm cực và k gây ra tiếng ồn luôn. Kết nối nhanh. Vs giá này cần chuột xài ổn k yêu cầu thêm gì thì nên mua. Màu pastel cũng xinh dễ thương nữa k bị sến. Đóng hộp chắc chắn	2024-01-11 15:18:06	2026-09-29 00:31:28
sp_9081853954	shopee	1592328943	general	Chuột không dây Logitech M220 Silent giảm ồn USB pin 1.5 năm phù hợp PC Laptop	Hồng	5	Chất lượng sản phẩm:Xài thời gian mới biết Tính năng nổi bật:êm Sản phẩm đẹp, chi tiết hoàn hảo. Màu đẹp hơn trong hình. Đáng mua	2022-07-26 17:06:47	2026-09-29 00:31:28
sp_13443683420	shopee	1592328943	general	Chuột không dây Logitech M220 Silent giảm ồn USB pin 1.5 năm phù hợp PC Laptop	Xám	5	Chất lượng sản phẩm:Ngon Chuột xài vừa tay, bấm nhậy, yên tĩnh như quảng cáo. Con lăn chuẩn. Giá rẻ nhưng chất lượng tốt trong tầm giá, nên mua!	2023-12-06 09:37:53	2026-09-29 00:31:28
sp_13028930240	shopee	1592328943	general	Chuột không dây Logitech M220 Silent giảm ồn USB pin 1.5 năm phù hợp PC Laptop	Xám	5	Chất lượng sản phẩm:tốt Tính năng nổi bật:chuột không dây Mình dùng 1 tgian mới quay lại đánh giá. Chuột kết nối nhanh, nhạy, mượt, k dây vô cùng tiện lợi.	2023-10-29 12:51:35	2026-09-29 00:31:28
sp_104226453153	shopee	1592328943	general	Chuột không dây Logitech M220 Silent giảm ồn USB pin 1.5 năm phù hợp PC Laptop	Xám	5	Độ nhạy:chuột rất nhạy và thao tác mượt mà trên mọi bề mặt Thiết kế:thiết kế nhỏ gọn, vừa tay, cầm rất đầm Chuột Logitech M220 là một mẫu chuột không dây đáng cân nhắc trong phân khúc giá rẻ. Sản phẩm nổi bật với thiết kế nhỏ gọn, nút bấm êm giúp giảm tiếng ồn, kết nối ổn định qua đầu thu USB và thời lượng pin dài, phù hợp cho học tập, làm việc và sử dụng hằng ngày. Chuột có độ bền tốt, thao tác mượt và mang lại cảm giác thoải mái khi sử dụng. Nhìn chung, đây là một lựa chọn rất đáng tiền cho người cần một chiếc chuột bền, ổn định và dễ sử dụng.	2026-07-10 15:00:06	2026-09-29 00:31:28
sp_18811258852	shopee	1592328943	general	Chuột không dây Logitech M220 Silent giảm ồn USB pin 1.5 năm phù hợp PC Laptop	Xám	5	Chất lượng sản phẩm:tốt Tính năng nổi bật:chuột máy tính Sản phẩm tốt, dùng êm, không có tiếng động. Bao bì và đóng gói khá tốt. Hi vọng sử dụng lâu sẽ không bị lag giật.	2024-11-15 23:10:59	2026-09-29 00:31:29
sp_9411150319	shopee	1592328943	general	Chuột không dây Logitech M220 Silent giảm ồn USB pin 1.5 năm phù hợp PC Laptop	Xám	5	Chất lượng sản phẩm:Tốt Chuột dùng nhẹ, cảm ứng nhạy, không bị phát ra tiếng. Bền thì sử dụng một thời gian mới biết đc. Nói chung là rất ưng nhé!!! Cho shop 5*	2022-08-29 16:37:54	2026-09-29 00:31:29
sp_9814125191	shopee	1592328943	general	Chuột không dây Logitech M220 Silent giảm ồn USB pin 1.5 năm phù hợp PC Laptop	Hồng	5	Chất lượng sản phẩm:ok Mình dùng hơn tháng rồi mới vào viết review. Mình canh mãi mới mua được màu hồng ấy. Mua chủ yếu vì tiết kiệm pin, giảm ồn thì cũng tương đối. Giao hàng nhanh và gói tốt.	2022-10-15 00:38:15	2026-09-29 00:31:29
sp_6816924219	shopee	1592328943	general	Chuột không dây Logitech M220 Silent giảm ồn USB pin 1.5 năm phù hợp PC Laptop	Trắng	5	Chuột màu trắng rất xinh, size vừa tầm tay các bạn nữ. Test thử rất nhạy và êm khi click cả 2 bên trái & phải. Shop hỗ trợ thông tin tốt - Shipper dễ thương, giao hàng nhanh.	2021-12-06 17:43:07	2026-09-29 00:31:29
sp_12198494063	shopee	1592328943	general	Chuột không dây Logitech M220 Silent giảm ồn USB pin 1.5 năm phù hợp PC Laptop	Hồng	5	Chất lượng sản phẩm:very gud 👏🏻 Màu hồng xinh xinh naaaaa 🫶 Ảnh thì là mình bóc r mới chụp nên seal mới vậy chứ lúc ship là nguyên si nha 👍🏻 Nchug very ưng ạ ~	2023-08-07 10:55:29	2026-09-29 00:31:29
sp_8935022453	shopee	1592328943	general	Chuột không dây Logitech M220 Silent giảm ồn USB pin 1.5 năm phù hợp PC Laptop	Hồng	5	Chuột rất êm, tiếng bấm chuột nhỏ. Còn được tặng một viên pin dùng được luôn. Màu chuột hồng hồng xinh xinh. Mong dùng được bền như chuột trc mình mua của Logitech. Giờ USB được gài luôn bên trong chuột tránh tình trạng rơi mất USB, nói chung là ưng ạ	2022-07-11 16:38:33	2026-09-29 00:31:29
sp_16130964279	shopee	1592328943	general	Chuột không dây Logitech M220 Silent giảm ồn USB pin 1.5 năm phù hợp PC Laptop	Xám	5	Chuột nhạy, bấm êm hạn chế tiếng ồn, giao hàng siêu nhanh, có sẵn pin luôn nên chỉ cần cắm vào sử dụng, 5 sao	2024-08-10 15:16:55	2026-09-29 00:31:29
sp_32895945109	shopee	1592328943	general	Chuột không dây Logitech M220 Silent giảm ồn USB pin 1.5 năm phù hợp PC Laptop	Xám	5	Tính năng nổi bật:nhấp êm Chất lượng sản phẩm:tốt Shop đóng gói cẩn thận, giao hàng nhanh, chuột mới chất lượng. Hi vọng dùng bền.	2025-03-14 17:37:14	2026-09-29 00:31:29
sp_12252924159	shopee	1592328943	general	Chuột không dây Logitech M220 Silent giảm ồn USB pin 1.5 năm phù hợp PC Laptop	Hồng	5	Tính năng nổi bật:nhạy, ko phát ra âm thanh Chất lượng sản phẩm:tốt Chuột đẹp, màu hồng dễ thương. Chất lượng sản phẩm tốt, nhạy khi kết nối với laptop, bấm chuột ko phát ra âm thanh gì.	2023-08-12 10:24:53	2026-09-29 00:31:29
sp_14543640858	shopee	1592328943	general	Chuột không dây Logitech M220 Silent giảm ồn USB pin 1.5 năm phù hợp PC Laptop	Hồng	5	Giao hàng nhanh. Chuột đẹp, màu rất xinh, tiếng click êm, ko nghe tiếng động. Săn được giá khá ok. Hi vọng là bền như con chuột cũ.	2024-03-16 21:53:49	2026-09-29 00:31:29
sp_15531423483	shopee	1592328943	general	Chuột không dây Logitech M220 Silent giảm ồn USB pin 1.5 năm phù hợp PC Laptop	Trắng	5	Chất lượng sản phẩm:tốt tốt tốt Tính năng nổi bật:nhẹ, nhanh Quán đóng gói tốt, chuẩn bị nhanh. Everything is perfect. Ảnh chỉ minh họa. Mình bị mất nên mua lại em này, chuột logi mãi đỉnh mà.	2024-06-16 07:15:36	2026-09-29 00:31:29
sp_14567915824	shopee	1592328943	general	Chuột không dây Logitech M220 Silent giảm ồn USB pin 1.5 năm phù hợp PC Laptop	Hồng	5	Chất lượng sản phẩm:tốt Tính năng nổi bật:chống ồn Shop giao hàng nhanh đóng gói cẩn thận lắm. Màu hồng bên ngoài xinh cực kì luôn. Chống ồn nên dùng thấy yên tĩnh hẳn :))) cầm gọn và chắc tay nha	2024-03-19 02:52:53	2026-09-29 00:31:29
sp_16073463603	shopee	1592328943	general	Chuột không dây Logitech M220 Silent giảm ồn USB pin 1.5 năm phù hợp PC Laptop	Hồng	5	Chất lượng sản phẩm:rat tot giao hàng đúng hẹn, chuột màu hồng phấn nhẹ nhàng nhưng ko bị nhợt nhạt nên rất là đẹp luôn, chất lượng sản phẩm cứng cáp chắc chắn, rất là hài lòng luôn	2024-08-05 18:09:33	2026-09-29 00:31:29
sp_12488824199	shopee	1592328943	general	Chuột không dây Logitech M220 Silent giảm ồn USB pin 1.5 năm phù hợp PC Laptop	Hồng	5	Chất lượng sản phẩm:toẹt vời Tính năng nổi bật:êm tay, màu xinh Chuột gọn, nhẹ, nhạy. Đóng gói rất gọn, phần đầu cắm ở bên trong chuột luôn. Xịn hịn ạ	2023-09-05 22:16:50	2026-09-29 00:31:29
sp_8630840401	shopee	1592328943	general	Chuột không dây Logitech M220 Silent giảm ồn USB pin 1.5 năm phù hợp PC Laptop	Hồng	5	Chất lượng sản phẩm:Chất lượng tốt Tính năng nổi bật:chống ồn Cảm giác click rất nhẹ nhàng, chuột di rất êm Mình mới sử dụng nhưng cảm thấy rất ổn! Đáng tiền và nên mua vì có cả bảo hiểm nữa ạ. Màu hồng cũng rất xinh	2022-06-10 13:42:19	2026-09-29 00:31:29
sp_12291788973	shopee	1592328943	general	Chuột không dây Logitech M220 Silent giảm ồn USB pin 1.5 năm phù hợp PC Laptop	Hồng	5	màu hồng xinh nha, tính mua màu trắng mà sold out nên mua màu hồng nhưng khá ưng, chống ồn tốt, nhỏ gọn vừa tay mấy bạn nữ lắm nha	2023-08-15 21:15:59	2026-09-29 00:31:29
sp_9677902154	shopee	1592328943	general	Chuột không dây Logitech M220 Silent giảm ồn USB pin 1.5 năm phù hợp PC Laptop	Xám	5	Chất lượng sản phẩm:10/10 Tính năng nổi bật:Êm Chuột bấm êm lắm hầu như không có tiếng gì. Hàng logitech thì khỏi chê r! Chất lượng quá ok.	2022-09-28 14:15:57	2026-09-29 00:31:29
sp_10490563600	shopee	1592328943	general	Chuột không dây Logitech M220 Silent giảm ồn USB pin 1.5 năm phù hợp PC Laptop	Hồng	5	Chất lượng sản phẩm:10/10 Tính năng nổi bật:điều khiển Xinh mà không ồn ào mình ghét ồn ào lắm, mà phải chi em này cầm nặng tay hơn 1 tí vì mình thì cầm chuột chắc tay tại đôi khi phải vẽ bằng chuột á. Nhưng giá này mà chất lượng này thì 10/10	2023-01-06 17:46:43	2026-09-29 00:31:29
sp_9919416017	shopee	1592328943	general	Chuột không dây Logitech M220 Silent giảm ồn USB pin 1.5 năm phù hợp PC Laptop	Hồng	5	Chất lượng sản phẩm:Rất tốt Tính năng nổi bật:không tiếng ồn, nhạy Màu hồng mình thích, chuột dùng ổn, nhạy và không ồn. Đặc biệt pin khá tốt, hy vọng sẽ lâu hết pin	2022-10-28 09:02:02	2026-09-29 00:31:29
sp_3893937027	shopee	1592328943	general	Chuột không dây Logitech M220 Silent giảm ồn USB pin 1.5 năm phù hợp PC Laptop		5	Chuột rất gọn nhẹ, đẹp, được gắn pin sẵn, nhấn chuột êm hơn hẳn, tiếng cuộn chuột vẫn có nhưng k to như review khác ( vẫn nhỏ hơn hẳn con logitech m105). Khi dùng ở văn phòng hoàn toàn k nghe tiếng lăn và click chuột.	2021-01-20 20:17:49	2026-09-29 00:31:29
sp_11426922316	shopee	1592328943	general	Chuột không dây Logitech M220 Silent giảm ồn USB pin 1.5 năm phù hợp PC Laptop	Trắng	5	Chất lượng sản phẩm:Tuyệt với Tính năng nổi bật:Im lặng May mắn shop có lại hàng khi đang sale, màu trắng đẹp, độ hoàn thiện cao. Anh shipper vui vẻ, hàng đóng gói ổn, hộp đựng nguyên vẹn. Phần quan trọng nhất là âm thanh thì tuyệt vời, không đến mức in lặng hoàn toàn nhưng tiếng click giảm đi đáng kể, trầm và không bị vang.	2023-05-06 12:44:40	2026-09-29 00:31:29
sp_10425684642	shopee	1592328943	general	Chuột không dây Logitech M220 Silent giảm ồn USB pin 1.5 năm phù hợp PC Laptop	Hồng	5	Chất lượng sản phẩm:Rất tốt Tính năng nổi bật:Click êm Chuột nhỏ gọn, click êm, màu hồng rất dễ thương. Ngoài ra còn được tặng kèm pin.	2022-12-28 23:20:38	2026-09-29 00:31:29
sp_10045577449	shopee	1592328943	general	Chuột không dây Logitech M220 Silent giảm ồn USB pin 1.5 năm phù hợp PC Laptop	Hồng	5	Chất lượng sản phẩm:Khá tốt Tính năng nổi bật:êm không ồn Chuột màu xinh. Nhấp chuột êm không có tiếng ồn. Giao hàng khá nhanh. Nên mua	2022-11-13 21:42:01	2026-09-29 00:31:29
sp_8981566834	shopee	1592328943	general	Chuột không dây Logitech M220 Silent giảm ồn USB pin 1.5 năm phù hợp PC Laptop	Hồng	5	Chất lượng sản phẩm:Tuyệt vời Tính năng nổi bật:Bấm êm, mượt Con chuột màu hồng nhẹ xinh xắn, di chuyển mượt mà, bấm chuột êm ái lắm nha mn, có chế độ bảo hành 1 năm nữa, shop chính hãng. Quất liền thui mn ưi	2022-07-15 21:28:35	2026-09-29 00:31:29
sp_7284033817	shopee	1592328943	general	Chuột không dây Logitech M220 Silent giảm ồn USB pin 1.5 năm phù hợp PC Laptop	Trắng	5	Chuột dùng êm màu đẹp nhìn rất sang. Chưa dùng nhiều nên chưa test đc độ bền. Hàng trong Nam giao ra Bắc thông cảm đc. Hàng Mall yên tâm chất lượng. Nên mua nhé. Mua sale có 250K	2022-01-22 10:17:56	2026-09-29 00:31:29
sp_99015238448	shopee	1592328943	general	Chuột không dây Logitech M220 Silent giảm ồn USB pin 1.5 năm phù hợp PC Laptop	Xám	5	shop chuẩn bị hàng siêu nhanh, đóng gói chỉn chu cẩn thận. Hàng chính hãng dùng rất mượt, cầm sử dụng dễ chịu, không mỏi tay	2026-05-22 10:46:09	2026-09-29 00:31:29
sp_9989468618	shopee	1592328943	general	Chuột không dây Logitech M220 Silent giảm ồn USB pin 1.5 năm phù hợp PC Laptop	Hồng	5	Chất lượng sản phẩm:đỉnh Chuột không có tiếng luôn. Bấm rất êm tay và êm tai. Màu cũng xinh nữa. Shop chính hãng nên mình yên tâm rồi. Giao hàng và đóng gói chắc chắn. 10 đỉm	2022-11-06 21:13:55	2026-09-29 00:31:29
sp_9315508945	shopee	1592328943	general	Chuột không dây Logitech M220 Silent giảm ồn USB pin 1.5 năm phù hợp PC Laptop	Xám	5	Chất lượng sản phẩm:tốt Tính năng nổi bật:êm, chống ồn Nhỏ nhắn, vừa tay đối vs mình, độ cong vừa phải, ôm tay Di chuyển nhanh, độ nhạy vừa phải, êm tay Tốt, recommend	2022-08-19 09:15:16	2026-09-29 00:31:29
sp_9518554565	shopee	1592328943	general	Chuột không dây Logitech M220 Silent giảm ồn USB pin 1.5 năm phù hợp PC Laptop	Hồng	5	Tính năng nổi bật:màu hồng pastel xinh xỉu Chất lượng sản phẩm:rat dep, tot Biết đến hãng lâu r nhưng lần đầu mua xài sp của hãng. Hy vọng chất lượng tốt, bền lâu. Màu thì xinh khỏi phải bàn cãi. Chuột êm, lướt nhanh. Rất đáng túi tiền. Nên mua nha mng	2022-09-10 18:33:53	2026-09-29 00:31:29
sp_6739838953	shopee	1592328943	general	Chuột không dây Logitech M220 Silent giảm ồn USB pin 1.5 năm phù hợp PC Laptop	Hồng	5	xuất sắc, nhận hàng là cái hộp xanh, hình chuột đen. cứ tưởng shop giao nhầm. may mà vẫn em chuột hồng, màu hồng nâu, dễ thương. chuột êm, tặng kèm 1 viên pin, con lăn giữa ko bị kêu như mình đọc review khác quá ok, nên mua ạ!	2021-11-28 12:11:56	2026-09-29 00:31:29
sp_9186355083	shopee	1592328943	general	Chuột không dây Logitech M220 Silent giảm ồn USB pin 1.5 năm phù hợp PC Laptop	Xám	5	Chất lượng sản phẩm:tỐt Tính năng nổi bật:bấm tiếng êm Giao hàng nhanh, chuột rất mượt và nhạy với lại không có ồn tí nào bấm rất êm tay	2022-08-06 21:56:05	2026-09-29 00:31:29
sp_10018467296	shopee	1592328943	general	Chuột không dây Logitech M220 Silent giảm ồn USB pin 1.5 năm phù hợp PC Laptop	Xám	5	Chất lượng sản phẩm:Rất tốt Tính năng nổi bật:Không có tiếng click chuột Chuột Logitech rất an tâm, chất lượng khỏi phải bàn rồi ạ. Nhấn rất êm không nghe tiếng kêu, pin thì chưa biết sao tại chưa sài lâu ạ	2022-11-10 18:02:42	2026-09-29 00:31:29
sp_16191242485	shopee	1592328943	general	Chuột không dây Logitech M220 Silent giảm ồn USB pin 1.5 năm phù hợp PC Laptop	Trắng	5	Chất lượng sản phẩm:tốt Tính năng nổi bật:silent Chuột và bàn phím dùng siêu thích. Chuột k bị ồn. Trước mình dùng dòng này mãi, 5-6 năm mới hỏng (vì làm rơi) nên nay mua lại đúng nó luôn. Logitech thì khỏi bàn về chất lượng r	2024-08-15 14:35:18	2026-09-29 00:31:29
sp_16443850865	shopee	1592328943	general	Chuột không dây Logitech M220 Silent giảm ồn USB pin 1.5 năm phù hợp PC Laptop	Hồng	5	Shiper giao nhanh, sản phẩm đóng gói kĩ càng, ngoại hình đẹp không cấn móp, chất lượng tốt so với giá, sẽ ủng hộ lần sau.	2024-09-05 19:02:54	2026-09-29 00:31:29
sp_14694751687	shopee	1592328943	general	Chuột không dây Logitech M220 Silent giảm ồn USB pin 1.5 năm phù hợp PC Laptop	Xám	5	Tính năng nổi bật:giảm ồn và nhẹ Chuột êm, bấm ít ồn hơn chuột ngày xưa mình xài nhiều. Kết nối với máy tính khá mượt, lăn lướt ổn. Khá nhẹ và vừa tay với mình. Mua đợt sale áp mã nên khá ổn Mong sẽ dùng đc bền lâu	2024-03-29 10:32:10	2026-09-29 00:31:29
sp_11723538965	shopee	1592328943	general	Chuột không dây Logitech M220 Silent giảm ồn USB pin 1.5 năm phù hợp PC Laptop	Hồng	5	Chuột sàii mượt , đúng là nhấn ko ra tiếng , hàng chính hãng chất lượng , màu Hồng siêu dễ thương , nhìn là thích mua liền	2023-06-12 11:20:22	2026-09-29 00:31:29
sp_107006839231	shopee	1592328943	general	Chuột không dây Logitech M220 Silent giảm ồn USB pin 1.5 năm phù hợp PC Laptop	Xám	5	Độ nhạy:nhạy, thao tác mượt mọi bề mặt Thiết kế:nhỏ gọn, dễ cầm tay Click không hề ồn nha. Mê cực. Có chỗ đựng cái chân USB để cắm vô máy nx. Không hề sợ rớt. Tui con gái, thấy nhỏ, dễ cầm.	2026-08-09 13:26:45	2026-09-29 00:31:29
sp_8640875626	shopee	1592328943	general	Chuột không dây Logitech M220 Silent giảm ồn USB pin 1.5 năm phù hợp PC Laptop	Hồng	5	Sản phẩm rất đẹp nha mng màu hồng xink xỉu á đóng gói rất kĩ nha ko sợ va đập cho pin sẵn lun nha bấm chuột nghe rất em lun á ko ồn nha rất nên mua nha mng =)))	2022-06-11 11:26:39	2026-09-29 00:31:29
sp_6854083891	shopee	1592328943	general	Chuột không dây Logitech M220 Silent giảm ồn USB pin 1.5 năm phù hợp PC Laptop	Xám	5	Chất lượng sản phẩm tốt, giá thành cũng phải chăng. Mình rất thích mua hàng ở đây, giao nhanh chóng. Sẽ tiếp tục ủng hộ.	2021-12-10 13:06:11	2026-09-29 00:31:29
sp_12276798581	shopee	1592328943	general	Chuột không dây Logitech M220 Silent giảm ồn USB pin 1.5 năm phù hợp PC Laptop	Hồng	5	Tính năng nổi bật:muot Chuột nhận được đem dùng luôn. Cảm giấc khi dùng rất thích, êm, mượt, k ồn, màu xinh, nhẹ. Rất hài lòng về sp luôn. Giao hàng cũng nhanh. 11 gửi ship từ hcm mà về quảng ninh 14 đã nhận đc hàng	2023-08-14 14:25:17	2026-09-29 00:31:29
sp_12031789907	shopee	1592328943	general	Chuột không dây Logitech M220 Silent giảm ồn USB pin 1.5 năm phù hợp PC Laptop	Hồng	5	Chất lượng sản phẩm:tuyệt vời Tính năng nổi bật:màu đẹp hơn so với ảnh cực tốt nha lúc đầu k hiểu cái rút ra cho lắm nhưng do mình k đọc sự dụng nên hơi bỡ ngỡ.Hàng đẹp hơn so với ảnh.dùng cực êm,chuẩn như trên ảnh,phát ra tiếng nhỏ k gây ồn ,trên video là mình để gần nên tiếng sẽ to👌👌👌Duyệt	2023-07-18 22:25:43	2026-09-29 00:31:29
sp_16578971084	shopee	1592328943	general	Chuột không dây Logitech M220 Silent giảm ồn USB pin 1.5 năm phù hợp PC Laptop	Hồng	5	Tính năng nổi bật:vuot troi Chất lượng sản phẩm:tuyệt vời Chuột xinh xỉu lun á Dùng mướt lắm lun Săn sale còn mua đc giá hời	2024-09-14 18:28:05	2026-09-29 00:31:29
sp_8829638088	shopee	1592328943	general	Chuột không dây Logitech M220 Silent giảm ồn USB pin 1.5 năm phù hợp PC Laptop	Trắng	5	Chất lượng sản phẩm:Tốt Tính năng nổi bật:Khá êm Chất lượng tốt trong tầm giá. Chuột dễ thươnh . Âm lượng như trong video. Rất ưng. Shop gói hàng ok.	2022-06-30 22:17:51	2026-09-29 00:31:29
sp_9480722857	shopee	1592328943	general	Chuột không dây Logitech M220 Silent giảm ồn USB pin 1.5 năm phù hợp PC Laptop	Xám	5	Shop chuẩn bị và giao nhanh, đóng gói ổn, có tờ hướng dẫn 👍👍👍 Chuột đúng mô tả, bấm hong nghe tiếng, nhạy 👍👍👍 Mình dùng hơn tuần thấy siêu ổn, đáng tiền	2022-09-06 16:58:39	2026-09-29 00:31:29
sp_107163441854	shopee	1592328943	general	Chuột không dây Logitech M220 Silent giảm ồn USB pin 1.5 năm phù hợp PC Laptop	Xám	5	Độ nhạy:chuột di chuyển khá mượt, ấn giảm tiếng ồn hiệu quả Thiết kế:nhỏ gọn, cầm vừa tay đối với mìnhh, mang đi cũng tiện lợi Mình sẽ sử dụng và trải nghiệm thêm về sản phẩm nhưng trước hết mình thấy nó khá đúng với nhu cầu của mình, mọi người coá thể tham khảo nhenn	2026-08-16 18:06:57	2026-09-29 00:31:29
sp_6762496479	shopee	1592328943	general	Chuột không dây Logitech M220 Silent giảm ồn USB pin 1.5 năm phù hợp PC Laptop	Xám	5	Chuột đẹp, êm , xài xịn xò phết Hộp cũng đẹp, có số seri để bảo hành Shop giải đáp thắc mắc rõ ràng Hài lòng ạ	2021-11-30 19:26:11	2026-09-29 00:31:29
sp_95418815455	shopee	1592328943	general	Chuột không dây Logitech M220 Silent giảm ồn USB pin 1.5 năm phù hợp PC Laptop	Xám	5	Độ nhạy:nhạy Thiết kế:đẹp Hàng về nhanh, đóng gói cẩn thận. Hàng giống như hình nhé. Giá hợp lý, mình rất ưng. Phải dùng một thời gian xem có bền không đã	2026-04-11 12:29:00	2026-09-29 00:31:29
sp_10712860557	shopee	1592328943	general	Chuột không dây Logitech M220 Silent giảm ồn USB pin 1.5 năm phù hợp PC Laptop	Trắng	5	Chất lượng sản phẩm:good Khá êm tay, màu trắng xinh, phù hợp các bạn nữ, có bảng hướng dẫn sử dụng dễ hiểu. Quà tặng đi kèm đúng loại. Hy vọng dùng được lâu dài.	2023-02-06 09:59:43	2026-09-29 00:31:29
sp_10504533865	shopee	1592328943	general	Chuột không dây Logitech M220 Silent giảm ồn USB pin 1.5 năm phù hợp PC Laptop	Hồng	5	Chất lượng sản phẩm:1000₫ Tính năng nổi bật:dùng ko phát ra tiếng Chuột logi xinh xỉu. Tiền nào của nấy nha các bác, dùng bao phe không phát ra tiếng động luôn ạ	2023-01-08 12:18:29	2026-09-29 00:31:29
sp_12004098941	shopee	1592328943	general	Chuột không dây Logitech M220 Silent giảm ồn USB pin 1.5 năm phù hợp PC Laptop	Hồng	5	Chất lượng sản phẩm:nice Tính năng nổi bật:nhỏ gọn Mình cực thích chuột này, vừa nhỏ gọn, màu pastel mình ưng mà vừa không phát ra âm thanh. Shop còn tặng kèm thêm hộp nescafe nữa á. Highly recommend, mua liền đi đừng ngại mng oiii💗	2023-07-15 17:44:11	2026-09-29 00:31:31
sp_13246745678	shopee	1592328943	general	Chuột không dây Logitech M220 Silent giảm ồn USB pin 1.5 năm phù hợp PC Laptop	Xám	5	Chất lượng sản phẩm:tot Đây là lần thứ hai mình mua sản phẩm này vì con chuột đầu tiên đã bị mình là bể cục USB nên mình phải mua con khác. Sản phầm này theo mình là dùng tốt lắm vì nó hầu như không phát ra tiếng lick lick và chuột dùng rất nhạy, không thấy độ trễ.	2023-11-17 20:38:17	2026-09-29 00:31:31
sp_32435249648	shopee	1592328943	general	Chuột không dây Logitech M220 Silent giảm ồn USB pin 1.5 năm phù hợp PC Laptop	Xám	5	Not bad not bad Tôi đã mua sản phẩm này và rất hài lòng với chất lượng cũng như dịch vụ giao hàng. Sản phẩm được đóng gói cẩn thận và giao đúng hẹn. Sử dụng sản phẩm rất tiện lợi và đáp ứng đầy đủ các yêu cầu của tôi. Tôi chắc chắn sẽ tiếp tục ủng hộ và giới thiệu sản phẩm này cho bạn bè và người thân.	2025-03-08 12:53:15	2026-09-29 00:31:31
sp_17357056727	shopee	1592328943	general	Chuột không dây Logitech M220 Silent giảm ồn USB pin 1.5 năm phù hợp PC Laptop	Xám	5	Chất lượng sản phẩm:tốt Tính năng nổi bật:chống ồn Chuột đẹp, dùng êm, mượt, kick ko ồn, đóng gói hàng cẩn thận. Trong ảnh usb mình cắm ở mt mất chứ ko phải thiếu.	2024-10-25 20:53:39	2026-09-29 00:31:31
sp_8925643400	shopee	1592328943	general	Chuột không dây Logitech M220 Silent giảm ồn USB pin 1.5 năm phù hợp PC Laptop	Hồng	5	Tính năng nổi bật:chống ồn Chất lượng sản phẩm:Tốt Chuột dùng ok. Giao hàng nhanh. Chất liệu đẹp và bền. Màu hồng ở ngoài đẹp hơn trong hình nha.	2022-07-10 18:27:40	2026-09-29 00:31:31
sp_12278814524	shopee	1592328943	general	Chuột không dây Logitech M220 Silent giảm ồn USB pin 1.5 năm phù hợp PC Laptop	Hồng	5	bấm rất êm, chuột nhỏ xinh mà màu cũng xinh nữa, shop gói hàng cẩn thận, đc tặng kèm pin, dùng có lâu k thì k biết	2023-08-14 17:27:37	2026-09-29 00:31:31
sp_16081404708	shopee	1592328943	general	Chuột không dây Logitech M220 Silent giảm ồn USB pin 1.5 năm phù hợp PC Laptop	Trắng	5	Tính năng nổi bật:im ru, lướt nhẹ tay, nhạy Chất lượng sản phẩm:tốt Chăm sóc khách hàng tốt, nhanh. Mình cần gấp nên nhờ ship nhanh giúp mình qua thấy đi hàng nay giao tới rồi. Chất lượng sản phẩm thì dùng lâu dài mới biết, hiện tại thấy im, nhạy, chuột nhỏ gọn, màu thấy xinh nữa. Trc mình có dùng con M221 rớt quài hok hư mong là bé này cũng dậy nha	2024-08-06 13:55:33	2026-09-29 00:31:31
sp_15858295839	shopee	1592328943	general	Chuột không dây Logitech M220 Silent giảm ồn USB pin 1.5 năm phù hợp PC Laptop	Xám	5	Chất lượng sản phẩm:tot Tính năng nổi bật:nhanh nhạy, kh gây ồn trc mua phải hàng rẻ xong di chuột cứ bị rít tậm tịt nhg dùng em chuột mới này đi mượt hẳn, nặng tay nữa😘😘	2024-07-16 12:20:59	2026-09-29 00:31:31
sp_6485737366	shopee	1592328943	general	Chuột không dây Logitech M220 Silent giảm ồn USB pin 1.5 năm phù hợp PC Laptop		5	Chuột khá nhạy, hoạt động tốt trên mọi bề mặt. Trọng lượng nhẹ. Đúng sillent luôn. Hầu như không nghe tiếng động. Khá là ưng ý. Hàng chính hãng không sáng đèn dưới đít nha ae. Mấy con 8-90k kia toàn hàng fake không.	2021-11-04 14:56:44	2026-09-29 00:31:31
sp_6442343354	shopee	1592328943	general	Chuột không dây Logitech M220 Silent giảm ồn USB pin 1.5 năm phù hợp PC Laptop		5	Rất ưng luôn trời uiiiii Mượt mà giả này lại siêu ổn nữa chứ Rất là nhạy cầm rất êm tay và không tiếng ồn nữa ạ	2021-10-30 14:40:56	2026-09-29 00:31:31
sp_15942554263	shopee	1592328943	general	Chuột không dây Logitech M220 Silent giảm ồn USB pin 1.5 năm phù hợp PC Laptop	Hồng	5	Tính năng nổi bật:im lang Chất lượng sản phẩm:tốt Sản phẩm tốt, màu hồng rất xinh và nhẹ nhàng, chuột giảm tiếng ồn nên là rất ok thích hộp trong văn phòng im ắng dễ dàng sử dụng nhen nam nữ xài vẫn okla luôn ạ tốt lắm ạ rất thích màu hồng cho bánh bèo nhennnnn	2024-07-24 12:11:57	2026-09-29 00:31:31
sp_11963342803	shopee	1592328943	general	Chuột không dây Logitech M220 Silent giảm ồn USB pin 1.5 năm phù hợp PC Laptop	Hồng	5	Tính năng nổi bật:Khong ồn Chất lượng sản phẩm:tuyệt vời Giao hoả tốc rất nhanh luôn ạ, shop hỗ trợ nhiệt tình. Chất lượng, chuột bấm không tiếng ồn, con lăn mượttt	2023-07-11 16:28:41	2026-09-29 00:31:31
sp_2750110759	shopee	1592328943	general	Chuột không dây Logitech M220 Silent giảm ồn USB pin 1.5 năm phù hợp PC Laptop		5	Giao hàng nhanh, hàng đẹp vừa gọn tay mình. Tiếng click êm nhẹ, không gây ồn, con lăn thì có tiếng nhẹ. Chuột nhạy, hoạt động rất tốt. Mình mua được lúc đang sale nên rất ưng ý. Nếu mọi người đang tìm 1 con chuột không ồn thì chọn con này nhé. Nói chung hàng Logitech mình rất yên tâm.	2020-07-28 09:34:55	2026-09-29 00:31:31
sp_40696375808	shopee	1592328943	general	Chuột không dây Logitech M220 Silent giảm ồn USB pin 1.5 năm phù hợp PC Laptop	Xám	5	"Chất lượng sản phẩm:Rất tốt Tất cả mọi người, đặt hàng tiện lợi giao nhanh"" shop bọc kĩ càng quan tâm tới vấn đề của khách hàng' trả lời tin nhắn nhanh' nếu cần sẽ mua tiếp ủng hộ vì sự nhiệt tình của shop. dùng tiện lợi."	2025-05-04 22:49:57	2026-09-29 00:31:31
sp_8590999486	shopee	1592328943	general	Chuột không dây Logitech M220 Silent giảm ồn USB pin 1.5 năm phù hợp PC Laptop	Xám	5	Chất lượng sản phẩm:Tốt Tính năng nổi bật:Giảm tiếng ồn Shop gói hàng kỹ, giao hàng nhanh. Mình toàn xài chuột của Logi và thấy rất ok. Loại này lúc bấm không gây tiếng ồn và rất êm. Nên mua nha mn	2022-06-06 21:54:33	2026-09-29 00:31:31
sp_11797030185	shopee	1592328943	general	Chuột không dây Logitech M220 Silent giảm ồn USB pin 1.5 năm phù hợp PC Laptop	Hồng	5	Tính năng nổi bật:chua biet Chất lượng sản phẩm:nhu mo ta Vừa tay. Màu hồng pastel rất xinh Bấm rất êm Chưa biết có bền không	2023-06-21 12:58:14	2026-09-29 00:31:31
sp_9426602321	shopee	1592328943	general	Chuột không dây Logitech M220 Silent giảm ồn USB pin 1.5 năm phù hợp PC Laptop	Xám	5	Chất lượng sản phẩm:tốt Tính năng nổi bật:di mượt, chống ồn Này con T2 rồi, xài ổn, êm tay, giá hợp lý, đặt biệt bấm chuột kh tiếng động nha. Đáng mua	2022-08-31 11:31:14	2026-09-29 00:31:31
sp_31163187305	shopee	1592328943	general	Chuột không dây Logitech M220 Silent giảm ồn USB pin 1.5 năm phù hợp PC Laptop	Xám	5	Đã mua của hãng 1 năm trước. Nói chung dùng được hơn 1 năm là chuột chết. Con gái cầm vừa tay, không tiếng ồn, độ nhạy cao. Tốt	2025-02-17 07:35:19	2026-09-29 00:31:31
sp_96758082987	shopee	1592328943	general	Chuột không dây Logitech M220 Silent giảm ồn USB pin 1.5 năm phù hợp PC Laptop	Xám	5	Độ nhạy:có Thiết kế:đẹp, gọn Sản phẩm đúng với mô tả, kéo nhạy dùng bền, lâu hư Đã mua nhiều lần của shop dùng cũng oke	2026-04-23 15:31:07	2026-09-29 00:31:31
sp_11760842798	shopee	1592328943	general	Chuột không dây Logitech M220 Silent giảm ồn USB pin 1.5 năm phù hợp PC Laptop	Xám	5	Chất lượng sản phẩm:ok Tính năng nổi bật:k ồn Dùng ok nha mượt k ồn lăn cũng k ồn giao hàng nhanh đẹp cầm vừa tay nhỏ gọn	2023-06-16 17:25:15	2026-09-29 00:31:31
sp_9024010998	shopee	1592328943	general	Chuột không dây Logitech M220 Silent giảm ồn USB pin 1.5 năm phù hợp PC Laptop	Trắng	5	Tính năng nổi bật:chống ồn, nhạy , gọn Chất lượng sản phẩm:tuyệt vời Chuột rất êm, nhạy, gọn xinh, xài không bị mỏi tay Hàng chất lượng so với giá	2022-07-20 11:04:15	2026-09-29 00:31:31
sp_10298462437	shopee	1592328943	general	Chuột không dây Logitech M220 Silent giảm ồn USB pin 1.5 năm phù hợp PC Laptop	Hồng	5	giao hàng khá nhanh, giá ổn, đóng gói chắc chắn. chuột xài êm kh phát ra tiếng. nhưng đây là chuột usb kh có bluetooth:))) mình mua lộn	2022-12-14 00:04:31	2026-09-29 00:31:31
sp_13569317281	shopee	1592328943	general	Chuột không dây Logitech M220 Silent giảm ồn USB pin 1.5 năm phù hợp PC Laptop	Xám	5	Chất lượng sản phẩm:tốt Shop đóng gói rất cẩn thận và giao hàng nhanh. Chuột khi sd k phát ra tiếng lun rất là êm mình rất thích. Mình tưởng k có pin sẵn nhưng mở ra thì thấy có 1v bên trong. Cảm ơn shop n 5 sao ạ.	2023-12-16 15:21:07	2026-09-29 00:31:31
sp_12222111590	shopee	1592328943	general	Chuột không dây Logitech M220 Silent giảm ồn USB pin 1.5 năm phù hợp PC Laptop	Hồng	5	Hàng chất lượng, ngon rẻ. Quá ok. Shop cũng dễ thương, và shipper cũng dễ thương. Ai đắn đo thì đây là sự lựa chọn tốt nha	2023-08-09 16:26:41	2026-09-29 00:31:31
sp_13543477681	shopee	1592328943	general	Chuột không dây Logitech M220 Silent giảm ồn USB pin 1.5 năm phù hợp PC Laptop	Xám	5	Giao hàng tương đối nhanh, gói hàng cẩn thận. Chuột dùng tốt, nhỏ gọn, êm mướt và nhạy, ko tiếng ồn, nhám nên cầm rất thích tay. Trong chuột còn có sẵn pin. Đáng tiền.	2023-12-14 18:25:18	2026-09-29 00:31:31
sp_15731054443	shopee	1592328943	general	Chuột không dây Logitech M220 Silent giảm ồn USB pin 1.5 năm phù hợp PC Laptop	Hồng	5	Chất lượng sản phẩm:ok Tính năng nổi bật:ấn êm không phát ra tiếng săn sale cũng hời, giao hàng nhanh đóng gói kỹ, sản phẩm dùng khá êm, không gây ồn	2024-07-05 16:49:22	2026-09-29 00:31:31
sp_11720174869	shopee	1592328943	general	Chuột không dây Logitech M220 Silent giảm ồn USB pin 1.5 năm phù hợp PC Laptop	Xám	5	Chất lượng sản phẩm:tot Tính năng nổi bật:yên tĩnh Sản phẩm rất đẹp, chuột nhỏ gọn, click k có tiếng ồn, loại này k sáng đèn nên rất tiết kiệm pin, ok	2023-06-11 21:30:44	2026-09-29 00:31:31
sp_111000560825	shopee	1592328943	general	Chuột không dây Logitech M220 Silent giảm ồn USB pin 1.5 năm phù hợp PC Laptop	Xám	5	Chuột nhạy và thao tác mượt mà, thiết kế nhỏ gọn, vừa tay cầm, chuột nhẹ và bấm không phát ra tiếng tách tách như các dòng chuột trước đây. Shop đóng gói cẩn thận, giao hàng nhanh.	2026-09-24 09:44:48	2026-09-29 00:31:31
sp_6294553749	shopee	1592328943	general	Chuột không dây Logitech M220 Silent giảm ồn USB pin 1.5 năm phù hợp PC Laptop		5	Hàng giao nhanh, đóng gói cẩn thận, chưa xài nên ko biết độ bền được bao lâu,nếu tốt sẽ ủng hộ nhiều mặt hàng nữa.cho shop 5 sao ủng hộ.	2021-10-15 17:30:57	2026-09-29 00:31:31
sp_6804598715	shopee	1592328943	general	Chuột không dây Logitech M220 Silent giảm ồn USB pin 1.5 năm phù hợp PC Laptop	Xám	5	Shop giao đúng hàng đã đặt, chuẩn bị hàng và giao hàng khá nhanh, shop đóng gói cẩn thận, có bọc chống sốc rất tốt, chuột nhạy, click ko nghe tiếng lớn, giá sale tốt	2021-12-05 10:03:01	2026-09-29 00:31:31
sp_6986491145	shopee	1592328943	general	Chuột không dây Logitech M220 Silent giảm ồn USB pin 1.5 năm phù hợp PC Laptop	Hồng	5	Đã nhận sản phẩm, đóng gói hàng cẩn thận , chắc chắn , chuyên nghiệp , sản phẩm rất đẹp , chuẩn , sẽ ủng hộ shop dài dài . Mọi người nên mua về dùng , đảm bảo hài lòng	2021-12-21 14:38:01	2026-09-29 00:31:31
sp_14362128795	shopee	1592328943	general	Chuột không dây Logitech M220 Silent giảm ồn USB pin 1.5 năm phù hợp PC Laptop	Hồng	5	Tính năng nổi bật:chuột nhạy Chất lượng sản phẩm:tốt Chuột Logitech hành chính hãng có nhãn mác OK nha mọi người Nhạy Màu đẹp Cầm vừa tay	2024-03-01 20:23:45	2026-09-29 00:31:31
sp_11995000088	shopee	1592328943	general	Chuột không dây Logitech M220 Silent giảm ồn USB pin 1.5 năm phù hợp PC Laptop	Hồng	5	Tính năng nổi bật:Dùng cho máy tính Chất lượng sản phẩm:tốt Shop chuẩn bị hàng nhanh Chuột êm mới xài hơi chưa quen Xài hãng này nhiều rồi, chuột cũ lag quá nên đổi chuột mới Xài êm và không lag dễ chịu hẳn 😊	2023-07-14 18:01:36	2026-09-29 00:31:31
sp_9498564147	shopee	1592328943	general	Chuột không dây Logitech M220 Silent giảm ồn USB pin 1.5 năm phù hợp PC Laptop	Xám	5	Chất lượng sản phẩm:rat tot Tính năng nổi bật:khong co tieng on Lần đầu mua chuột Logitech rất ưng. Chuột chắc chắn, cầm vừa tay, di chuyển mượt và không hề có tiếng ồn. Package gọn gàng, cẩn thận, chuột có dán chống xước mà mình bóc ra rồi :)) Đã dùng khoảng hơn 1 tuần, không có dấu hiệu giật lag, rất nhạy	2022-09-08 17:07:30	2026-09-29 00:31:31
sp_11940946148	shopee	1592328943	general	Chuột không dây Logitech M220 Silent giảm ồn USB pin 1.5 năm phù hợp PC Laptop	Xám	5	Chất lượng sản phẩm:đẹp, nhỏ gọn, ko ồn, shop bán kèm sẵn pin Tính năng nổi bật:ko ồn Shop giao hàng nhanh. Trước mình cũng xài qua chuột mã này, cũng bền lắm	2023-07-09 13:55:42	2026-09-29 00:31:31
sp_11329047463	shopee	1592328943	general	Chuột không dây Logitech M220 Silent giảm ồn USB pin 1.5 năm phù hợp PC Laptop	Hồng	5	Tính năng nổi bật:mau dep và xinh Chất lượng sản phẩm:tot Đẹp xịn, xinh, mình đang thử với macbook xem có mượt k, sẽ quay lại đánh giá tiếp cho những ai dùng macbook nhé. Nhỏ gọn hợp với tay con gái nè	2023-04-21 16:19:10	2026-09-29 00:31:31
sp_16181147074	shopee	1592328943	general	Chuột không dây Logitech M220 Silent giảm ồn USB pin 1.5 năm phù hợp PC Laptop	Xám	5	Ốp giá rẻ, chất lượng. Mình nhận hàng cũng khá là sớm. Shop tư vấn nhiệt tình. Hàng nên mua . Có sự chắc chắn khi ốp dt vào	2024-08-14 17:00:55	2026-09-29 00:31:31
sp_107353507422	shopee	1592328943	general	Chuột không dây Logitech M220 Silent giảm ồn USB pin 1.5 năm phù hợp PC Laptop	Xám	5	Độ nhạy:Chuot nhạy, bấm rất êm Thiết kế:thiet kế nhỏ gọn, cầm vừa tay Chuột êm lắm nha, sài bấm êm ru à, nhạy, mình rất ưng	2026-08-25 17:35:50	2026-09-29 00:31:31
sp_31764830570	shopee	1592328943	general	Chuột không dây Logitech M220 Silent giảm ồn USB pin 1.5 năm phù hợp PC Laptop	Trắng	5	Chất lượng sản phẩm:Chất lượng tốt Tính năng nổi bật:ko gây ồn áo Giao hàng nhanh chóng, đóng gói cẩn thận, sảp phẩm đẹp mắt, chất lượng	2025-02-28 13:19:43	2026-09-29 00:31:31
sp_14308221107	shopee	1592328943	general	Chuột không dây Logitech M220 Silent giảm ồn USB pin 1.5 năm phù hợp PC Laptop	Trắng	5	Chất lượng sản phẩm:rất tốt Tính năng nổi bật:kết nối Bluetooth, không gây tiếng ồn, vừa tay, màu đẹp Chuột vừa tay, tiếng bấm chuột rất nhỏ, rất mượt	2024-02-26 02:34:39	2026-09-29 00:31:31
sp_15746522188	shopee	1592328943	general	Chuột không dây Logitech M220 Silent giảm ồn USB pin 1.5 năm phù hợp PC Laptop	Hồng	5	Giao hàng nhanh, màu xinh. Lần thứ 2 mua con này do con cũ bị hư. Lần đầu mua do nhờ đặt dùm nên mình ko check đc dùng bao lâu nhưng trải ngiệm xài ổn	2024-07-07 01:05:55	2026-09-29 00:31:31
sp_16662763369	shopee	1592328943	general	Chuột không dây Logitech M220 Silent giảm ồn USB pin 1.5 năm phù hợp PC Laptop	Hồng	5	Chất lượng sản phẩm:tốt Tính năng nổi bật:êm Chuột màu hồng xinh lắm nha, lướt mượt siuu êm bấm k có tiếng luôn quá xịn	2024-09-21 10:12:23	2026-09-29 00:31:31
sp_10680720760	shopee	1592328943	general	Chuột không dây Logitech M220 Silent giảm ồn USB pin 1.5 năm phù hợp PC Laptop	Xám	5	Chất lượng sản phẩm:siuuu xịn Tính năng nổi bật:dùng êm Giá ok rất hợp lí, chất lượng khỏi phải bàn, dùng êm cực nhấn chuột k bị ồn, độ bền thì mới mua lần đầu nên cx k rõ	2023-02-02 12:47:02	2026-09-29 00:31:31
sp_9253014751	shopee	1592328943	general	Chuột không dây Logitech M220 Silent giảm ồn USB pin 1.5 năm phù hợp PC Laptop	Xám	5	Chất lượng sản phẩm:cHuột OK, đẹp, bấm mượt về lâu dài thì phải sử dụng mới biết dc, giá xứng đáng Tính năng nổi bật:bấm tiếng kêu ko có lớn, chuột êm Giao hàng nhanh đóng gói cẩn thận cảm ơn shop	2022-08-13 08:26:47	2026-09-29 00:31:31
sp_15654114760	shopee	1592328943	general	Chuột không dây Logitech M220 Silent giảm ồn USB pin 1.5 năm phù hợp PC Laptop	Xám	5	Chất lượng sản phẩm:tốt Chuột logitech thì chất lượng không có gì để bàn cãi, chuột xài êm, bấm không ồn, mong em này sẽ được bền lâu.	2024-06-28 15:32:31	2026-09-29 00:31:31
sp_11420234219	shopee	1592328943	general	Chuột không dây Logitech M220 Silent giảm ồn USB pin 1.5 năm phù hợp PC Laptop	Hồng	5	Tính năng nổi bật:ok Chất lượng sản phẩm:tốt Màu hồng cưng lắm, sử dụng rất âm, đóng gọi cẩn thận, sẽ ủng hộ shop thêm	2023-05-05 16:20:34	2026-09-29 00:31:31
sp_24070546473	shopee	1592328943	general	Chuột không dây Logitech M220 Silent giảm ồn USB pin 1.5 năm phù hợp PC Laptop	Xám	5	Tính năng nổi bật:chuột máy tính Chất lượng sản phẩm:tốt Trc có con chuột loại cũ dùng 1 năm hơn mới hỏng, bền phết, mua thử con mới này tiếng click nhẹ hẳn, nhạy, nhanh lắm	2024-12-20 10:47:52	2026-09-29 00:31:31
sp_7651084645	shopee	1592328943	general	Chuột không dây Logitech M220 Silent giảm ồn USB pin 1.5 năm phù hợp PC Laptop	Hồng	5	Chuột màu hồng pastel nhẹ nhàng, tinh tế. Con lăn lướt êm, nhấp chuột nhẹ tênh không tiếng ồn. Các bạn nên trải nghiệm sử dụng nhé.	2022-03-04 14:25:13	2026-09-29 00:31:31
sp_84173099510	shopee	1592328943	general	Chuột không dây Logitech M220 Silent giảm ồn USB pin 1.5 năm phù hợp PC Laptop	Xám	5	Độ nhạy:Tốt Thiết kế:Nhỏ gọn Nhận hàng nhanh, đóng gói cẩn thận. Sản phẩm giống mô tả, chất lượng ổn so với mức giá. Shop phản hồi tin nhắn khá nhanh, hỗ trợ ok. Trải nghiệm mua hàng nhìn chung là ổn.	2026-01-05 15:43:51	2026-09-29 00:31:31
sp_10867910252	shopee	1592328943	general	Chuột không dây Logitech M220 Silent giảm ồn USB pin 1.5 năm phù hợp PC Laptop	Trắng	5	Chất lượng sản phẩm:toost Tính năng nổi bật:êm, dùng mượt, k ồn Chuột chất lượng lắm, màu trắng siêu xinh giao hàng cũng nhanh nữa	2023-02-26 19:23:29	2026-09-29 00:31:31
sp_10793223700	shopee	1592328943	general	Chuột không dây Logitech M220 Silent giảm ồn USB pin 1.5 năm phù hợp PC Laptop	Xám	5	Chất lượng sản phẩm:như mô tả Tính năng nổi bật:bấm êm, ít ồn Hàng hoá như mô tả, đóng gói đẹp, giao hàng nhanh ạ	2023-02-16 11:47:47	2026-09-29 00:31:32
sp_3515262313	shopee	1592328943	general	Chuột không dây Logitech M220 Silent giảm ồn USB pin 1.5 năm phù hợp PC Laptop		5	Rất hài lòng với sản phẩm đã nhận. Cảm nhận hàng chuẩn, chính hãng, full box, có thông tin nhập khẩu đầy đủ, chữ in trên sp rõ nét, chuột bấm êm, lướt rất mượt, đồ mới đúng là có khác, hihi. Tem bảo hành được dán giấu kỹ bên trong nên ko làm xấu sp, còn đc tặng kèm viên pin nữa.	2020-12-02 10:49:30	2026-09-29 00:31:32
sp_9482884240	shopee	5946253051	general	Bàn Phím Cơ Máy Tính Crack K2 PRO Led RGB 10 Chế Độ Khác Nhau Chơi Game Dùng Văn Phòng Cực Đã		5	Chất lượng sản phẩm:tốt Phím gõ rất êm tai , màu đẹp , shop đóng gói kĩ lưỡng , mình mua màu trắng nhìn nó sang chảnh lắm í . Tổng kết 10/10 , không có gì để chê🥰	2022-09-06 20:59:22	2026-09-29 00:31:42
sp_10337385682	shopee	5946253051	general	Bàn Phím Cơ Máy Tính Crack K2 PRO Led RGB 10 Chế Độ Khác Nhau Chơi Game Dùng Văn Phòng Cực Đã		5	Chất lượng sản phẩm:tốt Tính năng nổi bật:đèn sáng, tiếng gõ lớn nhe :>> Sản phẩm tốt lắm nha, giao hàng nhanh, shiper thân thiện, màu ở ngoài xinh xĩu, lần sau mình sẽ ủng hộ shop tiếp nha. Nên mua nha mọi người	2022-12-17 17:50:57	2026-09-29 00:31:42
sp_16599935209	shopee	5946253051	general	Bàn Phím Cơ Máy Tính Crack K2 PRO Led RGB 10 Chế Độ Khác Nhau Chơi Game Dùng Văn Phòng Cực Đã	K1 Xanh Mix Trắng	5	Chất lượng sản phẩm:tốt ko còn j phải trê nữa🥳 Tính năng nổi bật:nhạy nhanh nhẹ đẹp shop hỗ trợ nhiệt tình lắm có j ko hiểu mik thg hỏi shop shop trả lời vui vẻ lắm. Còn về bàn phím thì quá ngon trong tầm giá rùi😆 may vừa đúng lúc cần bàn phím mà đúng ngày 15/9 nên giảm đi bao nhiu vui quá, sáng đi hc chỉ muốn về để thèm bàn phím🤭ấn ngon êm lắm mn tuy ko có hót stap nhưng là red swich là oke rồi nó tuy không có khấc nên lúc đầu dùn nó ko quen sau dùng quen sẽ nhanh như hacker ngay kaka. Mik khá đắn đo về bàn phím đó và thấy shop nổi trội và đặt hết niềm tin vào shop và cuối cùng cũng đã thành những j mik đã mong đợi. Cảm ơn shop nhiều và các bạn đã đánh giá đúng về mặt sản phẩm giúp mik chọn đúng sản phẩm chất lượng cảm ơn mn rất nhiều❤️❤️❤️❤️	2024-09-16 13:14:39	2026-09-29 00:31:42
sp_15966826187	shopee	5946253051	general	Bàn Phím Cơ Máy Tính Crack K2 PRO Led RGB 10 Chế Độ Khác Nhau Chơi Game Dùng Văn Phòng Cực Đã	K1 Full ĐEN	5	Chất lượng sản phẩm:tot Tính năng nổi bật:ok shop giao hàng nhanh, chất lượng vượt quá sự mong đợi, đèn led đổi màu rất đẹp, sẽ ủng hộ shop tiếp những lần sau	2024-07-26 18:15:29	2026-09-29 00:31:42
sp_11456372045	shopee	5946253051	general	Bàn Phím Cơ Máy Tính Crack K2 PRO Led RGB 10 Chế Độ Khác Nhau Chơi Game Dùng Văn Phòng Cực Đã	K2 Đen PRO	5	Chất lượng sản phẩm:ok, ngon Hàng ok, xài ngon, đẹp. Xài 2 ngày đầu khá ấn tượng, phím đánh rất đã tay và đèn led chạy đẹp. Ngoài ra hàng giao tới nhanh và đóng gói đầy đủ nên rất thích. Nên mua nha mn.	2023-05-09 18:13:31	2026-09-29 00:31:42
sp_7461427640	shopee	5946253051	general	Bàn Phím Cơ Máy Tính Crack K2 PRO Led RGB 10 Chế Độ Khác Nhau Chơi Game Dùng Văn Phòng Cực Đã		5	Bàn phím màu hồng kute đồng bộ với mt cả chuột 😍, bên ngoài màu đẹp hơn nhiều kiểu hồng pastel ý. Đóng gói hàng cẩn thận, CSKH khá tốt, độ nhạy cao, sử dụng dễ dàng, mượt mà không lo bị kẹt nút, ổn trong tầm giá, phương án tuyệt vời cho game thủ nghiệp dư như mình :))	2022-02-11 18:12:00	2026-09-29 00:31:42
sp_4973595470	shopee	5946253051	general	Bàn Phím Cơ Máy Tính Crack K2 PRO Led RGB 10 Chế Độ Khác Nhau Chơi Game Dùng Văn Phòng Cực Đã		5	Bàn phím đẹp lắm mng ạ , mình chọn ship hoả tốc 1h sau đã ship đến rồi , bàn phím tách tách nghe vui tai lắm mình chọn màu trắng nên có 7 option màu chỉnh đc sự nhanh chậm của đèn với giá tiền này thì quá ưng rồi . Shop rep nhanh nghe shop nói còn bảo hành 12 tháng nên rất yên tâm !	2021-06-04 10:34:11	2026-09-29 00:31:42
sp_11261916519	shopee	5946253051	general	Bàn Phím Cơ Máy Tính Crack K2 PRO Led RGB 10 Chế Độ Khác Nhau Chơi Game Dùng Văn Phòng Cực Đã		5	Tính năng nổi bật:nhạy lắm nha gõ phím siuu thích Chất lượng sản phẩm:tuỵt vời Quá tuỵt vời dèn khá sáng Phím nhạy. Âm thanh gõ phím lofi chill êm tai giúp bạn có thêm động lực học bài shop cưng ghê	2023-04-13 20:44:40	2026-09-29 00:31:42
sp_13192293751	shopee	5946253051	general	Bàn Phím Cơ Máy Tính Crack K2 PRO Led RGB 10 Chế Độ Khác Nhau Chơi Game Dùng Văn Phòng Cực Đã	K1 Full ĐEN	5	Chất lượng sản phẩm:Tốt, đẹp Tính năng nổi bật:Phím tắt đa chức năng Phím tắt đa chức năng, đèn phím RGB nhiều kiểu sáng. Gõ phím Red switch ở mức khá tốt Shop giao hàng nhanh (1 ngày nhận được)	2023-11-13 19:32:33	2026-09-29 00:31:42
sp_9517426620	shopee	5946253051	general	Bàn Phím Cơ Máy Tính Crack K2 PRO Led RGB 10 Chế Độ Khác Nhau Chơi Game Dùng Văn Phòng Cực Đã		5	Chất lượng sản phẩm:Tốt Giao hàng siêu nhanh, bàn phím màu đẹp, phản hồi k trễ, test thử phím k thấy kẹt hay gì. con này quá hot quá đỉnk r	2022-09-10 16:33:37	2026-09-29 00:31:42
sp_11529028529	shopee	5946253051	general	Bàn Phím Cơ Máy Tính Crack K2 PRO Led RGB 10 Chế Độ Khác Nhau Chơi Game Dùng Văn Phòng Cực Đã		5	Chất lượng sản phẩm:tốt Tính năng nổi bật:Nhanh Bàn phím chất lượng phím cơ rất nhạy, Giao hàng cũng nhanh mà giá cũng hợp lý mình nghĩ đáng tiền cho sản phẩm này Mình rất ưng ạ	2023-05-18 17:20:41	2026-09-29 00:31:42
sp_4789806883	shopee	5946253051	general	Bàn Phím Cơ Máy Tính Crack K2 PRO Led RGB 10 Chế Độ Khác Nhau Chơi Game Dùng Văn Phòng Cực Đã	K2 Đen PRO	5	Thật sự thấy đúng đắn khi đặt bàn phím ở đây. Chất lượng bàn phím tốt, dùng rất ok và hiện tại mình k có vde gì với phím. Nhưng trên hết là thái độ phục vụ của shop cực cầu toàn và chuyên nghiệp. Chắc chắn lần sau mua đồ sẽ quay lại. Hy vọng shop luôn giữ vững tinh thần làm việc nhiệt tình như này.	2021-05-12 11:17:05	2026-09-29 00:31:42
sp_10228011930	shopee	5946253051	general	Bàn Phím Cơ Máy Tính Crack K2 PRO Led RGB 10 Chế Độ Khác Nhau Chơi Game Dùng Văn Phòng Cực Đã		5	Màu hồng cute - đẹp, chất lượng sản phảm ok, phù hợp giá tiền, mọi người ai có nhu cầu thì nên ủng hộ shop. Giao hàng siêu nhanh.	2022-12-05 09:22:08	2026-09-29 00:31:42
sp_13462665502	shopee	5946253051	general	Bàn Phím Cơ Máy Tính Crack K2 PRO Led RGB 10 Chế Độ Khác Nhau Chơi Game Dùng Văn Phòng Cực Đã	K2 Xanh PRO	5	Tính năng nổi bật:Đèn led Tốc độ ship nhanh. Mình vừa mới order hôm trước mà hôm sau đã có luôn. Đèn led thực sự rất đẹp khi để tối. Chắc chắn sẽ ủng hộ shop thêm 1 vài sản phẩm nữa	2023-12-07 19:43:26	2026-09-29 00:31:42
sp_10920285881	shopee	5946253051	general	Bàn Phím Cơ Máy Tính Crack K2 PRO Led RGB 10 Chế Độ Khác Nhau Chơi Game Dùng Văn Phòng Cực Đã	K2 Đen PRO	5	Chất lượng sản phẩm:chat lượng tốt Tính năng nổi bật:đèn led nhấp nháy đẹp, keu gõ thík Giao hàng nhanh chóng. Đóng gói cẩn thận. Chất lượng phục vụ quá oke. Cho 5* nha	2023-03-05 14:14:04	2026-09-29 00:31:42
sp_12942486600	shopee	5946253051	general	Bàn Phím Cơ Máy Tính Crack K2 PRO Led RGB 10 Chế Độ Khác Nhau Chơi Game Dùng Văn Phòng Cực Đã	K2 Xanh PRO	5	Chất lượng sản phẩm:Tuyệt vời Bàn phím giá rẻ nhưng chất lượng tốt, sử dụng bước đầu thấy ánh sáng đẹp, phím nhạy, tốc độ phản hồi cao	2023-10-20 19:27:33	2026-09-29 00:31:42
sp_4891200868	shopee	5946253051	general	Bàn Phím Cơ Máy Tính Crack K2 PRO Led RGB 10 Chế Độ Khác Nhau Chơi Game Dùng Văn Phòng Cực Đã	K2 Đen PRO	5	So với 1 người không rành công nghệ và bàn phím chỉ để bấm word, chơi lol thì rất ưng với sản phẩm. Test nút không bị kẹt, bấm nhạy, kêu sướng tai. Về đèn led không quan tâm lắm nên không test :v đóng gói chắc và ship nhanh.	2021-05-25 13:30:23	2026-09-29 00:31:42
sp_5082074212	shopee	5946253051	general	Bàn Phím Cơ Máy Tính Crack K2 PRO Led RGB 10 Chế Độ Khác Nhau Chơi Game Dùng Văn Phòng Cực Đã		5	Xinh đẹp quá, mới mua nhưng mẫu mã rất OK, màu led cũng đẹp, ko biết có bền ko để xài thử xem thế nào nhưng trước mắt là ưng cái bụng lắm á	2021-06-14 18:46:19	2026-09-29 00:31:42
sp_10419952858	shopee	5946253051	general	Bàn Phím Cơ Máy Tính Crack K2 PRO Led RGB 10 Chế Độ Khác Nhau Chơi Game Dùng Văn Phòng Cực Đã	K2 Đen PRO	5	Chất lượng sản phẩm:quá là ok, tuyệt vời Tính năng nổi bật:đèn led siêu sáng, bấm siêu phê Nên mua, phù hợp với giá tiền	2022-12-28 11:20:12	2026-09-29 00:31:42
sp_4957105231	shopee	5946253051	general	Bàn Phím Cơ Máy Tính Crack K2 PRO Led RGB 10 Chế Độ Khác Nhau Chơi Game Dùng Văn Phòng Cực Đã	K2 Đen PRO	5	Shop giao hàng nhanh, mới đặt hôm trước mà hôm sau đã nhận được hàng, hàng giao đúng màu theo đơn đặt hàng, nhỏ gọn, tiện lợi	2021-06-02 12:52:14	2026-09-29 00:31:42
sp_12611801220	shopee	5946253051	general	Bàn Phím Cơ Máy Tính Crack K2 PRO Led RGB 10 Chế Độ Khác Nhau Chơi Game Dùng Văn Phòng Cực Đã		5	Chất lượng sản phẩm:tot Tính năng nổi bật:tot Đã mua lần 2. Nên mua nhé mọi người. Shop hỗ trợ ok. Giao hàng nhanh. Phím nhạy	2023-09-17 20:03:01	2026-09-29 00:31:42
sp_17285208001	shopee	5946253051	general	Bàn Phím Cơ Máy Tính Crack K2 PRO Led RGB 10 Chế Độ Khác Nhau Chơi Game Dùng Văn Phòng Cực Đã		5	Tính năng nổi bật:để gõ chữ Chất lượng sản phẩm:siêu tốt Giá bình dân nhưng mà chất lượng siêu tốt phím đầm gõ rất êm tai	2024-10-22 09:41:58	2026-09-29 00:31:42
sp_7865462211	shopee	5946253051	general	Bàn Phím Cơ Máy Tính Crack K2 PRO Led RGB 10 Chế Độ Khác Nhau Chơi Game Dùng Văn Phòng Cực Đã	K2 Xanh PRO	5	Đóng gói cẩn thận, giao hàng nhanh, mua ngay đợt sale nên được giá hời, mới sử dụng nên chưa biết có xài im hay không nhưng mọi trải nghiệm điều xứng đáng với giá tiền bỏ ra, màu led rất tuyệt có nhiều chế độ, tóm lại rất đáng mua	2022-03-26 09:20:53	2026-09-29 00:31:42
sp_6583790251	shopee	5946253051	general	Bàn Phím Cơ Máy Tính Crack K2 PRO Led RGB 10 Chế Độ Khác Nhau Chơi Game Dùng Văn Phòng Cực Đã	K2 Đen PRO	5	Hàng tốt cầm chắc tay . Tiếng bấm nghe rất đã giao hàng nhanh đống gói tốt cẩn thận ( xài thêm vài tuần để biết sản phẩm có bền ko )	2021-11-14 13:58:07	2026-09-29 00:31:42
sp_10797098043	shopee	5946253051	general	Bàn Phím Cơ Máy Tính Crack K2 PRO Led RGB 10 Chế Độ Khác Nhau Chơi Game Dùng Văn Phòng Cực Đã	K2 Xanh PRO	5	Chất lượng sản phẩm:tốt Cầm nên khá là chắc và nặng tay ko bị ọp ẹp. Phím gõ cũng khá vang và nhạy, led đẹp sáng nhiều chế độ. Còn độ bền thì phải dùng lâu dài mới bt đc.	2023-02-16 19:47:51	2026-09-29 00:31:42
sp_9794756494	shopee	5946253051	general	Bàn Phím Cơ Máy Tính Crack K2 PRO Led RGB 10 Chế Độ Khác Nhau Chơi Game Dùng Văn Phòng Cực Đã	K2 Đen PRO	5	Chất lượng sản phẩm:Rất tốt Tính năng nổi bật:bàn phím có đèn led đẹp, các nút rất chắc chắn Sản phẩm chất lượng tốt, mẫu mã đẹp, ship hàng nhanh Thanks shop very much !	2022-10-13 02:18:11	2026-09-29 00:31:42
sp_9693797966	shopee	5946253051	general	Bàn Phím Cơ Máy Tính Crack K2 PRO Led RGB 10 Chế Độ Khác Nhau Chơi Game Dùng Văn Phòng Cực Đã	K2 Đen PRO	5	Tính năng nổi bật:led đẹp nhạy Chất lượng sản phẩm:tot Shop gói hàng cẩn thận chu đáo Bàn phím đánh rất sướng tay led rất đẹp Quá tốt trong tầm giá Ủng hộ shop	2022-09-30 09:56:43	2026-09-29 00:31:42
sp_13023014462	shopee	5946253051	general	Bàn Phím Cơ Máy Tính Crack K2 PRO Led RGB 10 Chế Độ Khác Nhau Chơi Game Dùng Văn Phòng Cực Đã	K2 Xanh PRO	5	Chất lượng sản phẩm:very gooddd Tính năng nổi bật:đèn Quá là xịn luôn, đè led siêu sáng giao hàng siêu nhanh đóng gói cẩn thận sạch sẽ. Lần sau sẽ ủng hộ shop nhiều 🥰	2023-10-28 19:00:08	2026-09-29 00:31:42
sp_7691337548	shopee	5946253051	general	Bàn Phím Cơ Máy Tính Crack K2 PRO Led RGB 10 Chế Độ Khác Nhau Chơi Game Dùng Văn Phòng Cực Đã	K2 Xanh PRO	5	mua bàn phím của shop lần thứ 2 rồi, cái trước thấy sử dụng khá ngon và bền, âm thanh tốt, phím ngon k thấy lỗi phím nào nên quất thêm em nữa, đã lướt qua các phím thấy đều good	2022-03-08 10:39:43	2026-09-29 00:31:42
sp_11015443506	shopee	5946253051	general	Bàn Phím Cơ Máy Tính Crack K2 PRO Led RGB 10 Chế Độ Khác Nhau Chơi Game Dùng Văn Phòng Cực Đã		5	Bàn phím xinh lắm mọi người ạ, gõ thích tay, và màu Hồng cực cute ạ Đặt 2 hôm là nhận k được hàng Mình đặt cả giá đỡ laptop cũng xinh lắm nha ạ	2023-03-16 18:52:10	2026-09-29 00:31:42
sp_10026862732	shopee	5946253051	general	Bàn Phím Cơ Máy Tính Crack K2 PRO Led RGB 10 Chế Độ Khác Nhau Chơi Game Dùng Văn Phòng Cực Đã	K2 Xanh PRO	5	Tính năng nổi bật:đổi màu, có tiếng Chất lượng sản phẩm:tốt Hàng đẹp mà xịn cực ý. Đáng đồng tiền. Mình thích tiếng phím nên được bạn mình giới thiệu chọn shop này. Shop đóng gói cẩn thận, chắc chắn. Có dòng note gửi shipper cưng xỉu	2022-11-11 17:12:08	2026-09-29 00:31:42
sp_9533173426	shopee	5946253051	general	Bàn Phím Cơ Máy Tính Crack K2 PRO Led RGB 10 Chế Độ Khác Nhau Chơi Game Dùng Văn Phòng Cực Đã		5	Chất lượng sản phẩm:toẹt vời trên cả mong đợi rất đẹp giao hàng nhanh sản phẩm chất lượng uy tín mọi người nên mua nha	2022-09-12 10:46:23	2026-09-29 00:31:42
sp_12568504841	shopee	5946253051	general	Bàn Phím Cơ Máy Tính Crack K2 PRO Led RGB 10 Chế Độ Khác Nhau Chơi Game Dùng Văn Phòng Cực Đã		5	Chất lượng sản phẩm:màu Hồng Tính năng nổi bật:khá ok Ch thấy phím nào bị liệt cả màu đẹp nói chung săn sale hơn 200 thì như này quá ổn r k chê vào đâu ❤️	2023-09-13 12:53:53	2026-09-29 00:31:42
sp_28939862507	shopee	5946253051	general	Bàn Phím Cơ Máy Tính Crack K2 PRO Led RGB 10 Chế Độ Khác Nhau Chơi Game Dùng Văn Phòng Cực Đã		5	Chất lượng sản phẩm:tot Tính năng nổi bật:tot Háo hức mãi cũng đc dùng rồi. Dùng rất phê các phen ơi. Ai thích bàn phím cơ nên mua ngay nha. Gõ lạch cạch vui tai lắm. Dễ vệ sinh nữa. Màu trắng cũng đẹp dễ thương	2025-01-20 10:59:30	2026-09-29 00:31:42
sp_11859497818	shopee	5946253051	general	Bàn Phím Cơ Máy Tính Crack K2 PRO Led RGB 10 Chế Độ Khác Nhau Chơi Game Dùng Văn Phòng Cực Đã	K2 Đen PRO	5	Chất lượng sản phẩm:bàn phím ok Tính năng nổi bật:mượt như sunsiu Đẹp trong tầm giá shop rất chi là cute Ủng hộ shop dài	2023-06-29 16:23:38	2026-09-29 00:31:42
sp_6986507289	shopee	5946253051	general	Bàn Phím Cơ Máy Tính Crack K2 PRO Led RGB 10 Chế Độ Khác Nhau Chơi Game Dùng Văn Phòng Cực Đã	K2 Xanh PRO	5	Quá tuyệt vời. Trải nghiệm lần đầu nhận hàng là rất vui. Sản phẩm rất đỗi vừa lòng mình. Led đẹp, âm phím hay, shop thân thiện! 10 điểm!	2021-12-21 14:39:33	2026-09-29 00:31:42
sp_58231749878	shopee	5946253051	general	Bàn Phím Cơ Máy Tính Crack K2 PRO Led RGB 10 Chế Độ Khác Nhau Chơi Game Dùng Văn Phòng Cực Đã		5	Chất lượng sản phẩm:tốt Tính năng nổi bật:bấm đã tay Sản phẩm tốt hình ảnh đúng như minh họa bấm đã tay đèn LED hoạt động tốt hy vọng sử dụng được lâu dài ￼￼	2025-07-09 14:12:13	2026-09-29 00:31:42
sp_16361899971	shopee	5946253051	general	Bàn Phím Cơ Máy Tính Crack K2 PRO Led RGB 10 Chế Độ Khác Nhau Chơi Game Dùng Văn Phòng Cực Đã	K2 Đen PRO	5	Chất lượng sản phẩm:tốt chắc chắn Tính năng nổi bật:chx bt sản phẩm tốt, mới dùng nên vẫn chưa thấy vấn đề gì xảy ra, shop hỗ trợ nhiệt tình, đóng gói hàng chắc chắn, mình cho shop 5sao	2024-08-31 09:06:07	2026-09-29 00:31:42
sp_10247137740	shopee	5946253051	general	Bàn Phím Cơ Máy Tính Crack K2 PRO Led RGB 10 Chế Độ Khác Nhau Chơi Game Dùng Văn Phòng Cực Đã		5	Chất lượng sản phẩm:Tot Tính năng nổi bật:bình thường bàn phím gõ ổn kh bị liệt nút nào cả shop hỗ trợ nhiệt tình ĐÁNH GIÁ LẠI LÀ TỐT NHÉ, NÊN MUA	2022-12-07 16:47:13	2026-09-29 00:31:42
sp_14655536333	shopee	5946253051	general	Bàn Phím Cơ Máy Tính Crack K2 PRO Led RGB 10 Chế Độ Khác Nhau Chơi Game Dùng Văn Phòng Cực Đã		5	Chất lượng sản phẩm:tot Tính năng nổi bật:tiếng gõ khá thích giao nhanh, đóng gói kĩ, kh bị hư hỏng gì trong lúc vận chuyển, good 👍🏻	2024-03-26 12:14:25	2026-09-29 00:31:42
sp_5309389255	shopee	5946253051	general	Bàn Phím Cơ Máy Tính Crack K2 PRO Led RGB 10 Chế Độ Khác Nhau Chơi Game Dùng Văn Phòng Cực Đã		5	Với giá tiền ntn thì không chê vào đâu được . Giao hàng nhanh . Đóng gói kỉ nói chung là khá ưng ý ae ạ . ♥️♥️♥️♥️♥️♥️♥️♥️♥️♥️♥️♥️♥️	2021-07-08 15:28:11	2026-09-29 00:31:42
sp_6344748772	shopee	5946253051	general	Bàn Phím Cơ Máy Tính Crack K2 PRO Led RGB 10 Chế Độ Khác Nhau Chơi Game Dùng Văn Phòng Cực Đã	K2 Đen PRO	5	Bàn phím ngon bổ rẻ, led đẹp, gõ rất phê. Shop uy tín và giao hàng nhanh nhất mà mình từng gặp. Mình sẽ tiếp tục ủng hộ và gthieu cho bạn bè...	2021-10-20 12:05:18	2026-09-29 00:31:42
sp_6185653301	shopee	5946253051	general	Bàn Phím Cơ Máy Tính Crack K2 PRO Led RGB 10 Chế Độ Khác Nhau Chơi Game Dùng Văn Phòng Cực Đã	K2 Đen PRO	5	Bàn phím đẹp lắm ạ, chữ in rõ nét, dễ tháo lắp để vệ sinh, gõ tốt, nhạy, giao hàng nhanh dù đang dịch Sẽ ủng hộ tiếp ạaaaaaaaaaaaaaaaaaaa	2021-10-05 14:47:24	2026-09-29 00:31:42
sp_12925395946	shopee	5946253051	general	Bàn Phím Cơ Máy Tính Crack K2 PRO Led RGB 10 Chế Độ Khác Nhau Chơi Game Dùng Văn Phòng Cực Đã	K1 Hồng Mix Trắng	5	Chất lượng sản phẩm:tốt Dạ sản phẩm đúng Tư vấn nhiệt tình Giao hàng nhanh Đóng gói chắc chắn Shop có gửi thiếu lót mà đã bù cho mình Mn lên mua nhé Sản phẩm rẻ mà chất lượng Săn sale lên khá ok	2023-10-19 10:43:32	2026-09-29 00:31:42
sp_15694339391	shopee	5946253051	general	Bàn Phím Cơ Máy Tính Crack K2 PRO Led RGB 10 Chế Độ Khác Nhau Chơi Game Dùng Văn Phòng Cực Đã		5	Chất lượng sản phẩm:tốt Tính năng nổi bật:như mô tả Giao hàng nhanh, đóng gói cẩn thận kĩ nè Đánh nghe tiếng êm tai lắm nghen Cảm ơn shop	2024-07-02 12:45:33	2026-09-29 00:31:42
sp_97516093271	shopee	5946253051	general	Bàn Phím Cơ Máy Tính Crack K2 PRO Led RGB 10 Chế Độ Khác Nhau Chơi Game Dùng Văn Phòng Cực Đã	K2 Xanh PRO	5	Âm thanh:oke Đèn:đẹp Bàn phím bấm đã lắm ạ. Giá cũng oke. M rất thích ạ. Shop giao hàng đầy đủ. Time giao hàng siêu nhanh. Shop gói hàng cẩn thận. 5* cho shop thân iu! Sẽ còn quay lại ủng hộ shop! Mn nên mua nha! 10đ ạ hihi	2026-05-03 21:58:16	2026-09-29 00:31:42
sp_10811206943	shopee	5946253051	general	Bàn Phím Cơ Máy Tính Crack K2 PRO Led RGB 10 Chế Độ Khác Nhau Chơi Game Dùng Văn Phòng Cực Đã		5	Bàn phím đẹp xuất sắc luôn, gõ nghe rất sướng tai, shop uy tín giáo nhanh, nhiệt tình rep tin nhắn nhanh, nên mua nha mn	2023-02-18 17:52:28	2026-09-29 00:31:42
sp_5592939931	shopee	5946253051	general	Bàn Phím Cơ Máy Tính Crack K2 PRO Led RGB 10 Chế Độ Khác Nhau Chơi Game Dùng Văn Phòng Cực Đã	K2 Đen PRO	5	Hàng giao rất nhanh mặc dù dịch bệnh và tỉnh khác nhưng chưa mất đến 2 ngày, hàng đóng gói chắc chắn có chống sốc, bàn phím cứng cáp, trải nghiệm phím rất chắc chắn so với giá tiền, nhiều chế độ led RGB, mn nên mua nhé.	2021-08-06 11:21:23	2026-09-29 00:31:42
sp_10791951526	shopee	5946253051	general	Bàn Phím Cơ Máy Tính Crack K2 PRO Led RGB 10 Chế Độ Khác Nhau Chơi Game Dùng Văn Phòng Cực Đã	K2 Xanh PRO	5	Chất lượng sản phẩm:tốt Tính năng nổi bật:fim cơ Giá cả hợp lí. Chất lượng khá tốt. Shop uy tính nên mua. Giao hàng nhanh.	2023-02-16 08:35:40	2026-09-29 00:31:42
sp_9577581150	shopee	5946253051	general	Bàn Phím Cơ Máy Tính Crack K2 PRO Led RGB 10 Chế Độ Khác Nhau Chơi Game Dùng Văn Phòng Cực Đã	K2 Xanh PRO	5	Chất lượng sản phẩm:tuyệt vời Tính năng nổi bật:có led Sản phẩm tốt, đáng tiền. Shop phục vụ tận tình, giao hàng nhanh, nên mua ạ	2022-09-16 12:37:33	2026-09-29 00:31:44
sp_6244974490	shopee	5946253051	general	Bàn Phím Cơ Máy Tính Crack K2 PRO Led RGB 10 Chế Độ Khác Nhau Chơi Game Dùng Văn Phòng Cực Đã	K2 Đen PRO	5	Hàng đẹp, chất lượng cao, giá thành siêu rẻ mà đã có phím cơ blueswitch, giao hàng mùa dịch nhưng vẫn rất nhanh, sẽ ủng hộ shop nhiều	2021-10-11 18:45:00	2026-09-29 00:31:44
sp_16830815987	shopee	5946253051	general	Bàn Phím Cơ Máy Tính Crack K2 PRO Led RGB 10 Chế Độ Khác Nhau Chơi Game Dùng Văn Phòng Cực Đã	K1 Xanh Mix Trắng	5	Chất lượng sản phẩm:Rất tuyệt Shop giao hàng nhanh, có hỗ trợ đổi hàng, shop rất uy tín và chuyên nghiệp. Rất hài lòng với bàn phím không dây, dùng rất êm nhẹ. Cảm ơn shop	2024-09-30 14:58:05	2026-09-29 00:31:44
sp_11109812835	shopee	5946253051	general	Bàn Phím Cơ Máy Tính Crack K2 PRO Led RGB 10 Chế Độ Khác Nhau Chơi Game Dùng Văn Phòng Cực Đã	K2 Đen PRO	5	Tính năng nổi bật:ổn, âm thanh rất ưng Chất lượng sản phẩm:rất tốt Sản phẩm giống như trên, giao hàng rất nhanh, rất ưng, âm thanh khi gõ vô cùng đã tai, sản phẩm rất ổn vượt trên sự mong đợi.	2023-03-28 22:17:06	2026-09-29 00:31:44
sp_4941288960	shopee	5946253051	general	Bàn Phím Cơ Máy Tính Crack K2 PRO Led RGB 10 Chế Độ Khác Nhau Chơi Game Dùng Văn Phòng Cực Đã		5	Hình mình chụp vào buổi sáng nên ko thấy rõ màu lắm chứ buổi tối màu lên siêu đẹp luôn, bàn phím gõ thích cực! Service cực kỳ tốt, shop nói chuyện dễ thương lắm!	2021-05-31 14:32:44	2026-09-29 00:31:44
sp_15693323582	shopee	5946253051	general	Bàn Phím Cơ Máy Tính Crack K2 PRO Led RGB 10 Chế Độ Khác Nhau Chơi Game Dùng Văn Phòng Cực Đã		5	Tính năng nổi bật:xinh Chất lượng sản phẩm:tốt Bàn phím rất đẹp tiếng gõ nghe rất ok đèn led nhiều chế độ sinh nha sẽ ủng hộ shop lần sau	2024-07-02 11:03:26	2026-09-29 00:31:44
sp_12545020901	shopee	5946253051	general	Bàn Phím Cơ Máy Tính Crack K2 PRO Led RGB 10 Chế Độ Khác Nhau Chơi Game Dùng Văn Phòng Cực Đã		5	Shop giao hàng nhanh, 2 ngày là nhận được. Dùng khá oke luôn. Nchung là ổn áp, lên màu sáng luôn, màu trắng rẻ hơn các màu khác	2023-09-11 13:33:52	2026-09-29 00:31:44
sp_12684664112	shopee	5946253051	general	Bàn Phím Cơ Máy Tính Crack K2 PRO Led RGB 10 Chế Độ Khác Nhau Chơi Game Dùng Văn Phòng Cực Đã		5	Chất lượng sản phẩm:tốt bàn phím đẹp xuất sắc luôn, nghe tiếng đúng đã tai, giao hàng nhanh, đóng gói cẩn thận chắc chắn, có nhiều chế độ đèn nữa chứ, với giá này thì quá ok luôn. Hốt lẹ đi mn😭😭😭	2023-09-26 13:10:30	2026-09-29 00:31:44
sp_12939750046	shopee	5946253051	general	Bàn Phím Cơ Máy Tính Crack K2 PRO Led RGB 10 Chế Độ Khác Nhau Chơi Game Dùng Văn Phòng Cực Đã	K2 Đen PRO	5	Chất lượng sản phẩm:tốt Tính năng nổi bật:đẹp Bấm lẩy tanh sướng tay . Giao hàng nhanh . Đóng gói chắc chắn . Sẽ tiếp tục ủng hộ lần sau	2023-10-20 15:26:36	2026-09-29 00:31:44
sp_9357806417	shopee	5946253051	general	Bàn Phím Cơ Máy Tính Crack K2 PRO Led RGB 10 Chế Độ Khác Nhau Chơi Game Dùng Văn Phòng Cực Đã		5	Rất oke nha, rcm nên mua, giao hàng khá ok, hàng gói cẩn thận. Hàng đẹp, nút bấm nghe cũng khá đã tai mà khá nhạy, màu thì quá đỉnh Rcm nên mua 😘	2022-08-23 19:39:14	2026-09-29 00:31:44
sp_4917167275	shopee	5946253051	general	Bàn Phím Cơ Máy Tính Crack K2 PRO Led RGB 10 Chế Độ Khác Nhau Chơi Game Dùng Văn Phòng Cực Đã		5	Bàn phím rất xinh rất đẹp, thực sự rất hài lòng shop. Shop tư vấn với thông báo tình trạng đơn hàng cho mình cực kì nhiệt tình. Nên cân nhắc mua em bàn phím này sử dụng trong học tập, văn phòng đều được cả. Cảm ơn shop rất nhiều🥰🥰🥰	2021-05-28 13:54:30	2026-09-29 00:31:44
sp_14010969757	shopee	5946253051	general	Bàn Phím Cơ Máy Tính Crack K2 PRO Led RGB 10 Chế Độ Khác Nhau Chơi Game Dùng Văn Phòng Cực Đã		5	Shop chuẩn bị hàng nhanh chóng đóng gói cẩn thận ship nhanh chóng thân thiện nhiệt tình hiiii ủng hộ lâu dài. Em mình rất thích ak hihi	2024-01-27 13:33:20	2026-09-29 00:31:44
sp_6932868817	shopee	5946253051	general	Bàn Phím Cơ Máy Tính Crack K2 PRO Led RGB 10 Chế Độ Khác Nhau Chơi Game Dùng Văn Phòng Cực Đã	K2 Xanh PRO	5	Sản phẩm quá tuyệt trong phân khúc giá rẻ rất phù hợp cho các bạn học sinh sinh viên, shop thì phục vụ tận tình chu đáo rep tin nhắn rắt nhanh. Rất hài lòng với shop này ♥️	2021-12-16 23:42:11	2026-09-29 00:31:44
sp_8823378845	shopee	5946253051	general	Bàn Phím Cơ Máy Tính Crack K2 PRO Led RGB 10 Chế Độ Khác Nhau Chơi Game Dùng Văn Phòng Cực Đã	K2 Đen PRO	5	Chất lượng sản phẩm:tốt giao hàng nhanh, đúng mẫu, bàn phím bấm nhậy màu đẹp bấm được nhiều phím cùng lúc, shop phục vụ rất tốt, không biết xài lâu như nào nhưng giờ xài rất tốt	2022-06-30 11:32:28	2026-09-29 00:31:44
sp_17349901296	shopee	5946253051	general	Bàn Phím Cơ Máy Tính Crack K2 PRO Led RGB 10 Chế Độ Khác Nhau Chơi Game Dùng Văn Phòng Cực Đã	K1 Full ĐEN	5	Tính năng nổi bật:depj Chất lượng sản phẩm:tốt Giao hàng nhanh, cẩn thận, bàn phím gõ êm, đèn led đẹp có nhiều chế độ màu, gõ ko quá ồn	2024-10-25 09:15:45	2026-09-29 00:31:44
sp_10551303249	shopee	5946253051	general	Bàn Phím Cơ Máy Tính Crack K2 PRO Led RGB 10 Chế Độ Khác Nhau Chơi Game Dùng Văn Phòng Cực Đã	K2 Đen PRO	5	Chất lượng sản phẩm:good Đèn led đẹp ship đóng gói hàng kĩ lưỡng giao hàng khá nhanh mn mua về nhìu chế độ led nhe chính hãng và có sẵn cây gắp key	2023-01-13 23:04:40	2026-09-29 00:31:44
sp_7477266679	shopee	5946253051	general	Bàn Phím Cơ Máy Tính Crack K2 PRO Led RGB 10 Chế Độ Khác Nhau Chơi Game Dùng Văn Phòng Cực Đã	K2 Xanh PRO	5	Hàng giống sản phẩm,phím êm led đẹp, đóng gói chắc chắn ko móp méo gì, shop chu đáo còn tặng kèm kẹp gỡ keycap :33 đánh giá sản phẩm 10/10, tính thân thiện của shop 100/10	2022-02-13 14:36:24	2026-09-29 00:31:44
sp_13891687989	shopee	5946253051	general	Bàn Phím Cơ Máy Tính Crack K2 PRO Led RGB 10 Chế Độ Khác Nhau Chơi Game Dùng Văn Phòng Cực Đã		5	Chất lượng sản phẩm:tuyệt vời Mua đáng tiền phím nhại đánh chữ phê lắm mấy fen. Tui có con chuột màu hồng cái chốt bàn phím màu hồng luôn cho đủ bộ kkkk	2024-01-16 01:04:03	2026-09-29 00:31:44
sp_17063741969	shopee	5946253051	general	Bàn Phím Cơ Máy Tính Crack K2 PRO Led RGB 10 Chế Độ Khác Nhau Chơi Game Dùng Văn Phòng Cực Đã	K2 Xanh PRO	5	Tính năng nổi bật:Bàn phím cơ để gõ Chất lượng sản phẩm:chất lượng tốt Phím gõ kêu rất đanh nha,mình rất thích tiếng của phím.Mình mua màu xanh nhìn trông rất sang,ở bên ngoài còn đẹp hơn trên ảnh.Giá cả thì hợp lý chất lượng sản phẩm tốt,Giao hàng nhanh 1 hôm là nhận đc nha. Shop đóng gói rất kĩ nha k lo bị vỡ từ bên trong.10điểm	2024-10-11 12:24:53	2026-09-29 00:31:44
sp_10245063028	shopee	5946253051	general	Bàn Phím Cơ Máy Tính Crack K2 PRO Led RGB 10 Chế Độ Khác Nhau Chơi Game Dùng Văn Phòng Cực Đã	K2 Đen PRO	5	Phím gõ rất phe, đèn led đẹp nhưng mình đang tắt, phím trắng là do mình tự lắp chứ không phải giao lỗi nhéee ❤️❤️	2022-12-07 12:26:48	2026-09-29 00:31:44
sp_12202322114	shopee	5946253051	general	Bàn Phím Cơ Máy Tính Crack K2 PRO Led RGB 10 Chế Độ Khác Nhau Chơi Game Dùng Văn Phòng Cực Đã		5	úi màu trắng nhìn xịn lắm mn ơi . màu lên blink blink nhìn xinh xỉu. đặt ship hoả tốc cái là shop ship nhanh cực luôn mn ạ . nên mua nhéeeee	2023-08-07 17:21:29	2026-09-29 00:31:44
sp_7074612278	shopee	5946253051	general	Bàn Phím Cơ Máy Tính Crack K2 PRO Led RGB 10 Chế Độ Khác Nhau Chơi Game Dùng Văn Phòng Cực Đã	K2 Đen PRO	5	Đây là lần thứ 2 mình mua đồ của shop và khá là ưng ý, từ sản phẩm đến cách lm vc của shop Hàng về mình cũng check kĩ ko bị vấn đề j Uy tín nha Cho shop 5 sao	2021-12-30 11:57:08	2026-09-29 00:31:44
sp_16968619453	shopee	5946253051	general	Bàn Phím Cơ Máy Tính Crack K2 PRO Led RGB 10 Chế Độ Khác Nhau Chơi Game Dùng Văn Phòng Cực Đã	K2 Xanh PRO	5	Chất lượng sản phẩm:tuyệt vời 😊 Tính năng nổi bật:Lần đầu tiên trải nghiệm bàn phím nhiều nàu sắc đẹp quá Đây là lần đầu tiên mình mua bàn phím như màu sắc nhìn rất đẹp mang lại nhiều lợi ích cho công việc của mình cảm ơn shop nhiều nha Nói chung là xứng đáng với chi phí mà mình bỏ ra để mua em nó về Hàng đóng gói rất cẩn thận chu đáo gửi hàng và giao hàng rất nhanh	2024-10-06 13:10:59	2026-09-29 00:31:44
sp_8262512094	shopee	5946253051	general	Bàn Phím Cơ Máy Tính Crack K2 PRO Led RGB 10 Chế Độ Khác Nhau Chơi Game Dùng Văn Phòng Cực Đã	K2 Xanh PRO	5	Quá đẳng cấp , có mỗi 419k mà như thế này thì không còn gì bằng giao hành lại rất nhanh chưa đến 2 ngày đã có hàng rồi , shop nhắn tin còn rất đáng yêu nx	2022-05-03 12:51:49	2026-09-29 00:31:44
sp_12482105523	shopee	5946253051	general	Bàn Phím Cơ Máy Tính Crack K2 PRO Led RGB 10 Chế Độ Khác Nhau Chơi Game Dùng Văn Phòng Cực Đã		5	Tính năng nổi bật:Đẹp Chất lượng sản phẩm:chưa biết Đóng gói cẩn thận chắc chắn hàng đúng như quảng cáo gửi shop 10 sao luôn mọi người nên mua nhé	2023-09-05 10:57:19	2026-09-29 00:31:44
sp_11751171879	shopee	5946253051	general	Bàn Phím Cơ Máy Tính Crack K2 PRO Led RGB 10 Chế Độ Khác Nhau Chơi Game Dùng Văn Phòng Cực Đã		5	Chất lượng sản phẩm:Rất tốt 👍 Tính năng nổi bật:Blue Switch, Led Sản phẩm sử dụng rất ok nha 👌 trong tầm giá này thì bàn phím dùng ổn áp lun, vận chuyển nhanh, chủ shop nhiệt tình	2023-06-15 15:12:45	2026-09-29 00:31:44
sp_13257948473	shopee	5946253051	general	Bàn Phím Cơ Máy Tính Crack K2 PRO Led RGB 10 Chế Độ Khác Nhau Chơi Game Dùng Văn Phòng Cực Đã	K2 Đen PRO	5	Shop chuẩn bị và giao hàng nhanh, đóng gói cẩn thận, gọn gàng. Bàn phím đẹp, gõ mượt, đèn đẹp, clicky khá vui tai, không thích hợp cho dân văn phòng vì ồn.	2023-11-18 19:50:34	2026-09-29 00:31:44
sp_11014230008	shopee	5946253051	general	Bàn Phím Cơ Máy Tính Crack K2 PRO Led RGB 10 Chế Độ Khác Nhau Chơi Game Dùng Văn Phòng Cực Đã	K2 Xanh PRO	5	Chất lượng sản phẩm:tốt Tính năng nổi bật:tốt Bàn phím màu xanh khá xinh, trông ngoài đời có vẻ đậm hơn trong ảnh nhưng mình vẫn rất ưng. Đóng gói cẩn thận, giao hàng nhanh	2023-03-16 16:37:24	2026-09-29 00:31:44
sp_17044725409	shopee	5946253051	general	Bàn Phím Cơ Máy Tính Crack K2 PRO Led RGB 10 Chế Độ Khác Nhau Chơi Game Dùng Văn Phòng Cực Đã	K1 Hồng Mix Trắng	5	Chất lượng sản phẩm:ok Tính năng nổi bật:ok Bàn phím xinh xỉu, shop chuẩn bị và giao hàng nhanh, đặt hôm trước hôm sau đã giao tới👌👌👌	2024-10-10 13:22:19	2026-09-29 00:31:44
sp_7469602098	shopee	5946253051	general	Bàn Phím Cơ Máy Tính Crack K2 PRO Led RGB 10 Chế Độ Khác Nhau Chơi Game Dùng Văn Phòng Cực Đã		5	Bàn phím rất xik giá ok sp chất lg shop nt trl rất nhanh và nhiệt tình giao cx r nhanh ạ sẽ ủng hộ shop	2022-02-12 15:55:23	2026-09-29 00:31:44
sp_10490019364	shopee	5946253051	general	Bàn Phím Cơ Máy Tính Crack K2 PRO Led RGB 10 Chế Độ Khác Nhau Chơi Game Dùng Văn Phòng Cực Đã	K2 Xanh PRO	5	Chất lượng sản phẩm:tốt trong tầm giá 👌 Tính năng nổi bật:gõ êm, led đẹp 👍👍👍👍👍 Tốt trong tầm giá, cho shop năm sao ⭐⭐⭐⭐⭐	2023-01-06 16:53:19	2026-09-29 00:31:44
sp_10933454547	shopee	5946253051	general	Bàn Phím Cơ Máy Tính Crack K2 PRO Led RGB 10 Chế Độ Khác Nhau Chơi Game Dùng Văn Phòng Cực Đã		5	Chất lượng sản phẩm:chuaw dung neen chu bt ddC Mowis thì khá Oce, nhìn rất đjep, cần thêm thời gian sử dụng để bt chi tiết, tiếng gõ nghe đã tai lắm	2023-03-06 20:39:13	2026-09-29 00:31:44
sp_8654731991	shopee	5946253051	general	Bàn Phím Cơ Máy Tính Crack K2 PRO Led RGB 10 Chế Độ Khác Nhau Chơi Game Dùng Văn Phòng Cực Đã		5	Chất lượng sản phẩm:TUYỆT VỜII Ạ Tính năng nổi bật:chơi game Màu bên ngoài xinh hơn nhé mnn, đánh nghe sướng tai daman í, xinhh lắm nên mua nha ❤️	2022-06-12 18:22:56	2026-09-29 00:31:44
sp_6984138341	shopee	5946253051	general	Bàn Phím Cơ Máy Tính Crack K2 PRO Led RGB 10 Chế Độ Khác Nhau Chơi Game Dùng Văn Phòng Cực Đã		5	sản phẩm quá tuyệt vời phù hợp với giá tiền, shop rất nhiệt tình tư vấn, thời gian giao hàng quá xuất sắc 3 ngày là tới nơi. XUẤT SẮC !!!!!!!!!!!!!!!!!!!!!!!!!!!!!	2021-12-21 10:58:20	2026-09-29 00:31:44
sp_11777303132	shopee	5946253051	general	Bàn Phím Cơ Máy Tính Crack K2 PRO Led RGB 10 Chế Độ Khác Nhau Chơi Game Dùng Văn Phòng Cực Đã		5	Chất lượng sản phẩm:ok Tính năng nổi bật:ok Sản phẩm ok, được tặng kèm 2 lót chuột. Bấm thì không kêu vang nhưng âm nghe nó phê hơn	2023-06-18 20:05:01	2026-09-29 00:31:44
sp_4901195102	shopee	5946253051	general	Bàn Phím Cơ Máy Tính Crack K2 PRO Led RGB 10 Chế Độ Khác Nhau Chơi Game Dùng Văn Phòng Cực Đã	K2 Đen PRO	5	Giao hàng nhanh, shop tư vấn rất nhiệt tình, gói hàng rất kĩ và rất quan tâm đến hàng hoá, chất lượng sản phẩm tốt, để sử dụng 1 thgian xem có bền không.	2021-05-26 16:49:44	2026-09-29 00:31:44
sp_11410225887	shopee	5946253051	general	Bàn Phím Cơ Máy Tính Crack K2 PRO Led RGB 10 Chế Độ Khác Nhau Chơi Game Dùng Văn Phòng Cực Đã	K2 Xanh PRO	5	Chất lượng sản phẩm:tốt Tính năng nổi bật:tiếng gõ lớn, đèn led trong tối siêu sáng - Bàn phím khi chơi game tiếng nghe rất đã tai - Shop đóng gói rất cẩn thận và có 1 tờ ghi chú cho anh shipper cute lắm ạ ^^	2023-05-04 13:53:03	2026-09-29 00:31:44
sp_5774899004	shopee	5946253051	general	Bàn Phím Cơ Máy Tính Crack K2 PRO Led RGB 10 Chế Độ Khác Nhau Chơi Game Dùng Văn Phòng Cực Đã	K2 Đen PRO	5	Gói hàng siêu xinh và sản phẩm ok ạ. Shipper nhiệt tình. Giao hàng nhanh lắm nhé. Cảm ơn shop nhé. Shop phục vụ nhiệt tình lắm ạ. Chúc shop buôn may bán đắt nha	2021-08-24 09:11:28	2026-09-29 00:31:44
sp_6388036421	shopee	5946253051	general	Bàn Phím Cơ Máy Tính Crack K2 PRO Led RGB 10 Chế Độ Khác Nhau Chơi Game Dùng Văn Phòng Cực Đã	K2 Đen PRO	5	Shop chuẩn bị hàng và giao hàng nhanh, hàng nhận được như hình, bàn phím đánh chữ rất đã, các chế độ đèn đẹp, shop cũng nhiệt tình, nhận hàng khá là ưng ý, còn có bền hay không thì sử dụng một thời gian mới biết được. Nói chung bàn phím đẹp, săn sale nên được giảm gần một nửa giá gốc luôn.	2021-10-24 20:49:14	2026-09-29 00:31:44
sp_9662296267	shopee	5946253051	general	Bàn Phím Cơ Máy Tính Crack K2 PRO Led RGB 10 Chế Độ Khác Nhau Chơi Game Dùng Văn Phòng Cực Đã		5	Chất lượng sản phẩm:tốt Tính năng nổi bật:bàn phím cơ Bàn phím đẹp, nhỏ gọn, rất ưng Dùng không biết được lâu dài không nhưng hiện tại đúng với miêu tả	2022-09-26 16:38:08	2026-09-29 00:31:44
sp_4330812951	shopee	5946253051	general	Bàn Phím Cơ Máy Tính Crack K2 PRO Led RGB 10 Chế Độ Khác Nhau Chơi Game Dùng Văn Phòng Cực Đã		5	Bàn phím bấm rất thích ạ, giá thành rẻ đáng mua. Led mà có chế độ chỉ 1 màu thì 100đ nhưng k có nên trừ còn 99 🤣	2021-03-19 12:58:36	2026-09-29 00:31:44
sp_6563252469	shopee	5946253051	general	Bàn Phím Cơ Máy Tính Crack K2 PRO Led RGB 10 Chế Độ Khác Nhau Chơi Game Dùng Văn Phòng Cực Đã		5	Bàn phím đẹp shop đóng gói khá kỹ. Độ nãy bàn phím tốt rất đáng giá tiền, shop đóng gói giao hàng nhanh. Hài Lòng	2021-11-12 17:51:39	2026-09-29 00:31:44
sp_4172169539	shopee	5946253051	general	Bàn Phím Cơ Máy Tính Crack K2 PRO Led RGB 10 Chế Độ Khác Nhau Chơi Game Dùng Văn Phòng Cực Đã		5	Shop gì đâu mà đáng yêu hết sức, đã vậy shipper cũng nhiệt tình và thân thiện. Test bàn phím qua 2-3 ngày rồi và thấy rất hài lòng luôn. Đèn có chỉnh được độ sáng, lúc gõ chữ thì phê khỏi bàn. Nói chung tốt không có từ nào tả	2021-02-28 08:27:05	2026-09-29 00:31:44
sp_6274253060	shopee	5946253051	general	Bàn Phím Cơ Máy Tính Crack K2 PRO Led RGB 10 Chế Độ Khác Nhau Chơi Game Dùng Văn Phòng Cực Đã		5	Uiii chao màu hường xinh đẹp tuyệt vời các bác ơiii Shop gói hàng cực kỳ có tâm mà còn dth nữa, bàn phím đẹp, gõ nghe tiếng phê, đầm tay, recommend nên mua nha mọi người ơi 😚😚	2021-10-14 08:46:46	2026-09-29 00:31:44
sp_8922296505	shopee	5946253051	general	Bàn Phím Cơ Máy Tính Crack K2 PRO Led RGB 10 Chế Độ Khác Nhau Chơi Game Dùng Văn Phòng Cực Đã		5	Chất lượng sản phẩm:Tuyệt vời Tính năng nổi bật:phím switch Shop đóng gói cẩn thận lắm nha, giao hàng nhanh, không liệt phím nào, đèn chạy ổn, nhỏ gọn, đặc biệt cảm giác nhấn phím không chê được	2022-07-10 12:17:24	2026-09-29 00:31:44
sp_10561890168	shopee	5946253051	general	Bàn Phím Cơ Máy Tính Crack K2 PRO Led RGB 10 Chế Độ Khác Nhau Chơi Game Dùng Văn Phòng Cực Đã	K2 Đen PRO	5	Chất lượng sản phẩm:dep Sản phẩm y như mô tả,đẹp,nhìn có vẻ chất lượng. Bền hay k còn chờ thời gian trả lời. Cho shop 5*	2023-01-15 11:57:17	2026-09-29 00:31:44
sp_7488700369	shopee	5946253051	general	Bàn Phím Cơ Máy Tính Crack K2 PRO Led RGB 10 Chế Độ Khác Nhau Chơi Game Dùng Văn Phòng Cực Đã		5	Siêu xinh, ấn đã, giá lại rẻ, phù hợp với túi tiền của học sinh như mình😍 shop gói cẩn thận và ship nhanh dù đang dịch💖 nên mua nhaaaa	2022-02-14 21:36:30	2026-09-29 00:31:44
sp_6609863306	shopee	5946253051	general	Bàn Phím Cơ Máy Tính Crack K2 PRO Led RGB 10 Chế Độ Khác Nhau Chơi Game Dùng Văn Phòng Cực Đã		5	Bàn phím tốt đóng gói khá chắc chắn, nghe tiếng gõ rất đã tai mua về dc 1 ngày thì thấy oke còn để xem chất lượng lâu dài đã	2021-11-16 11:59:06	2026-09-29 00:31:44
sp_6812397212	shopee	5946253051	general	Bàn Phím Cơ Máy Tính Crack K2 PRO Led RGB 10 Chế Độ Khác Nhau Chơi Game Dùng Văn Phòng Cực Đã	K2 Đen PRO	5	Ngon lành giao hàng nhanh sản phẩm ok nge reivew nhiều rồi mua lần 3 cái giá quá rẻ cho 1 con cơ cám ơn shop phục vụ tận tình	2021-12-06 09:35:48	2026-09-29 00:31:44
sp_11339250595	shopee	5946253051	general	Bàn Phím Cơ Máy Tính Crack K2 PRO Led RGB 10 Chế Độ Khác Nhau Chơi Game Dùng Văn Phòng Cực Đã	K2 Xanh PRO	5	Sản phẩm dùng rất ổn Giao hàng khá nhanh Đóng gói kĩ lưỡng Shop siêu dễ thương màu đẹp Âm thanh blue sw thì khỏi bàn lun 10 điểm nha	2023-04-23 18:00:03	2026-09-29 00:31:45
sp_6786957606	shopee	5946253051	general	Bàn Phím Cơ Máy Tính Crack K2 PRO Led RGB 10 Chế Độ Khác Nhau Chơi Game Dùng Văn Phòng Cực Đã	K2 Đen PRO	5	Bàn phím ổn áp cực:33 xài ok lắm nahh tôi yêu shop quá:33 giao hàng nhanh và còn thân thiện tư vấn=3 cảm ơn shop vì sp nhaa	2021-12-03 10:56:18	2026-09-29 00:31:45
sp_13022173121	shopee	5946253051	general	Bàn Phím Cơ Máy Tính Crack K2 PRO Led RGB 10 Chế Độ Khác Nhau Chơi Game Dùng Văn Phòng Cực Đã	K2 Đen PRO	5	Chất lượng sản phẩm:tốt Mua đến lần thứ 2 rùi, săn sale bàn phím rẻ như cho, chất lượng khỏi phải bàn, giao hành nhanh, rất đáng mua.	2023-10-28 17:41:23	2026-09-29 00:31:45
sp_6034296707	shopee	5946253051	general	Bàn Phím Cơ Máy Tính Crack K2 PRO Led RGB 10 Chế Độ Khác Nhau Chơi Game Dùng Văn Phòng Cực Đã	K2 Đen PRO	5	Bàn phím dùng tốt. Phím gõ nhạy, độ nẩy tốt. Đèn led sáng rõ nhiều chế độ như quảng cáo. Sản phẩm tốt trong tầm giá.	2021-09-18 22:13:49	2026-09-29 00:31:45
sp_7111032948	shopee	5946253051	general	Bàn Phím Cơ Máy Tính Crack K2 PRO Led RGB 10 Chế Độ Khác Nhau Chơi Game Dùng Văn Phòng Cực Đã		5	Bàn phím như hình, có led nhiều màu rất đẹp. Giao hàng siêu nhanh. Sẽ giới thiệu người thân mua hàng của shop. Giá cả hợp lý hàng lại chất lượng	2022-01-03 21:01:18	2026-09-29 00:31:45
sp_6512830671	shopee	5946253051	general	Bàn Phím Cơ Máy Tính Crack K2 PRO Led RGB 10 Chế Độ Khác Nhau Chơi Game Dùng Văn Phòng Cực Đã		5	Shop hỗ trợ nhiệt tình, giao hàng không bị móp hộp(từ HN vào SG) tiếng nghe khá thích. Cám ơn shop đã hỗ trợ cho mình👍	2021-11-07 15:16:17	2026-09-29 00:31:45
sp_10393657876	shopee	5946253051	general	Bàn Phím Cơ Máy Tính Crack K2 PRO Led RGB 10 Chế Độ Khác Nhau Chơi Game Dùng Văn Phòng Cực Đã	K2 Đen PRO	5	Chất lượng sản phẩm:khá tốt Tính năng nổi bật:có nhiều màu sắc Shop đóng gói hàng rất cẩn thận. Giao hàng khá nhanh và sản phẩm hoạt động tốt.	2022-12-24 13:59:49	2026-09-29 00:31:45
sp_7713145656	shopee	5946253051	general	Bàn Phím Cơ Máy Tính Crack K2 PRO Led RGB 10 Chế Độ Khác Nhau Chơi Game Dùng Văn Phòng Cực Đã		5	Bàn phim rất đẹp, đáng để mua, đèn led có nhiều chế độ, với giá tiền này mua được cái bàn phim tnay là rất ưng rồiii ❤️	2022-03-10 11:37:20	2026-09-29 00:31:45
sp_9862634551	shopee	5946253051	general	Bàn Phím Cơ Máy Tính Crack K2 PRO Led RGB 10 Chế Độ Khác Nhau Chơi Game Dùng Văn Phòng Cực Đã	K2 Xanh PRO	5	Chất lượng sản phẩm:tuyệt vời Hàng giao nhanh chỉ sau 3 ngày, shipper thân thiện. Bàn phím gõ vui tai và ăn phím, đèn LED đẹp. Phím có thể tháo gỡ được cho ai muốn thay keycap. Mọi người nên mua shop này rất uy tín 😄	2022-10-20 19:23:53	2026-09-29 00:31:45
sp_9340895525	shopee	5946253051	general	Bàn Phím Cơ Máy Tính Crack K2 PRO Led RGB 10 Chế Độ Khác Nhau Chơi Game Dùng Văn Phòng Cực Đã	K2 Xanh PRO	5	Chất lượng sản phẩm:tốt, bền, chất lượng Tính năng nổi bật:đổi đc nhiều loại màu. Bàn phím cơ nên là âm thanh khi gõ khỏi phải bàn cãi, bao phê, các nút bấm nhạy, bấm là ăn ko chậm giây nào. Thanks kìu shop vì sản phẩm chất lượng, cho shop 5 sao nha.	2022-08-21 22:24:27	2026-09-29 00:31:45
sp_8203451327	shopee	5946253051	general	Bàn Phím Cơ Máy Tính Crack K2 PRO Led RGB 10 Chế Độ Khác Nhau Chơi Game Dùng Văn Phòng Cực Đã		5	giao hàng nhanh, đóng gói sản phẩm cẩn thận. giao đúng mẫu đúng màu, sản phẩm nhận đc rất hài lòng. độ bền đê dùng thời gian mới biết đc ạ. hài lòng	2022-04-26 23:01:16	2026-09-29 00:31:45
sp_9795563849	shopee	5946253051	general	Bàn Phím Cơ Máy Tính Crack K2 PRO Led RGB 10 Chế Độ Khác Nhau Chơi Game Dùng Văn Phòng Cực Đã		5	Bàn phím cực kì cực kì ngon trong tầm giá, tai nghe nếu có kinh tế thêm xíu thì các bạn mua tai nghe 7.1 thì sẽ hay hơn nhiều đó ạ, bàn phím dùng thích mình đã mua cho gia đình cũng như anh em bạn bè sử dụng cùng ai cũng khen chất lượng quá tốt trong tầm giá ạ	2022-10-13 07:34:21	2026-09-29 00:31:45
sp_12930097427	shopee	5946253051	general	Bàn Phím Cơ Máy Tính Crack K2 PRO Led RGB 10 Chế Độ Khác Nhau Chơi Game Dùng Văn Phòng Cực Đã	K2 Đen PRO	5	Nhận hàng sử dụng được mấy hôm nay thì thấy chất lượng sản phẩm tốt Mua đợt sale giá 276k Còn độ bền thì sử dụng một thời gian nữa mới biết được Cho shop 5 sao chất lượng	2023-10-19 17:38:30	2026-09-29 00:31:45
sp_15457593831	shopee	5946253051	general	Bàn Phím Cơ Máy Tính Crack K2 PRO Led RGB 10 Chế Độ Khác Nhau Chơi Game Dùng Văn Phòng Cực Đã	K2 Xanh PRO	5	Tính năng nổi bật:Đèn led Chất lượng sản phẩm:Yốt Bàn phím tốt, sử dụng ổn, mới nhận chưa biết gì ghi, chắc tạm thời vậy	2024-06-09 17:54:25	2026-09-29 00:31:45
sp_7114910802	shopee	5946253051	general	Bàn Phím Cơ Máy Tính Crack K2 PRO Led RGB 10 Chế Độ Khác Nhau Chơi Game Dùng Văn Phòng Cực Đã		5	Shop đóng gói hàng kĩ , vận chuyển rất nhanh . Từ hà nội về đồng nai mà chỉ mất 3-4 ngày . Hàng đúng sản phẩm , chất lượng tốt . Đang có ý định thay đổi tải nghe nên có thể sẽ tiếp tục ủng hộ shop . Chúc shop luôn thành công trong tương lai , shop rất uy tín nhé m.n	2022-01-04 11:01:40	2026-09-29 00:31:45
sp_7035283466	shopee	5946253051	general	Bàn Phím Cơ Máy Tính Crack K2 PRO Led RGB 10 Chế Độ Khác Nhau Chơi Game Dùng Văn Phòng Cực Đã		5	Giao gàng nhanh mặc dù đang mùa covid, mới nhận hàng thấy bao êm và thích, không biết lâu dài có ổn không tạm đánh giá 5 sao	2021-12-26 11:42:04	2026-09-29 00:31:45
sp_9572515032	shopee	5946253051	general	Bàn Phím Cơ Máy Tính Crack K2 PRO Led RGB 10 Chế Độ Khác Nhau Chơi Game Dùng Văn Phòng Cực Đã		5	hàng chất lượng thiệt sự thật sự nên mua đơn hàng này đóng gói rất chắc hàng tư vấn nhiệt tình chất lượng cực tốt	2022-09-15 20:40:50	2026-09-29 00:31:45
sp_6249456353	shopee	5946253051	general	Bàn Phím Cơ Máy Tính Crack K2 PRO Led RGB 10 Chế Độ Khác Nhau Chơi Game Dùng Văn Phòng Cực Đã		5	Phím ổn , chất lượng ổn so với giá tiền, giao hàng giống như ảnh, giao hàng nhanh, sẽ ủng hộ shop nhiêu hơn ...	2021-10-12 09:09:12	2026-09-29 00:31:45
sp_13411556334	shopee	5946253051	general	Bàn Phím Cơ Máy Tính Crack K2 PRO Led RGB 10 Chế Độ Khác Nhau Chơi Game Dùng Văn Phòng Cực Đã		5	Tính năng nổi bật:đèn sáng, tiếng gõ to Chất lượng sản phẩm:oke lắm ạ Màu hồng ở ngoài xinh giao hàng nhanh sản phẩm oke lắm nha nên mua ạ	2023-12-03 09:38:20	2026-09-29 00:31:45
sp_7793330981	shopee	5946253051	general	Bàn Phím Cơ Máy Tính Crack K2 PRO Led RGB 10 Chế Độ Khác Nhau Chơi Game Dùng Văn Phòng Cực Đã		5	Bàn phím rất đẹp, led sáng, chỉnh đc nhiều chế độ led. Phím cơ bấm ok lắm. Giao hàng nhanh mình mới đặt hôm kia 1 2 ngày là có rồi ♪～(´ε｀ ) shop đóng gói tốt, bàn phím rất đẹp ổn so với giá, phím cơ gõ đanh	2022-03-18 16:47:33	2026-09-29 00:31:45
sp_14110951066	shopee	5946253051	general	Bàn Phím Cơ Máy Tính Crack K2 PRO Led RGB 10 Chế Độ Khác Nhau Chơi Game Dùng Văn Phòng Cực Đã		5	Bàn phím đẹp lắm nha mọi người, giao hàng nhanh á, đóng gói cẩn thận, bàn phím rẻ mà nhìn đẹp nhìn okila ghê lun á m.n	2024-02-05 14:43:38	2026-09-29 00:31:45
sp_6788905032	shopee	5946253051	general	Bàn Phím Cơ Máy Tính Crack K2 PRO Led RGB 10 Chế Độ Khác Nhau Chơi Game Dùng Văn Phòng Cực Đã		5	Hàng quá đẹp, bàn phím đánh đã tay, nghe tiếng cóc cóc rất hay, quá xịn sò, đóng gói cẩn thận, hàng giao nhanh, cảm ơn shop, lần sau mình sẽ ủng hộ nếu cần mua gì	2021-12-03 14:26:35	2026-09-29 00:31:45
sp_6450714019	shopee	5946253051	general	Bàn Phím Cơ Máy Tính Crack K2 PRO Led RGB 10 Chế Độ Khác Nhau Chơi Game Dùng Văn Phòng Cực Đã	K2 Đen PRO	5	Trời ơi . Xịn xò lắm luôn ý . Ưng dễ sợ . Với tầm giá 400k thì quá thích ấy chứ .tiếng kêu nghe thích lắm .đợi hàng về mà muốn mòn mỏi luôn ấy .setup lên quá đẹp luôn .nên mua nhé .tks.	2021-10-31 15:33:20	2026-09-29 00:31:45
sp_6771863200	shopee	5946253051	general	Bàn Phím Cơ Máy Tính Crack K2 PRO Led RGB 10 Chế Độ Khác Nhau Chơi Game Dùng Văn Phòng Cực Đã	K2 Đen PRO	5	Bàn phím rất đẹp, gõ đầm tay, âm thanh nghe đã tai, có 7 chế độ màu. Đóng gói cẩn thận, ko méo mó. Cho shop 5*. Lần sau mình sẽ ủng hộ tiếp.	2021-12-01 18:52:08	2026-09-29 00:31:45
sp_15082116982	shopee	5946253051	general	Bàn Phím Cơ Máy Tính Crack K2 PRO Led RGB 10 Chế Độ Khác Nhau Chơi Game Dùng Văn Phòng Cực Đã		5	Trời ơi bàn phím đẹp điên luôn shop ạ. Gõ mượt lắm mà còn gọn diện tích nữa chứ. Tuyệt vời 10 điểm mn nên mua nhé	2024-05-05 00:04:56	2026-09-29 00:31:45
sp_7338391996	shopee	5946253051	general	Bàn Phím Cơ Máy Tính Crack K2 PRO Led RGB 10 Chế Độ Khác Nhau Chơi Game Dùng Văn Phòng Cực Đã	K2 Xanh PRO	5	Quá tuyệt vời luôn. Shop thân thiện giao hàng đóng gói cẩn thận. Bàn phím gõ rất sướng. Rất đáng đồng tiền luôn. Mng ủng hộ shop nhé 😍.	2022-01-28 12:55:35	2026-09-29 00:31:45
sp_6705990942	shopee	5946253051	general	Bàn Phím Cơ Máy Tính Crack K2 PRO Led RGB 10 Chế Độ Khác Nhau Chơi Game Dùng Văn Phòng Cực Đã	K2 Đen PRO	5	Phím đánh rất tuyệt,tiếng khá êm,không thấy delay,đèn led đẹp cực kì,trải nghiệm rất tuyệt vời Shop thân thiện,rep siu nhanh.Quá là ưng hehe Sẽ ủng hộ shop lâu dàiiiiiiiiiiiiiiiiiiiiiiiiiiiiiiiiiiiii	2021-11-24 21:27:27	2026-09-29 00:31:45
sp_10741066783	shopee	5946253051	general	Bàn Phím Cơ Máy Tính Crack K2 PRO Led RGB 10 Chế Độ Khác Nhau Chơi Game Dùng Văn Phòng Cực Đã		5	Chất lượng sản phẩm:tốt Tính năng nổi bật:đẹp hàng giao rất nhanh ạ, mình đặt 3 ngày là đã có rồi. không biết có dùng bền không nhưng giá như này là quá ok! cảm ơn shop và chúc shop luôn phát triển ạ	2023-02-09 14:51:01	2026-09-29 00:31:45
sp_3723840287	shopee	5946253051	general	Bàn Phím Cơ Máy Tính Crack K2 PRO Led RGB 10 Chế Độ Khác Nhau Chơi Game Dùng Văn Phòng Cực Đã		5	:3 Phân vân lâu lắm rồi mới quyết định mua mà kết quả là phím quá xinh luôn 😭 Tiếng gõ nghe thích thiệt sự, led đẹp nữa. Shop gói hàng kĩ ghê, còn dán thêm tờ giấy xinh xinh bên ngoài để shipper cẩn thận hơn 🙆🏻‍♀️ K hiểu sao clip vô đây bị quay ngược rồi 😿	2020-12-27 16:08:48	2026-09-29 00:31:45
sp_7034949746	shopee	5946253051	general	Bàn Phím Cơ Máy Tính Crack K2 PRO Led RGB 10 Chế Độ Khác Nhau Chơi Game Dùng Văn Phòng Cực Đã	K2 Xanh PRO	5	trời ơi xinh xĩu luôn cả nhà ơi, kh phím nào bị cứng hay lỗi hết, màu đều và đẹp nữa, đổi được nhiều kiểu, đánh đã tai lắm, giao hàng thì cỡ 5 ngày là có, gói hàng cũng kĩ nữa, tuyệt zờii luônnnn :33	2021-12-26 11:00:47	2026-09-29 00:31:45
sp_6581519471	shopee	5946253051	general	Bàn Phím Cơ Máy Tính Crack K2 PRO Led RGB 10 Chế Độ Khác Nhau Chơi Game Dùng Văn Phòng Cực Đã		5	Shop đóng gói hàng cẩn thận, giao hàng nhanh. Sợ chấp lường, căn sale nên mua được nửa giá. Sẽ ủng hộ shop dài dài	2021-11-14 10:56:44	2026-09-29 00:31:45
sp_12087301974	shopee	5946253051	general	Bàn Phím Cơ Máy Tính Crack K2 PRO Led RGB 10 Chế Độ Khác Nhau Chơi Game Dùng Văn Phòng Cực Đã		5	Tính năng nổi bật:phím bấm rất phê Chất lượng sản phẩm:ok lém Rất sịn sò, bấm rất sướng luôn ạ. Ông xã mình thích mê luôn, sẽ tiếp tục ủng hộ shop ạ 🥰	2023-07-25 22:54:32	2026-09-29 00:31:45
sp_58623817800	shopee	5946253051	general	Bàn Phím Cơ Máy Tính Crack K2 PRO Led RGB 10 Chế Độ Khác Nhau Chơi Game Dùng Văn Phòng Cực Đã		5	Tính năng nổi bật:phím hay, đèn led đẹp Chất lượng sản phẩm:tốt Bàn phím đẹp, blueswitch nghe hay, đèn led rgb nhiều chế độ màu, bấm phím không bị delay. Tuyệt	2025-07-10 07:34:05	2026-09-29 00:31:45
sp_9285054914	shopee	5946253051	general	Bàn Phím Cơ Máy Tính Crack K2 PRO Led RGB 10 Chế Độ Khác Nhau Chơi Game Dùng Văn Phòng Cực Đã		5	Em rất cảm ơn shop, em đã nhận đc hàng rồi ạ, rất vừa ý về chất lượng sản phẩm, giao hành nhanh lắm luôn ạ, em vừa đặt hôm 15 mà 16 có luôn rồi. Cho shop 5 sao. Shipper thân thiện, 10 điểm	2022-08-16 10:51:14	2026-09-29 00:31:45
sp_10949169035	shopee	5946253051	general	Bàn Phím Cơ Máy Tính Crack K2 PRO Led RGB 10 Chế Độ Khác Nhau Chơi Game Dùng Văn Phòng Cực Đã	K2 Đen PRO	5	Chất lượng sản phẩm:tốt Tính năng nổi bật:ko bt Phím đệp nhoa nên mua giao hàng thù nhanh mới đặt hôm kia hôm nay đã giao đến	2023-03-08 15:50:11	2026-09-29 00:31:45
sp_11520976523	shopee	5946253051	general	Bàn Phím Cơ Máy Tính Crack K2 PRO Led RGB 10 Chế Độ Khác Nhau Chơi Game Dùng Văn Phòng Cực Đã		5	Chất lượng sản phẩm:tốt Tính năng nổi bật:đẹp quá ưng ý sản phẩm quá chất lượng hy vọng mình có thể trải nghiệm lâu dài	2023-05-17 17:33:16	2026-09-29 00:31:45
sp_10212077566	shopee	5946253051	general	Bàn Phím Cơ Máy Tính Crack K2 PRO Led RGB 10 Chế Độ Khác Nhau Chơi Game Dùng Văn Phòng Cực Đã	K2 Đen PRO	5	Chất lượng sản phẩm:Khá tốt Tính năng nổi bật:nhấn phím ăn nhanh , mượt , êm Đối với mình thì bàn phím khá tốt ấy chứ , hợp với chuột của mình , chơi genshin hay mấy game khác cũng được lắm , theo sở thích của mình thì nếu bàn phím này là dạng không ồn thì mình cực kì thích 👍 . Mình được một người bạn thân giới thiệu thấy được nên mua nó về cho con lap gaming của mình	2022-12-02 22:58:22	2026-09-29 00:31:45
sp_6660580430	shopee	5946253051	general	Bàn Phím Cơ Máy Tính Crack K2 PRO Led RGB 10 Chế Độ Khác Nhau Chơi Game Dùng Văn Phòng Cực Đã	K2 Đen PRO	5	Đúng bàn phím cơ nhá, đẹp nè, type nghe rất sướng tai (blue switch) . Có thể chuyển nhiều hiệu ứng màu led. Giá này rẻ , xài 3 ngày rồi thấy khá ổn đáng mua nha mn. Có kèm đồ để gỡ keycap :> Đặt ở HN ship tới SG cũng khá nhanh hơn mong đợi. Cảm ơn shop	2021-11-20 12:04:57	2026-09-29 00:31:45
sp_6365158805	shopee	5946253051	general	Bàn Phím Cơ Máy Tính Crack K2 PRO Led RGB 10 Chế Độ Khác Nhau Chơi Game Dùng Văn Phòng Cực Đã		5	Sản phẩm rất tuyệt vời, dùng rất thích, rất sướng, cá nhân em thì em rất thích cái tiếng tách tách đó của Blue Switch nên em thấy cái bàn phím này dùng cũng rất ngon trong tầm giá! Mà giao hàng cực nhanh luôn á, mới đặt sáng hôm qua mà sáng nay đã về rồi :3	2021-10-22 10:42:25	2026-09-29 00:31:45
sp_3109005288	shopee	5946253051	general	Bàn Phím Cơ Máy Tính Crack K2 PRO Led RGB 10 Chế Độ Khác Nhau Chơi Game Dùng Văn Phòng Cực Đã		5	Phím bấm là thích mê Màu hồng pastel xinh không bị sến Giao hàng trước dự kiến một ngày, đóng gói hàng đẹp, hộp không móp. Thái độ phục vụ rất tốt. Lần sau mình sẽ quay lại. Highly recommend	2020-10-02 12:53:09	2026-09-29 00:31:45
sp_16148345716	shopee	5946253051	general	Bàn Phím Cơ Máy Tính Crack K2 PRO Led RGB 10 Chế Độ Khác Nhau Chơi Game Dùng Văn Phòng Cực Đã	K2 Xanh PRO	5	Chất lượng sản phẩm:tốt Tính năng nổi bật:RGB Shop giao hàng nhanh, đóng gói kĩ càng, sản phẩm tốt phù hợp với giá tiền. Ủng hộ shop 5 sao.	2024-08-11 21:56:37	2026-09-29 00:31:45
sp_6354043794	shopee	5946253051	general	Bàn Phím Cơ Máy Tính Crack K2 PRO Led RGB 10 Chế Độ Khác Nhau Chơi Game Dùng Văn Phòng Cực Đã	K2 Xanh PRO	5	Rất ưng luôn ạ, màu xinh xiuz, tối ngồi ngắm thíc mắt lắm nè. Tiếng lạch cạch của phím nghe cũng đã nữa. Rất đáng mua nhaaa mn ơi ❤️	2021-10-21 09:33:58	2026-09-29 00:31:45
sp_20600488414	shopee	5946253051	general	Bàn Phím Cơ Máy Tính Crack K2 PRO Led RGB 10 Chế Độ Khác Nhau Chơi Game Dùng Văn Phòng Cực Đã	K2 Đen PRO	5	Tính năng nổi bật:bàn phím cơ. Chất lượng sản phẩm:theo tầm giá Sản phẩm như quảng cáo. Thời gian giao hàng rất nhanh. Đóng gói sản phẩm đầy đủ cẩn thận. Shop phục vụ khách hàng rất tốt. Cảm ơn shop nhiều.	2024-12-05 14:41:14	2026-09-29 00:31:45
sp_3704632581	shopee	5946253051	general	Bàn Phím Cơ Máy Tính Crack K2 PRO Led RGB 10 Chế Độ Khác Nhau Chơi Game Dùng Văn Phòng Cực Đã		5	Shop dễ thương, bàn phím đúng chuẩn hường cute, tí nữa sử dụng sẽ báo kết quả cho shop ❤️❤️ Hàng đến sớm hơn dự kiến, và giao ngay ngày Noel ấm lòng dã man 🌸	2020-12-24 17:21:02	2026-09-29 00:31:45
sp_15685336874	shopee	5946253051	general	Bàn Phím Cơ Máy Tính Crack K2 PRO Led RGB 10 Chế Độ Khác Nhau Chơi Game Dùng Văn Phòng Cực Đã	K1 Hồng Mix Trắng	5	Chất lượng sản phẩm:Ổn, với tầm giá này không mong gì hơn Tính năng nổi bật:Bàn phím cơ và led Phím nhạy, không có nút nào bị lờn. Tiếng êm tai, thích!	2024-07-01 14:55:17	2026-09-29 00:31:45
sp_12801375710	shopee	5946253051	general	Bàn Phím Cơ Máy Tính Crack K2 PRO Led RGB 10 Chế Độ Khác Nhau Chơi Game Dùng Văn Phòng Cực Đã	K2 Đen PRO	5	Chất lượng sản phẩm:toẹt vời 365k là quá rẻ cho 1 chiếc bàn phím cơ rồi. Đẹp, nhìn chắc chắn, gõ sướng tay. Giao hàng nhanh, shop nhiệt tình, nói chung là đáng mua	2023-10-08 14:37:38	2026-09-29 00:31:45
sp_15720069438	shopee	5946253051	general	Bàn Phím Cơ Máy Tính Crack K2 PRO Led RGB 10 Chế Độ Khác Nhau Chơi Game Dùng Văn Phòng Cực Đã	K2 Đen PRO	5	Tính năng nổi bật:như mô tả Chất lượng sản phẩm:tốt Bữa 1 cái r thấy xinh nên mua thêm tặng bff 🤣 Cảm ơn shop nhìu ạ	2024-07-04 17:36:48	2026-09-29 00:31:45
sp_10804868697	shopee	5946253051	general	Bàn Phím Cơ Máy Tính Crack K2 PRO Led RGB 10 Chế Độ Khác Nhau Chơi Game Dùng Văn Phòng Cực Đã	K2 Đen PRO	5	Đèn led đẹp, tối nhìn bắt mắt (mình thuộc phím r nên nhìn đẹp là đc) Phím ấn nghe vang, êm, nghe khá thích, k thấy liệt phím nào Tổng kết rất hài lòng với sản phẩm này	2023-02-17 20:11:43	2026-09-29 00:31:45
sp_5492154093	shopee	5946253051	general	Bàn Phím Cơ Máy Tính Crack K2 PRO Led RGB 10 Chế Độ Khác Nhau Chơi Game Dùng Văn Phòng Cực Đã		5	Tuyệt vời Shop đóng gói rất cẩn thận Giao nhanh đúng 2 ngày nhận được hàng Sản phẩm đẹp, ánh sáng rất đẹp, mình rất thích Sẽ tiếp tục mua ủng hộ shop	2021-07-26 15:19:43	2026-09-29 00:31:45
sp_6557671514	shopee	5946253051	general	Bàn Phím Cơ Máy Tính Crack K2 PRO Led RGB 10 Chế Độ Khác Nhau Chơi Game Dùng Văn Phòng Cực Đã		5	Giao hàng đúng sản phẩm giao cũng nhanh, bấm cũng giống 70% phím cơ xịn 😉 nói chung đẹp xài ổn áp giá cũng ok	2021-11-12 08:36:27	2026-09-29 00:31:45
sp_6460253266	shopee	5946253051	general	Bàn Phím Cơ Máy Tính Crack K2 PRO Led RGB 10 Chế Độ Khác Nhau Chơi Game Dùng Văn Phòng Cực Đã		5	Bàn phím rất đẹp màu chuẩn đèn lè chuẩn , bàn phím gõ nghe tiếng rất đã, sản phẩm ok , về mặt bền lâu dài sẽ xem sau	2021-11-01 18:42:09	2026-09-29 00:31:47
sp_4111582219	shopee	5946253051	general	Bàn Phím Cơ Máy Tính Crack K2 PRO Led RGB 10 Chế Độ Khác Nhau Chơi Game Dùng Văn Phòng Cực Đã		5	Shop siêu đáng yêu trong truyền thuyết đây r. Có ghi chú cho shipper cực dễ thương. Lần đầu mình mua bàn phím cơ, nhìn rất ưng ý, sờ nhám nhám siêu ưng.	2021-02-19 12:40:42	2026-09-29 00:31:47
sp_30101625771	shopee	5946253051	general	Bàn Phím Cơ Máy Tính Crack K2 PRO Led RGB 10 Chế Độ Khác Nhau Chơi Game Dùng Văn Phòng Cực Đã		5	Tính năng nổi bật:Blue switch, đèn rgx 6 chế độ Đúng như quảng cáo, chất lượng tốt, đúng màu, đóng gói cẩn thận, đèn rgx đẹp, phản hồi tốt, nên mua 😉👍	2025-02-05 15:19:53	2026-09-29 00:31:47
sp_16195685888	shopee	26008010490	general	HỎA TỐC Quạt Cầm Tay FENITE 100 Tốc Độ Gió Có Màn Hình Led Hiển Thị Dung Lượng Pin 10000 MHA		5	Sản phẩm làm mình rất hài lòng luôn á. Trọng lượng không quá nặng mà nhiều chế độ quạt lắm nha, gió mát cực luôn á, cầm chắc tay lắm, kiểu dáng thì sang, giao hàng còn nhanh nữa	2024-08-15 20:42:08	2026-09-29 00:31:57
sp_16336644247	shopee	26008010490	general	HỎA TỐC Quạt Cầm Tay FENITE 100 Tốc Độ Gió Có Màn Hình Led Hiển Thị Dung Lượng Pin 10000 MHA		5	Chất lượng sản phẩm:tot Đúng với mô tả:đúng giao đúng hàng đúng mẫu. quạt giống mô tả. cầm nặng tay. rất hài lòng. shop uy tín. nên mua	2024-08-29 10:29:50	2026-09-29 00:31:57
sp_16318895334	shopee	26008010490	general	HỎA TỐC Quạt Cầm Tay FENITE 100 Tốc Độ Gió Có Màn Hình Led Hiển Thị Dung Lượng Pin 10000 MHA		5	Sản phẩm đúng vs mô tả, mát nha, cấp độ 1 sài đc khoảng 8 phút thì hết 1℅, màu đẹp, màn hình led ok, shop giao nhanh kèm theo phụ kiện rất đầy đủ nm ko bt có bền hay ko để sài thử ròi đánh giá lại sao	2024-08-27 18:44:30	2026-09-29 00:31:57
sp_71448633284	shopee	26008010490	general	HỎA TỐC Quạt Cầm Tay FENITE 100 Tốc Độ Gió Có Màn Hình Led Hiển Thị Dung Lượng Pin 10000 MHA	HỒNG TURBO	5	Đúng với mô tả:đúng Chất lượng sản phẩm:khá tốt Giao hàng nhanh,đóng gói kĩ,giao đúng và đủ hàng,nhỏ gọn và tiện ích mang đi khắp mọi nơi	2025-09-03 23:11:52	2026-09-29 00:31:57
sp_71444592230	shopee	26008010490	general	HỎA TỐC Quạt Cầm Tay FENITE 100 Tốc Độ Gió Có Màn Hình Led Hiển Thị Dung Lượng Pin 10000 MHA	HỒNG TURBO	5	Đúng với mô tả:sản phẩm đúng với mô tả Chất lượng sản phẩm:chất lượng sản phẩm tốt tăng được đến tận nút 100 khá là mát, màu đẹp, có kèm theo dây sạc	2025-09-03 17:48:18	2026-09-29 00:31:57
sp_16551616028	shopee	26008010490	general	HỎA TỐC Quạt Cầm Tay FENITE 100 Tốc Độ Gió Có Màn Hình Led Hiển Thị Dung Lượng Pin 10000 MHA		5	Chất lượng sản phẩm:rất tốt Đúng với mô tả:rất giống trong hình Quạt có 5 cấp độ luôn , pin sài rất lâu , màu đẹp lắm nha🥰	2024-09-12 20:18:53	2026-09-29 00:31:57
sp_34468614450	shopee	26008010490	general	HỎA TỐC Quạt Cầm Tay FENITE 100 Tốc Độ Gió Có Màn Hình Led Hiển Thị Dung Lượng Pin 10000 MHA		5	Chất lượng sản phẩm:khá ổn Đúng với mô tả:đúng mô tả Nhỏ, gọn, nhẹ, mang đi xa được. Tốc độ gió khá ổn. Cho trẻ em dùng ok	2025-03-28 09:53:53	2026-09-29 00:31:57
sp_32891455058	shopee	26008010490	general	HỎA TỐC Quạt Cầm Tay FENITE 100 Tốc Độ Gió Có Màn Hình Led Hiển Thị Dung Lượng Pin 10000 MHA		5	Chất lượng sản phẩm:đẹp, bền, quạt máy rất êm, khoing nghĩ với giá tiền đó lại có 1 quạt sạc bền như vậy. Đúng với mô tả:giống với quảng cáo.	2025-03-14 14:07:01	2026-09-29 00:31:57
sp_31765864424	shopee	26008010490	general	HỎA TỐC Quạt Cầm Tay FENITE 100 Tốc Độ Gió Có Màn Hình Led Hiển Thị Dung Lượng Pin 10000 MHA		5	Đúng với mô tả:đúng Chất lượng sản phẩm:tốt Giao hàng nhanh. Đóng gói sản phẩm chắc chắn, cẩn thận. Bán giá rẻ, giao đúng màu sắc, đủ số lượng. Pin lâu hơn tí nữa thì 1k *.	2025-02-28 14:55:36	2026-09-29 00:31:57
sp_42633785220	shopee	26008010490	general	HỎA TỐC Quạt Cầm Tay FENITE 100 Tốc Độ Gió Có Màn Hình Led Hiển Thị Dung Lượng Pin 10000 MHA		5	Chất lượng sản phẩm:tốt Đúng với mô tả:đúng Quạt trắng, cũng mát, có 5 mức với cả có cả phần trăm Pin nên dễ dùng hơn. Quạt nhỏ dễ cầm, có cả dây đeo với đế. Nhưng mà bật số 5 mới thấy mát	2025-05-16 12:35:38	2026-09-29 00:31:57
sp_31771057779	shopee	26008010490	general	HỎA TỐC Quạt Cầm Tay FENITE 100 Tốc Độ Gió Có Màn Hình Led Hiển Thị Dung Lượng Pin 10000 MHA		5	Chất lượng sản phẩm:đạt yêu cầu Đúng với mô tả:đúng Sản phẩm đúng như quảng cáo trên shoppee. Sản phẩm sử dụng đạt yêu cầu. Cám ơn shop nhiều nhé	2025-02-28 22:47:59	2026-09-29 00:31:57
sp_43564432784	shopee	26008010490	general	HỎA TỐC Quạt Cầm Tay FENITE 100 Tốc Độ Gió Có Màn Hình Led Hiển Thị Dung Lượng Pin 10000 MHA		5	Chất lượng sản phẩm:đúng vs mô tả . quạt mát ,đẹp,có dây đeo chân đứng rất tiện lời Đúng với mô tả:quạt dùng tốt lắm,lúc mik mua về quạt có 86%pin . nhg dùng ở cấp độ 5 thì25 giây là hết 1%	2025-05-23 17:01:06	2026-09-29 00:31:57
sp_47991807409	shopee	26008010490	general	HỎA TỐC Quạt Cầm Tay FENITE 100 Tốc Độ Gió Có Màn Hình Led Hiển Thị Dung Lượng Pin 10000 MHA		5	Đúng với mô tả:đúng Chất lượng sản phẩm:tốt Đáng mua nha mọi người Rẻ mà vừa tay Mức độ mát thì cũng bình thường thôi, ghé sát mới mát đc, đi biển đồ đó chắc cũng oke	2025-06-11 10:40:25	2026-09-29 00:31:57
sp_19186561865	shopee	26008010490	general	HỎA TỐC Quạt Cầm Tay FENITE 100 Tốc Độ Gió Có Màn Hình Led Hiển Thị Dung Lượng Pin 10000 MHA		5	Chất lượng sản phẩm:tốt Quạt xinh mà rẻ nữa, gió thổi mạnh lắm, có thể bẻ cho nằm ngang đc, có đế đee đứng và đựng điện thoại. Hy vọng sẽ bền	2024-11-18 00:54:39	2026-09-29 00:31:57
sp_16350583254	shopee	26008010490	general	HỎA TỐC Quạt Cầm Tay FENITE 100 Tốc Độ Gió Có Màn Hình Led Hiển Thị Dung Lượng Pin 10000 MHA		5	Đúng với mô tả:dung Chất lượng sản phẩm:chat luong Mat, tuyet voi , ko biet sd ben khong chứ thấy cũng okela , quạt cũng mạnh nha m.n	2024-08-30 12:30:41	2026-09-29 00:31:57
sp_43207158755	shopee	26008010490	general	HỎA TỐC Quạt Cầm Tay FENITE 100 Tốc Độ Gió Có Màn Hình Led Hiển Thị Dung Lượng Pin 10000 MHA		5	Đúng với mô tả:đúng Chất lượng sản phẩm:tốt Giao hàng nhanh Đóng gói cẩn thận Đẹp nha pin 100 phần trăm có 5 mức gió , có dây đeo khi mk mỏi tay có cả sạc và chân nữa trg chân thì có chổ để điện thoại giá lại rẻ nên mua	2025-05-19 12:13:50	2026-09-29 00:31:57
sp_16218632546	shopee	26008010490	general	HỎA TỐC Quạt Cầm Tay FENITE 100 Tốc Độ Gió Có Màn Hình Led Hiển Thị Dung Lượng Pin 10000 MHA		5	Ship hàng nhanh, đóng gói chắc chắn. Chủ shop nhiệt tình thân thiện tư vấn có tâm. Sản phẩm chất lượng, giống mô tả của shop	2024-08-18 04:24:00	2026-09-29 00:31:57
sp_16195916642	shopee	26008010490	general	HỎA TỐC Quạt Cầm Tay FENITE 100 Tốc Độ Gió Có Màn Hình Led Hiển Thị Dung Lượng Pin 10000 MHA		5	Ưng lắm luôn. sẽ quay lại ủng hộ. Shop đóng hàng rất cẩn thận, phục vụ nhiệt tình sản phẩm thì hài lòng hết mức luôn mọi người ạ. Mình thấy shop rất nhiệt tình, hàng giao nhanh, rất hài lòng với shop.	2024-08-15 21:03:12	2026-09-29 00:31:57
sp_24071890702	shopee	26008010490	general	HỎA TỐC Quạt Cầm Tay FENITE 100 Tốc Độ Gió Có Màn Hình Led Hiển Thị Dung Lượng Pin 10000 MHA		5	Sản phẩm rất đẹp nha. 5 chế độ gió, màn hình sắc nét. Sạc khá nhanh. Đặt ship vào SG tầm 2-3 ngày. Hài lòng với sản phẩm	2024-12-20 12:39:22	2026-09-29 00:31:57
sp_16430088087	shopee	26008010490	general	HỎA TỐC Quạt Cầm Tay FENITE 100 Tốc Độ Gió Có Màn Hình Led Hiển Thị Dung Lượng Pin 10000 MHA		5	Đúng với mô tả:đúng Chất lượng sản phẩm:tốt Hàng xài ổn, giao hàng nhanh, không hư hỏng ,có kèm dây đeo. Tiền nào của nấy th các b, quạt k mạnh lắm	2024-09-04 21:28:36	2026-09-29 00:31:57
sp_17560898568	shopee	26008010490	general	HỎA TỐC Quạt Cầm Tay FENITE 100 Tốc Độ Gió Có Màn Hình Led Hiển Thị Dung Lượng Pin 10000 MHA		5	Đúng với mô tả:ok Chất lượng sản phẩm:ok Shop chuẩn bị hàng nhanh, gói hàng cẩn thận. Quạt có 5 chế độ. Pin dùng được lâu hay không thì phải dùng mới biết. Giá hạt dẻ. Màu đẹp. Shipper nhiệt tình thân thiện.	2024-10-28 18:56:56	2026-09-29 00:31:57
sp_26382678938	shopee	26008010490	general	HỎA TỐC Quạt Cầm Tay FENITE 100 Tốc Độ Gió Có Màn Hình Led Hiển Thị Dung Lượng Pin 10000 MHA		5	Quạt xinh vs mát nha .Xài số 2 tầm 2h thui chứ ko lâu như quảng cáo đâu .Với giá tiền như vậy là ok rồi .Số 5 bao mát mà chắc 10phut hết sạch	2025-01-05 19:48:22	2026-09-29 00:31:57
sp_33537655360	shopee	26008010490	general	HỎA TỐC Quạt Cầm Tay FENITE 100 Tốc Độ Gió Có Màn Hình Led Hiển Thị Dung Lượng Pin 10000 MHA		5	Đúng với mô tả:đúng Chất lượng sản phẩm:tốt Đẹp có 5 chế độ mát thật kèm theo là dây sạc,dây đeo,đồ để quạt nx tuyệt vời đáng mua nha💯	2025-03-22 12:43:04	2026-09-29 00:31:57
sp_97409862813	shopee	26008010490	general	HỎA TỐC Quạt Cầm Tay FENITE 100 Tốc Độ Gió Có Màn Hình Led Hiển Thị Dung Lượng Pin 10000 MHA	HỒNG TURBO	5	Màn hình:màn hình led , rõ nét Gió:có nhiều cấp độ gió từ 1-100 siêu mát Màu xinh , gió mát đã mùa và trải nghiệm hơn 2 tháng mới đánh giá . Rất ổn phù hợp với túi tiền . Hè nóng nên sắm 1 em nhỏ gọn , vừa tay , dùng đc khoảng 2-8 tiếng tùy theo mức độ gió sử dụng .	2026-05-01 10:39:48	2026-09-29 00:31:57
sp_42412719363	shopee	26008010490	general	HỎA TỐC Quạt Cầm Tay FENITE 100 Tốc Độ Gió Có Màn Hình Led Hiển Thị Dung Lượng Pin 10000 MHA		5	Chất lượng sản phẩm:mik thấy oki lắm nè, hốt liền đi các bn ơi. mà MN cho mik hỏi cái gói bạc kia là gì vậy? Đúng với mô tả:đúng ạ Sạc 3 tiếng là đầy pin ạ	2025-05-15 18:05:58	2026-09-29 00:31:57
sp_35212698180	shopee	26008010490	general	HỎA TỐC Quạt Cầm Tay FENITE 100 Tốc Độ Gió Có Màn Hình Led Hiển Thị Dung Lượng Pin 10000 MHA		5	Đúng với mô tả:ddungs với mô tả Chất lượng sản phẩm:chất lượng sản phẩm rất ok nên mua, gió mạnh pin trâu 100% có tặng dây sạc	2025-04-01 19:52:06	2026-09-29 00:31:57
sp_69603634423	shopee	26008010490	general	HỎA TỐC Quạt Cầm Tay FENITE 100 Tốc Độ Gió Có Màn Hình Led Hiển Thị Dung Lượng Pin 10000 MHA	ĐEN TURBO	5	Đúng với mô tả:đúng Chất lượng sản phẩm:tốt Quạt giá rẻ ,phù hợp vs HSSV hàng giao nhanh,shop nhiệt tình đi kèm vs sạc nx nha dùng rất ok	2025-08-24 02:40:14	2026-09-29 00:31:57
sp_16300383706	shopee	26008010490	general	HỎA TỐC Quạt Cầm Tay FENITE 100 Tốc Độ Gió Có Màn Hình Led Hiển Thị Dung Lượng Pin 10000 MHA		5	Hàng chất lượng . Giao nhanh trong 2 ngày là có rồi ạ. Shop nhiệt tình lắm ạ . Lần sau sẽ ghé mua lại ạ	2024-08-26 00:38:55	2026-09-29 00:31:57
sp_44170492734	shopee	26008010490	general	HỎA TỐC Quạt Cầm Tay FENITE 100 Tốc Độ Gió Có Màn Hình Led Hiển Thị Dung Lượng Pin 10000 MHA		5	Đúng với mô tả:nhựa Chất lượng sản phẩm:dùng ok nhưng pin ko biết dùng được lâu không . So với giá tiền thì hợp lý	2025-05-25 15:09:51	2026-09-29 00:31:57
sp_16300354252	shopee	26008010490	general	HỎA TỐC Quạt Cầm Tay FENITE 100 Tốc Độ Gió Có Màn Hình Led Hiển Thị Dung Lượng Pin 10000 MHA		5	Hàng chất lượng . Giao nhanh trong 2 ngày là có rồi ạ. Shop nhiệt tình lắm ạ . Lần sau sẽ ghé mua lại ạ	2024-08-26 00:27:37	2026-09-29 00:31:57
sp_16197548481	shopee	26008010490	general	HỎA TỐC Quạt Cầm Tay FENITE 100 Tốc Độ Gió Có Màn Hình Led Hiển Thị Dung Lượng Pin 10000 MHA		5	Đã nhận được sản phẩm, sản phẩm như mô tả, thời gian chuẩn bị và giao hàng khá nhanh mình rất thích có cơ hội sẽ quay lại mua tiếp. chúc shop bán luôn đắc hàng	2024-08-16 02:23:06	2026-09-29 00:31:57
sp_99242798482	shopee	26008010490	general	HỎA TỐC Quạt Cầm Tay FENITE 100 Tốc Độ Gió Có Màn Hình Led Hiển Thị Dung Lượng Pin 10000 MHA	ĐEN TURBO	5	Chất lượng sản phẩm:ok Đúng với mô tả:tốt Giá hợp lý, chất vải ok lắm. Mua được size XS rất vừa, tìm mãi mới có shop bán size này Sẽ ủng hộ thêm nhiều sản phẩm khác nữa	2026-06-02 11:20:50	2026-09-29 00:31:57
sp_95740521406	shopee	26008010490	general	HỎA TỐC Quạt Cầm Tay FENITE 100 Tốc Độ Gió Có Màn Hình Led Hiển Thị Dung Lượng Pin 10000 MHA	TRẮNG TURBO	5	Màn hình:k biết Gió:quạt gió mát . Quạt mát . Mang đi tiện lợi. Dung cho mọi lứa tuổi. Shop boc hang can than. Ghjnnnn	2026-04-14 23:24:37	2026-09-29 00:31:57
sp_43560937848	shopee	26008010490	general	HỎA TỐC Quạt Cầm Tay FENITE 100 Tốc Độ Gió Có Màn Hình Led Hiển Thị Dung Lượng Pin 10000 MHA	HỒNG TURBO	5	Chất lượng sản phẩm:dùng rất tốt Màu sắc đẹp rất giống với mô tả	2025-05-23 11:54:06	2026-09-29 00:31:57
sp_44412709525	shopee	26008010490	general	HỎA TỐC Quạt Cầm Tay FENITE 100 Tốc Độ Gió Có Màn Hình Led Hiển Thị Dung Lượng Pin 10000 MHA		5	Chất lượng sản phẩm:tốt cầm chắc tay lắm í Màu hồng qastel siêu xinh quạt ms nhận là 90% nha quạt siêu mát Cầm đi concert cx khá ok 👌	2025-05-26 13:45:35	2026-09-29 00:31:57
sp_16378045670	shopee	26008010490	general	HỎA TỐC Quạt Cầm Tay FENITE 100 Tốc Độ Gió Có Màn Hình Led Hiển Thị Dung Lượng Pin 10000 MHA		5	Chất lượng sản phẩm:ok Đúng với mô tả:yessss Cái màu xanh bị thiếu chân để, màu hồng thì đủ, dây đeo cả hai đều đầy đủ, có tặng 1 cục thơm nhma mùi hơi nồng, cá nhân mình không thích mùi đó. Sạc pin nhanh mà hết cũng nhanh. Mình xài 15p từ 95% còn 77%. Nãy 5p từ 95% còn 88%. Nhma chất lượng z khá hài lòng, xứng với giá tiền. Mức 5 khá mát.	2024-09-01 19:00:23	2026-09-29 00:31:57
sp_101995769792	shopee	26008010490	general	HỎA TỐC Quạt Cầm Tay FENITE 100 Tốc Độ Gió Có Màn Hình Led Hiển Thị Dung Lượng Pin 10000 MHA	Màu HỒNG RT	5	Màn hình:Tôi thấy màn hình LED rất tiện lợi để theo dõi và điều chỉnh tốc độ Gió:Có nhiều cấp độ gió, mình dễ dàng lựa chọn phù hợp với nhu cầu	2026-06-25 11:18:11	2026-09-29 00:31:57
sp_32801284311	shopee	26008010490	general	HỎA TỐC Quạt Cầm Tay FENITE 100 Tốc Độ Gió Có Màn Hình Led Hiển Thị Dung Lượng Pin 10000 MHA		5	Đúng với mô tả:Ok Chất lượng sản phẩm:Ok Quạt rất mát nha ko có ồn như máy quạt mini kia . Quạt đc cái có hiển thị phần trăm pin nữa quá là ok luôn 👌👌	2025-03-13 20:12:11	2026-09-29 00:31:57
sp_16362371799	shopee	26008010490	general	HỎA TỐC Quạt Cầm Tay FENITE 100 Tốc Độ Gió Có Màn Hình Led Hiển Thị Dung Lượng Pin 10000 MHA		5	Quạt chất lượng nha. Có đủ chân để, cáp sạc và dây treo luôn. Hài lòng ạ	2024-08-31 10:02:43	2026-09-29 00:31:57
sp_20149473698	shopee	26008010490	general	HỎA TỐC Quạt Cầm Tay FENITE 100 Tốc Độ Gió Có Màn Hình Led Hiển Thị Dung Lượng Pin 10000 MHA		5	Chất lượng sản phẩm:ổn còn bền hay ko chux bt Đúng với mô tả:đúng Đẹp nha đầy đủ và có dây đeo đồ sac khá mát	2024-12-02 19:06:11	2026-09-29 00:31:57
sp_16565564060	shopee	26008010490	general	HỎA TỐC Quạt Cầm Tay FENITE 100 Tốc Độ Gió Có Màn Hình Led Hiển Thị Dung Lượng Pin 10000 MHA		5	Đúng với mô tả:Đúng Chất lượng sản phẩm:Tốt Sản phẩm đúng với mô tả, chất lượng tốt và đóng gói cẩn thận. Tuy đặt màu trắng nhưng lại giao màu xanh lá.	2024-09-13 19:56:51	2026-09-29 00:31:57
sp_32517163067	shopee	26008010490	general	HỎA TỐC Quạt Cầm Tay FENITE 100 Tốc Độ Gió Có Màn Hình Led Hiển Thị Dung Lượng Pin 10000 MHA		5	Chất lượng sản phẩm:tốt Đúng với mô tả:tốt Đẹp, nhỏ gọn dễ dàng mang đi, rất mát	2025-03-09 18:02:10	2026-09-29 00:31:57
sp_16631248327	shopee	26008010490	general	HỎA TỐC Quạt Cầm Tay FENITE 100 Tốc Độ Gió Có Màn Hình Led Hiển Thị Dung Lượng Pin 10000 MHA		5	Đúng với mô tả:khoong Chất lượng sản phẩm:ổn Đặt màu trắng shop lại giao màu xanh, quạt nhìn khá ổn, hơi tiếc là k đúng màu mình thích	2024-09-18 21:45:56	2026-09-29 00:31:57
sp_33463477614	shopee	26008010490	general	HỎA TỐC Quạt Cầm Tay FENITE 100 Tốc Độ Gió Có Màn Hình Led Hiển Thị Dung Lượng Pin 10000 MHA		5	Chất lượng sản phẩm:tốt Đúng với mô tả:đúng Mình đặt 2 chiếc màu xanh đậm hàng về đúng màu. Quạt chạy mát, êm. Dù nhỏ hơn tưởng tượng nhưng phù hợp giá tiền. Quạt có màn hình led hiển thị % Pin và tốc độ gió (có 5 tốc độ gió). Sẽ còn quay lại ủng hộ shop nếu có nhu cầu.	2025-03-21 18:13:25	2026-09-29 00:31:57
sp_44380291896	shopee	26008010490	general	HỎA TỐC Quạt Cầm Tay FENITE 100 Tốc Độ Gió Có Màn Hình Led Hiển Thị Dung Lượng Pin 10000 MHA		5	Đúng với mô tả:đúng Chất lượng sản phẩm:đẹp Shop hàng đẹp lắm, sịn, nm hàng của t ko có gói viên thơm. Nhg vẫn cho shop 5*	2025-05-26 10:19:19	2026-09-29 00:31:57
sp_42413282100	shopee	26008010490	general	HỎA TỐC Quạt Cầm Tay FENITE 100 Tốc Độ Gió Có Màn Hình Led Hiển Thị Dung Lượng Pin 10000 MHA		5	Shop giao hàng nhanh chóng, đóng gói cẩn thận, giao đúng loại mặt hàng, màu hơi tối so với hình, 5 cấp độ gió, mong là xài bền	2025-05-15 18:45:55	2026-09-29 00:31:57
sp_16300330693	shopee	26008010490	general	HỎA TỐC Quạt Cầm Tay FENITE 100 Tốc Độ Gió Có Màn Hình Led Hiển Thị Dung Lượng Pin 10000 MHA		5	Thời gian giao hàng rất nhanh, đặt hôm qua đến ngày hôm sau mình đã nhận được hàng. Shop phục vụ tốt cho 5 sao.	2024-08-26 00:19:32	2026-09-29 00:31:57
sp_58255138101	shopee	26008010490	general	HỎA TỐC Quạt Cầm Tay FENITE 100 Tốc Độ Gió Có Màn Hình Led Hiển Thị Dung Lượng Pin 10000 MHA	TRẮNG TURBO	5	Đúng với mô tả:Đúng với mô tả Chất lượng sản phẩm:rất ưng ý, nhỏ gọn, nhưng quạt rất mát	2025-07-09 15:10:55	2026-09-29 00:31:57
sp_16218602488	shopee	26008010490	general	HỎA TỐC Quạt Cầm Tay FENITE 100 Tốc Độ Gió Có Màn Hình Led Hiển Thị Dung Lượng Pin 10000 MHA		5	Quạt y hình 100%. Dùng ổn. Nói chung là nên mua nhé mn. Rep nhanh là mình ưng rồi ☺️☺️	2024-08-18 03:52:52	2026-09-29 00:31:59
sp_68599757775	shopee	26008010490	general	HỎA TỐC Quạt Cầm Tay FENITE 100 Tốc Độ Gió Có Màn Hình Led Hiển Thị Dung Lượng Pin 10000 MHA		5	Đúng với mô tả:đúng Chất lượng sản phẩm:tốt Lúc đầu xem đánh giá thấy có kèm là cái dây dài mà nhận về cái dây ngắn, còn tưởng là có cái bịch chi đó mà không có, quạt dùm tốt,mát. Không ưng mỗi cái dây , còn lại đều ok	2025-08-17 13:18:39	2026-09-29 00:31:59
sp_100569029852	shopee	26008010490	general	HỎA TỐC Quạt Cầm Tay FENITE 100 Tốc Độ Gió Có Màn Hình Led Hiển Thị Dung Lượng Pin 10000 MHA	Màu XANH THAN RT	5	Màn hình:rất tốt màn hình led chuyển đổi tốc độ Gió:nhiều cấp độ gió mình có thể lựa chọn mức gió phù hợp Giao hàng nhanh shop tư vấn nhiệt tình đóng gói cẩn thận nên mua ạ cho shop 5 sao ạ pin bền đẹp so với giá tiền	2026-06-15 17:41:49	2026-09-29 00:31:59
sp_16437638612	shopee	26008010490	general	HỎA TỐC Quạt Cầm Tay FENITE 100 Tốc Độ Gió Có Màn Hình Led Hiển Thị Dung Lượng Pin 10000 MHA		5	Chất lượng sản phẩm:tốt Đúng với mô tả:có Quạt đẹp giống hình nhưng có vẻ hết pin khá nhanh, lúc mình sạc lên pin nhanh nhưng lúc chạy thì tụt pin nhanh, mong shop khắc phục sản phẩm nhưng vẫn cho 5s nhé	2024-09-05 10:12:19	2026-09-29 00:31:59
sp_16553649939	shopee	26008010490	general	HỎA TỐC Quạt Cầm Tay FENITE 100 Tốc Độ Gió Có Màn Hình Led Hiển Thị Dung Lượng Pin 10000 MHA		5	Đúng với mô tả:y hinh Chất lượng sản phẩm:ok Sài lâu thì chưa biết như nào , thấy tạm ổn giá rẻ . Sử dụng nhanh hết pin	2024-09-12 23:32:31	2026-09-29 00:31:59
sp_95135691153	shopee	26008010490	general	HỎA TỐC Quạt Cầm Tay FENITE 100 Tốc Độ Gió Có Màn Hình Led Hiển Thị Dung Lượng Pin 10000 MHA	Màu HỒNG RT	5	Quạt mát, có 5 mức chạy mạnh. Nhỏ gọn tiện khi cầm đi hay để trên bàn đều được. Quạt mát lắm luôn	2026-04-08 18:43:02	2026-09-29 00:31:59
sp_95139150302	shopee	26008010490	general	HỎA TỐC Quạt Cầm Tay FENITE 100 Tốc Độ Gió Có Màn Hình Led Hiển Thị Dung Lượng Pin 10000 MHA	TRẮNG TURBO	5	Quạt ổn , giao nhanh nhưng trừ điểm vì hàng bị méo chắc do vận chuyển và kích thước quạt ko đc như mong đợi nhưng săn vs giá này là hời r	2026-04-08 21:47:14	2026-09-29 00:31:59
sp_94901375900	shopee	26008010490	general	HỎA TỐC Quạt Cầm Tay FENITE 100 Tốc Độ Gió Có Màn Hình Led Hiển Thị Dung Lượng Pin 10000 MHA	TRẮNG TURBO	5	Màn hình:rõ ràng Gió:mạnh, mát ,hàng không bị móp méo shipper giao nhiệt tình nên mua nhé	2026-04-06 16:02:31	2026-09-29 00:31:59
sp_73577770250	shopee	26008010490	general	HỎA TỐC Quạt Cầm Tay FENITE 100 Tốc Độ Gió Có Màn Hình Led Hiển Thị Dung Lượng Pin 10000 MHA		5	Chất lượng sản phẩm:tốt Đúng với mô tả:đúng Quạt số 5 là vừa luôn ý mức 1 2 hơi yếu mà rẻ có 33k thoi mà được quạt như này là quá đã luôn,mua đi đợi gì nữa	2025-09-16 17:35:12	2026-09-29 00:31:59
sp_16586673656	shopee	26008010490	general	HỎA TỐC Quạt Cầm Tay FENITE 100 Tốc Độ Gió Có Màn Hình Led Hiển Thị Dung Lượng Pin 10000 MHA		5	Chất lượng sản phẩm:tốt Dù giao nhầm màu cho mình nhưng mình thấy quạt rất mát với ổn lắm ạ. Pin trâu, mình sài hơn 1 h rồi mà pin cũng còn rất nhiều	2024-09-15 10:19:36	2026-09-29 00:31:59
sp_16189350305	shopee	26008010490	general	HỎA TỐC Quạt Cầm Tay FENITE 100 Tốc Độ Gió Có Màn Hình Led Hiển Thị Dung Lượng Pin 10000 MHA		5	shop tư vấn nhanh, thân thiện, đóng gói cẩn thận, giao hangg khá nhanh tặng shop 5 sao ủng hộ	2024-08-15 11:44:34	2026-09-29 00:31:59
sp_17699469613	shopee	26008010490	general	HỎA TỐC Quạt Cầm Tay FENITE 100 Tốc Độ Gió Có Màn Hình Led Hiển Thị Dung Lượng Pin 10000 MHA		5	Đúng với mô tả:đúng Chất lượng sản phẩm:oke Quạt mát nha, hàng mới về là phải sạc luôn nhé. Kèm thêm cả cáp sạc, dây đeo, viên nén	2024-11-02 14:42:04	2026-09-29 00:31:59
sp_16367082721	shopee	26008010490	general	HỎA TỐC Quạt Cầm Tay FENITE 100 Tốc Độ Gió Có Màn Hình Led Hiển Thị Dung Lượng Pin 10000 MHA		5	Chất lượng sản phẩm:ok Đúng với mô tả:rất đúng Giao hàng nhanh, đóng gói kĩ, bao bì đẹp. Có giấy hướng dẫn rất ok luôn.	2024-08-31 17:30:57	2026-09-29 00:31:59
sp_16468113852	shopee	26008010490	general	HỎA TỐC Quạt Cầm Tay FENITE 100 Tốc Độ Gió Có Màn Hình Led Hiển Thị Dung Lượng Pin 10000 MHA		5	Đúng với mô tả:Không Chất lượng sản phẩm:Tốt Shop đóng gói hàng cẩn thận. Nhưng tôi đặt quạt màu tím mà shop lại giao màu lục trầm🥲Chả sao cả! Tôi thích màu lục trầm nhất nên shop được 5 sao vì sự nhầm lẫn này!!!	2024-09-06 15:17:24	2026-09-29 00:31:59
sp_31861183918	shopee	26008010490	general	HỎA TỐC Quạt Cầm Tay FENITE 100 Tốc Độ Gió Có Màn Hình Led Hiển Thị Dung Lượng Pin 10000 MHA		5	Chất lượng sản phẩm:tốt màn hình LED hiển thị pin, sạc đầy trong khoảng 90 phút. Quạt có 5 mức gió, kèm theo dây đeo, kệ để bàn và dây sạc. Với mức giá chỉ 60-70k và nhiều màu để lựa chọn, chất lượng và tính năng như vậy rất đáng giá. Phù hợp để mang theo khi ra ngoài đi chơi đi học	2025-03-01 18:46:57	2026-09-29 00:31:59
sp_25517242124	shopee	26008010490	general	HỎA TỐC Quạt Cầm Tay FENITE 100 Tốc Độ Gió Có Màn Hình Led Hiển Thị Dung Lượng Pin 10000 MHA		5	Đúng với mô tả:đúng Giao nhanh hàng thì đẹp chỉ có mấy chục cành đã cs dc 1 em quạt như này quá tuyệt vời	2025-01-02 16:45:43	2026-09-29 00:31:59
sp_16605485193	shopee	26008010490	general	HỎA TỐC Quạt Cầm Tay FENITE 100 Tốc Độ Gió Có Màn Hình Led Hiển Thị Dung Lượng Pin 10000 MHA		5	Chất lượng sản phẩm:tốt Đúng với mô tả:chuẩn Quạt đẹp pin bền con mình rất thích nhưng shop sai màu cho mình nên hơi buồn	2024-09-16 22:04:33	2026-09-29 00:31:59
sp_33182561340	shopee	26008010490	general	HỎA TỐC Quạt Cầm Tay FENITE 100 Tốc Độ Gió Có Màn Hình Led Hiển Thị Dung Lượng Pin 10000 MHA		5	Đúng với mô tả:đúngg Chất lượng sản phẩm:tốtt Hàng đẹp,tui săn còn có 10k thuii, quạt có 5 nức + vs mức độ pin, quạt chạy mạnh,không ồn lắm,có giấy hdsd,viên nến thơm,đồ dựng quạt,dây đeo và shop gói hàng rất cẩn thận, tuy nhiên tui đặt màu trắng nhưng shop lại giao màu xanh,nma cũng tạm chắp nhận nha,cho shop 4 sao th 💗💗, nên mua nhaaaa :3333	2025-03-18 15:37:53	2026-09-29 00:31:59
sp_16219257010	shopee	26008010490	general	HỎA TỐC Quạt Cầm Tay FENITE 100 Tốc Độ Gió Có Màn Hình Led Hiển Thị Dung Lượng Pin 10000 MHA		5	Chất lượng sản phẩm tuyệt vời, lần đầu mua nhưng ưng lắm, shop phục vụ tốt. 10 điểmmm	2024-08-18 06:50:31	2026-09-29 00:31:59
sp_16275113089	shopee	26008010490	general	HỎA TỐC Quạt Cầm Tay FENITE 100 Tốc Độ Gió Có Màn Hình Led Hiển Thị Dung Lượng Pin 10000 MHA		5	Đúng với mô tả:đúng mô tả Chất lượng sản phẩm:rất tôt Hàng đẹp chất lượng đúng màu.. Quạt mát... Nhỏ gọn	2024-08-23 14:29:58	2026-09-29 00:31:59
sp_20038768926	shopee	26008010490	general	HỎA TỐC Quạt Cầm Tay FENITE 100 Tốc Độ Gió Có Màn Hình Led Hiển Thị Dung Lượng Pin 10000 MHA		5	Chất lượng sản phẩm:tốt Đúng với mô tả:cũng được nó hơi cũ	2024-12-01 12:06:52	2026-09-29 00:31:59
sp_16218906050	shopee	26008010490	general	HỎA TỐC Quạt Cầm Tay FENITE 100 Tốc Độ Gió Có Màn Hình Led Hiển Thị Dung Lượng Pin 10000 MHA		5	Shop tư vấn nhiệt tình chu đáo, hỗ trợ đi đơn sớm nữa, rất hài lòng với cách phục vụ của shop 🥰	2024-08-18 04:34:56	2026-09-29 00:31:59
sp_16273734814	shopee	26008010490	general	HỎA TỐC Quạt Cầm Tay FENITE 100 Tốc Độ Gió Có Màn Hình Led Hiển Thị Dung Lượng Pin 10000 MHA		5	Chất lượng sản phẩm:Tốt Đúng với mô tả:Đúng Đóng gói kỹ càng, giao hàng nhanh, sản phẩm ngoài giống với hình ảnh.	2024-08-23 12:17:14	2026-09-29 00:31:59
sp_43066458394	shopee	26008010490	general	HỎA TỐC Quạt Cầm Tay FENITE 100 Tốc Độ Gió Có Màn Hình Led Hiển Thị Dung Lượng Pin 10000 MHA		5	Đúng với mô tả:đúng như trên vd, nhỏ xinh xinh chỉ dùng cho trẻ em độ mát vừa phải, pin tốc độ 5 nhanh hết pin, với giá tiền như này thì tạm ,cho shop 5Sao vì gói hàng kĩ càng sp đẹp đầy đủ Chất lượng sản phẩm:cx bth	2025-05-18 12:13:34	2026-09-29 00:31:59
sp_16300299527	shopee	26008010490	general	HỎA TỐC Quạt Cầm Tay FENITE 100 Tốc Độ Gió Có Màn Hình Led Hiển Thị Dung Lượng Pin 10000 MHA		5	Giao hàng nhanh chóng đầy đủ. Sản phẩm đóng gói cẩn ok .Chất lượng sản phẩm tốt …đáng để mua nhé	2024-08-26 00:09:59	2026-09-29 00:31:59
sp_61210632520	shopee	26008010490	general	HỎA TỐC Quạt Cầm Tay FENITE 100 Tốc Độ Gió Có Màn Hình Led Hiển Thị Dung Lượng Pin 10000 MHA		5	Chất lượng sản phẩm:tốt Đúng với mô tả:Đúng màu Đúng hình Hình ảnh mang tính chất nhận xu. Giao hàng nhanh shiper thân thiện.mua lần đầu của shop thấy cũng ok nha	2025-07-18 14:35:54	2026-09-29 00:31:59
sp_22496185622	shopee	26008010490	general	HỎA TỐC Quạt Cầm Tay FENITE 100 Tốc Độ Gió Có Màn Hình Led Hiển Thị Dung Lượng Pin 10000 MHA		5	Đúng với mô tả:dung Chất lượng sản phẩm:ổn Mua đi qsu oki lắm mát nha có 5 mức độ sài oki lắm nên mua m.n	2024-12-14 21:59:11	2026-09-29 00:31:59
sp_16344826983	shopee	26008010490	general	HỎA TỐC Quạt Cầm Tay FENITE 100 Tốc Độ Gió Có Màn Hình Led Hiển Thị Dung Lượng Pin 10000 MHA		5	Chất lượng sản phẩm:giao hàng nhanh , pin lâu với mức giá như này thì quá tuyệt	2024-08-29 21:52:21	2026-09-29 00:31:59
sp_17030730962	shopee	26008010490	general	HỎA TỐC Quạt Cầm Tay FENITE 100 Tốc Độ Gió Có Màn Hình Led Hiển Thị Dung Lượng Pin 10000 MHA		5	Chất lượng sản phẩm:ok Đúng với mô tả:ok Shop giao hàng khá nhanh, đúng màu sắc, có hướng dẫn cụ thể, mình đã dùng qua thấy rất OK Nhẹ dễ dàng mang đi, có nhiều mức độ điều chỉnh gió , pin xài tốt nhe Nên mua	2024-10-09 10:43:32	2026-09-29 00:31:59
sp_33540743687	shopee	26008010490	general	HỎA TỐC Quạt Cầm Tay FENITE 100 Tốc Độ Gió Có Màn Hình Led Hiển Thị Dung Lượng Pin 10000 MHA		5	Đúng với mô tả:đúng Chất lượng sản phẩm:tốt Máy quạt mát nhung có điều sac pin lau đầy pin.mua 2 máy mà 1 may sac nhanh đầy, 1 máy sac cả đêm chua đầy nữa	2025-03-22 16:37:27	2026-09-29 00:31:59
sp_44149020486	shopee	26008010490	general	HỎA TỐC Quạt Cầm Tay FENITE 100 Tốc Độ Gió Có Màn Hình Led Hiển Thị Dung Lượng Pin 10000 MHA		5	Đúng với mô tả:đúng Chất lượng sản phẩm:ổn Lẩn trước mua shop gửi thiếu cái quạt 125k, shop ko liên hệ gửi thêm, tới chừng mình nhắn shop thì shop hứa gửi mà ko gửi. Lần này gửi đủ. Quạt cầm pin nhất là màu trắng, sau lưng có tem, đẹp, mức 1 chừng 7 tiếng. Giá này mà quạt lâu vậy là quá tốt. Hai cái xanh phía sau ko tem, quạt ko cầm pin như quãng cáo, phía sau ko tem, cái xanh riêu sức nắp đậy phía sau.	2025-05-25 10:16:36	2026-09-29 00:31:59
sp_80760106623	shopee	26008010490	general	HỎA TỐC Quạt Cầm Tay FENITE 100 Tốc Độ Gió Có Màn Hình Led Hiển Thị Dung Lượng Pin 10000 MHA	ĐEN TURBO	5	Chất lượng sản phẩm:đẹp,tiếng quat ko ôn Đúng với mô tả:đúng vs mô tả Quạt mát giao hàng đúng mẫu đúng màu nếu mà sai ok thì lần sau ủng hộ shop tip	2025-12-05 13:33:47	2026-09-29 00:31:59
sp_24071258898	shopee	26008010490	general	HỎA TỐC Quạt Cầm Tay FENITE 100 Tốc Độ Gió Có Màn Hình Led Hiển Thị Dung Lượng Pin 10000 MHA		5	Chất lượng sản phẩm:tốt Đúng với mô tả:đúng Hàng giao đóng gói kỷ, quạt như mô tả, độ mát tạm ổn so với giá tiền , linh kiện đầy đủ, pin để tốc độ số 5 có vẻ nhanh tuột.	2024-12-20 11:46:42	2026-09-29 00:31:59
sp_47800884446	shopee	26008010490	general	HỎA TỐC Quạt Cầm Tay FENITE 100 Tốc Độ Gió Có Màn Hình Led Hiển Thị Dung Lượng Pin 10000 MHA		5	Chất lượng sản phẩm:chất lượng tốt nha Đúng với mô tả:đúng với hình nha Quạt mát, bật độ 4,5 thì nhanh hết pin thôi	2025-06-10 12:26:46	2026-09-29 00:31:59
sp_16300239191	shopee	26008010490	general	HỎA TỐC Quạt Cầm Tay FENITE 100 Tốc Độ Gió Có Màn Hình Led Hiển Thị Dung Lượng Pin 10000 MHA		5	Chất lượng sản phẩm tốt shop làm ăn có tâm uy tín sẽ mua ủng hộ dài dài	2024-08-25 23:52:52	2026-09-29 00:31:59
sp_16304457561	shopee	26008010490	general	HỎA TỐC Quạt Cầm Tay FENITE 100 Tốc Độ Gió Có Màn Hình Led Hiển Thị Dung Lượng Pin 10000 MHA		5	Chất lượng sản phẩm:đẹp Giao hàng nhanh chất lượng tốt giá rẻ nên mua nzjbsisbjbdnsba	2024-08-26 12:50:49	2026-09-29 00:31:59
sp_16189062934	shopee	26008010490	general	HỎA TỐC Quạt Cầm Tay FENITE 100 Tốc Độ Gió Có Màn Hình Led Hiển Thị Dung Lượng Pin 10000 MHA		5	Chất lượng khá ok thích hợp dùng cho học sinh và sinh viên rẽ nữa đóng gói kĩ	2024-08-15 11:18:45	2026-09-29 00:31:59
sp_45966435861	shopee	26008010490	general	HỎA TỐC Quạt Cầm Tay FENITE 100 Tốc Độ Gió Có Màn Hình Led Hiển Thị Dung Lượng Pin 10000 MHA		5	Chất lượng sản phẩm:Cứng cáp và mát Đúng với mô tả:Đúng Quạt siêu mát , đúng với mô tả và có hình thù dễ để bàn	2025-06-02 09:42:51	2026-09-29 00:31:59
sp_64540242655	shopee	26008010490	general	HỎA TỐC Quạt Cầm Tay FENITE 100 Tốc Độ Gió Có Màn Hình Led Hiển Thị Dung Lượng Pin 10000 MHA	TRẮNG TURBO	5	Chất lượng sản phẩm:ổn Đúng với mô tả:đúng mô tả g Giao nhanh đóng gói cẩn thận quạt mát sạc cũng nhanh	2025-07-30 09:21:28	2026-09-29 00:31:59
sp_71511857090	shopee	26008010490	general	HỎA TỐC Quạt Cầm Tay FENITE 100 Tốc Độ Gió Có Màn Hình Led Hiển Thị Dung Lượng Pin 10000 MHA		5	Đúng với mô tả:đẹp ưng lắm ln ý Chất lượng sản phẩm:tốt giâ rẻ nx	2025-09-04 13:50:51	2026-09-29 00:31:59
sp_16426488327	shopee	26008010490	general	HỎA TỐC Quạt Cầm Tay FENITE 100 Tốc Độ Gió Có Màn Hình Led Hiển Thị Dung Lượng Pin 10000 MHA		5	Đúng với mô tả:màu đẹp lắm Hàng xịn xò lắm nha shop, giá rẻ mà mua được hàng mình rất ưng	2024-09-04 16:54:00	2026-09-29 00:31:59
sp_16300189249	shopee	26008010490	general	HỎA TỐC Quạt Cầm Tay FENITE 100 Tốc Độ Gió Có Màn Hình Led Hiển Thị Dung Lượng Pin 10000 MHA		5	chất lượng OK, đúng mẫu yêu cầu, sẽ ủng hộ shop thêm nhiều lần nữa . Đóng gói kĩ , đúng số lượng	2024-08-25 23:40:04	2026-09-29 00:31:59
sp_73132078517	shopee	26008010490	general	HỎA TỐC Quạt Cầm Tay FENITE 100 Tốc Độ Gió Có Màn Hình Led Hiển Thị Dung Lượng Pin 10000 MHA	ĐEN TURBO	5	Chất lượng sản phẩm:Tuyệt vời Đúng với mô tả:chính xác Bên ngoài đẹp, mát lắm nhoa, hàng tốttt 🙌💕	2025-09-15 11:58:11	2026-09-29 00:31:59
sp_16373658643	shopee	26008010490	general	HỎA TỐC Quạt Cầm Tay FENITE 100 Tốc Độ Gió Có Màn Hình Led Hiển Thị Dung Lượng Pin 10000 MHA		5	Đúng với mô tả:ddungs Chất lượng sản phẩm:tốt Hơi tốt:) Mát nhưng mà sạc đầy r dùng đến bốn mấy %là nó sập nguồn Còn lại thì okee Đóng gói còn méo hộp nhaaaaaaaaaaaaa	2024-09-01 11:47:47	2026-09-29 00:31:59
sp_71857171767	shopee	26008010490	general	HỎA TỐC Quạt Cầm Tay FENITE 100 Tốc Độ Gió Có Màn Hình Led Hiển Thị Dung Lượng Pin 10000 MHA		5	Chất lượng sản phẩm:khá ổn Đúng với mô tả:khá giống Giao cỡ 4,5 ngày tới mà của mình hơi khác hình và hong có tặng giây đeo chắc tại shop thiếu sót,quạt trầy nhẹ mà với giá này cũng tạm ổn	2025-09-06 18:06:06	2026-09-29 00:31:59
sp_16189244806	shopee	26008010490	general	HỎA TỐC Quạt Cầm Tay FENITE 100 Tốc Độ Gió Có Màn Hình Led Hiển Thị Dung Lượng Pin 10000 MHA		5	Mua được với giá ưu đãi thích lắm sản phẩm tốt đã mua lần thứ ba rồi chất lượng vẫn như ngày đầu	2024-08-15 11:35:20	2026-09-29 00:31:59
sp_66679464034	shopee	26008010490	general	HỎA TỐC Quạt Cầm Tay FENITE 100 Tốc Độ Gió Có Màn Hình Led Hiển Thị Dung Lượng Pin 10000 MHA	ĐEN TURBO	5	Chất lượng sản phẩm:tốt Shop giao nhầm màu cho mình 🥲🥲 nm mát nha mong shop lần sau k có sự nhầm lẫn nx Nhg mà nên mua nha mn	2025-08-09 11:23:29	2026-09-29 00:31:59
sp_32781525311	shopee	26008010490	general	HỎA TỐC Quạt Cầm Tay FENITE 100 Tốc Độ Gió Có Màn Hình Led Hiển Thị Dung Lượng Pin 10000 MHA		5	Chất lượng sản phẩm:tốt Cho cộng dây, đế đỡ, dây sạc vs 1 cục nến thơm	2025-03-13 10:28:36	2026-09-29 00:31:59
sp_16336362523	shopee	26008010490	general	HỎA TỐC Quạt Cầm Tay FENITE 100 Tốc Độ Gió Có Màn Hình Led Hiển Thị Dung Lượng Pin 10000 MHA		5	Quạt rất mạnh, màu đẹp đúng mô tả, lần sau ủng hộ tiếp. Giá rẻ chất lượng	2024-08-29 10:00:45	2026-09-29 00:31:59
sp_16304306071	shopee	26008010490	general	HỎA TỐC Quạt Cầm Tay FENITE 100 Tốc Độ Gió Có Màn Hình Led Hiển Thị Dung Lượng Pin 10000 MHA		5	Quạt dthương xĩu luôn á Đc tặng thêm giấy thơm, dây đeo,... Nên mua nha mn	2024-08-26 12:36:41	2026-09-29 00:31:59
sp_91330236415	shopee	26008010490	general	HỎA TỐC Quạt Cầm Tay FENITE 100 Tốc Độ Gió Có Màn Hình Led Hiển Thị Dung Lượng Pin 10000 MHA	TRẮNG TURBO	5	Màn hình:chuẩnn Gió:tuyệt Moá, k ngờ là hẳn 100 cấp độ =))) đã thế pin trâu cực kì, quạt tốt màu trắng đẹp lớmm, ổn hết nhee, shop tặng thêm dây sạc quạt ne hdsd này nọ, nói chung là khong có gì để chê ln, giá này mà đc hàng như v là quá tuyệt ln á, ve ri gútt😆. Hình ảnh và video chỉ mang tính chất nhận xuu	2026-03-09 01:19:13	2026-09-29 00:32:00
sp_16328415625	shopee	26008010490	general	HỎA TỐC Quạt Cầm Tay FENITE 100 Tốc Độ Gió Có Màn Hình Led Hiển Thị Dung Lượng Pin 10000 MHA		5	Chất lượng sản phẩm:ok Đúng với mô tả:đúng Giao hàng nhanh, giá rẻ, cần thời gian để biết chất lượng như thế nào.	2024-08-28 16:05:53	2026-09-29 00:32:00
sp_16302691620	shopee	26008010490	general	HỎA TỐC Quạt Cầm Tay FENITE 100 Tốc Độ Gió Có Màn Hình Led Hiển Thị Dung Lượng Pin 10000 MHA		5	Quạt mát,màu sắc trang nhã,sử dụng lâu mới đánh giá chất lượng đc,nhưng nên mua nha mọi người	2024-08-26 09:59:14	2026-09-29 00:32:00
sp_98276204061	shopee	26008010490	general	HỎA TỐC Quạt Cầm Tay FENITE 100 Tốc Độ Gió Có Màn Hình Led Hiển Thị Dung Lượng Pin 10000 MHA	XANH TURBO	5	Đã nhận hàng , giao nhanh , đóng gói cẩn thận . Sẽ tiếp tục ủng hộ shop	2026-05-15 22:17:09	2026-09-29 00:32:00
sp_87431374196	shopee	26008010490	general	HỎA TỐC Quạt Cầm Tay FENITE 100 Tốc Độ Gió Có Màn Hình Led Hiển Thị Dung Lượng Pin 10000 MHA	TRẮNG TURBO	5	Màn hình:sáng,bóng có thể nhìn thấy đc mặt Gió:gió mát mặc dù chỉnh rất nhỏ nhưng vẫn mát Shop 5 sao ko có nhưng, rất chu đáo, thik hợp cho sinh viên,học sinh	2026-02-03 10:44:08	2026-09-29 00:32:00
sp_18002797157	shopee	26008010490	general	HỎA TỐC Quạt Cầm Tay FENITE 100 Tốc Độ Gió Có Màn Hình Led Hiển Thị Dung Lượng Pin 10000 MHA		5	Đúng với mô tả:ddungs Chất lượng sản phẩm:chất lượng rất tốt Lên mua nha mn đẹp lắm tặng quà nx đẹp	2024-11-07 12:58:13	2026-09-29 00:32:00
sp_24131123839	shopee	26008010490	general	HỎA TỐC Quạt Cầm Tay FENITE 100 Tốc Độ Gió Có Màn Hình Led Hiển Thị Dung Lượng Pin 10000 MHA		5	Giao hàng nhang đóng gói kỹ. quạt 5 cấp độ cũng khá ok😁😁😁😁😁😁 để xem độ bền đc bao lâu	2024-12-20 21:40:36	2026-09-29 00:32:00
sp_16973696719	shopee	26008010490	general	HỎA TỐC Quạt Cầm Tay FENITE 100 Tốc Độ Gió Có Màn Hình Led Hiển Thị Dung Lượng Pin 10000 MHA		5	Quạt xịn lắm , pin sd lâu lắm quạt mát nữa giá okee nên mua nha mn	2024-10-06 21:29:05	2026-09-29 00:32:00
sp_47410482994	shopee	26008010490	general	HỎA TỐC Quạt Cầm Tay FENITE 100 Tốc Độ Gió Có Màn Hình Led Hiển Thị Dung Lượng Pin 10000 MHA	ĐEN TURBO	5	Giao hàng nhanh spham ok mnguoi nên mua nhé ạ mua dv giá khá rẻ okla đó	2025-06-08 23:37:21	2026-09-29 00:32:00
sp_43063435587	shopee	26008010490	general	HỎA TỐC Quạt Cầm Tay FENITE 100 Tốc Độ Gió Có Màn Hình Led Hiển Thị Dung Lượng Pin 10000 MHA		5	Giao hàng nhanh dã man đặt hôm trước hôm sau về rồi, quạt xinh yêu, bé nhà mình rất thích	2025-05-18 09:35:24	2026-09-29 00:32:00
sp_46851756869	shopee	26008010490	general	HỎA TỐC Quạt Cầm Tay FENITE 100 Tốc Độ Gió Có Màn Hình Led Hiển Thị Dung Lượng Pin 10000 MHA	ĐEN TURBO	5	Đúng với mô tả:đúng Chất lượng sản phẩm:tốt Hơi nhỏ so với mình nghĩ nhưng chất lượng sp tốt nha. Có đúng 100 cấp độ như mô tả luôn đó	2025-06-06 12:34:02	2026-09-29 00:32:00
sp_32996619849	shopee	26008010490	general	HỎA TỐC Quạt Cầm Tay FENITE 100 Tốc Độ Gió Có Màn Hình Led Hiển Thị Dung Lượng Pin 10000 MHA		5	Đúng với mô tả:đúng Chất lượng sản phẩm:tốt Quạt mát, êm, kiểu dáng, màu sắc xinh đẹp dễ thương lắm	2025-03-15 13:46:41	2026-09-29 00:32:00
sp_47991757740	shopee	26008010490	general	HỎA TỐC Quạt Cầm Tay FENITE 100 Tốc Độ Gió Có Màn Hình Led Hiển Thị Dung Lượng Pin 10000 MHA	TRẮNG TURBO	5	Chất lượng sản phẩm:mát , từng số Đúng với mô tả:đúng như trênn ảnh bọc chống sốp	2025-06-11 10:36:25	2026-09-29 00:32:00
sp_22886617544	shopee	26008010490	general	HỎA TỐC Quạt Cầm Tay FENITE 100 Tốc Độ Gió Có Màn Hình Led Hiển Thị Dung Lượng Pin 10000 MHA		5	Quạt 5 mức nên rất mát. Nghe nói pin dỏm nên cũng chưa biết thế nào. Trước mắt thấy giá ổn.	2024-12-16 09:53:15	2026-09-29 00:32:00
sp_43904439599	shopee	26008010490	general	HỎA TỐC Quạt Cầm Tay FENITE 100 Tốc Độ Gió Có Màn Hình Led Hiển Thị Dung Lượng Pin 10000 MHA		5	Chất lượng sản phẩm:tốt lắm lâu hết pin Đúng với mô tả:đúng 100% Nó mát mà tiện lắm dùng khá ổn và pin cũm hết lâu á	2025-05-24 19:27:15	2026-09-29 00:32:00
sp_16588544777	shopee	26008010490	general	HỎA TỐC Quạt Cầm Tay FENITE 100 Tốc Độ Gió Có Màn Hình Led Hiển Thị Dung Lượng Pin 10000 MHA		5	Chất lượng sản phẩm:rất tốt Đúng với mô tả:rất đúng với mô tả Quạt có 5 mức độ gió, rất mát và nên mua sử dụng khi cúp điện	2024-09-15 13:19:50	2026-09-29 00:32:00
sp_19002052919	shopee	26008010490	general	HỎA TỐC Quạt Cầm Tay FENITE 100 Tốc Độ Gió Có Màn Hình Led Hiển Thị Dung Lượng Pin 10000 MHA		5	Chất lượng sản phẩm:khá tốt Đúng với mô tả:đúng Quạt cầm nhẹ tay, gió mát 5 cấp độ Tặng kèm phụ kiện đầy đủ lắm Giao hàng hơi lâu, chất lượng sẽ mua lần nữa ở shop.	2024-11-16 07:56:33	2026-09-29 00:32:00
sp_19189834239	shopee	26008010490	general	HỎA TỐC Quạt Cầm Tay FENITE 100 Tốc Độ Gió Có Màn Hình Led Hiển Thị Dung Lượng Pin 10000 MHA		5	Quạt rất mạnh, chất lượng, có 5 mức độ, giao hàng cũng nhanh, giá rẻ, ngon	2024-11-18 11:01:54	2026-09-29 00:32:00
sp_94162267938	shopee	26008010490	general	HỎA TỐC Quạt Cầm Tay FENITE 100 Tốc Độ Gió Có Màn Hình Led Hiển Thị Dung Lượng Pin 10000 MHA	Màu HỒNG RT	5	Quạt đẹp, giao hàng nhanh, giá rẻ nên mua nha Lần sau sẽ ql uho shop	2026-04-01 12:13:16	2026-09-29 00:32:00
sp_41677069399	shopee	26008010490	general	HỎA TỐC Quạt Cầm Tay FENITE 100 Tốc Độ Gió Có Màn Hình Led Hiển Thị Dung Lượng Pin 10000 MHA		5	Đúng với mô tả:đúng Chất lượng sản phẩm:đẹp ok Hài lòng	2025-05-10 17:46:18	2026-09-29 00:32:00
sp_46423061265	shopee	26008010490	general	HỎA TỐC Quạt Cầm Tay FENITE 100 Tốc Độ Gió Có Màn Hình Led Hiển Thị Dung Lượng Pin 10000 MHA	HỒNG TURBO	5	Đúng với mô tả:ok chuẩn đẹp mát mẻ Chất lượng sản phẩm:ok đẹp	2025-06-04 20:19:21	2026-09-29 00:32:00
sp_19968583092	shopee	26008010490	general	HỎA TỐC Quạt Cầm Tay FENITE 100 Tốc Độ Gió Có Màn Hình Led Hiển Thị Dung Lượng Pin 10000 MHA		5	Đúng với mô tả:đúng y hình Chất lượng sản phẩm:tốt Quạt mini rất dễ thương. Tiện lợi đi đâu cũng mang theo bên mình được. Sức gió mạnh mát.. Rất la ưng với sản phẩm	2024-11-30 15:34:13	2026-09-29 00:32:00
sp_22663682407	shopee	26008010490	general	HỎA TỐC Quạt Cầm Tay FENITE 100 Tốc Độ Gió Có Màn Hình Led Hiển Thị Dung Lượng Pin 10000 MHA		5	Chất lượng sản phẩm:tốt nha ! Đúng với mô tả:đúng vs mô tả 100% Mức mức 3 là mát rồi sài rất lâu 8h lận mức 5 đc 3h mức 1 đc 12h đúng màu quạt ko ồn nhẹ chắt tay	2024-12-15 17:38:58	2026-09-29 00:32:00
sp_71789695419	shopee	26008010490	general	HỎA TỐC Quạt Cầm Tay FENITE 100 Tốc Độ Gió Có Màn Hình Led Hiển Thị Dung Lượng Pin 10000 MHA	TRẮNG TURBO	5	Chất lượng sản phẩm:tốt Đúng với mô tả:đúng Quạt xinh, nhỏ gọn mang đi đâu cũng đc, nhỏ nhưng mà cũng mát lắm. Mỗi tội hơi nhanh hết pin. Mà vs mức giá như vậy thì tốt r, nên mua nha	2025-09-05 16:48:34	2026-09-29 00:32:00
sp_42257892755	shopee	26008010490	general	HỎA TỐC Quạt Cầm Tay FENITE 100 Tốc Độ Gió Có Màn Hình Led Hiển Thị Dung Lượng Pin 10000 MHA		5	Chất lượng sản phẩm:tốt Đúng với mô tả:đúng như mô tả Sản phẩm dùng tốt giá cả hợp lý nên mua nha đánh giá shop 5⭐	2025-05-14 21:15:45	2026-09-29 00:32:00
sp_19193685751	shopee	26008010490	general	HỎA TỐC Quạt Cầm Tay FENITE 100 Tốc Độ Gió Có Màn Hình Led Hiển Thị Dung Lượng Pin 10000 MHA		5	Quạt cầm tay nhiều tốc độ, quạt mạnh, quạt màu hồng dễ thương, giá rẻ	2024-11-18 16:18:46	2026-09-29 00:32:00
sp_16300409647	shopee	26008010490	general	HỎA TỐC Quạt Cầm Tay FENITE 100 Tốc Độ Gió Có Màn Hình Led Hiển Thị Dung Lượng Pin 10000 MHA		5	Giao hàng nhanh. Sản phẩm giống hình ảnh. Nhìn khá đẹp. Các bạn kỹ thuật hỗ trợ nhiệt tình	2024-08-26 00:49:56	2026-09-29 00:32:00
sp_36237166695	shopee	26008010490	general	HỎA TỐC Quạt Cầm Tay FENITE 100 Tốc Độ Gió Có Màn Hình Led Hiển Thị Dung Lượng Pin 10000 MHA		5	Quạt giá rẻ mà pin sử dụng được khá lâu, tầm 3 4 tiếng nếu mở hêtd công suất	2025-04-09 17:44:45	2026-09-29 00:32:00
sp_41672829861	shopee	26008010490	general	HỎA TỐC Quạt Cầm Tay FENITE 100 Tốc Độ Gió Có Màn Hình Led Hiển Thị Dung Lượng Pin 10000 MHA		5	Chất lượng sản phẩm:tạm được thoi Đúng với mô tả:chưa đúng lắm nha dùng thì cũng khá mát nhưng pin tụt nhanh nha , 1 phút tụt 2 % , để trên bàn thì hơi ồn nữa	2025-05-10 12:06:47	2026-09-29 00:32:00
sp_43357504358	shopee	26008010490	general	HỎA TỐC Quạt Cầm Tay FENITE 100 Tốc Độ Gió Có Màn Hình Led Hiển Thị Dung Lượng Pin 10000 MHA		5	Đúng với mô tả:đúng vớii mô tả Chất lượng sản phẩm:tốt Nhưng mà ko gập vào đc như video quảng cáo ó Mk gập vào sợ gãy nên thôi😭	2025-05-21 11:58:37	2026-09-29 00:32:00
sp_46424153761	shopee	26008010490	general	HỎA TỐC Quạt Cầm Tay FENITE 100 Tốc Độ Gió Có Màn Hình Led Hiển Thị Dung Lượng Pin 10000 MHA		5	Chất lượng sản phẩm:ok Đúng với mô tả:ok Hang dep djng ok	2025-06-04 21:47:52	2026-09-29 00:32:00
sp_31937581789	shopee	26008010490	general	HỎA TỐC Quạt Cầm Tay FENITE 100 Tốc Độ Gió Có Màn Hình Led Hiển Thị Dung Lượng Pin 10000 MHA		5	Chất lượng sản phẩm:phù hop gia tien Đúng với mô tả:màu đẹp Hình ảnh mang tính chất nhận xu . Giá rẻ mà sản phẩm okie lắm . Mọi ng mua đi , đem đi học xài Okie	2025-03-02 08:34:36	2026-09-29 00:32:00
sp_33374174869	shopee	26008010490	general	HỎA TỐC Quạt Cầm Tay FENITE 100 Tốc Độ Gió Có Màn Hình Led Hiển Thị Dung Lượng Pin 10000 MHA		5	Đúng với mô tả:đúng Chất lượng sản phẩm:tốt Giao hàng nhanh Đóng gói chắc chắn Rất hài lòng	2025-03-20 14:45:53	2026-09-29 00:32:00
sp_47808262079	shopee	26008010490	general	HỎA TỐC Quạt Cầm Tay FENITE 100 Tốc Độ Gió Có Màn Hình Led Hiển Thị Dung Lượng Pin 10000 MHA		5	Quạt rất mát, cầm vừa tay, tiện lợi vô cùng. Mọi người nên ủng hộ nhé	2025-06-10 20:51:08	2026-09-29 00:32:00
sp_20662885253	shopee	26008010490	general	HỎA TỐC Quạt Cầm Tay FENITE 100 Tốc Độ Gió Có Màn Hình Led Hiển Thị Dung Lượng Pin 10000 MHA		5	Mình đặt màu xanh lá shop giao nhầm màu xanh này mà cũng xinh nên không sao quạt dễ thương nha mn rẻ nữa	2024-12-05 17:59:07	2026-09-29 00:32:00
sp_16344529545	shopee	26008010490	general	HỎA TỐC Quạt Cầm Tay FENITE 100 Tốc Độ Gió Có Màn Hình Led Hiển Thị Dung Lượng Pin 10000 MHA		5	Sản phẩm đẹp như hình, vận chuyển nhanh, sẽ ủng hộ shop những sản phẩm khác	2024-08-29 21:22:16	2026-09-29 00:32:00
sp_23265045864	shopee	26008010490	general	HỎA TỐC Quạt Cầm Tay FENITE 100 Tốc Độ Gió Có Màn Hình Led Hiển Thị Dung Lượng Pin 10000 MHA		5	Chất lượng sản phẩm:ok Đúng với mô tả:cũng cũng quạt êm lắm nha, sạc nhanh nhma hơi tiếc là shop hết màu trắng r huhu	2024-12-17 20:00:21	2026-09-29 00:32:00
sp_97284937392	shopee	26008010490	general	HỎA TỐC Quạt Cầm Tay FENITE 100 Tốc Độ Gió Có Màn Hình Led Hiển Thị Dung Lượng Pin 10000 MHA	Màu XANH THAN RT	5	Sản phẩm chất lượng tốt đóng gói sản phẩm cẩn thận không móp méo shop uy tín	2026-04-28 11:53:28	2026-09-29 00:32:00
sp_19973793909	shopee	26008010490	general	HỎA TỐC Quạt Cầm Tay FENITE 100 Tốc Độ Gió Có Màn Hình Led Hiển Thị Dung Lượng Pin 10000 MHA		5	Chất lượng sản phẩm:chất lượng sản phẩm khá oke Đúng với mô tả:đúng với mô tả Giao hàng tương đối nhanh	2024-12-01 00:28:28	2026-09-29 00:32:00
sp_93128967936	shopee	26008010490	general	HỎA TỐC Quạt Cầm Tay FENITE 100 Tốc Độ Gió Có Màn Hình Led Hiển Thị Dung Lượng Pin 10000 MHA	HỒNG TURBO	5	Màn hình:màu đẹp, dễ thương Gió:mát, xịn Chất lượng phù hợp với giá thành, đóng gói chắc chắn, bật max rất mát	2026-03-24 11:20:08	2026-09-29 00:32:00
sp_46853983988	shopee	26008010490	general	HỎA TỐC Quạt Cầm Tay FENITE 100 Tốc Độ Gió Có Màn Hình Led Hiển Thị Dung Lượng Pin 10000 MHA	ĐEN TURBO	5	Đúng với mô tả:100% Chất lượng sản phẩm:ok Được nha giao hàng khá là nhanh quạt oke nè	2025-06-06 16:06:51	2026-09-29 00:32:00
sp_16266816097	shopee	26008010490	general	HỎA TỐC Quạt Cầm Tay FENITE 100 Tốc Độ Gió Có Màn Hình Led Hiển Thị Dung Lượng Pin 10000 MHA		5	Quạt siêu đẹp đóng gói cẩn thận chạy ok rất mát 5 chế độ lận giao siêu nhanh 10000 điểm	2024-08-22 18:23:37	2026-09-29 00:32:00
sp_46779098353	shopee	26008010490	general	HỎA TỐC Quạt Cầm Tay FENITE 100 Tốc Độ Gió Có Màn Hình Led Hiển Thị Dung Lượng Pin 10000 MHA		5	Chất lượng sản phẩm:cg oki Đúng với mô tả:đung hinh ảnh Đẹp nha hàng giao nhanh mik dùng dc có 1 tiếng nó pin 😗	2025-06-06 06:14:45	2026-09-29 00:32:00
sp_20050318967	shopee	26008010490	general	HỎA TỐC Quạt Cầm Tay FENITE 100 Tốc Độ Gió Có Màn Hình Led Hiển Thị Dung Lượng Pin 10000 MHA		5	giao hàng nhanh, sản phẩm tốt và chất lượng, đóng gói kĩ lưỡng	2024-12-02 01:02:49	2026-09-29 00:32:00
sp_18386184419	shopee	26008010490	general	HỎA TỐC Quạt Cầm Tay FENITE 100 Tốc Độ Gió Có Màn Hình Led Hiển Thị Dung Lượng Pin 10000 MHA		5	Chất lượng sản phẩm:tốt Đúng với mô tả:đúng Giao đủ số lượng.quạt mát,5 chế độ.giao hàng nhanh.hàng full hộp,kèm dây sạc,dây đeo.	2024-11-14 10:31:14	2026-09-29 00:32:00
sp_18090132769	shopee	26008010490	general	HỎA TỐC Quạt Cầm Tay FENITE 100 Tốc Độ Gió Có Màn Hình Led Hiển Thị Dung Lượng Pin 10000 MHA		5	Đúng với mô tả:đúng với mô tả Sản phẩm hoàn thiện tốt còn có charm do mình dán ạh. Nên mua nha	2024-11-11 18:14:12	2026-09-29 00:32:00
sp_97448262896	shopee	26008010490	general	HỎA TỐC Quạt Cầm Tay FENITE 100 Tốc Độ Gió Có Màn Hình Led Hiển Thị Dung Lượng Pin 10000 MHA	HỒNG TURBO	5	Minh Nhân được hàng rồi dùng tốt hơn cũng bền không biết được lâu không chờ thời gian xem sao gió hàng nhanh nhiệt tình	2026-05-02 07:47:26	2026-09-29 00:32:00
sp_17037621238	shopee	26008010490	general	HỎA TỐC Quạt Cầm Tay FENITE 100 Tốc Độ Gió Có Màn Hình Led Hiển Thị Dung Lượng Pin 10000 MHA		5	Chất lượng sản phẩm:tốt Đúng với mô tả:đúng màu Quạt êm lắm ạ màu cũng xinh xỉu tiện cho việc đem theo ra ngoài ạ	2024-10-09 20:24:26	2026-09-29 00:32:00
sp_94908302537	shopee	26008010490	general	HỎA TỐC Quạt Cầm Tay FENITE 100 Tốc Độ Gió Có Màn Hình Led Hiển Thị Dung Lượng Pin 10000 MHA	Màu XANH THAN RT	5	Màn hình:tốt Gió:tốt chất liệu hog bt,tốt, phù hợp với giá tiền ,xứng đáng ạ hi	2026-04-06 22:24:27	2026-09-29 00:32:00
sp_65117932421	shopee	26008010490	general	HỎA TỐC Quạt Cầm Tay FENITE 100 Tốc Độ Gió Có Màn Hình Led Hiển Thị Dung Lượng Pin 10000 MHA	TRẮNG TURBO	5	Chất lượng sản phẩm:tốt Đúng với mô tả:đúng Ok đẹp chất lượng tốt	2025-08-02 17:24:48	2026-09-29 00:32:00
sp_24632445571	shopee	26008010490	general	HỎA TỐC Quạt Cầm Tay FENITE 100 Tốc Độ Gió Có Màn Hình Led Hiển Thị Dung Lượng Pin 10000 MHA		5	Đúng với mô tả:đúngg Chất lượng sản phẩm:khongg bt nữâa Quạt mát có thể gập về phía sau , ko ồn , nhỏ gọn có thể mang đi chơi,...nói chung là 5 saoo	2024-12-23 20:31:50	2026-09-29 00:32:02
sp_44156141515	shopee	26008010490	general	HỎA TỐC Quạt Cầm Tay FENITE 100 Tốc Độ Gió Có Màn Hình Led Hiển Thị Dung Lượng Pin 10000 MHA		5	Đúng với mô tả:đúnggggg Chất lượng sản phẩm:tốt Quạt cute xinh xỉu luôn ạ💯💯💯💯	2025-05-25 11:08:13	2026-09-29 00:32:02
sp_69273228954	shopee	26008010490	general	HỎA TỐC Quạt Cầm Tay FENITE 100 Tốc Độ Gió Có Màn Hình Led Hiển Thị Dung Lượng Pin 10000 MHA		5	Chất lượng sản phẩm:vs giá này như z là tốt rồi Đúng với mô tả:yes Okokokokok	2025-08-22 20:23:34	2026-09-29 00:32:02
