review_id	platform	item_id	item_category	product_name	product_variant	rating_star	raw_comment	created_at	crawled_at
tk_19253376	tiki	865648	beauty	Kem Chống Nắng Dạng Sữa Senka Perfect UV Milk SPF 50+, PA++++ 41095 (40ml)		4	Ưu điểm: mình đã dùng sản phẩm chống nắng này rồi thấy tốt nên mình mua lại, sản phẩm chống nắng mịn da,lâu trôi. Shop giao rất nhanh, đóng gói cẩn thận, giao đúng và đủ sản phẩm. Nhược điểm: lần trước mình mua date cũng không cũ lắm, các sản phẩm tặng kèm cũng date cách khoảng 6-1 năm. Nhưng lần này mình thấy date hơi cũ. Đối với kem chống nắng NSX 24/2/2022, 2 sản phẩm tặng kèm là srm NSX 24/09/2021, tẩy trang là 11/11/2021. Do sản phẩm tặng kèm nên mình không yêu cầu nhiều nhưng sản phẩm chống nắng mình thấy date hơi cũ hơn sợ với khi mình mua hiệu khác như Sunplay,...	2023-06-02 12:56:38	2026-09-29 21:34:00
tk_16092575	tiki	865648	beauty	Kem Chống Nắng Dạng Sữa Senka Perfect UV Milk SPF 50+, PA++++ 41095 (40ml)		5	Kem chống nắng nhỏ xinh, apply lên mặt mịn, khô thoáng, kiềm dầu tốt, kháng nước tốt. Mình mua đợt 1/4 được tặng thêm 1 tuýp nữa, hời ghê. Biết vậy mua vài tuýp để dành xài. Hạn sử dụng 3 năm lận. Date mới tháng 3/2022. Bạn nào da dầu hoặc hỗn hợp thiên dầu thì nên mua ngay. Vừa rẻ vừa tốt. Rất hài lòng	2022-04-26 09:21:21	2026-09-29 21:34:00
tk_20258126	tiki	865648	beauty	Kem Chống Nắng Dạng Sữa Senka Perfect UV Milk SPF 50+, PA++++ 41095 (40ml)		5	Cực kì hài lòng	2026-09-03 22:01:47	2026-09-29 21:34:00
tk_12751622	tiki	865648	beauty	Kem Chống Nắng Dạng Sữa Senka Perfect UV Milk SPF 50+, PA++++ 41095 (40ml)		1	Giao hàng 1 tháng mấy mới tới 🙂 dù ko xa mấy. Nhưng mà dịch giao chậm thì thoi đi. Giao tới nơi cái hộp như cái nùi giẻ lun 🙂. Shop ko có gói chống sốc gì hết , cái hộp thì rách , sp lòi ra ngoài lun, sp chảy ra ngoài nhẫy nhụa tùm lum. Lần đầu tiên mua của mall mà thất vọng như v lun 😢	2021-10-21 20:15:58	2026-09-29 21:34:00
tk_15701360	tiki	865648	beauty	Kem Chống Nắng Dạng Sữa Senka Perfect UV Milk SPF 50+, PA++++ 41095 (40ml)		5	sản phẩm dịu nhẹ, xài nhẹ tênh như không xài, rất thích . mình xài hàng senka thấy dịu nhẹ, dễ chịu trên da, nên mình mua hẵn tất cả các mặt hàng về senka, cái này là hình mới khui hàng vừa mua thôi, mình còn có sữa tắm senka, sữa rửa mặt ...... mua xài chọn bộ vì dùng thấy dễ chịu , mình cũng mới xài nên ko biết có hiệu quả da đẹp lên ko, lần sau nếu quay lại mua nửa sẽ rewiew	2022-03-31 19:53:21	2026-09-29 21:34:00
tk_16254919	tiki	865648	beauty	Kem Chống Nắng Dạng Sữa Senka Perfect UV Milk SPF 50+, PA++++ 41095 (40ml)		5	Đã nhận được hàng, giao nhanh, mới đặt bữa trước bữa sau giao rồi. Hàng y mẫu, được tặng kèm quà . Chưa sử dụng chưa biết. Xài tốt sẽ ủng hộ tiếp.	2022-05-09 10:52:01	2026-09-29 21:34:00
tk_15734397	tiki	865648	beauty	Kem Chống Nắng Dạng Sữa Senka Perfect UV Milk SPF 50+, PA++++ 41095 (40ml)		3	"Đầu tiên cho em nhận nhận thấy được sản phẩm tốt, giao hàng cũng nhanh bao bì nhãn hiệu đầy đủ nhưng em nhớ rõ hôm 1.04 là có sale mua 1 tặng 1 nên em mua hẳn 2 sản phẩm nhưng khi giao hàng đến thì lại có 2 chai thôi vậy còn 2 chai khuyến mãi nữa đâu rồi ạ ? Dạ em chúc shop làm ăn phát đạt và luôn đặt"" Tâm "" của mình vào nghề nghiệp cũng như nói được thì làm được nha ạ ! Bản thân em khi nhận hàng vậy cũng không giận hay trách gì shop cả nhưng nếu như đối với những khách hàng khác thì shop tính sao ạ ? Một người không sao nhưng rồi 100 người 1000 người shop làm vậy liệu có đáng không ạ !!! Em cũng đã nói những gì theo cảm nhận thực tế của em, mong shop có phản hồi lại ạ ! Em xin cảm ơn"	2022-04-02 15:03:15	2026-09-29 21:34:00
tk_14498804	tiki	865648	beauty	Kem Chống Nắng Dạng Sữa Senka Perfect UV Milk SPF 50+, PA++++ 41095 (40ml)		5	thấy sale mua 1+1 nên chốt luôn k nghĩ ngợi gì. ngày trước cũng dùng 2 lần rồi mình rất thích nma dung tích hơi nhỏ nên nhanh hết. đợt này sale rẻ nên mừng húm. chất kem mỏng nhẹ thoa xong trên da có lớp màng mượt như phấn ý, có nâng tone 1 tí	2022-01-16 16:35:57	2026-09-29 21:34:00
tk_13923191	tiki	865648	beauty	Kem Chống Nắng Dạng Sữa Senka Perfect UV Milk SPF 50+, PA++++ 41095 (40ml)		1	Shop mall mà trả lời khách thế này đây các bạn ạ Khách nt còn k thèm phản hồi giải thích. Ảnh ghi rõ ràng mua 1 tặng 1. Mình mua hẳn 2 hộp thì lại không được tặng gì. Thật là buồn cười. Quá là thất vọng	2021-12-19 01:43:00	2026-09-29 21:34:00
tk_15066901	tiki	865648	beauty	Kem Chống Nắng Dạng Sữa Senka Perfect UV Milk SPF 50+, PA++++ 41095 (40ml)		2	Tốt ngon bổ rẻ chống nắng phổ rộng kcn vật lý lai hoá học, nhẹ mặt tệp da Nsx 03/2021 ko mới Trời ơi, mới phát hiện mình không có quà, đổi đánh giá xuống từ 5* xuống 2* thôi, kì cục thật, mua 2 k đc tặng, mà mua 1 thì đc tặng	2022-02-21 13:54:21	2026-09-29 21:34:00
tk_13925809	tiki	865648	beauty	Kem Chống Nắng Dạng Sữa Senka Perfect UV Milk SPF 50+, PA++++ 41095 (40ml)		5	Giao hàng nhanh, kem thấm nhanh, không bết dính, nâng tông nhẹ. Cách gói hàng ko được ưng ý lắm do không cho chống sốc, hộp bị méo nhưng may là sản phẩm không sao. Lần đầu mua hàng nên đánh giá 5*ủng hộ, shop hãy rút kinh nghiệm đóng gói cẩn thận hơn	2021-12-19 10:03:38	2026-09-29 21:34:00
tk_14402996	tiki	865648	beauty	Kem Chống Nắng Dạng Sữa Senka Perfect UV Milk SPF 50+, PA++++ 41095 (40ml)		1	Để ảnh hai chai kem chống nắng với chữ mua 1 tặng 1 nhưng lúc mua 2 chai thì chỉ có đúng 2 chai thôi, chữ số lượng có hạn thì nhỏ xíu ngay góc làm sao mà khách hàng để ý? Cảm thấy bị *** gạt và rất thất vọng với cửa hàng. Lần trc đặt thấy không có tặng nên đã gọi hỗ trợ tiki, hỗ trợ viên nói 11.11 mới có chương trình nên đợi 11.11 đặt thì cũng không có. Quá thất vọng!	2022-01-12 12:21:18	2026-09-29 21:34:00
tk_12596715	tiki	865648	beauty	Kem Chống Nắng Dạng Sữa Senka Perfect UV Milk SPF 50+, PA++++ 41095 (40ml)		5	Sản phẩm giống y hình, thoa lên mặt chống nắng tốt, nhân viên giao hàng nhiệt tình, lần sau mình tiếp tục ủng hộ shop	2021-10-13 18:20:46	2026-09-29 21:34:00
tk_10688478	tiki	865648	beauty	Kem Chống Nắng Dạng Sữa Senka Perfect UV Milk SPF 50+, PA++++ 41095 (40ml)		5	Sữa chống nắng của Senka đúng kiểu chân ái đối với đứa da dầu như mình á. Kiềm dầu siêu ổn mà giá lại rẻ nữa. Mình nghĩ mọi người không nên tick chọn thêm Beauty box, trừ khi muốn mua tặng. Lúc đầu mình tưởng là được tặng mask nên chọn, ai dè chỉ là mấy cái hộp không được xếp lại, làm gói hàng mình thêm cồng kềnh, mà không dùng đem bỏ cũng phí nữa.	2021-06-27 02:27:02	2026-09-29 21:34:00
tk_19281119	tiki	865648	beauty	Kem Chống Nắng Dạng Sữa Senka Perfect UV Milk SPF 50+, PA++++ 41095 (40ml)		1	Sản phẩm : sản xuất năm 2021 .so với năm nay là 2023 là quá lâu Người bán :khi khách hàng hỏi thì im bặt,lúc chưa mua thì trả lời nhanh lắm	2023-06-10 18:14:18	2026-09-29 21:34:00
tk_17052962	tiki	865648	beauty	Kem Chống Nắng Dạng Sữa Senka Perfect UV Milk SPF 50+, PA++++ 41095 (40ml)		5	ổn lắm nha mọi người. Sữa thấm nhanh vào da thích lắm. Mua ở shop này chất lượng nè. Lọ sau mình cũng mua trên tiki nhưng shop khác không phải shop này (do thấy giá giảm nhiều), nhưng xài không hiểu quả bằng.	2022-07-13 16:10:15	2026-09-29 21:34:00
tk_9355067	tiki	865648	beauty	Kem Chống Nắng Dạng Sữa Senka Perfect UV Milk SPF 50+, PA++++ 41095 (40ml)		5	- Giao nhanh, đóng gói chắc chắn. - Mua sale off 119k và được tặng chai tẩy trang, hơi buồn vì chai chống nắng lại hơi nhỏ so vs tưởng tượng của mình TvT... sẽ rì viu tiếp sau khi sử dụng!	2021-04-26 19:27:19	2026-09-29 21:34:00
tk_15137211	tiki	865648	beauty	Kem Chống Nắng Dạng Sữa Senka Perfect UV Milk SPF 50+, PA++++ 41095 (40ml)		5	Mình vẫn luôn dùng sản phẩm của Senka từ nhiều năm nay, hnay săn được sale giá shock tặng thêm sữa rửa mặt. Ưng lắm! Sản phẩm đúng miêu tả! Đóng gói cẩn thận! Tiki giao hàng siêu nhanh.	2022-02-25 13:52:36	2026-09-29 21:34:00
tk_16273019	tiki	865648	beauty	Kem Chống Nắng Dạng Sữa Senka Perfect UV Milk SPF 50+, PA++++ 41095 (40ml)		5	Dạng sữa, mỏng nhẹ ko đổ dầu hay làm khô da. Dễ tán. Không nâng tone. Hiệu quả chống nắng có lẽ Ok, vì hôm rồi trời mát mình bôi kem và ở ngoài trời từ sáng đến chiều, thấy da không có vấn đề gì.	2022-05-10 15:17:01	2026-09-29 21:34:00
tk_12746819	tiki	865648	beauty	Kem Chống Nắng Dạng Sữa Senka Perfect UV Milk SPF 50+, PA++++ 41095 (40ml)		2	Lúc đặt hàng thấy có tặng kèm sữa rửa mặt ( có chụp hình lại), nhà còn dư nhưng ham KM nên mới đặt, giờ giao hàng ko có, vô lại đơn thì thấy mất quà tặng. Mua senka nhiều lần rồi nay ko ưng chút nào luôn.	2021-10-21 16:07:03	2026-09-29 21:34:00
tk_13593147	tiki	865648	beauty	Kem Chống Nắng Dạng Sữa Senka Perfect UV Milk SPF 50+, PA++++ 41095 (40ml)		5	Giao hàng nhanh kh ngờ luôn, mua 1 tặng 1 rất hời, đóng gói ok. Sản phẩm xài nh lần rất thích, dạng sữa lỏng, nhanh thấm để lại lớp finish đẹp, nhưng hơi mùi cồn nha, ai dị ứng nên cân nhắc.	2021-12-03 15:25:18	2026-09-29 21:34:03
tk_13595155	tiki	865648	beauty	Kem Chống Nắng Dạng Sữa Senka Perfect UV Milk SPF 50+, PA++++ 41095 (40ml)		1	- Đã thấy cái tick nhỏ ở dưới, có quà tặng rồi mới đặt, đến khi giao chỉ có 1 chai. Mình báo lại thì bên đó nói hết quà rồi, vậy goẽ hình xuống đi để biết bao nhiêu người bị ***.	2021-12-03 17:16:32	2026-09-29 21:34:03
tk_16029580	tiki	865648	beauty	Kem Chống Nắng Dạng Sữa Senka Perfect UV Milk SPF 50+, PA++++ 41095 (40ml)		5	mình da dầu nên cũng đắn đo mua kem chống nắng vì còn xem có hợp ko, nhưng mà dùng của senka 1 thời gian mình thấy ổn, thấm nhanh và nhẹ, giá cả cũng rất hợp lý	2022-04-21 17:52:37	2026-09-29 21:34:03
tk_17488455	tiki	865648	beauty	Kem Chống Nắng Dạng Sữa Senka Perfect UV Milk SPF 50+, PA++++ 41095 (40ml)		5	Do dạng sữa nên thấm rất nhanh và cũng làm đều màu, không rích da cũng không bị quến lại khi thoa lên, chỉ số chống nắng cao, giá rẻ	2022-08-22 11:32:29	2026-09-29 21:34:03
tk_14785465	tiki	865648	beauty	Kem Chống Nắng Dạng Sữa Senka Perfect UV Milk SPF 50+, PA++++ 41095 (40ml)		5	Giao hàng nhanh. Đóng gói tốt. Chất lượng chưa sử dụng nên chưa biết	2022-02-04 10:58:21	2026-09-29 21:34:03
tk_19687479	tiki	865648	beauty	Kem Chống Nắng Dạng Sữa Senka Perfect UV Milk SPF 50+, PA++++ 41095 (40ml)		5	Dùng tốt, khô ráo, mịn màng. Quà tặng kèm rất thích.	2023-12-19 12:29:12	2026-09-29 21:34:03
tk_13785460	tiki	865648	beauty	Kem Chống Nắng Dạng Sữa Senka Perfect UV Milk SPF 50+, PA++++ 41095 (40ml)		1	*** đảo. nhận được hàng đã phản ánh ngay về việc thiếu hàng. shop báo để gửi bổ sung. nhưng đợi đến hết thời gian KM mới thông báo là đơn hàng của mình ko đc KM. Mn tránh xa ra, đỡ rước bực vào người	2021-12-13 08:02:35	2026-09-29 21:34:03
tk_14533355	tiki	865648	beauty	Kem Chống Nắng Dạng Sữa Senka Perfect UV Milk SPF 50+, PA++++ 41095 (40ml)		5	Lọ sữa chống nắng này hơi nhỏ so với mk nghĩ. Vỏ ngoài của nó đc in chữ nổi rất đẹp. Cảm nhận ban đầu khi thoa lên thì khô nhanh, sét luôn vào da và k có màu.	2022-01-18 09:57:53	2026-09-29 21:34:03
tk_14056878	tiki	865648	beauty	Kem Chống Nắng Dạng Sữa Senka Perfect UV Milk SPF 50+, PA++++ 41095 (40ml)		1	quá thất vọng a! mua với giá 155k mua 1 tặng 1 mà mở ra không thấy tặng đâu đang đắn đo bị *** hay shop quên bỏ vô, mong shop quên thì hồi âm lại dùm mình với thanks.	2021-12-25 10:58:29	2026-09-29 21:34:03
tk_5415754	tiki	865648	beauty	Kem Chống Nắng Dạng Sữa Senka Perfect UV Milk SPF 50+, PA++++ 41095 (40ml)		1	mua đơn có khuyến mãi mà không nhận được khuyến mãi, hàng thì tràn trề như này đây.chưa ai giải quyết cho mình	2020-10-31 09:35:43	2026-09-29 21:34:03
tk_2955499	tiki	865648	beauty	Kem Chống Nắng Dạng Sữa Senka Perfect UV Milk SPF 50+, PA++++ 41095 (40ml)		4	dùng sẽ hơi hao nhưng mk cx tin tưởng chất lượng mà tiki đã chọn nhưng mk cũng k hài lòng về vận chuyển khá là lâu hơn 1 tuần mk ms nhận đc , trong khi 2 hôm sau tính từ ngày mk đặt lại thì có lẽ 2 ngày sau đó mk đã nhận đc rồi . nhưng không muốn tiki vs bên giao hàng đã vận chuyển đi lại vận chuyển về nên mk quyết định đợi đến thời hạn giao hàng . Đây cũng là chia sẻ của riêng mk thôi mong tiki khắc phục thời gian vận chuyển 1 chút là oke ạ.	2020-02-06 12:30:44	2026-09-29 21:34:03
tk_18867636	tiki	865648	beauty	Kem Chống Nắng Dạng Sữa Senka Perfect UV Milk SPF 50+, PA++++ 41095 (40ml)		5	Giao hàng siêu siêuuuuuu nhanh luônnnn. Kem thì k nhờn rít dạng sữa rất ok	2023-02-26 06:55:34	2026-09-29 21:34:03
tk_14899949	tiki	865648	beauty	Kem Chống Nắng Dạng Sữa Senka Perfect UV Milk SPF 50+, PA++++ 41095 (40ml)		5	nâng tone xiêu nhẹ , dễ dùng , thấm nhanh, và có một chút xiếu mùi nhưng cũng ko gây ảnh hưởng bạn nào lười có thể mua em này nhooo tại mình thấy dùng em này ok lắm ko có rích j đâu nhoo	2022-02-11 14:26:10	2026-09-29 21:34:03
tk_14800115	tiki	865648	beauty	Kem Chống Nắng Dạng Sữa Senka Perfect UV Milk SPF 50+, PA++++ 41095 (40ml)		4	sài cũng khá ok, nhưng hộp hàng về móp méo lỏng lẻo cực kỳ, không có chống sốc 😷 hàng giống hình _ ảnh ko lq	2022-02-05 22:53:13	2026-09-29 21:34:03
tk_13594585	tiki	865648	beauty	Kem Chống Nắng Dạng Sữa Senka Perfect UV Milk SPF 50+, PA++++ 41095 (40ml)		5	kem chống nắng loại này mình dùng rất nhiều chai rồi dùng rất hợp với da thấm nhanh không bết dính , thời gian giao hàng rất nhanh mua 1 tặng 1 còn gì tuyệt hơn	2021-12-03 16:40:01	2026-09-29 21:34:03
tk_13590224	tiki	865648	beauty	Kem Chống Nắng Dạng Sữa Senka Perfect UV Milk SPF 50+, PA++++ 41095 (40ml)		5	Sản phẩm dùng thích, mình mua dùng ở nhà thay cho những ngày đi làm dùng larocher. Mua deal nên giá thật tuyệt. 155/2tub. Mỹ mãn	2021-12-03 12:57:42	2026-09-29 21:34:03
tk_19856888	tiki	865648	beauty	Kem Chống Nắng Dạng Sữa Senka Perfect UV Milk SPF 50+, PA++++ 41095 (40ml)		5	Cực kì hài lòng	2024-04-28 18:52:49	2026-09-29 21:34:03
tk_15763021	tiki	865648	beauty	Kem Chống Nắng Dạng Sữa Senka Perfect UV Milk SPF 50+, PA++++ 41095 (40ml)		5	Giao hàng nhanh, đóng gói cẩn thận, canh sale 1 tặng 1 thích quá nè ^^ chưa sử dụng dạng sữa như này nên cũng chưa biết thế nào.	2022-04-04 11:24:52	2026-09-29 21:34:03
tk_19847475	tiki	865648	beauty	Kem Chống Nắng Dạng Sữa Senka Perfect UV Milk SPF 50+, PA++++ 41095 (40ml)		5	Cực kì hài lòng	2024-04-19 02:43:20	2026-09-29 21:34:03
tk_19108272	tiki	865648	beauty	Kem Chống Nắng Dạng Sữa Senka Perfect UV Milk SPF 50+, PA++++ 41095 (40ml)		5	Đeo khẩu trang từ sáng đến trưa mà mặt không đổ dầu nữa là ổn lắm rồi	2023-04-19 12:00:31	2026-09-29 21:34:03
tk_9458261	tiki	865648	beauty	Kem Chống Nắng Dạng Sữa Senka Perfect UV Milk SPF 50+, PA++++ 41095 (40ml)		5	Sao cũng cùng 1 dòng mà khác hoàn toàn với mẫu cũ ở nhà của mình vậy . Rồi nào mới là hàng đúng Ai giải thích hộ mình	2021-05-02 16:29:30	2026-09-29 21:34:06
tk_15729087	tiki	865648	beauty	Kem Chống Nắng Dạng Sữa Senka Perfect UV Milk SPF 50+, PA++++ 41095 (40ml)		2	Mua tưởng đc 2 lọ, nhận hàng đc có 1 lọ, tính ra mắc hơn so với các loại khác. Hỏi chưa thấy shop phản hồi. Thất vọng!	2022-04-02 09:48:16	2026-09-29 21:34:06
tk_15801477	tiki	865648	beauty	Kem Chống Nắng Dạng Sữa Senka Perfect UV Milk SPF 50+, PA++++ 41095 (40ml)		5	Giao hàng nhanh chóng, sản phẩm chính hãng, hạn dùng xa, chất lượng tốt. Rất hài lòng	2022-04-06 18:24:38	2026-09-29 21:34:06
tk_17928210	tiki	865648	beauty	Kem Chống Nắng Dạng Sữa Senka Perfect UV Milk SPF 50+, PA++++ 41095 (40ml)		5	Chai thứ 5 rồi. Nên hiểu ý mình chứ. Xài ok mới tin tưởng. Vừa hợp túi tiền.	2022-10-11 12:53:19	2026-09-29 21:34:06
tk_15233122	tiki	865648	beauty	Kem Chống Nắng Dạng Sữa Senka Perfect UV Milk SPF 50+, PA++++ 41095 (40ml)		5	xài rất ok, ko thua kém anessa, dạng sữa thấm nhanh dễ tán, ko làm mặt quá trắng so với cổ, da dầu ko bị xuống tông vào giữa ngày, so với giá tiền là rất nên mua	2022-03-03 11:19:56	2026-09-29 21:34:06
tk_19699336	tiki	865648	beauty	Kem Chống Nắng Dạng Sữa Senka Perfect UV Milk SPF 50+, PA++++ 41095 (40ml)		5	Sản phẩm tốt nha	2023-12-28 08:03:23	2026-09-29 21:34:06
tk_19058208	tiki	865648	beauty	Kem Chống Nắng Dạng Sữa Senka Perfect UV Milk SPF 50+, PA++++ 41095 (40ml)		5	ok	2023-04-06 10:22:58	2026-09-29 21:34:06
tk_16517967	tiki	865648	beauty	Kem Chống Nắng Dạng Sữa Senka Perfect UV Milk SPF 50+, PA++++ 41095 (40ml)		5	Kem chống nắng dạng sữa lỏng màu trắng, mùi thơm nhẹ, có nâng tone da nhẹ, không gây nhờn rít, da khô thoáng kiềm dầu ổn. Rất hài lòng	2022-05-30 21:38:29	2026-09-29 21:34:06
tk_19313332	tiki	865648	beauty	Kem Chống Nắng Dạng Sữa Senka Perfect UV Milk SPF 50+, PA++++ 41095 (40ml)		5	Sản phẩm dùng ok	2023-06-21 11:56:31	2026-09-29 21:34:06
tk_15482910	tiki	865648	beauty	Kem Chống Nắng Dạng Sữa Senka Perfect UV Milk SPF 50+, PA++++ 41095 (40ml)		1	mình mua gói tiki now, giao hàng ngay hôm sau. thế mà mấy hôm mới được nhận. Hàng cũng không có kèm quà khuyến mãi như quảng cáo. Nói chung mình hơi bực.	2022-03-18 14:47:30	2026-09-29 21:34:06
tk_9651182	tiki	865648	beauty	Kem Chống Nắng Dạng Sữa Senka Perfect UV Milk SPF 50+, PA++++ 41095 (40ml)		5	Kcn này khá nhiều cồn nên bạn nào da nhạy cảm mình nghĩ ko nên dùng, vs da dầu như mình thì kiềm dầu khá oke, thoa cẩn thận sẽ ko bị cay mắt, nâng tone nhẹ nhàng. Giao hàng nhanh	2021-05-11 19:19:49	2026-09-29 21:34:06
tk_15729829	tiki	865648	beauty	Kem Chống Nắng Dạng Sữa Senka Perfect UV Milk SPF 50+, PA++++ 41095 (40ml)		5	Giao hàng siêu nhanh. Giá sale rẻ .Kem chống nắng mỏng nhẹ nhưng hơi có mùi cồn.Chất lượng tốt nên mua	2022-04-02 10:32:19	2026-09-29 21:34:06
tk_2336794	tiki	865648	beauty	Kem Chống Nắng Dạng Sữa Senka Perfect UV Milk SPF 50+, PA++++ 41095 (40ml)		4	Giao hàng nhanh chóng, đặt chiều cn, chiều t2 đã giao Thiết kế nhỏ gọn, có bao zip tiện lợi ? Dạng milk khá lỏng, thấm nhanh, khô ráo, tạo lớp finish khô mịn như đánh 1 lớp phấn mỏng, rất thích. Mùi cồn hơi nồng. Không bt ai giống t k, xài 2 ngày đầu lúc mới thoa lên khoảng 10p thấy mặt hơi ngứa nhưng về sau k còn, tuy thế k gây mụn j cả và sang hôm sau thì k thấy nữa	2019-07-26 10:10:30	2026-09-29 21:34:06
tk_13519293	tiki	865648	beauty	Kem Chống Nắng Dạng Sữa Senka Perfect UV Milk SPF 50+, PA++++ 41095 (40ml)		1	Trên ảnh mua 1+1 M mua 2 suất Mà giao có 2 tuýt 😡😡😡 Gửi đánh giá để các bạn sau Lưu ý	2021-11-29 20:08:41	2026-09-29 21:34:06
tk_17264335	tiki	865648	beauty	Kem Chống Nắng Dạng Sữa Senka Perfect UV Milk SPF 50+, PA++++ 41095 (40ml)		5	Moi nhan hang chua xai nen khg biet Kem chong nang loai nay co tot khg ?... Thanks Tiki shop	2022-08-01 09:48:52	2026-09-29 21:34:06
tk_19685010	tiki	865648	beauty	Kem Chống Nắng Dạng Sữa Senka Perfect UV Milk SPF 50+, PA++++ 41095 (40ml)		5	Cực kì hài lòng	2023-12-16 19:29:19	2026-09-29 21:34:06
tk_18804854	tiki	865648	beauty	Kem Chống Nắng Dạng Sữa Senka Perfect UV Milk SPF 50+, PA++++ 41095 (40ml)		5	Mình đặt kem cn dạng sữa .shop lại giao dạng gửi.cho anh ship 5 sao	2023-02-15 12:10:49	2026-09-29 21:34:06
tk_17224244	tiki	865648	beauty	Kem Chống Nắng Dạng Sữa Senka Perfect UV Milk SPF 50+, PA++++ 41095 (40ml)		1	Mình mới mua hôm qua Sáng nay sử dụng cảm thấy da bị châm chít Đặc biệt gần viền môi bị ngứa, khó chịu	2022-07-28 08:41:42	2026-09-29 21:34:06
tk_15728277	tiki	865648	beauty	Kem Chống Nắng Dạng Sữa Senka Perfect UV Milk SPF 50+, PA++++ 41095 (40ml)		5	đóng gói cẩn thận giao hàng nhanh, sản phẩm thấm nhanh khô ráo	2022-04-02 08:55:11	2026-09-29 21:34:06
tk_16298034	tiki	865648	beauty	Kem Chống Nắng Dạng Sữa Senka Perfect UV Milk SPF 50+, PA++++ 41095 (40ml)		5	giao hàng nhanh được tăng nhiều sản phẩm chất lượng thì chưa dùng nên để đánh giá sau	2022-05-12 13:10:55	2026-09-29 21:34:06
tk_17111870	tiki	865648	beauty	Kem Chống Nắng Dạng Sữa Senka Perfect UV Milk SPF 50+, PA++++ 41095 (40ml)		5	Kem Chống Nắng Dạng Sữa Senka Perfect UV Milk SPF 50+, PA++++ 41095 (40ml) sửa dung ổn không bết rit. Đáng tieền	2022-07-18 16:34:40	2026-09-29 21:34:08
tk_8823830	tiki	865648	beauty	Kem Chống Nắng Dạng Sữa Senka Perfect UV Milk SPF 50+, PA++++ 41095 (40ml)		5	Mình da dầu, khi tán kem lên có lớp nền nâng tông nhẹ, mỏng, mịn. Nói chung là đẹp. Về khả năng kiềm dầu tốt. Kem có cồn nên khô nhanh, mình không bị dị ứng cồn nên không thành vấn đề. Hợp với em KCN này.	2021-04-01 17:18:04	2026-09-29 21:34:08
tk_19263205	tiki	865648	beauty	Kem Chống Nắng Dạng Sữa Senka Perfect UV Milk SPF 50+, PA++++ 41095 (40ml)		5	Giao hàng nhanh, sp tốt, sẽ ủng hộ shop	2023-06-05 20:03:40	2026-09-29 21:34:08
tk_14446091	tiki	865648	beauty	Kem Chống Nắng Dạng Sữa Senka Perfect UV Milk SPF 50+, PA++++ 41095 (40ml)		1	Giao hàng nhanh nhưng thiếu quà tặng. Nt shop thì trả lời 1 cách vô trách nhiệm. May tiki cskh tốt gửi lại quà tặng. 10đ cho tiki và kbh mua hàng senka nữa	2022-01-14 10:59:06	2026-09-29 21:34:08
tk_15728743	tiki	865648	beauty	Kem Chống Nắng Dạng Sữa Senka Perfect UV Milk SPF 50+, PA++++ 41095 (40ml)		5	Sản phẩm thơm sữa, da dầu sử dụng ổn, chống nắng tốt. Giao hàng nhanh nữa chứ 10 điểm nha	2022-04-02 09:29:30	2026-09-29 21:34:08
tk_13615827	tiki	865648	beauty	Kem Chống Nắng Dạng Sữa Senka Perfect UV Milk SPF 50+, PA++++ 41095 (40ml)		5	giao đủ 2 sản phẩm, bn nào da nhạy cảm thì mk nghĩ ko nên xài vì cồn đứng ở vị trí thứ 4 trong bảng thành phần lận. xài khá tốt, kiềm dầu vừa đủ	2021-12-04 21:03:35	2026-09-29 21:34:08
tk_14408017	tiki	865648	beauty	Kem Chống Nắng Dạng Sữa Senka Perfect UV Milk SPF 50+, PA++++ 41095 (40ml)		5	chắc đó mik săn muộn nên k đc tặng 1 chai nx 🥲 bùn qué nhưng hàng rất chất lượng sẽ ủng hộ nhìu. hihi	2022-01-12 15:45:25	2026-09-29 21:34:08
tk_14510293	tiki	865648	beauty	Kem Chống Nắng Dạng Sữa Senka Perfect UV Milk SPF 50+, PA++++ 41095 (40ml)		5	mua 1 tặng 1 nên giá rất hờiii chất lượng thì khỏi chê thấm nhanh k bết rít kìm dầu ổn, ncl toẹt vời	2022-01-17 09:47:47	2026-09-29 21:34:08
tk_19062469	tiki	865648	beauty	Kem Chống Nắng Dạng Sữa Senka Perfect UV Milk SPF 50+, PA++++ 41095 (40ml)		5	Hàng dùng rất tốt, không bết. Tiki giao nhanh	2023-04-07 10:21:49	2026-09-29 21:34:08
tk_13812354	tiki	865648	beauty	Kem Chống Nắng Dạng Sữa Senka Perfect UV Milk SPF 50+, PA++++ 41095 (40ml)		5	Giao hàng nhanh, đóng gói cẩn thận, chưa sử dụng nên ko biết chất lượng ntn, nếu ok sẽ quay lại ủng hộ tiếp	2021-12-14 10:47:21	2026-09-29 21:34:08
tk_19105767	tiki	865648	beauty	Kem Chống Nắng Dạng Sữa Senka Perfect UV Milk SPF 50+, PA++++ 41095 (40ml)		5	Tốt	2023-04-18 18:06:58	2026-09-29 21:34:08
tk_15563875	tiki	865648	beauty	Kem Chống Nắng Dạng Sữa Senka Perfect UV Milk SPF 50+, PA++++ 41095 (40ml)		5	HÀNG OK , GIÁ SALE RẤT TỐT MÌNH MUA SHOP NHIỀU LẦN RỒI	2022-03-23 16:01:00	2026-09-29 21:34:08
tk_19588407	tiki	865648	beauty	Kem Chống Nắng Dạng Sữa Senka Perfect UV Milk SPF 50+, PA++++ 41095 (40ml)		5	Cực kì hài lòng	2023-10-14 09:10:32	2026-09-29 21:34:08
tk_15847163	tiki	865648	beauty	Kem Chống Nắng Dạng Sữa Senka Perfect UV Milk SPF 50+, PA++++ 41095 (40ml)		4	Dạng sữa nên thấm nhanh vào da. Canh sale mua nên 160k 2 chai rất hờn. Tiki giao hàng siêu siêu siêu nhanh....😘😘😘😘😘😘	2022-04-09 13:46:21	2026-09-29 21:34:08
tk_16658929	tiki	865648	beauty	Kem Chống Nắng Dạng Sữa Senka Perfect UV Milk SPF 50+, PA++++ 41095 (40ml)		4	Tiki giao hàng nhanh,nv tốt,sản phẩm xài tốt đuoc thêm hàng tặng,ung hộ.	2022-06-10 13:12:26	2026-09-29 21:34:08
tk_17803436	tiki	865648	beauty	Kem Chống Nắng Dạng Sữa Senka Perfect UV Milk SPF 50+, PA++++ 41095 (40ml)		5	Rất tốt, thẩm thấu vào da rất nhanh, không bếch dính, đặc biệt kiềm dầu rất ok	2022-09-26 20:11:04	2026-09-29 21:34:08
tk_16739532	tiki	865648	beauty	Kem Chống Nắng Dạng Sữa Senka Perfect UV Milk SPF 50+, PA++++ 41095 (40ml)		4	lần đầu dùng nên chưa biết tnao	2022-06-17 09:06:07	2026-09-29 21:34:08
tk_15698689	tiki	865648	beauty	Kem Chống Nắng Dạng Sữa Senka Perfect UV Milk SPF 50+, PA++++ 41095 (40ml)		5	mua KCN mà được tặng lọ tẩy trang to đùng lại còn thêm cả miếng mặt nạ. quá hời	2022-03-31 17:01:52	2026-09-29 21:34:08
tk_15755055	tiki	865648	beauty	Kem Chống Nắng Dạng Sữa Senka Perfect UV Milk SPF 50+, PA++++ 41095 (40ml)		5	sp đúng như hình ảnh. chưa sài kcn nhưng srm dùng rất ok. sẽ còn ủng hộ tiki dài nhé	2022-04-03 19:56:31	2026-09-29 21:34:08
tk_18632643	tiki	865648	beauty	Kem Chống Nắng Dạng Sữa Senka Perfect UV Milk SPF 50+, PA++++ 41095 (40ml)		4	Kem hơi lỏng, nhưng vẫn ok, thoa lên da nhanh khô ko bị nhờn	2023-01-13 18:55:53	2026-09-29 21:34:08
tk_20216346	tiki	2123245	beauty	Sữa Rửa Mặt Mịn Và Săn Chắc Da Senka Perfect Whip Collagen In 120G - [4901872462087]		5	Minh mới hàng mà đã dùng thử rửa lên da mặt mềm min da noi chung la nen mua sp nay	2026-03-02 13:26:09	2026-09-29 21:34:13
tk_18361314	tiki	2123245	beauty	Sữa Rửa Mặt Mịn Và Săn Chắc Da Senka Perfect Whip Collagen In 120G - [4901872462087]		5	TIKI giao hàng nhanh. Sản phẩm được đóng gói cẩn thận. Về hình thái thì đẹp, nhìn bắt mắt. Về chất lượng thì mới dùng lần đầu sữa rửa mặt này nhưng thấy rất ok: sản phẩm tạo bọt nhiều => tiết kiệm, mùi dễ chịu, rửa xong không thấy da mặt quá khô, mịn, sáng hẳn lên. Sản xuất tại Nhật Bản nên cũng khá an tâm về quy trình và chất liệu. Hiện không thấy kích ứng. Về hiệu quả chống lão hoá thì không chẵc. Giá cả phải chăng. Sẽ tiếp tục mua ủng hộ sau này. => Chấm ⭐️⭐️⭐️⭐️⭐️.	2022-12-06 23:13:22	2026-09-29 21:34:13
tk_20259073	tiki	2123245	beauty	Sữa Rửa Mặt Mịn Và Săn Chắc Da Senka Perfect Whip Collagen In 120G - [4901872462087]		5	Cực kì hài lòng	2026-09-07 20:15:01	2026-09-29 21:34:13
tk_13573246	tiki	2123245	beauty	Sữa Rửa Mặt Mịn Và Săn Chắc Da Senka Perfect Whip Collagen In 120G - [4901872462087]		3	giá bth của một sản phẩm là 80 mấy ngàn mua 1+1 giá 112k mà cũng chỉ có 1 sp, nhắn tin hỏi còn bảo mình không đặt 1/12 nên không áp dụng khuyến mãi, trong khi thông tin đơn của mình là đặt 1/12 ?? :))) đã chiêu trò còn lương lẹo mn cẩn thận :)) hụt hẫn	2021-12-02 14:43:06	2026-09-29 21:34:13
tk_20216234	tiki	2123245	beauty	Sữa Rửa Mặt Mịn Và Săn Chắc Da Senka Perfect Whip Collagen In 120G - [4901872462087]		5	Cực kì hài lòng	2026-03-01 21:44:25	2026-09-29 21:34:13
tk_8482500	tiki	2123245	beauty	Sữa Rửa Mặt Mịn Và Săn Chắc Da Senka Perfect Whip Collagen In 120G - [4901872462087]		5	em mua 2 loại hồng và xanh hsd còn 2 năm e thấy loại hồng này mùi thơm , nhiều bọt , không bị chảy , vẫn y nguyên còn màu xanh thì eo ôi mùi ghê , như có nước vào , đặt bên gần ngón cái mà bị loãng chảy ra cả bàn tay e rồi kìa , như *** ý	2021-03-18 07:55:18	2026-09-29 21:34:13
tk_20205377	tiki	2123245	beauty	Sữa Rửa Mặt Mịn Và Săn Chắc Da Senka Perfect Whip Collagen In 120G - [4901872462087]		5	Cực kì hài lòng	2026-01-13 10:50:07	2026-09-29 21:34:13
tk_19871763	tiki	2123245	beauty	Sữa Rửa Mặt Mịn Và Săn Chắc Da Senka Perfect Whip Collagen In 120G - [4901872462087]		5	Tiki giao hàng tận tâm. Còn sản phẩm đợi 1 thời gian xài nếu được sẽ mua tiếp.	2024-05-13 12:47:29	2026-09-29 21:34:13
tk_13033179	tiki	2123245	beauty	Sữa Rửa Mặt Mịn Và Săn Chắc Da Senka Perfect Whip Collagen In 120G - [4901872462087]		5	Sp thì k có vấn đề gì, chỉ là đặt hàng tiki mùa dịch thì chờ dài cổ, đến nỗi mua mấy đơn từ app khác xài hết rồi cũng chưa thấy tiki nơi đâu. Hỏi cskh thì phản hồi tự động như kiểu mình độc thoại vậy. Dịch vụ tiki dạo này làm mình nản quá. Nếu mấy đơn mới cũng treo như mấy đơn cũ từ 8/8 đến tháng 11 (dịch qua rồi người ta đã giao ầm ầm mà tiki vẫn treo) thì chắc k dám đặt thêm cho mất thời gian	2021-11-05 20:21:37	2026-09-29 21:34:13
tk_20176396	tiki	2123245	beauty	Sữa Rửa Mặt Mịn Và Săn Chắc Da Senka Perfect Whip Collagen In 120G - [4901872462087]		5	Cực kì hài lòng	2025-10-01 19:39:03	2026-09-29 21:34:13
tk_20146549	tiki	2123245	beauty	Sữa Rửa Mặt Mịn Và Săn Chắc Da Senka Perfect Whip Collagen In 120G - [4901872462087]		5	Cực kì hài lòng	2025-07-14 12:02:22	2026-09-29 21:34:13
tk_8742808	tiki	2123245	beauty	Sữa Rửa Mặt Mịn Và Săn Chắc Da Senka Perfect Whip Collagen In 120G - [4901872462087]		4	Dạo này tiki đóng gói hàng nhìn hơi bần bần, dán 1 miếng băng keo lên nắp tuýp rồi đặt trực tiếp vào hộp carton giao mà không có quấn nilon làm đệm gì cả. Mình từng dùng loại sữa rửa mặt này và đưa cho bạn mình dùng thử thấy cũng ok nên đặt mua để tặng bạn. Tiki đóng gói hàng vậy chẳng may bị va đập hay đổ bể gì thì sao đem tặng.	2021-03-29 12:04:46	2026-09-29 21:34:13
tk_3229555	tiki	2123245	beauty	Sữa Rửa Mặt Mịn Và Săn Chắc Da Senka Perfect Whip Collagen In 120G - [4901872462087]		5	Mình đã sử dụng loại sữa rửa mặt này nhiều. Một số nhận xét: - Dịu nhẹ, ẩm, sau khi rửa không bị khô da - Tạo bọt khá nhiều, chỉ cần dùng tay cũng tạo bọt. - Mình cũng đã dùng tuýp màu xanh (chiết xuất tơ tằm), có vẻ tạo bọt nhiều hơn nhưng do tuýp hồng thêm Collagen nên dùng nhiều hơn. - Mình sử dụng chung với dầu tẩy trang senka luôn, nói chung là thấy Senka khá ổn. Về tiki giao hàng nhanh, đúng theo dự kiến. Đóng gói rất kĩ, có bọc xốp nên ko hư hao sản phẩm.	2020-03-23 08:38:44	2026-09-29 21:34:13
tk_12685034	tiki	2123245	beauty	Sữa Rửa Mặt Mịn Và Săn Chắc Da Senka Perfect Whip Collagen In 120G - [4901872462087]		5	Mình chưa dừng nên chưa biết có hợp với da mình không, đọc mô tả sản phẩm thấy khá tốt, mua đúng đợt sale nên được giá tốt, mua luôn 2 tuýp to được tặng thêm 2 tuýp nhỏ, làm quà tặng cũng được. Shipper vui vẻ	2021-10-18 13:18:56	2026-09-29 21:34:13
tk_20068399	tiki	2123245	beauty	Sữa Rửa Mặt Mịn Và Săn Chắc Da Senka Perfect Whip Collagen In 120G - [4901872462087]		5	Cực kì hài lòng	2025-01-18 07:08:44	2026-09-29 21:34:13
tk_11250158	tiki	2123245	beauty	Sữa Rửa Mặt Mịn Và Săn Chắc Da Senka Perfect Whip Collagen In 120G - [4901872462087]		5	sản phẩm nầy cũng không tồi. rửa sạch da mặt rất mịn màng và bọt trầm nhẹ chứ không phải bọt bông mùi thơm nhẹ nhàng dễ chịu và dùng tốt hơn các loại khác rất nhiều. giá cã hợp lý. hàng nầy nên mua dùng. tặng shop 5 sao. chúc mừng shop có được mặt hàng giá tiền không đắc mà lại dùng tốt. thôi tặng cho shop 5 sao xứng đáng. cố lên shop ơi ..! bai nha shop.	2021-07-17 16:59:26	2026-09-29 21:34:13
tk_20045149	tiki	2123245	beauty	Sữa Rửa Mặt Mịn Và Săn Chắc Da Senka Perfect Whip Collagen In 120G - [4901872462087]		5	Cực kì hài lòng	2024-12-09 21:08:15	2026-09-29 21:34:13
tk_11045912	tiki	2123245	beauty	Sữa Rửa Mặt Mịn Và Săn Chắc Da Senka Perfect Whip Collagen In 120G - [4901872462087]		5	Mua của Tiki thì mình yên tâm. So giá thì bên tiki rẻ mà hay có khuyến mại khủng hơn. Mình sẽ ủng hộ tiếp. Mỗi tội qua 1 đợt sale là lại nghèo do săn deal hihi	2021-07-10 16:56:58	2026-09-29 21:34:13
tk_13187743	tiki	2123245	beauty	Sữa Rửa Mặt Mịn Và Săn Chắc Da Senka Perfect Whip Collagen In 120G - [4901872462087]		5	Sp phẩm này sử dụng nhiều lần rồi, rất ok.?giao hàng rất nhanh. Được giảm giá và được tặng kèm tube 50g, rất thích. Thanks shop	2021-11-14 10:58:58	2026-09-29 21:34:13
tk_11130096	tiki	2123245	beauty	Sữa Rửa Mặt Mịn Và Săn Chắc Da Senka Perfect Whip Collagen In 120G - [4901872462087]		1	Mình đặt mẫu chai kiểu dáng mới nhưng lại giao mình mẫu mã cũ, NSX cách đây hơn 1 năm. Sao kì vậy? Đăng mẫu mới nhưng giao mẫu cũ cho khách là sao? Nếu mẫu cũ mà giá mới mình sẽ ko mua đâu	2021-07-13 14:21:56	2026-09-29 21:34:13
tk_3683118	tiki	2123245	beauty	Sữa Rửa Mặt Mịn Và Săn Chắc Da Senka Perfect Whip Collagen In 120G - [4901872462087]		2	m đặt vào thứ 3 tuần trước, cn mới thông báo giao hàng. quá lâu Sao khi nhận hàng thì khá thất vọng. mẫu mã củ mèm, tem mác dán xiêng quẹo. hàng sx năm 2019. Tình hình chung m cũng ko xám dùng chai này đâu	2020-06-01 12:24:39	2026-09-29 21:34:16
tk_3131153	tiki	2123245	beauty	Sữa Rửa Mặt Mịn Và Săn Chắc Da Senka Perfect Whip Collagen In 120G - [4901872462087]		1	Mình có mua 2 sản phẩm sửa rửa mặt senka collagen và sữa tắm senka perfect bubble màu trắng. Sữa rửa mặt Nhật của Senka thường số lô là 6 chữ số ( số in ở đáy chai) còn của mình khi mua về chỉ có 5 chữ số thôi, với cái mình xài một lần mà da bị ngứa, nổi mụn nhiều. Còn sữa tắm thì hỗn hợp quá loãng, không được đặc giống như loại senka trước đây mình dùng. Mình không chắc đây là hàng chất lượng nên không dám xài nữa. Hai sản phẩm mình mua đều ở nhà cung cấp Thành Thuận Thiên. Mong tiki xem xét đổi lại sản phẩm của nhà cung cấp uy tín khác dùm mình. Mong nhận được hồi đáp sớm. Mình cám ơn.	2020-03-10 12:33:34	2026-09-29 21:34:16
tk_4922407	tiki	2123245	beauty	Sữa Rửa Mặt Mịn Và Săn Chắc Da Senka Perfect Whip Collagen In 120G - [4901872462087]		5	5 sao cho chất lượng phục vụ của tiki. Phí ship rẻ được hỗ trợ nhiều nên mình rất thích. Dùng gần hết rồi mới nhớ review. Về sản phẩm, ưu điểm: mùi khá dễ chịu không quá nồng, bọt tạo dễ, mịn, nhiều bọt, thoa lên da rất thích nên cứ mát xa thoải mái hơn, rửa đi nhanh, không dính không nhờn nên không tốn nước hay kỳ cọ gì nhiều. Nhược điểm: đây là loại cho da khô, mà mình dùng vẫn khô, hơi căng, có lẽ không hợp. Nghe nói sữa rửa mặt kiêm tẩy trang nhẹ nhàng nhưng mình không make up nên chưa *** được có phải vậy không.	2020-09-20 20:33:47	2026-09-29 21:34:16
tk_17096357	tiki	2123245	beauty	Sữa Rửa Mặt Mịn Và Săn Chắc Da Senka Perfect Whip Collagen In 120G - [4901872462087]		5	giao hàng nhanh hàng chất lượng gửi đủ hàng date xa chưa sử dụng nên chưa biết chất lượng thế nào giá rẻ hơn so với thị trường	2022-07-17 10:46:59	2026-09-29 21:34:16
tk_19949292	tiki	2123245	beauty	Sữa Rửa Mặt Mịn Và Săn Chắc Da Senka Perfect Whip Collagen In 120G - [4901872462087]		5	Cực kì hài lòng	2024-08-09 07:19:49	2026-09-29 21:34:16
tk_8478079	tiki	2123245	beauty	Sữa Rửa Mặt Mịn Và Săn Chắc Da Senka Perfect Whip Collagen In 120G - [4901872462087]		5	mua đúng hôm sale nên mua 1 tặng 1 thật. dòng này phù hợp cho bạn nào da khô thui chứ mùa hè mình da hơi dầu thì rửa xong 1 lúc lại dầu r, ko kiềm đc lâu. nói chung cx ưng vì đóng gói có bọc băng dính ở nắp nên còn nguyên vẹn, tra mã vạch cx ra xuất xứ công ty nhập khẩu	2021-03-17 21:42:20	2026-09-29 21:34:16
tk_11801409	tiki	2123245	beauty	Sữa Rửa Mặt Mịn Và Săn Chắc Da Senka Perfect Whip Collagen In 120G - [4901872462087]		4	vẫn là sữa rửa mặt loại này nhưng bao bì không giống trên hình xíu nào, mặc dù biết chất lượng chắc cũng okela như nhau mà cảm giác như bị phản bội vậy đó.	2021-08-14 14:17:18	2026-09-29 21:34:16
tk_8451240	tiki	2123245	beauty	Sữa Rửa Mặt Mịn Và Săn Chắc Da Senka Perfect Whip Collagen In 120G - [4901872462087]		2	Lúc mình đặt đơn hàng gồm 6 items trong đó có 1 item khuyến mãi cho sản phẩm này (chương trình mua 1 tặng 1 vào khung giờ 0-2h ngày 12/3) cho sữa rửa mặt, nhưng thanh toán xong thì lại còn 5 items. Mặc dù đã mua với giá cao hơn 119k.	2021-03-16 18:18:32	2026-09-29 21:34:16
tk_5511486	tiki	2123245	beauty	Sữa Rửa Mặt Mịn Và Săn Chắc Da Senka Perfect Whip Collagen In 120G - [4901872462087]		4	cầm khá nặng tay ,nhưng không có màng bọc nilon cảm giác hơi cũ . Mùi thơm nhẹ còn chất lượng thì chưa rõ	2020-11-09 11:25:56	2026-09-29 21:34:16
tk_19886744	tiki	2123245	beauty	Sữa Rửa Mặt Mịn Và Săn Chắc Da Senka Perfect Whip Collagen In 120G - [4901872462087]		5	Cực kì hài lòng	2024-05-30 09:16:06	2026-09-29 21:34:16
tk_12660478	tiki	2123245	beauty	Sữa Rửa Mặt Mịn Và Săn Chắc Da Senka Perfect Whip Collagen In 120G - [4901872462087]		5	Yêu thích mỹ phẩm Nhật, mới nhận chưa dùng nên chưa chia sẽ chi tiếc được, sản phẩm nhận được xịn lắm luôn. 10-10 quá nhiều quà tặng, mình cảm ơn TiKi và shop nhiều	2021-10-17 09:19:07	2026-09-29 21:34:16
tk_10450432	tiki	2123245	beauty	Sữa Rửa Mặt Mịn Và Săn Chắc Da Senka Perfect Whip Collagen In 120G - [4901872462087]		4	Giao hàng hơi chậm nhưng shiper nhiệt tình. Đóng gói sản phẩm cẩn thận. Vì mình chưa sử dụng nên không biết có phù hợp da không. Giá thành sản phẩm phù hợp ví tiền của sinh viên, học sinh!!!	2021-06-16 08:57:42	2026-09-29 21:34:16
tk_3034730	tiki	2123245	beauty	Sữa Rửa Mặt Mịn Và Săn Chắc Da Senka Perfect Whip Collagen In 120G - [4901872462087]		2	Nhìn như hàng tồn kho mấy năm rồi vậy. Sản phẩm rất bẩn, băng keo dán ẩu tả, thấy hạn sử dụng thì còn đấy nhưng cảm thấy ko được tin tưởng cho lắm. Mua hàng tiki cũng nhiều rồi mà lần đầu gặp kiểu hàng như vậy	2020-02-20 21:49:49	2026-09-29 21:34:16
tk_11387240	tiki	2123245	beauty	Sữa Rửa Mặt Mịn Và Săn Chắc Da Senka Perfect Whip Collagen In 120G - [4901872462087]		5	Tiki giao hàng nhanh siêu tốc lun í mà date siêu xa lại còn tặng quà kèm like like nha dùng senka lâu r thấy rửa mặt cũng sạch ẩm nha!!! giá lại okie nữa	2021-07-23 09:57:44	2026-09-29 21:34:16
tk_13517239	tiki	2123245	beauty	Sữa Rửa Mặt Mịn Và Săn Chắc Da Senka Perfect Whip Collagen In 120G - [4901872462087]		1	mua 1 ,tặng 1 ,sản phẩm sữa rửa mặt tại sao giao lại chỉ có 1 sản phẩm, gọi tổng đài thì không được đề nghị shop kiểm tra lại đơn hàng của tôi	2021-11-29 18:27:43	2026-09-29 21:34:16
tk_2387455	tiki	2123245	beauty	Sữa Rửa Mặt Mịn Và Săn Chắc Da Senka Perfect Whip Collagen In 120G - [4901872462087]		1	Em vừa nhận được hàng, tuy nhiên, chai sửa rửa mặt của em sao nhẹ, ốm ko đầy đặn và cũ quá. Như bị xài r ấy, lúc em tháo miếng giấy dán tiếng nhật ra, mới thấy nó cũ và dơ lắm. Mong shop xem lại, em mới đặt lần đầu	2019-08-17 14:41:44	2026-09-29 21:34:16
tk_16574154	tiki	2123245	beauty	Sữa Rửa Mặt Mịn Và Săn Chắc Da Senka Perfect Whip Collagen In 120G - [4901872462087]		5	giao hàng nhanh, đóng gói cẩn thận. Sản phẩm chất lượng! bọt mịn mềm.	2022-06-04 15:37:36	2026-09-29 21:34:16
tk_16435708	tiki	2123245	beauty	Sữa Rửa Mặt Mịn Và Săn Chắc Da Senka Perfect Whip Collagen In 120G - [4901872462087]		5	Giao hàng nhanh, cóvthêm quà tặng nữa , lại được thêm xu. thích thật. Sẽ tiếp tục ủng hộ shop và tiki	2022-05-23 21:01:02	2026-09-29 21:34:16
tk_13548470	tiki	2123245	beauty	Sữa Rửa Mặt Mịn Và Săn Chắc Da Senka Perfect Whip Collagen In 120G - [4901872462087]		1	nhìn hình tưởng mua 1 típ tặng 1 típ, xong nhận lại được 1 típ sữa rửa mặt với cái bông tạo bọt.mình như bị lừa.tiki nên xem lại vấn đề này.để hình 1 đằng giao 1 nẻo	2021-12-01 11:11:08	2026-09-29 21:34:16
tk_12359334	tiki	2123245	beauty	Sữa Rửa Mặt Mịn Và Săn Chắc Da Senka Perfect Whip Collagen In 120G - [4901872462087]		4	Ngày sản xuất 2020 chưa hết hạn nhưng mình vẫn thích hàng mới nhất hơn! Hình ảnh ẩm ướt do mình xịt khử trùng chứ không phải do nhà cung cấp đâu ạ!	2021-09-28 17:42:34	2026-09-29 21:34:16
tk_13817380	tiki	2123245	beauty	Sữa Rửa Mặt Mịn Và Săn Chắc Da Senka Perfect Whip Collagen In 120G - [4901872462087]		5	Giao hàng nhanh ghê luôn ak⚡, mới đặt sáng hôm qua mà chiều nay đã giao rồi,shop đóng gói kĩ, sp còn nguyên vẹn. ưng waaaaaaaa🥰🥰🥰	2021-12-14 13:43:12	2026-09-29 21:34:18
tk_19720919	tiki	2123245	beauty	Sữa Rửa Mặt Mịn Và Săn Chắc Da Senka Perfect Whip Collagen In 120G - [4901872462087]		4	Hài lòng	2024-01-11 10:43:16	2026-09-29 21:34:18
tk_15695771	tiki	2123245	beauty	Sữa Rửa Mặt Mịn Và Săn Chắc Da Senka Perfect Whip Collagen In 120G - [4901872462087]		5	vừa có quà,vừa dk giảm giá nên mình mua luôn cả combo.srm này mình dùng lâu r.ổn lắm,k bị căng da sau rửa.	2022-03-31 13:52:38	2026-09-29 21:34:18
tk_3990280	tiki	2123245	beauty	Sữa Rửa Mặt Mịn Và Săn Chắc Da Senka Perfect Whip Collagen In 120G - [4901872462087]		3	Giá của sản phẩm thấp nhưng cộng ship thì còn nhiều hơn ngoài thị trường. Sản phẩm này bán ở *** khá rẻ. Thiết kế bên ngoài đẹp, chất kem bên trong mềm, mịn. Khi thoa lên mặt thì tạo rất nhiều bọt và sau đó rửa, cảm giác mặt cực sạch. Nhưng đây là cảm giác ảo vì chỉ cần vài phút sau da lại như lại bẩn ngay. Đang xài mà muốn chuyển về cái cũ quá đi	2020-07-05 02:07:51	2026-09-29 21:34:18
tk_14688957	tiki	2123245	beauty	Sữa Rửa Mặt Mịn Và Săn Chắc Da Senka Perfect Whip Collagen In 120G - [4901872462087]		4	giao chậm	2022-01-25 19:05:36	2026-09-29 21:34:18
tk_18171870	tiki	2123245	beauty	Sữa Rửa Mặt Mịn Và Săn Chắc Da Senka Perfect Whip Collagen In 120G - [4901872462087]		5	Làm sạch sâu, không khô da, không gây kích ứng, hạn sử dụng lâu, vân chuyển nhanh chóng	2022-11-11 00:14:06	2026-09-29 21:34:18
tk_2784411	tiki	2123245	beauty	Sữa Rửa Mặt Mịn Và Săn Chắc Da Senka Perfect Whip Collagen In 120G - [4901872462087]		2	Tôi mới nhận đc sản phẩm. Chưa sử dụng. Nhưng theo cảm quan đánh giá khi nhận sản phẩm tôi thấy không hài lòng. Vì nắp sản phẩm không đc niêm phong. K biết sản phẩm đã bị mở nắp bao nhiêu lần?. Và sản phẩm đã sử dụng rồi chăng? Tôi không dám mua lần 2 với những sản phẩm như thế này	2019-12-28 12:09:46	2026-09-29 21:34:18
tk_2763685	tiki	2123245	beauty	Sữa Rửa Mặt Mịn Và Săn Chắc Da Senka Perfect Whip Collagen In 120G - [4901872462087]		5	Mình là tín đồ của thương hiệu Senka mua trên Tiki từ 3 năm nay, dùng đa dạng nhiều dòng sản phẩm: sửa rửa mặt các loại, nước tẩy trang, kem tẩy trang, nước dưỡng da,... Sản phẩm nào cũng hài lòng. Da mình nhờn hay bị đổ dầu, từ khi dùng Senka da sáng hơn, giảm hiện tượng tiết dầu, thấy da căng hơn. Thêm điểm cộng là dùng rất tiết kiệm nha, chỉ cần 1 chút nhỏ lượng sữa/kem là đủ rửa sạch da với bọt mịn, thơm nhẹ. 1 tuýp sữa dùng dc 4-5 tháng (2-3 lần rửa/ngày vì da nhờn nên hay rửa mặt ^:^). Giá săn sale trên Tiki rẻ hơn shop rất nhiều đó. Tiki giao hàng nhanh, từ lúc mua hàng Tiki chưa bao giờ bị giao chậm, chắc do mình hên ^^	2019-12-21 13:11:05	2026-09-29 21:34:18
tk_12492317	tiki	2123245	beauty	Sữa Rửa Mặt Mịn Và Săn Chắc Da Senka Perfect Whip Collagen In 120G - [4901872462087]		4	đặt hàng từ 9/9 đến 8/10 mới nhân đc hàng nhưng vì dịch nên thông cảm, đóng gói chỉ có 1 chiếc hộp carton với 1 lớp màng bọc thôi	2021-10-08 10:44:13	2026-09-29 21:34:18
tk_10072209	tiki	2123245	beauty	Sữa Rửa Mặt Mịn Và Săn Chắc Da Senka Perfect Whip Collagen In 120G - [4901872462087]		5	thấy có senka mẫu mới, nên mặc dù đang có mình cũng đặt thêm để *** thử mẫu mới, ai ngờ vẫn giao mẫu :( loại này mình xài cảm thấy tốt, sạch và mịn da	2021-05-31 14:30:24	2026-09-29 21:34:18
tk_7789810	tiki	2123245	beauty	Sữa Rửa Mặt Mịn Và Săn Chắc Da Senka Perfect Whip Collagen In 120G - [4901872462087]		5	Dung dịch kết dính, tạo bọt, ko bị bở, boi lên có cảm giác mát, lau thì lại hơi khô da. Mẫu mã đẹp, còn hạn sử dụng, dùng khá ok. Cho shop 5 sao	2021-02-18 15:28:44	2026-09-29 21:34:18
tk_8457287	tiki	2123245	beauty	Sữa Rửa Mặt Mịn Và Săn Chắc Da Senka Perfect Whip Collagen In 120G - [4901872462087]		1	Khung h sale buy 1 get 1 từ 0-2h ngày 12/3, mình đặt hàng lúc 1:07', đến khi giao hàng chỉ nhận đc 1sp, khi khiếu nại chỉ nhận đc thông báo đến thời điểm mình đặt hàng đã hết sp khuyến mãi. Thực sự ko kinh bạch	2021-03-16 23:31:43	2026-09-29 21:34:18
tk_18698184	tiki	2123245	beauty	Sữa Rửa Mặt Mịn Và Săn Chắc Da Senka Perfect Whip Collagen In 120G - [4901872462087]		5	làm sạch sâu, rất tốt khi sử dụng chung với lưới tạo bọt	2023-01-29 18:54:28	2026-09-29 21:34:18
tk_13243016	tiki	2123245	beauty	Sữa Rửa Mặt Mịn Và Săn Chắc Da Senka Perfect Whip Collagen In 120G - [4901872462087]		5	Hộp vận chuyển bị móp nhưng rất may sản phẩm bên trong không sao. Chưa dùng bao giờ nên chưa biết chất lượng thế nào.	2021-11-16 12:41:00	2026-09-29 21:34:18
tk_10132105	tiki	2123245	beauty	Sữa Rửa Mặt Mịn Và Săn Chắc Da Senka Perfect Whip Collagen In 120G - [4901872462087]		1	Bên trên mình mua mẫu mới đc tặng thêm 1 tip nhỏ, tại sao lúc ship lại là mẫu củ và k đc tặng. Giải quyết vấn đề này cho mình đi. Làm ăn kì cục vậy	2021-06-03 12:04:15	2026-09-29 21:34:18
tk_13467504	tiki	2123245	beauty	Sữa Rửa Mặt Mịn Và Săn Chắc Da Senka Perfect Whip Collagen In 120G - [4901872462087]		5	giao hang rat nhanh, san pham dung nhu trong anh , mieng tao bot rat min va de thuong, cam on Tiki.	2021-11-27 12:55:15	2026-09-29 21:34:18
tk_15750767	tiki	2123245	beauty	Sữa Rửa Mặt Mịn Và Săn Chắc Da Senka Perfect Whip Collagen In 120G - [4901872462087]		5	Sản phẩm tốt, rửa sạch da nhưng không quá khô.	2022-04-03 15:09:52	2026-09-29 21:34:18
tk_14681587	tiki	2123245	beauty	Sữa Rửa Mặt Mịn Và Săn Chắc Da Senka Perfect Whip Collagen In 120G - [4901872462087]		4	bảo quản k tốt, nhìn bên ngoài dính gì dơ dơ. nhưng nói chung sản phẩm dùng tốt. hợp với da mình	2022-01-25 12:06:49	2026-09-29 21:34:18
tk_16831688	tiki	2123245	beauty	Sữa Rửa Mặt Mịn Và Săn Chắc Da Senka Perfect Whip Collagen In 120G - [4901872462087]		5	mình xài senka thấy hợp, rửa mặt rất sạch, bọt nhiều và mịn	2022-06-25 09:47:46	2026-09-29 21:34:18
tk_4496017	tiki	2123245	beauty	Sữa Rửa Mặt Mịn Và Săn Chắc Da Senka Perfect Whip Collagen In 120G - [4901872462087]		5	ship nhanh hơn dự kiến , date mới đóng gói cẩn thận được xem hàng trước , và rẻ hoen mua ở ngoài ( săn đc ưu đãi) và còn đảm bảo chất lượng , dùng hết lần sau sẽ mua	2020-08-17 11:00:16	2026-09-29 21:34:18
tk_8958537	tiki	2123245	beauty	Sữa Rửa Mặt Mịn Và Săn Chắc Da Senka Perfect Whip Collagen In 120G - [4901872462087]		5	cực mềm mịn, cảm giác da sạch 1 cách dịu nhẹ, mướt mướt ko bị khô da hay đổ dầu. shipper nhiệt tình vui vẻ, thanks all	2021-04-07 23:26:00	2026-09-29 21:34:21
tk_9806301	tiki	2123245	beauty	Sữa Rửa Mặt Mịn Và Săn Chắc Da Senka Perfect Whip Collagen In 120G - [4901872462087]		5	ok. đóng gói tốt, hàng xịn, có nhãn mác phụ có khuyến mại đắp maqtj. tốt	2021-05-18 15:25:39	2026-09-29 21:34:21
tk_10329236	tiki	2123245	beauty	Sữa Rửa Mặt Mịn Và Săn Chắc Da Senka Perfect Whip Collagen In 120G - [4901872462087]		3	Nghe đồng nghiệp khen dữ lắm nên mua. sử dụng rồi thấy không ưng. Rửa xong mặt rít quá, cảm nhận da mặt khô dù chưa lau mặt. Được điểm cộng là không mùi và không cay mắt.	2021-06-10 22:23:48	2026-09-29 21:34:21
tk_13713499	tiki	2123245	beauty	Sữa Rửa Mặt Mịn Và Săn Chắc Da Senka Perfect Whip Collagen In 120G - [4901872462087]		5	Shop đóng hàng rất cẩn thận, trong hộp cacton còn có 1 lớp giấy xốp chống vỡ Đánh giá cao😎😎😎	2021-12-09 23:57:14	2026-09-29 21:34:21
tk_10161254	tiki	2123245	beauty	Sữa Rửa Mặt Mịn Và Săn Chắc Da Senka Perfect Whip Collagen In 120G - [4901872462087]		5	Mua mỗi chai sữa rửa mặt mà được tặng khăn với mặt nạ quá là xịn xò luôn đáng được mn cho 1000 sao	2021-06-04 18:06:55	2026-09-29 21:34:21
tk_13519236	tiki	2123245	beauty	Sữa Rửa Mặt Mịn Và Săn Chắc Da Senka Perfect Whip Collagen In 120G - [4901872462087]		1	Trên ảnh 1+1 Mà không có tặng kèm như shopppeee hay lazzada M mua 2 suất Gửi để các bạn sau không lầm	2021-11-29 20:06:52	2026-09-29 21:34:21
tk_4697382	tiki	2123245	beauty	Sữa Rửa Mặt Mịn Và Săn Chắc Da Senka Perfect Whip Collagen In 120G - [4901872462087]		2	Cảm thấy hoang mang khi kích mã vạch không cập nhật được nguồn gốc, hình ảnh về nhãn dán trên tip không giống như hình quảng cáo. Nhà cung cấp có thể cho tôi lời giải thích về nội dung trên không?	2020-08-31 20:24:42	2026-09-29 21:34:21
tk_6248675	tiki	2123245	beauty	Sữa Rửa Mặt Mịn Và Săn Chắc Da Senka Perfect Whip Collagen In 120G - [4901872462087]		4	tiki giao hàng nhanh đóng gói cũng tạm đc mà sản ph kh bị hư hay hết hn như mấy ng khác, thái độ shipper thì cũng rất nhiệt tình ??	2020-12-16 12:25:25	2026-09-29 21:34:21
tk_2982219	tiki	2123245	beauty	Sữa Rửa Mặt Mịn Và Săn Chắc Da Senka Perfect Whip Collagen In 120G - [4901872462087]		5	"Dùng hợp da, sạch và không quá khô. Khâu giao hàng của shop rất chu đáo. Có cả thiệp cảm ơn. Đặc điểm của sản phẩm nhà senka là không có hộp ngoài, trước giờ mua nhiều nơi đều có mỗi miếng băng dính dán nắp chai. Nhưng shop này đã cho vào bọc gói rất lịch sự. Cảm ơn shop bán hàng có ""tâm"" ♥️"	2020-02-11 15:03:41	2026-09-29 21:34:21
tk_2521866	tiki	2123245	beauty	Sữa Rửa Mặt Mịn Và Săn Chắc Da Senka Perfect Whip Collagen In 120G - [4901872462087]		2	giao hàng nhanh ok nhưng mở hàng ra. thất vọng toàn tập. nhìn rất cũ, sờn, giống như sf trưng bày 1 thời gian. nhãn phụ thì bèo nhèo code mờ, ngày sx k đọc dc. pó tay. k biết có phải chính hãng k nữa	2019-10-14 12:02:17	2026-09-29 21:34:21
tk_17674465	tiki	2123245	beauty	Sữa Rửa Mặt Mịn Và Săn Chắc Da Senka Perfect Whip Collagen In 120G - [4901872462087]		4	Đóng gói kém quá bị tràn ra ngoài	2022-09-12 20:36:24	2026-09-29 21:34:21
tk_19395819	tiki	2123245	beauty	Sữa Rửa Mặt Mịn Và Săn Chắc Da Senka Perfect Whip Collagen In 120G - [4901872462087]		5	Cực kì hài lòng	2023-07-20 22:08:03	2026-09-29 21:34:21
tk_19373109	tiki	2123245	beauty	Sữa Rửa Mặt Mịn Và Săn Chắc Da Senka Perfect Whip Collagen In 120G - [4901872462087]		5	Cực kì hài lòng	2023-07-12 18:14:02	2026-09-29 21:34:21
tk_4354036	tiki	2123245	beauty	Sữa Rửa Mặt Mịn Và Săn Chắc Da Senka Perfect Whip Collagen In 120G - [4901872462087]		5	Mình đã sử dụng hết và đây là ý kiến của mình: da mình da hỗn hợp thiên dầu khi sử dụng sản phẩm thì cảm giác da được sạch sẽ nhưng vẫn giữ được độ ẩm trên da, bọt của senka thì cực kì mịn luôn sử dụng rất thích	2020-08-06 20:11:01	2026-09-29 21:34:21
tk_11112582	tiki	2123245	beauty	Sữa Rửa Mặt Mịn Và Săn Chắc Da Senka Perfect Whip Collagen In 120G - [4901872462087]		4	Đã nhận đủ hàng, chưa dùng nên chưa đánh giá chính xác đk, nhưng so vs dòng srm khác thì khá nhiều bọt và cảm giác sạch	2021-07-12 21:10:48	2026-09-29 21:34:21
tk_19341969	tiki	2123245	beauty	Sữa Rửa Mặt Mịn Và Săn Chắc Da Senka Perfect Whip Collagen In 120G - [4901872462087]		5	Cực kì hài lòng	2023-07-01 19:46:32	2026-09-29 21:34:21
tk_19329454	tiki	2123245	beauty	Sữa Rửa Mặt Mịn Và Săn Chắc Da Senka Perfect Whip Collagen In 120G - [4901872462087]		5	Cực kì hài lòng	2023-06-27 10:04:47	2026-09-29 21:34:21
tk_16500744	tiki	2123245	beauty	Sữa Rửa Mặt Mịn Và Săn Chắc Da Senka Perfect Whip Collagen In 120G - [4901872462087]		5	dùng râts thích, được tặng kèm bông tạo bọt, sau khi rửa mặt, da mặt sạch và mịn	2022-05-29 13:28:46	2026-09-29 21:34:21
tk_19283598	tiki	2123245	beauty	Sữa Rửa Mặt Mịn Và Săn Chắc Da Senka Perfect Whip Collagen In 120G - [4901872462087]		5	Cực kì hài lòng	2023-06-11 14:53:47	2026-09-29 21:34:21
tk_13706491	tiki	2123245	beauty	Sữa Rửa Mặt Mịn Và Săn Chắc Da Senka Perfect Whip Collagen In 120G - [4901872462087]		5	mình đặt hàng gần nửa tháng nay.mua 1 tặng 1 sữa rửa mặt mà đến Hôm nay lại gửi có 1 sản phẩm.cho mình biết lý do	2021-12-09 16:52:59	2026-09-29 21:34:21
tk_10773414	tiki	33785195	beauty	Sữa rửa mặt hỗ trợ trị mụn Senka Perfect Whip Acne Care 100g		4	Chất lượng srm thì ok quá ròi, mình xài của nhà Senka cũng 3 4 năm nay rồi, xài từ màu hồng qua màu xanh, thấy chất lượng vẫn rất ok. Vì đợt này dịch nên có đặt hàng về quê, hàng thì bị móp méo, thùng hàng cũng bị rách 1 lỗ nữa? chắc do khâu vận chuyển. Mình mua trong store nên nhận đc gói hàng như này nên cũng hơi buồn, mong lần sau khắc phục ạ	2021-06-30 16:56:31	2026-09-29 21:34:28
tk_5638703	tiki	33785195	beauty	Sữa rửa mặt hỗ trợ trị mụn Senka Perfect Whip Acne Care 100g		5	Về shipping: không có gì cần phàn nàn. Bạn shipper là ma xó chỗ tớ rồi, còn có biệt danh trong điện thoại của nhiều chị em. Về ẩn phẩm: Tớ đã quay video để định review mà hình như tiki không cho chức năng dùng video. Có mấy ảnh thì một ảnh là dùng ánh sáng trắng, còn lại dùng ánh sáng vàng nên trông hơi khác nhau nhé. Tớ đã check mã vạch và sản phầm hiện ra khớp với tên, mô tả sản phẩm chữ Nhật trông bình thường không nghi nhờ gì hết, còn hạn sử dụng khá lâu (hơn 2 năm) -> đồ thật (trừ khi làm giả tinh vi) Khi *** thử bên trong thì lúc đầu hơi lo, vì nó ko “lụa” như các thằng perfect whip khác (có để hình), nhưng nếu cố gắng thì vẫn được. -> có vẻ đồ thật Khi dùng thử lên mặt thì tớ nhận thấy loại này không bọt nhiều như bạn xanh truyền thống. Nhưng tớ có thử kiếm review trên mạng, thì các quan sát tớ có được không sai biệt lắm. -> đồ thật Cảm nhận: Lúc tớ dùng thì đang hơi có mụn vỡ, nên dùng hơi xót (nên chú ý thành phần chứa axit salicylic); dùng cảm giác rất sạch như bạn xanh blue truyền thống, nhưng lại ko thấy ẩm ẩm như được quảng cáo (mặc dù khác biệt cảm nhận được so với xanh truyền thống). Họ quảng cáo 4 tuần, nên nếu có hiệu quả tớ sẽ quay lại mua tiếp và review lần hai! Hy vọng mọi người thấy hữu ích. Dạo này hàng giả tùm lum chả biết thế nào mà lần.	2020-11-16 21:36:32	2026-09-29 21:34:28
tk_13072905	tiki	33785195	beauty	Sữa rửa mặt hỗ trợ trị mụn Senka Perfect Whip Acne Care 100g		5	- Thời gian ship: nhanh hơn dự kiến - Đóng gói: cẩn thận - Sản phẩm: là loại phiên bản mới giống hình mô tả, trong lúc tạo bọt tay mình cảm giác rất mềm mịn như kem tươi ý chứ không phải dạng bong bóng to như trà xà phòng đâu ạ, thoa lên mặt dễ chịu và sau khi rửa mặt xong thì thấy da khá nhẵn và sạch sẽ thoải mái nha, còn về độ giảm mụn thì mình chưa bik vì mới sử dụng. - Sản phẩm tặng kèm: là 1 miếng đắp mặt nạ trắng da ,chưa sử dụng nhưng nghe nói là sản phẩm tốt nên rất được ưa chuộng	2021-11-08 14:22:54	2026-09-29 21:34:28
tk_3790426	tiki	33785195	beauty	Sữa rửa mặt hỗ trợ trị mụn Senka Perfect Whip Acne Care 100g		3	Ấn tượng đầu tiên là chai sửa rửa mặt cực kì bẩn, đóng một lớp bụi ở bên ngoài, rất rất dơ, tiếp theo là thân chai bị dính mực và các vết bẩn như sản phẩm lỗi đã từng được đổi trả vậy. Những bạn nào da nhạy cảm và bị mụn thì không nên dùng vì sẽ bị khô căng da, thậm chí là nổi nhiều mụn hơn nữa vì bị kích ứng ạ. Mình đã dùng nhiều loại của Senka và da mình là da dầu, da nhạy cảm, da mụn nên cực kì không hợp, các bạn cân nhắc trước khi mua.	2020-06-12 17:43:10	2026-09-29 21:34:28
tk_10224169	tiki	33785195	beauty	Sữa rửa mặt hỗ trợ trị mụn Senka Perfect Whip Acne Care 100g		5	Mình đã dùng một số sản phẩm senka thấy phù hợp với da mình nên mua sản phẩm này .Mua sale còn được tặng quà ,giao nhanh hơn 1ngày ,mùi thơm dịu nhẹ ,chưa dùng nên chưa đánh giá được hiệu quả của sản phẩm và còn phụ thuộc vài sự thích hợp của từng loại da	2021-06-07 08:59:28	2026-09-29 21:34:28
tk_20154441	tiki	33785195	beauty	Sữa rửa mặt hỗ trợ trị mụn Senka Perfect Whip Acne Care 100g		5	Cực kì hài lòng	2025-08-04 10:35:19	2026-09-29 21:34:28
tk_11798848	tiki	33785195	beauty	Sữa rửa mặt hỗ trợ trị mụn Senka Perfect Whip Acne Care 100g		5	sản phẩm ok,minh rửa thử thấy sạch mặt và mịn, nhưng mình không thích thái độ giao hàng của shipper giao sản phẩm lần sửa rữa mặt này, mình trả tiền trước rồi bằng momo, ship per giao hàng cho mình nói mình là lần sau mình ra đầu hẻm lấy hàng, mình mới nói là sản phẩm này phí ship tới 20 mấy gần 30k a fải vô trong nhà cho em chứ em hk ra đầu hẻm lấy, shipper noi minh là chặn chốt vô hk duoc trong khi nhà minh rất nhiều hẻm và mình chạy đuoc binh thuong, và hiện tại shipper vô tới nơi giao cho mình đuoc mà,và trong khi mình đặt bên tiki mấy món giao địa chỉ nhà mình và nguoi ta giao tới nhà mình duoc, riêng chỉ có shipper giao sản phẩm này là giao vô trong nhà hk duoc , bắt mình ra đầu hẻm lấy, với mình nói là có lấy tiền ship đâu fải freeship cho mình nên fải giao vô trong nhà cho mình, shipper lại nói là công ty lấy tiền không fải shipper lấy, mình thấy mắc cười, minh nói ủa anh công ty cũng trả lương cho a mà, chứ a có làm không cho công ty không, shipper mới chịu làm thinh đi về	2021-08-14 12:44:14	2026-09-29 21:34:28
tk_10151904	tiki	33785195	beauty	Sữa rửa mặt hỗ trợ trị mụn Senka Perfect Whip Acne Care 100g		5	Giao hàng nhanh sớm hơn dự định, hôm qua vừa đặt thì hôm nay đã có ròi . Hàng được gói gọn gàng , sạch sẽ và đầy đủ các món tặng kèm . Chưa sài thử nhưng mình vẫn cho 5⭐	2021-06-04 11:06:19	2026-09-29 21:34:28
tk_20135353	tiki	33785195	beauty	Sữa rửa mặt hỗ trợ trị mụn Senka Perfect Whip Acne Care 100g		5	Cực kì hài lòng	2025-06-13 21:21:26	2026-09-29 21:34:28
tk_20103818	tiki	33785195	beauty	Sữa rửa mặt hỗ trợ trị mụn Senka Perfect Whip Acne Care 100g		4	Hài lòng	2025-03-30 13:23:22	2026-09-29 21:34:28
tk_14131154	tiki	33785195	beauty	Sữa rửa mặt hỗ trợ trị mụn Senka Perfect Whip Acne Care 100g		4	so dùng khá lành tính và có mùi dễ chịu giá thành hợp lý đáng để lựac chọn	2021-12-28 20:46:35	2026-09-29 21:34:28
tk_10264828	tiki	33785195	beauty	Sữa rửa mặt hỗ trợ trị mụn Senka Perfect Whip Acne Care 100g		5	hên quá canh sale mua 2 đc 1. ok lém đây là lọ thứ tư thứ năm của mình r. dùng cũng ok hợp với giá tiền của hs như mình	2021-06-08 18:11:55	2026-09-29 21:34:28
tk_20089308	tiki	33785195	beauty	Sữa rửa mặt hỗ trợ trị mụn Senka Perfect Whip Acne Care 100g		5	Cực kì hài lòng	2025-03-01 13:51:39	2026-09-29 21:34:28
tk_15432810	tiki	33785195	beauty	Sữa rửa mặt hỗ trợ trị mụn Senka Perfect Whip Acne Care 100g		5	Tiki giao hàng nhanh còn được tặng thêm quà nữa quá là hời lun bonus thêm đóng gói rất kĩ lưỡng. Sản phẩm của Senka thì khỏi phải bàn rồi.Sẽ ủng hộ tiếp.	2022-03-15 15:51:13	2026-09-29 21:34:28
tk_20077325	tiki	33785195	beauty	Sữa rửa mặt hỗ trợ trị mụn Senka Perfect Whip Acne Care 100g		5	Cực kì hài lòng	2025-02-07 13:37:57	2026-09-29 21:34:28
tk_20075051	tiki	33785195	beauty	Sữa rửa mặt hỗ trợ trị mụn Senka Perfect Whip Acne Care 100g		5	Cực kì hài lòng	2025-02-03 23:35:38	2026-09-29 21:34:28
tk_11408836	tiki	33785195	beauty	Sữa rửa mặt hỗ trợ trị mụn Senka Perfect Whip Acne Care 100g		5	Dùng rất thích. Da mặt mình nhạy cảm nên vài ngày đầu có kích ứng nhẹ nhưng sau thì quen dần, da mặt cảm giác rất sạch bã nhờn. Mình dùng ngày 2 lần sáng tối, ngay giai đoạn bị mụn, mà thực sự dùng 2 tuần rồi thấy da có tiến triển tốt, mình có dùng thêm thuốc bôi mụn của Rhoto. Nói chung là hài lòng đó.	2021-07-24 08:19:32	2026-09-29 21:34:28
tk_14107404	tiki	33785195	beauty	Sữa rửa mặt hỗ trợ trị mụn Senka Perfect Whip Acne Care 100g		5	Thơm nhẹ, bọt mịn, làm sạch sâu mà không khô da. Thực sự rất là hợp với làn da hỗn hợp, hay bị mụn và đổ dầu như mình. Giao hàng rất nhanh, gói hàng cẩn thận, shipper nhiệt tình. 5 sao cho shop và tiki nha!	2021-12-27 19:57:32	2026-09-29 21:34:28
tk_2855217	tiki	33785195	beauty	Sữa rửa mặt hỗ trợ trị mụn Senka Perfect Whip Acne Care 100g		5	Sp sử dụng rất có hiệu quả, khi sử dụng khoả 2-3 tuần thì đã thấy giảm mụn rõ rệt rồi, không bị khô da, sau khi rửa mặt cảm thấy da vẫn giữ được độ ẩm. Đối với những nút mụn sưng đỏ thì sữa rửa mặt khán viêm mụn khá tốt, do bọt của sữa rửa mặt nhiều nên làm giảm ma sát cho da tránh gây tổn thương đến nút mụn và mặt. ?? tôi rất thích các dòng sữa rửa mặt của Senka và đã sd qua nhiều típ sữa rửa mặt rồi, sản phẩm rất rất rất tốt ?	2020-01-10 14:36:06	2026-09-29 21:34:28
tk_7820530	tiki	33785195	beauty	Sữa rửa mặt hỗ trợ trị mụn Senka Perfect Whip Acne Care 100g		5	Quá nhanh quá nguy hiểm Kinh khủng khiếp Mới đặt sáng tuy kf hàng now nhưng anh shipper giao rất nhanh hàng đóng gói cẩn thận chưa sử dụng nhưng hàng tiki luôn ủng hộ 5* Rất thích giao hàng nhanh như vậy Chuẩn - chất lượng - rất thích	2021-02-19 14:12:07	2026-09-29 21:34:28
tk_5109388	tiki	33785195	beauty	Sữa rửa mặt hỗ trợ trị mụn Senka Perfect Whip Acne Care 100g		5	Sản phẩm tốt lắm mn, mình dùng 1 lần rồi thấy thích nên giờ mua tiếp. Sạch da, mụn cũng bớt đi hẳn. Mình dùng 1 lần khoảng 1 viên bi( cỡ đốt ngón tay) dùng nhiều hay rửa lâu nó khô da, còn dùng ít thì mặt mịn, sạch lắm.	2020-10-07 12:55:11	2026-09-29 21:34:30
tk_6627156	tiki	33785195	beauty	Sữa rửa mặt hỗ trợ trị mụn Senka Perfect Whip Acne Care 100g		5	Mình thích dòng sản phẩm sữa rửa mặt của Senka từ khi học ở Nhật nhưng chưa dùng thử dòng trị mụn này bao giờ. Mong là sử dụng tốt. Hàng giao nhanh và giống miêu tả	2020-12-31 03:35:18	2026-09-29 21:34:30
tk_20035938	tiki	33785195	beauty	Sữa rửa mặt hỗ trợ trị mụn Senka Perfect Whip Acne Care 100g		4	Hài lòng	2024-11-23 09:05:18	2026-09-29 21:34:30
tk_20030708	tiki	33785195	beauty	Sữa rửa mặt hỗ trợ trị mụn Senka Perfect Whip Acne Care 100g		5	Cực kì hài lòng	2024-11-14 19:06:02	2026-09-29 21:34:30
tk_12780097	tiki	33785195	beauty	Sữa rửa mặt hỗ trợ trị mụn Senka Perfect Whip Acne Care 100g		4	Đã sử dụng được một thời gian dài. Khi rửa mặt bọt nhiều, thơm, thời gian đầu bị kích ứng nhẹ do da nhạy cảm. Sau khi rửa cảm giác sạch kĩ, không khô da. Hiệu quả trị mụn thì không rõ rệt lắm, nhưng với giá này thì quá ổn rồi.	2021-10-23 11:43:27	2026-09-29 21:34:30
tk_8042185	tiki	33785195	beauty	Sữa rửa mặt hỗ trợ trị mụn Senka Perfect Whip Acne Care 100g		5	Hồi trước mua mà quên không đánh giá, giờ dùng hết vào tìm mua lại mới thấy để đánh giá. Kiểu trước giờ mình chưa từng dùng sửa rửa mặt nào mà hợp như loại này. Da hồi trước kiểu lỗ rỗ mụn đầy, giờ sạch mụn, ai gặp cũng khen. Da mình da dầu, rất nhạy cảm, da mỏng lắm mà dùng hợp cực. Sản phẩm dùng hơn 3th mới hết luôn, đỉnh	2021-02-27 21:32:11	2026-09-29 21:34:30
tk_9620203	tiki	33785195	beauty	Sữa rửa mặt hỗ trợ trị mụn Senka Perfect Whip Acne Care 100g		5	Sp có chất lượng đúng như mô tả, đóng gói chắc chắn, shop phục vụ tốt, rất đáng tiền. P/s k có thời gian chụp nên mình lấy đỡ hình trên mạng	2021-05-10 13:09:34	2026-09-29 21:34:30
tk_10839658	tiki	33785195	beauty	Sữa rửa mặt hỗ trợ trị mụn Senka Perfect Whip Acne Care 100g		4	hàng méo mó, xì srm ra ngoài . sau một thời gian sử dụng hình như có giảm mụn, vì mình dùng này và ngưng các so dưỡng da chỉ sử dụng sữa rửa mặt, tẩy trang, và kem trị mụn. lâu lâu có tẩy tế bào chết	2021-07-03 13:07:14	2026-09-29 21:34:30
tk_10454424	tiki	33785195	beauty	Sữa rửa mặt hỗ trợ trị mụn Senka Perfect Whip Acne Care 100g		5	Sản phẩm chính hãng ko biết sao màng bọc đầu chai ko kín với thân chai rất dễ mở nắp làm giả đổ vào. Khăn hơi nhỏ so với suy nghĩ. Giao hàng cực nhanh. Đặt tối qua sáng nay nhận dc hàng. Hv sản phẩm tốt.	2021-06-16 11:41:54	2026-09-29 21:34:30
tk_6107255	tiki	33785195	beauty	Sữa rửa mặt hỗ trợ trị mụn Senka Perfect Whip Acne Care 100g		5	sản phẩm dùng khá thích mà mình cx chưa thấy j khi dùng n đặc biệt là độ ph cao khoảng 9-9,5 vậy nên những bạn da khô cẩn thận khi chọn sản phẩm . mình da dầu mà đôi lúc rửa xong còn thấy khô da, khó chịu.	2020-12-11 21:24:11	2026-09-29 21:34:30
tk_2691234	tiki	33785195	beauty	Sữa rửa mặt hỗ trợ trị mụn Senka Perfect Whip Acne Care 100g		4	Mình có dùng srm của La Roche-Posay rồi so vs senka thì senka gây khô da hơn LRC, mùi senka cũng khá nồng, nhưng bọt là bọt mịn và rất nhiều mình k thích bọt như vậy, dùng xong srm này mọi ng nhớ apply thêm một lớp cấp ẩm nha Thấy mn nhận xét k đến nỗi nào nên mua dùng thử,so vs mấy dòng giá bình dân khác đúng là k đến nỗi nào thật nhưng lần sau sẽ quay lại srm của La Roche-Posay, nó tuy đắt hơn nhưng rửa cảm giác dễ chịu hơn, đúng bản chất câu tiền nào của đó. Ns chung cũng chấp nhận đc hơn những dòng như pons, nivea, hazeline,....mấy dòng đấy còn gây khô da hơn	2019-11-30 20:04:42	2026-09-29 21:34:30
tk_6292993	tiki	33785195	beauty	Sữa rửa mặt hỗ trợ trị mụn Senka Perfect Whip Acne Care 100g		3	Sản phẩm thì tốt. Đóng gói bình thường, sản phẩm không bị đổ gì. Tuy nhiên, nếu so sánh với những lần mình đặt trên *** thì *** sẽ có màng xốp bọc quanh sản phẩm nữa. Tiki giao hàng rất lâu, chắc do đợt sale nhiều đơn quá, nhưng nhân viên có gọi điện cho mình nói là sẽ đốc thúc bên giao hàng. Mình đánh giá 3 sao là do lúc mình mua rõ ràng là có tặng thêm mask nhưng khi giao hàng không thấy. Mong tiki cải thiện thời gian giao hàng và đóng gói.	2020-12-17 21:29:12	2026-09-29 21:34:30
tk_19615966	tiki	33785195	beauty	Sữa rửa mặt hỗ trợ trị mụn Senka Perfect Whip Acne Care 100g		5	Dùng rất ok	2023-10-28 11:39:38	2026-09-29 21:34:30
tk_19871631	tiki	33785195	beauty	Sữa rửa mặt hỗ trợ trị mụn Senka Perfect Whip Acne Care 100g		5	Cực kì hài lòng	2024-05-13 10:19:48	2026-09-29 21:34:30
tk_19858851	tiki	33785195	beauty	Sữa rửa mặt hỗ trợ trị mụn Senka Perfect Whip Acne Care 100g		5	Cực kì hài lòng	2024-05-01 09:07:49	2026-09-29 21:34:30
tk_8371449	tiki	33785195	beauty	Sữa rửa mặt hỗ trợ trị mụn Senka Perfect Whip Acne Care 100g		5	xin lỗi vì hình ảnh ko có. Sữa rửa mặt xài tốt lắm m.n. Làm trắng ko quá nhanh mà dịu nhẹ. Mùi thơm nhẹ. Giá cả tốt và hàng cũng chuẩn.	2021-03-13 10:31:18	2026-09-29 21:34:30
tk_10238437	tiki	33785195	beauty	Sữa rửa mặt hỗ trợ trị mụn Senka Perfect Whip Acne Care 100g		5	t thấy bao bì đóng túi của sp k giống loại cũ t hay mua.chưa sử dụng nên để sau vào đánh giá tiếp.nhung mua được sale ,cộng ship vào 119k cũng mừng cũng mừng	2021-06-07 17:53:29	2026-09-29 21:34:30
tk_11412817	tiki	33785195	beauty	Sữa rửa mặt hỗ trợ trị mụn Senka Perfect Whip Acne Care 100g		5	rửa xong mặt mướt mà ko khô đâu nhen !! xài từ từ thì cảm thấy đỡ mụn tại mik thuộc da thường nên dùng thik lắm. Xài cảm thêy da sạch lém ns chung ngàn sao cx đc :))) lười chụp :>	2021-07-24 11:44:17	2026-09-29 21:34:30
tk_14604491	tiki	33785195	beauty	Sữa rửa mặt hỗ trợ trị mụn Senka Perfect Whip Acne Care 100g		5	thấy xài giảm lên mụn mới. xài chung vs kem dưỡng trắng để làm mờ thâm, cũng ko nổi mụn luôn, do da mình rất dầu nên cũng không rõ srm có khô da không, mà ko nổi mụn mới là dc.	2022-01-21 12:37:28	2026-09-29 21:34:30
tk_13913283	tiki	33785195	beauty	Sữa rửa mặt hỗ trợ trị mụn Senka Perfect Whip Acne Care 100g		4	Đã nhận được hàng, lần đầu sử dụng nên chưa biết công dụng thế nào? Giao hàng hơi lâu, thấy ghi có một quà tặng kèm, nhưng không thấy gì cả.	2021-12-18 15:13:43	2026-09-29 21:34:30
tk_6171665	tiki	33785195	beauty	Sữa rửa mặt hỗ trợ trị mụn Senka Perfect Whip Acne Care 100g		4	Sản phẩm như hình và của senka official store nên mình rất yên tâm về chất lượng, giao hàng nhanh không ngờ luôn í. Nhưng mà khi mình săn sale thì có thể chung với mặt nạ nhưng khi giao thì kh có.	2020-12-13 19:32:14	2026-09-29 21:34:33
tk_3118630	tiki	33785195	beauty	Sữa rửa mặt hỗ trợ trị mụn Senka Perfect Whip Acne Care 100g		4	HELLO HIHI, sau đây sẽ là review của 1 cô bé có nhiều mụn ẩn đã sử dụng siêng năng sau 1 tháng 8 ngày. Đầu tiên về ngoại hình, hihi, ẻm xinh hơn những sp trước của Senka( Tui dùng k xót 1 sp nào hết), mùi cũng dễ chịu. Thứ 2 về texture, nó kem, giống y như các sp trước., tạo bọt cũng khá( mình k cần cái này lắm) Thứ 3, TÁC DỤNG [CÁI NÀY QUAN TRỌNG] vì da mình là da mụn nên mình rất sợ bị nổi dị ứng nhưng thật may là không mng ạ. Dùng xong có hơi khô 1 tí xíuuuuuu thôi. Nhà sx có nói là giảm thâm mụn hiệu quả sau 1 tháng, nma thật sự thì không mng ạ (Mình có dùng kèm theo tẩy trang senka nữa). Mình nghĩ mng nên mua với tâm lí là rửa sạch da mặt chứ không nên kì vọng quá nhiều về giảm thâm mụn. Mình thấy nó khá giống Cetaphil^^ MÌNH RECOMMEND CHO CÁC BẠN MUA SP NÀY VỚI TÌNH TRẠNG DA ỔN ĐỊNH, KHÔNG QUÁ NHẠY CẢM NHÉ DA BẠN NÀO CÓ MỤN VIÊM THÌ MÌNH NGHĨ LÀ KHÔNG NÊN. ZẬY NHA ^^	2020-03-07 18:54:14	2026-09-29 21:34:33
tk_11164313	tiki	33785195	beauty	Sữa rửa mặt hỗ trợ trị mụn Senka Perfect Whip Acne Care 100g		3	sửa rửa mặt nhiều bọt, rửa xong cảm giác da sạch nhưng k bị khô, vote 4* vì lỗi bọc hàng bên ngoài ghi dễ vỡ nhưng trong chỉ quấn nilong thường chứ k phải bọc chống sốc	2021-07-14 17:00:12	2026-09-29 21:34:33
tk_4642959	tiki	33785195	beauty	Sữa rửa mặt hỗ trợ trị mụn Senka Perfect Whip Acne Care 100g		4	Về phần đóng gói, giao hàng thì khỏi chê. Sản phẩm rất giống trên hình mẫu. Nhưng về công dụng thì không tốt lắm đối với mình. Mình không biết do mình sử dụng sai cách hay do sản phẩm nhưng sau khoảng gần 1 tháng dùng thì mình không giảm mụn mà còn bị tăng thêm nữa. Rửa xong thì da rất khô, kin kít luôn ấy. Nói chung là mình không hài lòng về công dụng của ẻm. Với cả da mình là hỗn hợp thiên dầu nha.	2020-08-27 16:51:59	2026-09-29 21:34:33
tk_6400130	tiki	33785195	beauty	Sữa rửa mặt hỗ trợ trị mụn Senka Perfect Whip Acne Care 100g		4	Giao hàng nhanh một ngày là có, sản phẩm dùng cũng khá ok, NSX & HSD được viết theo kiểu năm, tháng, ngày, da dầu dùng khá ok, da nhạy cảm và khô nên cân nhắc, làm giảm mụn trị mụn thì chưa rõ lắm. Cảm ơn Tiki nhiều!	2020-12-22 06:31:23	2026-09-29 21:34:33
tk_7603461	tiki	33785195	beauty	Sữa rửa mặt hỗ trợ trị mụn Senka Perfect Whip Acne Care 100g		5	hàng chất lượng lắm!giao hàng nhanh ,nên mua nha mọi người ??	2021-02-07 14:49:21	2026-09-29 21:34:33
tk_17458739	tiki	33785195	beauty	Sữa rửa mặt hỗ trợ trị mụn Senka Perfect Whip Acne Care 100g		5	Giao hàng nhanh , đóng gói kỹ ❤️❤️❤️	2022-08-19 09:40:59	2026-09-29 21:34:33
tk_8658659	tiki	33785195	beauty	Sữa rửa mặt hỗ trợ trị mụn Senka Perfect Whip Acne Care 100g		5	Tiki gói hàng rất chắc chắn, giao hàng nhanh mình mới đặt hôm qua hôm nay đã có	2021-03-25 15:57:59	2026-09-29 21:34:33
tk_8865344	tiki	33785195	beauty	Sữa rửa mặt hỗ trợ trị mụn Senka Perfect Whip Acne Care 100g		3	Sd sp lm da khô thực sự . Về mụn thì ms dùng đc tuần thì ko rõ nhma về độ ẩm thì ngay lần đầu sd đã thấy khô cực kì, rít da. Nếu ai sd sp thaays kq thì rcm mn nên sd thêm dưỡng ẩm.	2021-04-03 16:39:52	2026-09-29 21:34:33
tk_19675906	tiki	33785195	beauty	Sữa rửa mặt hỗ trợ trị mụn Senka Perfect Whip Acne Care 100g		5	Cực kì hài lòng	2023-12-08 23:36:24	2026-09-29 21:34:33
tk_18764818	tiki	33785195	beauty	Sữa rửa mặt hỗ trợ trị mụn Senka Perfect Whip Acne Care 100g		4	Đóng gói cẩn thận,chưa dùng thử nên chưa biết kết quả thế nào	2023-02-08 17:45:25	2026-09-29 21:34:33
tk_2885506	tiki	33785195	beauty	Sữa rửa mặt hỗ trợ trị mụn Senka Perfect Whip Acne Care 100g		5	tốt, giao hàng nhanh hơn 1 ngày so với dự kiến. Mình mới dùng có 1 lần thôi, thấy cũng ok lắm. Sau khi sử dụng da không cảm thấy căng kít. Nhưng khi mình dùng giấy thử độ pH thì khoảng 7 đến 8 lận( cũng khá cao đấy). Hơi lo, không biết dùng lâu dài có tốt không.	2020-01-16 18:25:01	2026-09-29 21:34:33
tk_3507247	tiki	33785195	beauty	Sữa rửa mặt hỗ trợ trị mụn Senka Perfect Whip Acne Care 100g		5	Không thể nói thành lời Em này rửa mặt thích thật í ! Mặt mình hồi trước mụn chi chít nên phải tìm hiểu rất nhiều sản phẩm trị mụn, một lần được đứa bạn giới thiệu mua dùng thử Giao hàng của tiki miễn bàn:)) Thật sự là da mình dạo này da giảm mụn rõ rệt, nơi hết mụn nhìn da trơn tru ui thích dã man í ^^	2020-05-03 17:28:12	2026-09-29 21:34:33
tk_12761819	tiki	33785195	beauty	Sữa rửa mặt hỗ trợ trị mụn Senka Perfect Whip Acne Care 100g		1	hàng thì ok còn cách đóng gói hàng móp mép, sơ xài, bị rách thùng có nguy cơ rớt hàng ra. mong cải thiện việc đóng gói sp lại, nếu tiếp tục như v k chấp nhận đc	2021-10-22 12:15:39	2026-09-29 21:34:33
tk_5185922	tiki	33785195	beauty	Sữa rửa mặt hỗ trợ trị mụn Senka Perfect Whip Acne Care 100g		5	Xài hẳn vài tuần rồi mới dám review, nói chung là tốt, phù hợp da mụn. Lúc xem hạn sử dụng hơi bất ngờ tưởng là ghi (ngày tháng năm) mà xài hẳn 4-5 lần mới coi chứ, sau phát hiện ra nó ghi (năm tháng ngày)	2020-10-12 21:50:57	2026-09-29 21:34:33
tk_5633054	tiki	33785195	beauty	Sữa rửa mặt hỗ trợ trị mụn Senka Perfect Whip Acne Care 100g		2	Rất ko hài lòng về cách đóng gói, vì sp ko đc đóng vào gói cận thẩn chút nào, may là chưa bị va đập nếu ko chắc hộp kem bị tràn hết ra ngoài, ko có tem niêm phong, hộp tiki móp ướt hết cả.còn về chất lượng chưa dùng nên chưa biết	2020-11-16 15:44:36	2026-09-29 21:34:33
tk_12902894	tiki	33785195	beauty	Sữa rửa mặt hỗ trợ trị mụn Senka Perfect Whip Acne Care 100g		5	Mua lúc sale nên giá giảm chút ít, được tặng thêm miếng đắp mặt. Nói chung là thích	2021-10-29 18:20:58	2026-09-29 21:34:33
tk_4952840	tiki	33785195	beauty	Sữa rửa mặt hỗ trợ trị mụn Senka Perfect Whip Acne Care 100g		5	Dùng chai thứ 2 rồi mới đánh giá. Dùng thấy giảm mụn rõ rệt luôn. Mùi hương khá thơm, bọt nhiều nói chung khi rửa thích vô cùng. Sau khi rửa da mặt không quá căng, mền mịn sờ thấy độ ẩm trên da rõ rệt	2020-09-23 10:23:17	2026-09-29 21:34:33
tk_19122964	tiki	33785195	beauty	Sữa rửa mặt hỗ trợ trị mụn Senka Perfect Whip Acne Care 100g		5	Cực kì hài lòng	2023-04-23 13:46:15	2026-09-29 21:34:33
tk_17857273	tiki	33785195	beauty	Sữa rửa mặt hỗ trợ trị mụn Senka Perfect Whip Acne Care 100g		5	Làm sạch sâu giảm mụn ko kích ứng giá rẻ	2022-10-03 10:53:51	2026-09-29 21:34:33
tk_18960565	tiki	33785195	beauty	Sữa rửa mặt hỗ trợ trị mụn Senka Perfect Whip Acne Care 100g		5	Cảm giác sau khi dùng đỡ mụn hẳn luôn ạ.	2023-03-15 13:22:37	2026-09-29 21:34:36
tk_3205436	tiki	33785195	beauty	Sữa rửa mặt hỗ trợ trị mụn Senka Perfect Whip Acne Care 100g		5	Nó tuyệt vời thật sự luôn mọi người, rửa xong da k bị khô và k có cảm giác ngứa rát. Bạn nào dùng thì chỉ cần cho một chút sữa rửa mặt ra tay rồi cho 1 xíu nước lên rồi xoa đều cho có bọt là có thể apply lên mặt rồi, vì nó tạo bọt rất tốt! Nói chung là rất đáng dùng, giá lại rẻ nữa❤️❤️	2020-03-19 22:42:09	2026-09-29 21:34:36
tk_3187968	tiki	33785195	beauty	Sữa rửa mặt hỗ trợ trị mụn Senka Perfect Whip Acne Care 100g		4	Quả thật sữa rửa mặt này kiềm dầu khá tốt, không phải loại sạch kin kít đâu nhưng vẫn giữ lại độ ẩm nhất định cho da. Khi tạo bọt lên da sẽ cảm thấy the the mát, mình để ý srm có chất salicylic đều như vậy hay sao áh. Tiki giao hàng rất nhanh chóng và nhiệt tình. Mình mua trong đợt sale nên cũng khá tiết kiệm, hy vọng là có thể sử dụng srm hãng lâu dài.	2020-03-18 02:53:41	2026-09-29 21:34:36
tk_19280440	tiki	33785195	beauty	Sữa rửa mặt hỗ trợ trị mụn Senka Perfect Whip Acne Care 100g		5	Sài ok, vừa túi tiền	2023-06-10 14:39:43	2026-09-29 21:34:36
tk_18359568	tiki	33785195	beauty	Sữa rửa mặt hỗ trợ trị mụn Senka Perfect Whip Acne Care 100g		4	sản phẩm tốt nhưng không trị được mụn đã có từ trước	2022-12-06 17:49:24	2026-09-29 21:34:36
tk_12940739	tiki	33785195	beauty	Sữa rửa mặt hỗ trợ trị mụn Senka Perfect Whip Acne Care 100g		4	sản phẩm ko có dán tem chống hàng giả nên ko biết có chuẩn ko,mua các loại sữa khác đều có tem dán bảo quản ở đầu tuýp kem còn loại này ko có.	2021-10-31 17:41:29	2026-09-29 21:34:36
tk_2938979	tiki	33785195	beauty	Sữa rửa mặt hỗ trợ trị mụn Senka Perfect Whip Acne Care 100g		5	SRM này có axit salicylic bha nhưng nồng độ bao nhiêu mình k rõ , thấy đứng thứ chín trong bảng thành phần nên chắc k nhiều. rửa hơi khô dù mình dùng cốc tạo bọt . Được cái ngon bổ rẻ dễ mua bao bì nhìn sắc nét	2020-02-03 14:25:04	2026-09-29 21:34:36
tk_19509966	tiki	33785195	beauty	Sữa rửa mặt hỗ trợ trị mụn Senka Perfect Whip Acne Care 100g		4	Hài lòng	2023-09-06 16:49:17	2026-09-29 21:34:36
tk_13636280	tiki	33785195	beauty	Sữa rửa mặt hỗ trợ trị mụn Senka Perfect Whip Acne Care 100g		5	Giao hàng nhanh, giá rẻ còn được có quà tặng, nói chung là ưng ý ạ	2021-12-05 22:17:46	2026-09-29 21:34:36
tk_10169511	tiki	33785195	beauty	Sữa rửa mặt hỗ trợ trị mụn Senka Perfect Whip Acne Care 100g		1	sản phẩm cùng được . nhưng mình không biết tại sao.khi mua hàng xong là tiki lại bắt mình đăng nhập lại tài khoản . lúc nào cũng như vậy luôn	2021-06-05 07:32:11	2026-09-29 21:34:36
tk_7793674	tiki	33785195	beauty	Sữa rửa mặt hỗ trợ trị mụn Senka Perfect Whip Acne Care 100g		5	"chất lượngn sản phẩm thì không có gì bàn cãi rồi. còn tiki thì giao hàng siêu nhanh luôn. mua hàng online thì thích ở tiki nhất, chỉ có điều tiki không đa dạng hàng hoá bằng ""hàng xóm"" nên hơi tiếc thôi."	2021-02-18 17:32:20	2026-09-29 21:34:36
tk_14141517	tiki	33785195	beauty	Sữa rửa mặt hỗ trợ trị mụn Senka Perfect Whip Acne Care 100g		4	Giao hàng nhanh, mình được tặng lưới tạo bọt, chưa sử dụng nên k biết hiệu quả như thế nào..	2021-12-29 12:25:17	2026-09-29 21:34:36
tk_19500461	tiki	33785195	beauty	Sữa rửa mặt hỗ trợ trị mụn Senka Perfect Whip Acne Care 100g		5	Cực kì hài lòng	2023-09-01 14:24:11	2026-09-29 21:34:36
tk_13008838	tiki	33785195	beauty	Sữa rửa mặt hỗ trợ trị mụn Senka Perfect Whip Acne Care 100g		5	Chưa xài thử nên không biết có giảm mụn thiệt không. Nhưng hàng chính hãng, giao nhanh, giá ổn nha mọi người.	2021-11-04 12:25:32	2026-09-29 21:34:36
tk_19014641	tiki	33785195	beauty	Sữa rửa mặt hỗ trợ trị mụn Senka Perfect Whip Acne Care 100g		3	Hàng date cũ năm 2021 nên ko hài lòng	2023-03-27 07:30:37	2026-09-29 21:34:36
tk_10155231	tiki	33785195	beauty	Sữa rửa mặt hỗ trợ trị mụn Senka Perfect Whip Acne Care 100g		4	Giao hàng nhanh chóng đầy đủ sản phẩm. Shop Tư vấn nhiệt tình .Cho 4 sao thôi vì sữa tắm đưa hsd hơi gần	2021-06-04 13:27:24	2026-09-29 21:34:36
tk_10265181	tiki	33785195	beauty	Sữa rửa mặt hỗ trợ trị mụn Senka Perfect Whip Acne Care 100g		5	Mua hàng Senka nhiều lần rồi neen chất lượng không có gì để nói. Shop đóng gói cẩn thận và chắc chắn	2021-06-08 18:24:43	2026-09-29 21:34:36
tk_16252220	tiki	33785195	beauty	Sữa rửa mặt hỗ trợ trị mụn Senka Perfect Whip Acne Care 100g		5	sp ko bị ảnh hưởng gì phải thử1 thời gian mới biết đc .tạm cho shop 5 sao giao hàng sớm hơn dự kiến	2022-05-09 06:31:29	2026-09-29 21:34:36
tk_19478897	tiki	33785195	beauty	Sữa rửa mặt hỗ trợ trị mụn Senka Perfect Whip Acne Care 100g		5	Cực kì hài lòng	2023-08-22 22:24:10	2026-09-29 21:34:36
tk_2897184	tiki	33785195	beauty	Sữa rửa mặt hỗ trợ trị mụn Senka Perfect Whip Acne Care 100g		4	giao hàng nhanh hơn dự kiến, dự kiến t5 giao nhưng kh ngờ đặt chiều hôm qua trưa hôm nay lại có. đóng gói kĩ sp giống hình nhưng chất lượng thì chưa sd nên ch rõ sp 87k(tính luôn ship) v mà shiper lấy của mình 88k :((	2020-01-19 12:13:09	2026-09-29 21:34:36
tk_19249991	tiki	117147637	beauty	Sữa rửa mặt Simple giúp cấp ẩm, da trông khỏe và mịn màng - cho da khô nhạy cảm 150ml [CHÍNH HÃNG ĐỘC QUYỀN] [MỚI]		5	Hmm, giao hàng siêu nhanh. Mới đặt sáng hqua mà trưa hay đã nhận được. Sp có nhãn mác đầy đủ mà tiki đóng gõi kĩ lắmmm, cho hẳn cái màng bọc thực phẩm luôn ಥ⁠‿⁠ಥ Nói về thời chứ srm không bị tràn đauu	2023-06-01 12:28:07	2026-09-29 21:34:41
tk_20111908	tiki	117147637	beauty	Sữa rửa mặt Simple giúp cấp ẩm, da trông khỏe và mịn màng - cho da khô nhạy cảm 150ml [CHÍNH HÃNG ĐỘC QUYỀN] [MỚI]		1	Sp bị bẩn, như sp cũ, ko có tem của sp mới khi mở nắp ra,	2025-04-17 13:52:23	2026-09-29 21:34:41
tk_20236427	tiki	117147637	beauty	Sữa rửa mặt Simple giúp cấp ẩm, da trông khỏe và mịn màng - cho da khô nhạy cảm 150ml [CHÍNH HÃNG ĐỘC QUYỀN] [MỚI]		5	Sản phẩm rất tốt cho da mặt, OK	2026-05-27 13:55:15	2026-09-29 21:34:41
tk_18064318	tiki	117147637	beauty	Sữa rửa mặt Simple giúp cấp ẩm, da trông khỏe và mịn màng - cho da khô nhạy cảm 150ml [CHÍNH HÃNG ĐỘC QUYỀN] [MỚI]		3	Hàng kb chuẩn k nữa nhưng với đứa da khô nhạy cảm sau thời gian dùng banh hết mặt,. Mụn bọc mụn mủ lên rất nhiều, chắc do môi trường mình làm thì độ sạch e này chưa đủ, mùi cồn cũng nhiều nhé các bác. Đã Ngừng dùng sau 2 tuần vào viết nhận xét cho các c.e cân nhắc trước khi mua ạ	2022-10-27 20:57:21	2026-09-29 21:34:41
tk_20244743	tiki	117147637	beauty	Sữa rửa mặt Simple giúp cấp ẩm, da trông khỏe và mịn màng - cho da khô nhạy cảm 150ml [CHÍNH HÃNG ĐỘC QUYỀN] [MỚI]		5	Cực kì hài lòng	2026-07-06 15:38:09	2026-09-29 21:34:41
tk_20240252	tiki	117147637	beauty	Sữa rửa mặt Simple giúp cấp ẩm, da trông khỏe và mịn màng - cho da khô nhạy cảm 150ml [CHÍNH HÃNG ĐỘC QUYỀN] [MỚI]		5	Cực kì hài lòng	2026-06-14 19:43:35	2026-09-29 21:34:41
tk_20188574	tiki	117147637	beauty	Sữa rửa mặt Simple giúp cấp ẩm, da trông khỏe và mịn màng - cho da khô nhạy cảm 150ml [CHÍNH HÃNG ĐỘC QUYỀN] [MỚI]		3	Giao sản phẩm cũ, bám bụi và dơ cho khách hàng	2025-11-08 08:02:43	2026-09-29 21:34:41
tk_19937436	tiki	117147637	beauty	Sữa rửa mặt Simple giúp cấp ẩm, da trông khỏe và mịn màng - cho da khô nhạy cảm 150ml [CHÍNH HÃNG ĐỘC QUYỀN] [MỚI]		2	Cho mình hỏi nhận hàng không có Vaseline quà tặng khi mua sửa rửa mặt Simple như quảng cáo?	2024-07-26 15:17:45	2026-09-29 21:34:41
tk_20173301	tiki	117147637	beauty	Sữa rửa mặt Simple giúp cấp ẩm, da trông khỏe và mịn màng - cho da khô nhạy cảm 150ml [CHÍNH HÃNG ĐỘC QUYỀN] [MỚI]		5	Cực kì hài lòng	2025-09-22 19:48:46	2026-09-29 21:34:41
tk_19872675	tiki	117147637	beauty	Sữa rửa mặt Simple giúp cấp ẩm, da trông khỏe và mịn màng - cho da khô nhạy cảm 150ml [CHÍNH HÃNG ĐỘC QUYỀN] [MỚI]		5	Rửa mặt xong đã sạch hẳn dịu nhẹ, có chút bồt nhưng k có mùi. Hy vọng hợp vs sản phẩm này của Simple	2024-05-14 10:36:30	2026-09-29 21:34:41
tk_19724279	tiki	117147637	beauty	Sữa rửa mặt Simple giúp cấp ẩm, da trông khỏe và mịn màng - cho da khô nhạy cảm 150ml [CHÍNH HÃNG ĐỘC QUYỀN] [MỚI]		3	Mình mua 2 tuýp sao ko có quà tặng vậy shop? Đừng để quà tặng đánh *** khách hàng vậy chứ	2024-01-13 09:39:34	2026-09-29 21:34:41
tk_13529218	tiki	117147637	beauty	Sữa rửa mặt Simple giúp cấp ẩm, da trông khỏe và mịn màng - cho da khô nhạy cảm 150ml [CHÍNH HÃNG ĐỘC QUYỀN] [MỚI]		5	Uii đây là lần đầu mua trên tiki nên ko biết. Quay nguyên clip khui hàng rồi mà trên này ko có chỗ đăng video :< Giao hàng nhanh, hộp ở ngoài khá méo mó nhưng mà bên trong có mấy mảnh túi nilong với màng bọc bọc sản phẩm lại.	2021-11-30 11:57:51	2026-09-29 21:34:41
tk_14629353	tiki	117147637	beauty	Sữa rửa mặt Simple giúp cấp ẩm, da trông khỏe và mịn màng - cho da khô nhạy cảm 150ml [CHÍNH HÃNG ĐỘC QUYỀN] [MỚI]		5	Sản phẩm OK Nhưng hình như khâu đóng gói bên tiki trading khá sơ sài , sản phẩm về tay dễ bị móp méo, mình mua 2 lần đều như vậy Có điều nhờ thế cũng hạn chế được một lượng lớn plastic mong là bên shop lưu ý và có giải pháp tốt và cân đối hơn trong khâu đóng gói sp Cám ơn ạ	2022-01-22 16:58:57	2026-09-29 21:34:41
tk_16917172	tiki	117147637	beauty	Sữa rửa mặt Simple giúp cấp ẩm, da trông khỏe và mịn màng - cho da khô nhạy cảm 150ml [CHÍNH HÃNG ĐỘC QUYỀN] [MỚI]		4	Sản phẩm giống hình nhưng cấp ẩm chưa ổn lắm,rửa xong da ko mướt và ko mịn,với giá này thì chất lượng vậy thôi,bạn nào da khô như mình thì nên tìm sản phẩm nào tầm giá cao hơn thì mình nghĩ cấp ẩm tốt hơn	2022-07-02 20:06:52	2026-09-29 21:34:41
tk_15231308	tiki	117147637	beauty	Sữa rửa mặt Simple giúp cấp ẩm, da trông khỏe và mịn màng - cho da khô nhạy cảm 150ml [CHÍNH HÃNG ĐỘC QUYỀN] [MỚI]		5	Kết cấu dạng gel màu trắng đục như sữa, tạo bọt nhiều và mịn, rửa xong không thấy bị khô hay căng da mặt rất thích. Ai dùng mỗi kem chống nắng thôi thì em này làm sạch rất tốt nha, còn trang điểm thì không sạch hết được đâu.	2022-03-03 09:49:29	2026-09-29 21:34:41
tk_13343510	tiki	117147637	beauty	Sữa rửa mặt Simple giúp cấp ẩm, da trông khỏe và mịn màng - cho da khô nhạy cảm 150ml [CHÍNH HÃNG ĐỘC QUYỀN] [MỚI]		5	Mình mới xài xog , cảm thấy mặt mình đỡ sần nhiều lắm , đã vậy còn mịn ko bị khô , giá lại hợp lí cho hs-sv , hàng giao nhanh , sản phẩm ko làm mình thất vọng , Wá Đảk🥰	2021-11-21 13:23:41	2026-09-29 21:34:41
tk_18612268	tiki	117147637	beauty	Sữa rửa mặt Simple giúp cấp ẩm, da trông khỏe và mịn màng - cho da khô nhạy cảm 150ml [CHÍNH HÃNG ĐỘC QUYỀN] [MỚI]		5	Chưa dùng. Mẫu cũ dùng sạch và không kích ứng da, rất thích. Giá sale chưa đến 100k.	2023-01-10 18:10:40	2026-09-29 21:34:41
tk_14382433	tiki	117147637	beauty	Sữa rửa mặt Simple giúp cấp ẩm, da trông khỏe và mịn màng - cho da khô nhạy cảm 150ml [CHÍNH HÃNG ĐỘC QUYỀN] [MỚI]		5	Sạch,rẻ ,dễ chịu,mua 3 sp được nhận 4 phần quà ,vẫn luôn mua hàng của Tiki,đương nhiên không tránh khỏi sai sót.	2022-01-11 13:46:27	2026-09-29 21:34:41
tk_20006330	tiki	117147637	beauty	Sữa rửa mặt Simple giúp cấp ẩm, da trông khỏe và mịn màng - cho da khô nhạy cảm 150ml [CHÍNH HÃNG ĐỘC QUYỀN] [MỚI]		5	Cực kì hài lòng	2024-10-15 07:17:33	2026-09-29 21:34:41
tk_18985917	tiki	117147637	beauty	Sữa rửa mặt Simple giúp cấp ẩm, da trông khỏe và mịn màng - cho da khô nhạy cảm 150ml [CHÍNH HÃNG ĐỘC QUYỀN] [MỚI]		3	Ko thấy sp tặng ở đâu cả. Mua cho đủ đơn để nhận quà tặng mà lại vậy 🥹	2023-03-20 16:26:57	2026-09-29 21:34:41
tk_19779966	tiki	117147637	beauty	Sữa rửa mặt Simple giúp cấp ẩm, da trông khỏe và mịn màng - cho da khô nhạy cảm 150ml [CHÍNH HÃNG ĐỘC QUYỀN] [MỚI]		5	Giá hợp lý, TIKI đóng gói hàng chỉn chu.	2024-02-23 11:44:35	2026-09-29 21:34:43
tk_17841555	tiki	117147637	beauty	Sữa rửa mặt Simple giúp cấp ẩm, da trông khỏe và mịn màng - cho da khô nhạy cảm 150ml [CHÍNH HÃNG ĐỘC QUYỀN] [MỚI]		5	Đóng gói kĩ, đệm bên trong đầy đủ tránh làm hư ảo luôn, cho 10 điểm. Chưa sử dụng nên chưa biết hiệu quả	2022-10-01 11:54:19	2026-09-29 21:34:43
tk_19472269	tiki	117147637	beauty	Sữa rửa mặt Simple giúp cấp ẩm, da trông khỏe và mịn màng - cho da khô nhạy cảm 150ml [CHÍNH HÃNG ĐỘC QUYỀN] [MỚI]		5	Hàng giao nhanh, đóng gói cẩn thận. Sữa rửa mặt chính hãng, còn nguyên seal.	2023-08-20 13:04:23	2026-09-29 21:34:43
tk_17244798	tiki	117147637	beauty	Sữa rửa mặt Simple giúp cấp ẩm, da trông khỏe và mịn màng - cho da khô nhạy cảm 150ml [CHÍNH HÃNG ĐỘC QUYỀN] [MỚI]		5	Sữa rửa mặt rất phù hợp với da khô và nhạy cảm của mình. Yên tâm nhất là thành phần lành tính của em nó.Rửa mặt xong cảm giác nhẹ nhàng, dễ chịu lắm	2022-07-30 08:36:12	2026-09-29 21:34:43
tk_16633448	tiki	117147637	beauty	Sữa rửa mặt Simple giúp cấp ẩm, da trông khỏe và mịn màng - cho da khô nhạy cảm 150ml [CHÍNH HÃNG ĐỘC QUYỀN] [MỚI]		5	Sản phẩm tốt, dùng nhẹ nhàng k bị khô da. mình mua 3 lọ 1 lúc dùng dần. Sẽ ủng hộ shop lâu dài. mua sp lại đc kèm quà tặng. iu quá	2022-06-08 20:47:02	2026-09-29 21:34:43
tk_19923516	tiki	117147637	beauty	Sữa rửa mặt Simple giúp cấp ẩm, da trông khỏe và mịn màng - cho da khô nhạy cảm 150ml [CHÍNH HÃNG ĐỘC QUYỀN] [MỚI]		5	Cực kì hài lòng	2024-07-10 11:03:51	2026-09-29 21:34:43
tk_19631842	tiki	117147637	beauty	Sữa rửa mặt Simple giúp cấp ẩm, da trông khỏe và mịn màng - cho da khô nhạy cảm 150ml [CHÍNH HÃNG ĐỘC QUYỀN] [MỚI]		1	Trên wb để tặng sữa dưỡng thể mà không tặng	2023-11-06 14:43:06	2026-09-29 21:34:43
tk_19373746	tiki	117147637	beauty	Sữa rửa mặt Simple giúp cấp ẩm, da trông khỏe và mịn màng - cho da khô nhạy cảm 150ml [CHÍNH HÃNG ĐỘC QUYỀN] [MỚI]		4	Hài lòng	2023-07-12 21:30:43	2026-09-29 21:34:43
tk_19883477	tiki	117147637	beauty	Sữa rửa mặt Simple giúp cấp ẩm, da trông khỏe và mịn màng - cho da khô nhạy cảm 150ml [CHÍNH HÃNG ĐỘC QUYỀN] [MỚI]		5	Cực kì hài lòng	2024-05-26 17:23:48	2026-09-29 21:34:43
tk_16753051	tiki	117147637	beauty	Sữa rửa mặt Simple giúp cấp ẩm, da trông khỏe và mịn màng - cho da khô nhạy cảm 150ml [CHÍNH HÃNG ĐỘC QUYỀN] [MỚI]		5	Sản phẩm xài thấy khá tốt ko bọt nhiều rửa mặt khá sạch giao hàng nhanh chóng nên cho ⭐️⭐️⭐️⭐️⭐️	2022-06-18 12:19:10	2026-09-29 21:34:43
tk_19842757	tiki	117147637	beauty	Sữa rửa mặt Simple giúp cấp ẩm, da trông khỏe và mịn màng - cho da khô nhạy cảm 150ml [CHÍNH HÃNG ĐỘC QUYỀN] [MỚI]		5	Cực kì hài lòng	2024-04-14 18:41:14	2026-09-29 21:34:43
tk_19801205	tiki	117147637	beauty	Sữa rửa mặt Simple giúp cấp ẩm, da trông khỏe và mịn màng - cho da khô nhạy cảm 150ml [CHÍNH HÃNG ĐỘC QUYỀN] [MỚI]		5	Cực kì hài lòng	2024-03-11 03:35:34	2026-09-29 21:34:43
tk_19741834	tiki	117147637	beauty	Sữa rửa mặt Simple giúp cấp ẩm, da trông khỏe và mịn màng - cho da khô nhạy cảm 150ml [CHÍNH HÃNG ĐỘC QUYỀN] [MỚI]		5	Sp rất ok	2024-01-23 21:20:25	2026-09-29 21:34:43
tk_19766299	tiki	117147637	beauty	Sữa rửa mặt Simple giúp cấp ẩm, da trông khỏe và mịn màng - cho da khô nhạy cảm 150ml [CHÍNH HÃNG ĐỘC QUYỀN] [MỚI]		5	Cực kì hài lòng	2024-02-13 14:03:14	2026-09-29 21:34:43
tk_19766127	tiki	117147637	beauty	Sữa rửa mặt Simple giúp cấp ẩm, da trông khỏe và mịn màng - cho da khô nhạy cảm 150ml [CHÍNH HÃNG ĐỘC QUYỀN] [MỚI]		5	Cực kì hài lòng	2024-02-13 10:40:43	2026-09-29 21:34:43
tk_19223159	tiki	117147637	beauty	Sữa rửa mặt Simple giúp cấp ẩm, da trông khỏe và mịn màng - cho da khô nhạy cảm 150ml [CHÍNH HÃNG ĐỘC QUYỀN] [MỚI]		4	Sản phẩm đúng như mô tả, giao hàng nhanh chóng cẩn thận	2023-05-23 20:54:15	2026-09-29 21:34:43
tk_18254335	tiki	117147637	beauty	Sữa rửa mặt Simple giúp cấp ẩm, da trông khỏe và mịn màng - cho da khô nhạy cảm 150ml [CHÍNH HÃNG ĐỘC QUYỀN] [MỚI]		5	Chất lượng sản phẩm tốt, đóng gói cẩn thận và tỉ mỉ	2022-11-21 09:33:03	2026-09-29 21:34:43
tk_17350655	tiki	117147637	beauty	Sữa rửa mặt Simple giúp cấp ẩm, da trông khỏe và mịn màng - cho da khô nhạy cảm 150ml [CHÍNH HÃNG ĐỘC QUYỀN] [MỚI]		5	Giao hàng nhanh, hàng sử dụng 2 lần. Rất thích	2022-08-09 11:03:44	2026-09-29 21:34:43
tk_18694722	tiki	117147637	beauty	Sữa rửa mặt Simple giúp cấp ẩm, da trông khỏe và mịn màng - cho da khô nhạy cảm 150ml [CHÍNH HÃNG ĐỘC QUYỀN] [MỚI]		4	Không gây kích ứng với da nhạy cảm của mình, rửa xong da mặt không bị khô😎	2023-01-29 08:32:26	2026-09-29 21:34:43
tk_19708902	tiki	117147637	beauty	Sữa rửa mặt Simple giúp cấp ẩm, da trông khỏe và mịn màng - cho da khô nhạy cảm 150ml [CHÍNH HÃNG ĐỘC QUYỀN] [MỚI]		5	Cực kì hài lòng	2024-01-03 17:19:51	2026-09-29 21:34:43
tk_19691176	tiki	117147637	beauty	Sữa rửa mặt Simple giúp cấp ẩm, da trông khỏe và mịn màng - cho da khô nhạy cảm 150ml [CHÍNH HÃNG ĐỘC QUYỀN] [MỚI]		5	Cực kì hài lòng	2023-12-22 22:08:05	2026-09-29 21:34:45
tk_19016871	tiki	117147637	beauty	Sữa rửa mặt Simple giúp cấp ẩm, da trông khỏe và mịn màng - cho da khô nhạy cảm 150ml [CHÍNH HÃNG ĐỘC QUYỀN] [MỚI]		5	Rất OK, cảm ơn shop	2023-03-27 15:42:27	2026-09-29 21:34:45
tk_13895031	tiki	117147637	beauty	Sữa rửa mặt Simple giúp cấp ẩm, da trông khỏe và mịn màng - cho da khô nhạy cảm 150ml [CHÍNH HÃNG ĐỘC QUYỀN] [MỚI]		5	giao hàng nhanh	2021-12-17 17:23:27	2026-09-29 21:34:45
tk_16999883	tiki	117147637	beauty	Sữa rửa mặt Simple giúp cấp ẩm, da trông khỏe và mịn màng - cho da khô nhạy cảm 150ml [CHÍNH HÃNG ĐỘC QUYỀN] [MỚI]		5	tốt	2022-07-09 13:55:03	2026-09-29 21:34:45
tk_19661600	tiki	117147637	beauty	Sữa rửa mặt Simple giúp cấp ẩm, da trông khỏe và mịn màng - cho da khô nhạy cảm 150ml [CHÍNH HÃNG ĐỘC QUYỀN] [MỚI]		5	Cực kì hài lòng	2023-11-25 12:41:00	2026-09-29 21:34:45
tk_16025121	tiki	117147637	beauty	Sữa rửa mặt Simple giúp cấp ẩm, da trông khỏe và mịn màng - cho da khô nhạy cảm 150ml [CHÍNH HÃNG ĐỘC QUYỀN] [MỚI]		2	sp mua nhưng chưa dùng ,Tôi băn khoăn là sp ko có bất kì bảo hiểm gì để yên tâm ruột bên trong còn NGUYÊN hoặc CHÍNH HÃNG ???	2022-04-21 12:09:16	2026-09-29 21:34:45
tk_17026542	tiki	117147637	beauty	Sữa rửa mặt Simple giúp cấp ẩm, da trông khỏe và mịn màng - cho da khô nhạy cảm 150ml [CHÍNH HÃNG ĐỘC QUYỀN] [MỚI]		5	135/13/16 kp2, đường Hoàng Diệu, phường Xuân Thanh , Thành phố Long Khánh.	2022-07-11 15:18:12	2026-09-29 21:34:45
tk_19643519	tiki	117147637	beauty	Sữa rửa mặt Simple giúp cấp ẩm, da trông khỏe và mịn màng - cho da khô nhạy cảm 150ml [CHÍNH HÃNG ĐỘC QUYỀN] [MỚI]		5	Cực kì hài lòng	2023-11-12 21:06:01	2026-09-29 21:34:45
tk_19625666	tiki	117147637	beauty	Sữa rửa mặt Simple giúp cấp ẩm, da trông khỏe và mịn màng - cho da khô nhạy cảm 150ml [CHÍNH HÃNG ĐỘC QUYỀN] [MỚI]		5	Cực kì hài lòng	2023-11-02 19:35:51	2026-09-29 21:34:45
tk_19623077	tiki	117147637	beauty	Sữa rửa mặt Simple giúp cấp ẩm, da trông khỏe và mịn màng - cho da khô nhạy cảm 150ml [CHÍNH HÃNG ĐỘC QUYỀN] [MỚI]		5	Cực kì hài lòng	2023-11-01 12:51:56	2026-09-29 21:34:45
tk_19615359	tiki	117147637	beauty	Sữa rửa mặt Simple giúp cấp ẩm, da trông khỏe và mịn màng - cho da khô nhạy cảm 150ml [CHÍNH HÃNG ĐỘC QUYỀN] [MỚI]		5	Cực kì hài lòng	2023-10-27 23:00:00	2026-09-29 21:34:45
tk_17740152	tiki	117147637	beauty	Sữa rửa mặt Simple giúp cấp ẩm, da trông khỏe và mịn màng - cho da khô nhạy cảm 150ml [CHÍNH HÃNG ĐỘC QUYỀN] [MỚI]		5	chưa sử dụng nhưng chắc ok vì chính hãng. dc tăng 1 chai tây trang 200ml. rất hời. thanks.	2022-09-19 19:21:03	2026-09-29 21:34:45
tk_19558937	tiki	117147637	beauty	Sữa rửa mặt Simple giúp cấp ẩm, da trông khỏe và mịn màng - cho da khô nhạy cảm 150ml [CHÍNH HÃNG ĐỘC QUYỀN] [MỚI]		4	Hài lòng	2023-09-29 15:30:23	2026-09-29 21:34:45
tk_18765165	tiki	117147637	beauty	Sữa rửa mặt Simple giúp cấp ẩm, da trông khỏe và mịn màng - cho da khô nhạy cảm 150ml [CHÍNH HÃNG ĐỘC QUYỀN] [MỚI]		5	Làm sạch sâu, k kích ứng, nhiều bọt hơn loại cũ.	2023-02-08 18:50:50	2026-09-29 21:34:45
tk_19532925	tiki	117147637	beauty	Sữa rửa mặt Simple giúp cấp ẩm, da trông khỏe và mịn màng - cho da khô nhạy cảm 150ml [CHÍNH HÃNG ĐỘC QUYỀN] [MỚI]		5	Cực kì hài lòng	2023-09-16 11:12:12	2026-09-29 21:34:45
tk_16925095	tiki	117147637	beauty	Sữa rửa mặt Simple giúp cấp ẩm, da trông khỏe và mịn màng - cho da khô nhạy cảm 150ml [CHÍNH HÃNG ĐỘC QUYỀN] [MỚI]		1	vì sao mình mua 3 sản phẩm mà không được tặng quà vậy ạ	2022-07-03 14:07:16	2026-09-29 21:34:45
tk_19464733	tiki	117147637	beauty	Sữa rửa mặt Simple giúp cấp ẩm, da trông khỏe và mịn màng - cho da khô nhạy cảm 150ml [CHÍNH HÃNG ĐỘC QUYỀN] [MỚI]		5	Cực kì hài lòng	2023-08-17 11:42:17	2026-09-29 21:34:45
tk_19444290	tiki	117147637	beauty	Sữa rửa mặt Simple giúp cấp ẩm, da trông khỏe và mịn màng - cho da khô nhạy cảm 150ml [CHÍNH HÃNG ĐỘC QUYỀN] [MỚI]		5	Cực kì hài lòng	2023-08-09 06:53:35	2026-09-29 21:34:45
tk_17806447	tiki	117147637	beauty	Sữa rửa mặt Simple giúp cấp ẩm, da trông khỏe và mịn màng - cho da khô nhạy cảm 150ml [CHÍNH HÃNG ĐỘC QUYỀN] [MỚI]		5	Không nặng mùi, ít bọt, sau khi rửa da không khô rát, khá là dễ chịu	2022-09-27 08:52:14	2026-09-29 21:34:45
tk_15028275	tiki	117147637	beauty	Sữa rửa mặt Simple giúp cấp ẩm, da trông khỏe và mịn màng - cho da khô nhạy cảm 150ml [CHÍNH HÃNG ĐỘC QUYỀN] [MỚI]		5	Kình dùng cảm thấy hơi dính, nhưng không bị khô mặt hay mụn, cơ bản là hợp ạ	2022-02-18 22:49:28	2026-09-29 21:34:45
tk_19429714	tiki	117147637	beauty	Sữa rửa mặt Simple giúp cấp ẩm, da trông khỏe và mịn màng - cho da khô nhạy cảm 150ml [CHÍNH HÃNG ĐỘC QUYỀN] [MỚI]		5	Cực kì hài lòng	2023-08-03 13:40:35	2026-09-29 21:34:46
tk_15027626	tiki	117147637	beauty	Sữa rửa mặt Simple giúp cấp ẩm, da trông khỏe và mịn màng - cho da khô nhạy cảm 150ml [CHÍNH HÃNG ĐỘC QUYỀN] [MỚI]		5	Sản phẩm đúng với mô tả, mình chưa sử dụng nên chưa biết hiệu quả như nào	2022-02-18 22:09:08	2026-09-29 21:34:46
tk_15894392	tiki	117147637	beauty	Sữa rửa mặt Simple giúp cấp ẩm, da trông khỏe và mịn màng - cho da khô nhạy cảm 150ml [CHÍNH HÃNG ĐỘC QUYỀN] [MỚI]		5	dịu nhẹ. ko thấy bị kích ứng. dùng để rửa vào buổi sáng ok.	2022-04-12 21:29:01	2026-09-29 21:34:46
tk_18769200	tiki	117147637	beauty	Sữa rửa mặt Simple giúp cấp ẩm, da trông khỏe và mịn màng - cho da khô nhạy cảm 150ml [CHÍNH HÃNG ĐỘC QUYỀN] [MỚI]		5	Dịu nhẹ lắm, rửa mặt ẩm mịn	2023-02-09 12:03:58	2026-09-29 21:34:46
tk_17575827	tiki	117147637	beauty	Sữa rửa mặt Simple giúp cấp ẩm, da trông khỏe và mịn màng - cho da khô nhạy cảm 150ml [CHÍNH HÃNG ĐỘC QUYỀN] [MỚI]		5	Tốt cho da mụn ko khô mịn màng	2022-09-01 14:48:34	2026-09-29 21:34:46
tk_19305509	tiki	117147637	beauty	Sữa rửa mặt Simple giúp cấp ẩm, da trông khỏe và mịn màng - cho da khô nhạy cảm 150ml [CHÍNH HÃNG ĐỘC QUYỀN] [MỚI]		5	Cực kì hài lòng	2023-06-18 16:28:02	2026-09-29 21:34:46
tk_15519875	tiki	117147637	beauty	Sữa rửa mặt Simple giúp cấp ẩm, da trông khỏe và mịn màng - cho da khô nhạy cảm 150ml [CHÍNH HÃNG ĐỘC QUYỀN] [MỚI]		4	Rất hài long so,tiki giao hàng qua chậm gẩn 1tháng mới nhận đuoc.	2022-03-20 19:51:00	2026-09-29 21:34:46
tk_17298938	tiki	117147637	beauty	Sữa rửa mặt Simple giúp cấp ẩm, da trông khỏe và mịn màng - cho da khô nhạy cảm 150ml [CHÍNH HÃNG ĐỘC QUYỀN] [MỚI]		4	Giao hàng nhanh, dùng rất thích k khô da nhưng bao bì sp nhìn cũ dính bẩn	2022-08-04 17:01:26	2026-09-29 21:34:46
tk_17088661	tiki	117147637	beauty	Sữa rửa mặt Simple giúp cấp ẩm, da trông khỏe và mịn màng - cho da khô nhạy cảm 150ml [CHÍNH HÃNG ĐỘC QUYỀN] [MỚI]		1	Hình đăng mẫu mới nhưng giao mẫu cũ	2022-07-16 15:19:58	2026-09-29 21:34:46
tk_19286856	tiki	117147637	beauty	Sữa rửa mặt Simple giúp cấp ẩm, da trông khỏe và mịn màng - cho da khô nhạy cảm 150ml [CHÍNH HÃNG ĐỘC QUYỀN] [MỚI]		5	Cực kì hài lòng	2023-06-12 16:13:14	2026-09-29 21:34:46
tk_19269416	tiki	117147637	beauty	Sữa rửa mặt Simple giúp cấp ẩm, da trông khỏe và mịn màng - cho da khô nhạy cảm 150ml [CHÍNH HÃNG ĐỘC QUYỀN] [MỚI]		5	Cực kì hài lòng	2023-06-07 14:15:27	2026-09-29 21:34:46
tk_14837768	tiki	117147637	beauty	Sữa rửa mặt Simple giúp cấp ẩm, da trông khỏe và mịn màng - cho da khô nhạy cảm 150ml [CHÍNH HÃNG ĐỘC QUYỀN] [MỚI]		5	tin tưởng khi mua hàng tiki tranding nên k đắn đo gì về hàng fake hay auth	2022-02-08 10:01:06	2026-09-29 21:34:46
tk_13539522	tiki	117147637	beauty	Sữa rửa mặt Simple giúp cấp ẩm, da trông khỏe và mịn màng - cho da khô nhạy cảm 150ml [CHÍNH HÃNG ĐỘC QUYỀN] [MỚI]		5	Tiki giao hàng nhanh đóng gói cẩn thận đúng chuẩn hàng có kèm quà tặng luôn rất ưng	2021-11-30 20:38:17	2026-09-29 21:34:46
tk_19247677	tiki	117147637	beauty	Sữa rửa mặt Simple giúp cấp ẩm, da trông khỏe và mịn màng - cho da khô nhạy cảm 150ml [CHÍNH HÃNG ĐỘC QUYỀN] [MỚI]		5	Cực kì hài lòng	2023-05-31 17:08:52	2026-09-29 21:34:46
tk_17130872	tiki	117147637	beauty	Sữa rửa mặt Simple giúp cấp ẩm, da trông khỏe và mịn màng - cho da khô nhạy cảm 150ml [CHÍNH HÃNG ĐỘC QUYỀN] [MỚI]		5	ok em cũng thấy vậy cũng tốt mà	2022-07-20 03:38:51	2026-09-29 21:34:46
tk_19177635	tiki	117147637	beauty	Sữa rửa mặt Simple giúp cấp ẩm, da trông khỏe và mịn màng - cho da khô nhạy cảm 150ml [CHÍNH HÃNG ĐỘC QUYỀN] [MỚI]		5	Ok	2023-05-09 22:14:20	2026-09-29 21:34:46
tk_19163567	tiki	117147637	beauty	Sữa rửa mặt Simple giúp cấp ẩm, da trông khỏe và mịn màng - cho da khô nhạy cảm 150ml [CHÍNH HÃNG ĐỘC QUYỀN] [MỚI]		5	Cực kì hài lòng	2023-05-06 07:55:28	2026-09-29 21:34:46
tk_18492259	tiki	117147637	beauty	Sữa rửa mặt Simple giúp cấp ẩm, da trông khỏe và mịn màng - cho da khô nhạy cảm 150ml [CHÍNH HÃNG ĐỘC QUYỀN] [MỚI]		5	SRM sạch, ẩm, khá okie nha mn	2022-12-24 11:14:48	2026-09-29 21:34:46
tk_19136920	tiki	117147637	beauty	Sữa rửa mặt Simple giúp cấp ẩm, da trông khỏe và mịn màng - cho da khô nhạy cảm 150ml [CHÍNH HÃNG ĐỘC QUYỀN] [MỚI]		5	Cực kì hài lòng	2023-04-27 10:58:39	2026-09-29 21:34:46
tk_15725592	tiki	117147637	beauty	Sữa rửa mặt Simple giúp cấp ẩm, da trông khỏe và mịn màng - cho da khô nhạy cảm 150ml [CHÍNH HÃNG ĐỘC QUYỀN] [MỚI]		5	Giao nhanh hàng tốt mọi người nên mua ủng hộ nha	2022-04-01 22:42:45	2026-09-29 21:34:46
tk_18975440	tiki	2397037	beauty	Sữa Rửa Mặt Tạo Bọt Chiết Xuất Đất Sét Trắng Senka Perfect White Clay New 14840 (120g)		4	Mua giùm bạn mình. Phản hồi: làm sạch, không bị quá khô da, hiệu quả làm trắng da, giảm thâm mụn, giảm mụn thì khó biết, tin thương hiệu thì dùng thôi. Giá cả lên xuống không biết đâu mà lần, đôi khi mua phải lúc giá cao. Hơn 90k/tuýp cũng tạm ổn nếu đúng hàng Nhật. Xin phép copy đánh giá này cho mấy sản phẩm sữa rửa mặt mua cùng.	2023-03-18 13:17:55	2026-09-29 21:34:53
tk_20259074	tiki	2397037	beauty	Sữa Rửa Mặt Tạo Bọt Chiết Xuất Đất Sét Trắng Senka Perfect White Clay New 14840 (120g)		5	Cực kì hài lòng	2026-09-07 20:15:15	2026-09-29 21:34:53
tk_19330810	tiki	2397037	beauty	Sữa Rửa Mặt Tạo Bọt Chiết Xuất Đất Sét Trắng Senka Perfect White Clay New 14840 (120g)		3	Chính sách để là mua 1 tặng 1 nhưng chỉ có 1 , nói chung cam giác như bị lùa vì ta dùng câu chữ, k tặng thì để 1 chai , quảng cáo thật phản cảm, tranh thủ ta nghỉ trưa vô mua tí mà thấy mất vui	2023-06-27 18:27:15	2026-09-29 21:34:53
tk_20214257	tiki	2397037	beauty	Sữa Rửa Mặt Tạo Bọt Chiết Xuất Đất Sét Trắng Senka Perfect White Clay New 14840 (120g)		5	Tốt	2026-02-23 11:41:05	2026-09-29 21:34:53
tk_20190601	tiki	2397037	beauty	Sữa Rửa Mặt Tạo Bọt Chiết Xuất Đất Sét Trắng Senka Perfect White Clay New 14840 (120g)		5	Ok	2025-11-14 18:10:05	2026-09-29 21:34:53
tk_2983430	tiki	2397037	beauty	Sữa Rửa Mặt Tạo Bọt Chiết Xuất Đất Sét Trắng Senka Perfect White Clay New 14840 (120g)		4	Đối vs cá nhân mình mà nói, ngày trước mình đã từng là “fan cứng” của Tiki. Nhưng có một thời gian dài mình thất vọng về Tiki rất nhiều, cả về cách phục vụ cũng như đội ngũ giao hàng của Tiki. Mình đã thất vọng tột độ khi thái độ phục vụ thiếu chuyên nghiệp của shipper, cũng như chất lươngk của các sản phẩm mình từng mua trước đó nên có một thời gian dài, mình k muốn đặt hàng ở trên Tiki nữa. Nhưng hôm nay, mình quyết định đặt mặt hàng này, phần vì rất rẻ, mà bản thân cũng còn một chút hy vọng mong manh về chất lượng các sản phẩm có mặt trên Tiki nên mình quyết định đặt mua. Uh, trc khi mua, mình có xem feedback của các bạn về sản phẩm cũng như cách giao hàng thiếu chuyên nghiệp nên mình cũng lo lo. Sau khi đặt xong và đến lúc nhận hàng thì mình thực sự ghi nhận sự tiếp thu và cầu tiến của Tiki khi đã nhận phản hồi không mấy tích cực về thái độ phục vụ. Lần giao hàng lần này, như các bạn thấy trên hình, hộp rất đẹp và chắc chắn, bên ngoài còn dán tem màu vàng đề chữ: “ Chú ý hàng dễ vỡ” . Bên trong hộp, sản phẩm cũng đã được bọc bên ngoài một lớp nilon và còn dán tem của nhà nhập khẩu. Thái độ shipper nhẹ nhàng, không “đầu mấu” như những lần giao hàng trc mà mình đã từng nhận ( Cũng có thể bởi vì là phụ nữ). Nói chung, đánh giá tổng quan một lần nữa, mình thực sự, thực dự ghi nhận sự cô gắng, tiếp thu cũng như sự khắc phục những nhược điểm mà còn tồn tại. Cảm ơn các bạn đội ngũ Tiki. Hãy cứ tiếp tục cố gắng như này nhé. Thân gửi!	2020-02-11 19:07:14	2026-09-29 21:34:53
tk_20036030	tiki	2397037	beauty	Sữa Rửa Mặt Tạo Bọt Chiết Xuất Đất Sét Trắng Senka Perfect White Clay New 14840 (120g)		5	Cực kì hài lòng	2024-11-23 12:06:48	2026-09-29 21:34:53
tk_9240182	tiki	2397037	beauty	Sữa Rửa Mặt Tạo Bọt Chiết Xuất Đất Sét Trắng Senka Perfect White Clay New 14840 (120g)		1	Hàng quá *** nên Không biết hàng thật hay hàng giả, nhãn hạn sử dụng dán tuỳ tiện không giông sản phẩm đã mua trước đây, đề nghị đổi hàng khác đúng chuẩn	2021-04-22 16:50:32	2026-09-29 21:34:53
tk_9945294	tiki	2397037	beauty	Sữa Rửa Mặt Tạo Bọt Chiết Xuất Đất Sét Trắng Senka Perfect White Clay New 14840 (120g)		5	sữa rửa mặt này mình đã từng dùng qua, giá trên tiki hời quá nên nhấc luôn 2 ẻm, rửa mặt sạch, có chút căng kít nhưng mình mua cho anh trai, da đi làm về mồ hôi nhiều dầu thì oke lắm	2021-05-25 10:28:18	2026-09-29 21:34:53
tk_17425318	tiki	2397037	beauty	Sữa Rửa Mặt Tạo Bọt Chiết Xuất Đất Sét Trắng Senka Perfect White Clay New 14840 (120g)		5	Srm tạo bọt cực tốt, rửa rất êm. Giá lại còn quá ổn áp. Da bạn nào không có quá nhiều vấn đề thì không cần lăn tăn	2022-08-15 23:23:57	2026-09-29 21:34:53
tk_7758982	tiki	2397037	beauty	Sữa Rửa Mặt Tạo Bọt Chiết Xuất Đất Sét Trắng Senka Perfect White Clay New 14840 (120g)		5	sản phẩm được đóng gói kĩ nhưng chưa có chống xóc,đây chắc là lô mới nên sx vào 2020,tuy chưa dùng nhưng những sp của senka mình dùng đều cảm thấy tốt và giao hàng cx khá nhanh.khá mong đợi về sp	2021-02-17 15:35:40	2026-09-29 21:34:53
tk_19348059	tiki	2397037	beauty	Sữa Rửa Mặt Tạo Bọt Chiết Xuất Đất Sét Trắng Senka Perfect White Clay New 14840 (120g)		4	sản phẩm có khuyến mãi nhưng chưa nhận quà	2023-07-04 08:06:55	2026-09-29 21:34:53
tk_5767867	tiki	2397037	beauty	Sữa Rửa Mặt Tạo Bọt Chiết Xuất Đất Sét Trắng Senka Perfect White Clay New 14840 (120g)		4	Với mức giá hợp lý như vậy và làm đúng chức năng rửa mặt cho sạch thì mình recommend sản phẩm này nhé! Nói chung đáp ứng được những gì đưa ra cho 1 chai sữa rửa mặt: SẠCH. Còn sau khi rửa nếu ai không quen sẽ thấy hơi căng da, nhưng không sao, mình sẽ làm tiếp các bước skincare để bù đắp vì da đã sạch sẽ lắm rồi mà!	2020-11-27 10:30:01	2026-09-29 21:34:53
tk_19096324	tiki	2397037	beauty	Sữa Rửa Mặt Tạo Bọt Chiết Xuất Đất Sét Trắng Senka Perfect White Clay New 14840 (120g)		5	Rất tốt, xài êm, hình ảnh chỉ thêm để đánh giá	2023-04-16 08:48:48	2026-09-29 21:34:53
tk_16863068	tiki	2397037	beauty	Sữa Rửa Mặt Tạo Bọt Chiết Xuất Đất Sét Trắng Senka Perfect White Clay New 14840 (120g)		5	sản phẩm rất ok, tiki giao hàng nhanh, đóng gói kỹ càng, mình mua tiki rất nhìu lần và lần nào cũng hài lòng cả	2022-06-27 22:04:52	2026-09-29 21:34:53
tk_12902743	tiki	2397037	beauty	Sữa Rửa Mặt Tạo Bọt Chiết Xuất Đất Sét Trắng Senka Perfect White Clay New 14840 (120g)		5	Hàng về nhanh hơn dự kiến, mua lúc chưa sale nên chỉ được 1 phần quà. Mùi thơm dễ chịu	2021-10-29 18:11:54	2026-09-29 21:34:53
tk_19832238	tiki	2397037	beauty	Sữa Rửa Mặt Tạo Bọt Chiết Xuất Đất Sét Trắng Senka Perfect White Clay New 14840 (120g)		5	Cực kì hài lòng	2024-04-05 09:08:58	2026-09-29 21:34:53
tk_19293514	tiki	2397037	beauty	Sữa Rửa Mặt Tạo Bọt Chiết Xuất Đất Sét Trắng Senka Perfect White Clay New 14840 (120g)		1	Cực kỳ thất vọng mình mua tới 3 lọ mà date có 2024.date cũ	2023-06-14 17:24:12	2026-09-29 21:34:53
tk_7940853	tiki	2397037	beauty	Sữa Rửa Mặt Tạo Bọt Chiết Xuất Đất Sét Trắng Senka Perfect White Clay New 14840 (120g)		5	Sản phẩm này rất hợp với mình. Dạ mình rất nhạy cảm sử dụng các sản phẩm khác hay bị ngứa và đỏ nhưng sử dụng cái này thì rất ổn. Sau khi rửa xong thì thấy da mặt sạch và sáng hơn.	2021-02-24 06:01:18	2026-09-29 21:34:53
tk_3751508	tiki	2397037	beauty	Sữa Rửa Mặt Tạo Bọt Chiết Xuất Đất Sét Trắng Senka Perfect White Clay New 14840 (120g)		2	Mình cảm thấy TIKI dạo này kiểu cứ bị lùi dần ý , lúc trước gói hàng đối với mặt hàng sửa rửa mặt như thế này rất kĩ lượng , bây giờ chỉ bỏ trong túi nilong là xong . Đặc biệt còn tính phí ship các kiểu , vòn dĩ định đặt thêm vài thứ linh tinh mà nhìn tiền ship phát hoảng . 2 sao dành cho TIKI. Còn chất lượng sản phẩm 4 sao nha da mạnh hãy sử dụng nếu không dễ bị khô da nhé .	2020-06-08 15:06:26	2026-09-29 21:34:53
tk_13793689	tiki	2397037	beauty	Sữa Rửa Mặt Tạo Bọt Chiết Xuất Đất Sét Trắng Senka Perfect White Clay New 14840 (120g)		5	Nói chung là cũng khá ôcê đó ạ. Sạch sẽ thơm tho gọn gàng đầy đủ. Chưa dùng nên chưa đánh giá sâu hơn được ạ.	2021-12-13 13:58:57	2026-09-29 21:34:57
tk_7348351	tiki	2397037	beauty	Sữa Rửa Mặt Tạo Bọt Chiết Xuất Đất Sét Trắng Senka Perfect White Clay New 14840 (120g)		5	đã dùng sản phẩm senka nhiều cảm thấy ổn. sữa rửa mặt sạch nhưng cảm giác hơi khô da. shipper nhiệt tình vui vẻ	2021-01-29 14:40:04	2026-09-29 21:34:57
tk_3199322	tiki	2397037	beauty	Sữa Rửa Mặt Tạo Bọt Chiết Xuất Đất Sét Trắng Senka Perfect White Clay New 14840 (120g)		4	Sản phẩm được dán nhãn hàng rất dễ vỡ, có nhét thêm giấy để cố định, tránh xô lệch trong quá trình vận chuyển. Giao sớm hơn 2 ngày số với dự kiến. Mình chưa dùng thử nên không biết có gặp vấn đề gì không.	2020-03-19 11:10:51	2026-09-29 21:34:57
tk_2769923	tiki	2397037	beauty	Sữa Rửa Mặt Tạo Bọt Chiết Xuất Đất Sét Trắng Senka Perfect White Clay New 14840 (120g)		2	tiki giao hàng nhanh, hàng không được bọc chống sốc, nhìn vỏ sp có nhiều vết bẩn, chỗ ngày sx bị bong tróc...thật sự nghi ngờ chất lượng sản phẩm...à mình mua của thành thuận thiên. Tin tưởng tiki nhưng lần này thật sự thất vọng	2019-12-23 16:02:39	2026-09-29 21:34:57
tk_19287173	tiki	2397037	beauty	Sữa Rửa Mặt Tạo Bọt Chiết Xuất Đất Sét Trắng Senka Perfect White Clay New 14840 (120g)		5	Dùng ok. Hạn sd còn trên 1 năm	2023-06-12 18:24:17	2026-09-29 21:34:57
tk_3018000	tiki	2397037	beauty	Sữa Rửa Mặt Tạo Bọt Chiết Xuất Đất Sét Trắng Senka Perfect White Clay New 14840 (120g)		5	Tiki giao hàng nhanh, đóng gói kĩ càng, chắc chắn. Hôm nay là ngày thứ 3 mình dùng sản phẩm. Da mình thuộc loại da dầu, ít mụn. Mình dùng thì cảm giác làm sạch sâu, khi mới rửa xong thì da hơi khô căng một tí. Tầm 5-10p sau thì mịn đã đời luôn. Mình đã đọc và tìm hiểu trước khi mua nên cũng biết trước được những tác dụng này. Lần đầu dùng Senka, khá ưng ý ! Đang đặt mua thêm nước tẩy trang và kem chống nắng của Senka !	2020-02-18 12:12:52	2026-09-29 21:34:57
tk_17636215	tiki	2397037	beauty	Sữa Rửa Mặt Tạo Bọt Chiết Xuất Đất Sét Trắng Senka Perfect White Clay New 14840 (120g)		5	Sản phẩm đóng gói không kĩ càng, hàng dùng ok, độ mới của vỏ là 80%	2022-09-08 22:36:19	2026-09-29 21:34:57
tk_17492851	tiki	2397037	beauty	Sữa Rửa Mặt Tạo Bọt Chiết Xuất Đất Sét Trắng Senka Perfect White Clay New 14840 (120g)		5	mình rất hài lòng, srm dịu nhẹ, mềm da	2022-08-22 19:43:00	2026-09-29 21:34:57
tk_8555904	tiki	2397037	beauty	Sữa Rửa Mặt Tạo Bọt Chiết Xuất Đất Sét Trắng Senka Perfect White Clay New 14840 (120g)		5	giao hàng nhanh thích lắm đặt trưa hôm qua mà trưa hôm nay có rồi, đóng gói cẩn thận ok lắm, chưa dùng nên k bt sao, nếu chất lượng ok thì ủng hộ tiếp	2021-03-21 12:36:11	2026-09-29 21:34:57
tk_16791423	tiki	2397037	beauty	Sữa Rửa Mặt Tạo Bọt Chiết Xuất Đất Sét Trắng Senka Perfect White Clay New 14840 (120g)		5	Giao hàng nhanh, đóng gói cẩn thận. Chất lượng tốt	2022-06-21 19:23:01	2026-09-29 21:34:57
tk_19395818	tiki	2397037	beauty	Sữa Rửa Mặt Tạo Bọt Chiết Xuất Đất Sét Trắng Senka Perfect White Clay New 14840 (120g)		5	Cực kì hài lòng	2023-07-20 22:07:49	2026-09-29 21:34:57
tk_19387459	tiki	2397037	beauty	Sữa Rửa Mặt Tạo Bọt Chiết Xuất Đất Sét Trắng Senka Perfect White Clay New 14840 (120g)		4	Hài lòng	2023-07-17 21:40:23	2026-09-29 21:34:57
tk_18204440	tiki	2397037	beauty	Sữa Rửa Mặt Tạo Bọt Chiết Xuất Đất Sét Trắng Senka Perfect White Clay New 14840 (120g)		5	rất thích sf này	2022-11-14 14:06:47	2026-09-29 21:34:57
tk_19373025	tiki	2397037	beauty	Sữa Rửa Mặt Tạo Bọt Chiết Xuất Đất Sét Trắng Senka Perfect White Clay New 14840 (120g)		5	Cực kì hài lòng	2023-07-12 17:47:30	2026-09-29 21:34:57
tk_16256938	tiki	2397037	beauty	Sữa Rửa Mặt Tạo Bọt Chiết Xuất Đất Sét Trắng Senka Perfect White Clay New 14840 (120g)		2	Không thấy có quà tặng kèm dù shop để là có quà tặng	2022-05-09 12:56:04	2026-09-29 21:34:57
tk_19327823	tiki	2397037	beauty	Sữa Rửa Mặt Tạo Bọt Chiết Xuất Đất Sét Trắng Senka Perfect White Clay New 14840 (120g)		5	Cực kì hài lòng	2023-06-26 16:38:53	2026-09-29 21:34:57
tk_17357547	tiki	2397037	beauty	Sữa Rửa Mặt Tạo Bọt Chiết Xuất Đất Sét Trắng Senka Perfect White Clay New 14840 (120g)		3	Hàng sản xuất năm 2021, chưa thấy gởi hàng tặng, không biết có không	2022-08-09 20:16:26	2026-09-29 21:34:57
tk_19179268	tiki	2397037	beauty	Sữa Rửa Mặt Tạo Bọt Chiết Xuất Đất Sét Trắng Senka Perfect White Clay New 14840 (120g)		5	Tốt sạch	2023-05-10 12:32:23	2026-09-29 21:34:57
tk_19252272	tiki	2397037	beauty	Sữa Rửa Mặt Tạo Bọt Chiết Xuất Đất Sét Trắng Senka Perfect White Clay New 14840 (120g)		5	Cực kì hài lòng	2023-06-02 06:24:52	2026-09-29 21:34:57
tk_17263186	tiki	2397037	beauty	Sữa Rửa Mặt Tạo Bọt Chiết Xuất Đất Sét Trắng Senka Perfect White Clay New 14840 (120g)		5	Giao hàng nhanh, giá sale tốt.	2022-08-01 06:46:15	2026-09-29 21:34:57
tk_17812867	tiki	2397037	beauty	Sữa Rửa Mặt Tạo Bọt Chiết Xuất Đất Sét Trắng Senka Perfect White Clay New 14840 (120g)		5	Hàng chính hãng	2022-09-27 21:35:00	2026-09-29 21:34:59
tk_19192253	tiki	2397037	beauty	Sữa Rửa Mặt Tạo Bọt Chiết Xuất Đất Sét Trắng Senka Perfect White Clay New 14840 (120g)		5	Cực kì hài lòng	2023-05-14 09:56:32	2026-09-29 21:34:59
tk_15500392	tiki	2397037	beauty	Sữa Rửa Mặt Tạo Bọt Chiết Xuất Đất Sét Trắng Senka Perfect White Clay New 14840 (120g)		5	chưa dùng mua để đấy nên chưa đánh giá chất lượng.	2022-03-19 15:45:10	2026-09-29 21:34:59
tk_19142661	tiki	2397037	beauty	Sữa Rửa Mặt Tạo Bọt Chiết Xuất Đất Sét Trắng Senka Perfect White Clay New 14840 (120g)		4	Hài lòng	2023-04-29 06:06:26	2026-09-29 21:34:59
tk_14417667	tiki	2397037	beauty	Sữa Rửa Mặt Tạo Bọt Chiết Xuất Đất Sét Trắng Senka Perfect White Clay New 14840 (120g)		5	hàng chất lượng tốt. giao hàng nhanh. đóng gói cẩn thận. sẽ ủng hộ shop thêm nhiều nhiều lần nữa	2022-01-12 23:17:14	2026-09-29 21:34:59
tk_19062888	tiki	2397037	beauty	Sữa Rửa Mặt Tạo Bọt Chiết Xuất Đất Sét Trắng Senka Perfect White Clay New 14840 (120g)		5	Cực kì hài lòng	2023-04-07 11:46:57	2026-09-29 21:34:59
tk_19057875	tiki	2397037	beauty	Sữa Rửa Mặt Tạo Bọt Chiết Xuất Đất Sét Trắng Senka Perfect White Clay New 14840 (120g)		5	Cực kì hài lòng	2023-04-06 09:17:37	2026-09-29 21:34:59
tk_11029815	tiki	2397037	beauty	Sữa Rửa Mặt Tạo Bọt Chiết Xuất Đất Sét Trắng Senka Perfect White Clay New 14840 (120g)		5	sản phẩm đúng hình, giao hàng nhanh chóng khi đang dịch bệnh covid 19	2021-07-10 08:55:32	2026-09-29 21:34:59
tk_13887632	tiki	2397037	beauty	Sữa Rửa Mặt Tạo Bọt Chiết Xuất Đất Sét Trắng Senka Perfect White Clay New 14840 (120g)		5	sản phẩm dùng oki .Nhưng bảo có quà tặng mà khi nhận không có .Yêu cầu shop gửi quà tặng lại cho mình	2021-12-17 11:56:29	2026-09-29 21:34:59
tk_12210421	tiki	2397037	beauty	Sữa Rửa Mặt Tạo Bọt Chiết Xuất Đất Sét Trắng Senka Perfect White Clay New 14840 (120g)		3	dùng ok, chỉ có điều sx ngày 23.9.19 và gioè mình nhận chỉ còn 1 tháng là hết hạn -_-	2021-09-15 20:11:13	2026-09-29 21:34:59
tk_17348956	tiki	2397037	beauty	Sữa Rửa Mặt Tạo Bọt Chiết Xuất Đất Sét Trắng Senka Perfect White Clay New 14840 (120g)		1	Mua 1 tặng 1 nhưng đến khi giao thì chỉ giao 1 chai.	2022-08-09 08:49:54	2026-09-29 21:34:59
tk_1872134	tiki	2397037	beauty	Sữa Rửa Mặt Tạo Bọt Chiết Xuất Đất Sét Trắng Senka Perfect White Clay New 14840 (120g)		5	Giao hàng khá nhanh, được bọc hộp và bên trong được gói cẩn thận. Như tất cả các loại sữa rửa mặt của Nhật thì rửa xong đều có cảm giác khô kin kít nhưng mình dùng nước tẩy trang L'Oreal sau đó mới dùng srm thì cảm thấy da rất sạch và mịn màng. Hơn nữa vì sp này có độ pH thấp nên mình rất yên tâm khi dùng hơn là Perfect Whip có độ pH 9.0.	2018-10-14 13:26:08	2026-09-29 21:34:59
tk_11915030	tiki	2397037	beauty	Sữa Rửa Mặt Tạo Bọt Chiết Xuất Đất Sét Trắng Senka Perfect White Clay New 14840 (120g)		5	Đóng gói kỹ lưỡng, lần đầu chuyển sang loại này thử.. Có tặng kèm theo quà.. Cảm ơn	2021-08-19 14:17:54	2026-09-29 21:34:59
tk_16315744	tiki	2397037	beauty	Sữa Rửa Mặt Tạo Bọt Chiết Xuất Đất Sét Trắng Senka Perfect White Clay New 14840 (120g)		5	mình da dầu dùng sp này khá ok	2022-05-13 20:51:20	2026-09-29 21:34:59
tk_18893209	tiki	2397037	beauty	Sữa Rửa Mặt Tạo Bọt Chiết Xuất Đất Sét Trắng Senka Perfect White Clay New 14840 (120g)		5	Cực kì hài lòng	2023-03-03 00:58:25	2026-09-29 21:34:59
tk_16780763	tiki	2397037	beauty	Sữa Rửa Mặt Tạo Bọt Chiết Xuất Đất Sét Trắng Senka Perfect White Clay New 14840 (120g)		5	đóng gói đảm bảo, vận chuyển đúng dự kiến, sp tốt	2022-06-20 21:19:37	2026-09-29 21:34:59
tk_11218011	tiki	2397037	beauty	Sữa Rửa Mặt Tạo Bọt Chiết Xuất Đất Sét Trắng Senka Perfect White Clay New 14840 (120g)		1	Mua 4 túyp thì cả 4 túyp đều rất dơ, bụi bẩn tùm lum, đóng gói sơ sài, tới tay người nhận thì hộp bẹp dúm, dính nước ướt.	2021-07-16 14:24:49	2026-09-29 21:34:59
tk_17111185	tiki	2397037	beauty	Sữa Rửa Mặt Tạo Bọt Chiết Xuất Đất Sét Trắng Senka Perfect White Clay New 14840 (120g)		5	Rửa rất sạch, mình quen dùng loại mỗi này thôi	2022-07-18 15:27:40	2026-09-29 21:34:59
tk_8460669	tiki	2397037	beauty	Sữa Rửa Mặt Tạo Bọt Chiết Xuất Đất Sét Trắng Senka Perfect White Clay New 14840 (120g)		1	Quảng cáo mua 1 tặng 1 full size nhưng k phải ?, lọ bé bên ngoài tuýp còn bẩn và cũ	2021-03-17 08:39:38	2026-09-29 21:34:59
tk_6479407	tiki	2397037	beauty	Sữa Rửa Mặt Tạo Bọt Chiết Xuất Đất Sét Trắng Senka Perfect White Clay New 14840 (120g)		4	Date đợt này hơi gần, sp gói k đc kỹ, k đc bọc gì cả chỉ cho tuýp sữa vào hộp thôi, mở ra thấy nắp tuýp muốn bung chảy kem ra vậy. Tuy nhiên vì sp tốt nên vẫn cho 4 sao	2020-12-25 00:37:21	2026-09-29 21:34:59
tk_16547228	tiki	2397037	beauty	Sữa Rửa Mặt Tạo Bọt Chiết Xuất Đất Sét Trắng Senka Perfect White Clay New 14840 (120g)		1	rửa ko sạch ....tệ quá luôn ít chịt .....uổn tiền rồi	2022-06-02 09:18:15	2026-09-29 21:35:02
tk_15933818	tiki	2397037	beauty	Sữa Rửa Mặt Tạo Bọt Chiết Xuất Đất Sét Trắng Senka Perfect White Clay New 14840 (120g)		4	K thấy ghi hạn sử dụng và hướng dẫn sử dụng bằng tiếng việt	2022-04-15 13:39:57	2026-09-29 21:35:02
tk_16641141	tiki	2397037	beauty	Sữa Rửa Mặt Tạo Bọt Chiết Xuất Đất Sét Trắng Senka Perfect White Clay New 14840 (120g)		5	Dùng rất thích	2022-06-09 08:07:36	2026-09-29 21:35:02
tk_18200216	tiki	2397037	beauty	Sữa Rửa Mặt Tạo Bọt Chiết Xuất Đất Sét Trắng Senka Perfect White Clay New 14840 (120g)		5	Sản phẩm tốt	2022-11-14 00:22:09	2026-09-29 21:35:02
tk_17082855	tiki	2397037	beauty	Sữa Rửa Mặt Tạo Bọt Chiết Xuất Đất Sét Trắng Senka Perfect White Clay New 14840 (120g)		5	sản phẩm dùng rất ok nhé mọi người.	2022-07-16 01:58:17	2026-09-29 21:35:02
tk_16193945	tiki	2397037	beauty	Sữa Rửa Mặt Tạo Bọt Chiết Xuất Đất Sét Trắng Senka Perfect White Clay New 14840 (120g)		5	sp sử dụng ok nha	2022-05-04 22:12:57	2026-09-29 21:35:02
tk_16590899	tiki	2397037	beauty	Sữa Rửa Mặt Tạo Bọt Chiết Xuất Đất Sét Trắng Senka Perfect White Clay New 14840 (120g)		5	Chính hãng	2022-06-05 23:37:20	2026-09-29 21:35:02
tk_18508820	tiki	2397037	beauty	Sữa Rửa Mặt Tạo Bọt Chiết Xuất Đất Sét Trắng Senka Perfect White Clay New 14840 (120g)		5	Cực kì hài lòng	2022-12-26 14:26:01	2026-09-29 21:35:02
tk_2265604	tiki	2397037	beauty	Sữa Rửa Mặt Tạo Bọt Chiết Xuất Đất Sét Trắng Senka Perfect White Clay New 14840 (120g)		5	Sản phẩm được gói kỹ, Trước đây mình đã từng dùng Senka xanh và hồng, từng dùng các dòng sữa rửa mặt khác nhau nhưng đây là một sản phẩm mình ưng ý nhất khi: dưỡng ẩm cho da nhưng không quá nhờn, mang lại cảm giác sạch sâu chứ không phải sạch rin rít, mùi thơm thực vật dịu nhje chứ không phải mùi hương liệu. Rất đáng thử!	2019-06-19 10:10:18	2026-09-29 21:35:02
tk_9963126	tiki	2397037	beauty	Sữa Rửa Mặt Tạo Bọt Chiết Xuất Đất Sét Trắng Senka Perfect White Clay New 14840 (120g)		5	Mình rất thích dùng sữa rửa mặt Nhật bản và Mỹ phẩm bên shop luôn khiến mình hài lòng	2021-05-26 08:32:55	2026-09-29 21:35:02
tk_14644133	tiki	2397037	beauty	Sữa Rửa Mặt Tạo Bọt Chiết Xuất Đất Sét Trắng Senka Perfect White Clay New 14840 (120g)		5	Cực kì hài lòng	2022-01-23 13:40:24	2026-09-29 21:35:02
tk_18436935	tiki	2397037	beauty	Sữa Rửa Mặt Tạo Bọt Chiết Xuất Đất Sét Trắng Senka Perfect White Clay New 14840 (120g)		5	Cực kì hài lòng	2022-12-16 14:52:58	2026-09-29 21:35:02
tk_14632226	tiki	2397037	beauty	Sữa Rửa Mặt Tạo Bọt Chiết Xuất Đất Sét Trắng Senka Perfect White Clay New 14840 (120g)		5	sản phẩm này mình dùng rồi nên mua	2022-01-22 19:58:14	2026-09-29 21:35:02
tk_14771608	tiki	2397037	beauty	Sữa Rửa Mặt Tạo Bọt Chiết Xuất Đất Sét Trắng Senka Perfect White Clay New 14840 (120g)		5	bộ sản phẩm rất tốt, thơm, mình dùng thấy da mềm và mịn hẳn ra	2022-02-01 10:54:14	2026-09-29 21:35:02
tk_10740551	tiki	2397037	beauty	Sữa Rửa Mặt Tạo Bọt Chiết Xuất Đất Sét Trắng Senka Perfect White Clay New 14840 (120g)		1	Đặt mẫu mới nhưng vẫn giao mẫu cũ, bỏ tiền ra mua lại rước bưc vào mình	2021-06-29 11:20:38	2026-09-29 21:35:02
tk_18282118	tiki	2397037	beauty	Sữa Rửa Mặt Tạo Bọt Chiết Xuất Đất Sét Trắng Senka Perfect White Clay New 14840 (120g)		5	Cực kì hài lòng	2022-11-25 10:35:49	2026-09-29 21:35:02
tk_2754019	tiki	2397037	beauty	Sữa Rửa Mặt Tạo Bọt Chiết Xuất Đất Sét Trắng Senka Perfect White Clay New 14840 (120g)		1	Mình là fan ruột của Tiki nhưng chưa bao h mua phải hàng ntn: vỏ lọ srm thì xước, bẩn, bong chóc. Mở nắp ra thì kem lem đầy ra khỏi lọ và đã bắt đầu khô. Mình có thể trả lại hàng cho Tiki đc ko?	2019-12-18 19:54:07	2026-09-29 21:35:02
tk_2192071	tiki	2397037	beauty	Sữa Rửa Mặt Tạo Bọt Chiết Xuất Đất Sét Trắng Senka Perfect White Clay New 14840 (120g)		5	Ko biết đã dùng đến tuýt thứ mấy nữa, mà mình thích loại màu trắng này hơn xanh, chất lượng thì thấy giống nhau nhưng tại cái này có mùi thơm nhè nhẹ thích hơn. Quan trọng là sau khi rửa xong da vẫn còn mềm mịn chứ ko phải khô căng. Đang đợi hết tuýt này để mình dùng thử wa màu hồng ^^	2019-05-11 09:50:05	2026-09-29 21:35:02
tk_18191100	tiki	2397037	beauty	Sữa Rửa Mặt Tạo Bọt Chiết Xuất Đất Sét Trắng Senka Perfect White Clay New 14840 (120g)		5	Cực kì hài lòng	2022-11-12 22:36:03	2026-09-29 21:35:02
tk_2253385	tiki	2397037	beauty	Sữa Rửa Mặt Tạo Bọt Chiết Xuất Đất Sét Trắng Senka Perfect White Clay New 14840 (120g)		4	Cá nhân mình đã sử dụng tuýp màu xanh và màu trắng. Tuýp trắng này thì về tạo bọt, chất bọt cũng như màu xanh, nhưng da kh bị quá căng như lọ màu xanh. Dùng khá thích. Trắng da thì mình chưa rõ nhưng sẽ tiếp tục dùng thử. Đáng tiền	2019-06-12 12:40:33	2026-09-29 21:35:02
tk_14351589	tiki	24862534	beauty	Tinh Chất Tế Bào Gốc Tái Tạo Phục Hồi Trẻ Hoá Da Cấp Ẩm Dưỡng Trắng Chống Lão Hoá Cellkey-Scien White Serum 30ml		5	Nhìn thấy bạn dùng sản phẩm này nên quyết định quất nguyên mấy sản phẩm dưỡng về. Màu xanh mint đẹp lắm. Tinh chất thấm nhanh. Da mình thâm mụn nên dùng em này thấy mấy vết thâm cũng mờ mờ đi nè. Có tem chống giả nữa nên dùng yên tâm hơn nhiều. Đóng gói hàng cẩn thận, giao hàng nhanh	2022-01-09 21:21:20	2026-09-29 21:35:07
tk_14350816	tiki	24862534	beauty	Tinh Chất Tế Bào Gốc Tái Tạo Phục Hồi Trẻ Hoá Da Cấp Ẩm Dưỡng Trắng Chống Lão Hoá Cellkey-Scien White Serum 30ml		5	giao hàng nhanh lắm luôn, đóng gói bao cẩn thận. đặc biệt cực kì ưng bao kì của sản phẩm, đã đẹp dùng còn sướng, thơm nhẹ dùng lên không cảm thấy bị kích ứng sau khi đã sử dụng vài ngày, mua ngay trong đợt giảm giá lại càng ưng hơn	2022-01-09 20:40:54	2026-09-29 21:35:07
tk_14338638	tiki	24862534	beauty	Tinh Chất Tế Bào Gốc Tái Tạo Phục Hồi Trẻ Hoá Da Cấp Ẩm Dưỡng Trắng Chống Lão Hoá Cellkey-Scien White Serum 30ml		5	Đóng gói cẩn thận, nên bạn nào ở xa yên tâm nhé. K sợ trong quá trình ship ảnh hưởng đến sp. Mua cái này cho mẹ dùng, mẹ bảo thơm và dịu nhẹ quá trời (vì da mẹ nhạy cảm). Mua được giá hời quá thích. Nên thử nha mng	2022-01-09 10:25:11	2026-09-29 21:35:07
tk_14350138	tiki	24862534	beauty	Tinh Chất Tế Bào Gốc Tái Tạo Phục Hồi Trẻ Hoá Da Cấp Ẩm Dưỡng Trắng Chống Lão Hoá Cellkey-Scien White Serum 30ml		5	shop gói hàng cực cẩn thận, về đến tay vẫn còn nguyên vẹn không bị móp méo gì hết. Mùi thơn dịu không bị kích ứng da . Sản phầm quá tuyệt còn mua được lúc giá giảm siêu hời luôn. Thích lắm ý👍👍	2022-01-09 20:05:36	2026-09-29 21:35:07
tk_14269976	tiki	24862534	beauty	Tinh Chất Tế Bào Gốc Tái Tạo Phục Hồi Trẻ Hoá Da Cấp Ẩm Dưỡng Trắng Chống Lão Hoá Cellkey-Scien White Serum 30ml		3	quảng cáo hàng chính hãng nhưng kiểm tra mã vạch icheck thì hoàn toàn không biết xuất xứ , và hạn sd ghi in trên bao bì nhưng trên bao bì không có chỉ có 1 mẫu in từ máy tính rồi dán lên lớp nilon bọc sp , shop bán hàng trôi nổi , không uy tín , không dám mua lần nữa	2022-01-05 15:00:40	2026-09-29 21:35:07
tk_14351437	tiki	24862534	beauty	Tinh Chất Tế Bào Gốc Tái Tạo Phục Hồi Trẻ Hoá Da Cấp Ẩm Dưỡng Trắng Chống Lão Hoá Cellkey-Scien White Serum 30ml		5	Mình từng bị dùng kem trộn nên da nhạy cảm, nma dùng nhiều rồi mới thấy sp này ok nhất, Thiết kế đẹp mà vỏ cũng ko bị không khí vào. mn nên thử nhé	2022-01-09 21:13:40	2026-09-29 21:35:07
tk_14332865	tiki	24862534	beauty	Tinh Chất Tế Bào Gốc Tái Tạo Phục Hồi Trẻ Hoá Da Cấp Ẩm Dưỡng Trắng Chống Lão Hoá Cellkey-Scien White Serum 30ml		5	thời gian giao hàng nhanh. mình đã dùng thử sản phẩm, mình cảm thấy rất ưng da thì mịn màng mà còn không hề bị kích ứng dù da mình là da nhạy cảm. Mà bao bì của shop cũng rất đẹp nhìn đã muốn mua luôn. mình rất hài lòng	2022-01-08 21:28:52	2026-09-29 21:35:07
tk_15992792	tiki	24862534	beauty	Tinh Chất Tế Bào Gốc Tái Tạo Phục Hồi Trẻ Hoá Da Cấp Ẩm Dưỡng Trắng Chống Lão Hoá Cellkey-Scien White Serum 30ml		5	mới dùng 3ngay chưa biết hiệu quả, nhưng serum thẩm thấu nhanh, mát mướt dùng qua đêm sáng dậy thấy da mềm rất thích, mẩu mả đẹp nhưng bao bì nhìn ko chắc cho lắm, mong hợp với da sẽ ủng hộ tiếp.	2022-04-19 11:20:59	2026-09-29 21:35:07
tk_14519750	tiki	24862534	beauty	Tinh Chất Tế Bào Gốc Tái Tạo Phục Hồi Trẻ Hoá Da Cấp Ẩm Dưỡng Trắng Chống Lão Hoá Cellkey-Scien White Serum 30ml		5	Đây là một sản phẩm tốt m.n nên mua về dùng nha, mình dùng một thời gian rồi thấy da khỏe lên trông thấy. Shop tư vấn rất nhiệt tình bao bì chắc chắn sẽ ủng hộ dài dài	2022-01-17 16:31:01	2026-09-29 21:35:07
tk_14360285	tiki	24862534	beauty	Tinh Chất Tế Bào Gốc Tái Tạo Phục Hồi Trẻ Hoá Da Cấp Ẩm Dưỡng Trắng Chống Lão Hoá Cellkey-Scien White Serum 30ml		5	Giao hàng nhanh, đóng gói cẩn thận lắm. Dc ny tư vấn mua tặng mẹ làm quà sinh nhật là chuẩn luôn. Các anh em nên tham khảo nhé. Mẹ tôi khen thích lắm, sau hết mua tiếp	2022-01-10 12:33:12	2026-09-29 21:35:07
tk_19932647	tiki	24862534	beauty	Tinh Chất Tế Bào Gốc Tái Tạo Phục Hồi Trẻ Hoá Da Cấp Ẩm Dưỡng Trắng Chống Lão Hoá Cellkey-Scien White Serum 30ml		1	Dùng lâu rồi mà không thấy trắng hay gì cả	2024-07-21 09:27:54	2026-09-29 21:35:07
tk_10835099	tiki	24862534	beauty	Tinh Chất Tế Bào Gốc Tái Tạo Phục Hồi Trẻ Hoá Da Cấp Ẩm Dưỡng Trắng Chống Lão Hoá Cellkey-Scien White Serum 30ml		5	Giao hàng siêu nhanh. Vừa chiều thứ 6 đặt mà sáng thứ 7 đã nhận đc Sản phẩm dùng bao phê. Mình đang dùng gần hết bộ này rồi ♥️♥️	2021-07-03 10:25:29	2026-09-29 21:35:07
tk_14348615	tiki	24862534	beauty	Tinh Chất Tế Bào Gốc Tái Tạo Phục Hồi Trẻ Hoá Da Cấp Ẩm Dưỡng Trắng Chống Lão Hoá Cellkey-Scien White Serum 30ml		5	tinh chất này của shop mình dùng nhiều rồi, ko còn gì để nói quá ok. sp của shop lúc nào cũng đẹp và gói hàng chỉn chu	2022-01-09 18:34:14	2026-09-29 21:35:07
tk_11020334	tiki	24862534	beauty	Tinh Chất Tế Bào Gốc Tái Tạo Phục Hồi Trẻ Hoá Da Cấp Ẩm Dưỡng Trắng Chống Lão Hoá Cellkey-Scien White Serum 30ml		5	Mua hàng của shop lâu luôn tin tưởng. Vì da em rất. Nhạy cảm đặc biệt là mùa đông mà dùng rất thích luôn. Mẫu mã cũng đẹp quá trời	2021-07-09 20:01:48	2026-09-29 21:35:07
tk_11340968	tiki	24862534	beauty	Tinh Chất Tế Bào Gốc Tái Tạo Phục Hồi Trẻ Hoá Da Cấp Ẩm Dưỡng Trắng Chống Lão Hoá Cellkey-Scien White Serum 30ml		5	Thường các loại serum mình dùng qua thấy hay bị khô da, nhưng em serum này dạng sữa thẩm thấu nhanh và da căng bóng luôn í. Sẽ feedback lại khi dùng hết chai này	2021-07-21 10:07:23	2026-09-29 21:35:07
tk_16885658	tiki	24862534	beauty	Tinh Chất Tế Bào Gốc Tái Tạo Phục Hồi Trẻ Hoá Da Cấp Ẩm Dưỡng Trắng Chống Lão Hoá Cellkey-Scien White Serum 30ml		5	Sản phẩm tuyệt vời, da mềm mịn, không bị lên mụn, mùi dễ chịu. Ship nhanh, sẽ mua tiếp khi hết	2022-06-29 21:04:35	2026-09-29 21:35:07
tk_19592758	tiki	24862534	beauty	Tinh Chất Tế Bào Gốc Tái Tạo Phục Hồi Trẻ Hoá Da Cấp Ẩm Dưỡng Trắng Chống Lão Hoá Cellkey-Scien White Serum 30ml		5	Cực kì hài lòng	2023-10-16 11:26:55	2026-09-29 21:35:07
tk_10867413	tiki	24862534	beauty	Tinh Chất Tế Bào Gốc Tái Tạo Phục Hồi Trẻ Hoá Da Cấp Ẩm Dưỡng Trắng Chống Lão Hoá Cellkey-Scien White Serum 30ml		5	Mua đủ combo về tặng vợ, thấy khen hoài, rì viu nhanh cho mấy bác có thêm lựa chọn tặng quà cho nóc nhà :D	2021-07-04 14:42:55	2026-09-29 21:35:07
tk_18054943	tiki	24862534	beauty	Tinh Chất Tế Bào Gốc Tái Tạo Phục Hồi Trẻ Hoá Da Cấp Ẩm Dưỡng Trắng Chống Lão Hoá Cellkey-Scien White Serum 30ml		5	Rất thích sp thấm nhanh hiệu quả	2022-10-26 18:35:02	2026-09-29 21:35:07
tk_9530365	tiki	24862534	beauty	Tinh Chất Tế Bào Gốc Tái Tạo Phục Hồi Trẻ Hoá Da Cấp Ẩm Dưỡng Trắng Chống Lão Hoá Cellkey-Scien White Serum 30ml		5	Dùng thích lắm. Mềm, mịn, bật tone da	2021-05-06 12:48:21	2026-09-29 21:35:07
tk_18729512	tiki	24862534	beauty	Tinh Chất Tế Bào Gốc Tái Tạo Phục Hồi Trẻ Hoá Da Cấp Ẩm Dưỡng Trắng Chống Lão Hoá Cellkey-Scien White Serum 30ml		4	Hài lòng	2023-02-03 11:51:42	2026-09-29 21:35:10
tk_17827581	tiki	24862534	beauty	Tinh Chất Tế Bào Gốc Tái Tạo Phục Hồi Trẻ Hoá Da Cấp Ẩm Dưỡng Trắng Chống Lão Hoá Cellkey-Scien White Serum 30ml		5	Kem thẩm thâud nhanh, ko bết	2022-09-29 16:35:01	2026-09-29 21:35:10
tk_15808444	tiki	24862534	beauty	Tinh Chất Tế Bào Gốc Tái Tạo Phục Hồi Trẻ Hoá Da Cấp Ẩm Dưỡng Trắng Chống Lão Hoá Cellkey-Scien White Serum 30ml		3	xài cũng được... mình ko thích lắm do làm mềm da quá	2022-04-07 09:19:36	2026-09-29 21:35:10
tk_16611058	tiki	24862534	beauty	Tinh Chất Tế Bào Gốc Tái Tạo Phục Hồi Trẻ Hoá Da Cấp Ẩm Dưỡng Trắng Chống Lão Hoá Cellkey-Scien White Serum 30ml		5	thơm.sử dụng thời gian mới biết đc	2022-06-07 14:28:45	2026-09-29 21:35:10
tk_16669746	tiki	24862534	beauty	Tinh Chất Tế Bào Gốc Tái Tạo Phục Hồi Trẻ Hoá Da Cấp Ẩm Dưỡng Trắng Chống Lão Hoá Cellkey-Scien White Serum 30ml		5	đóng gói cẩn thận, mẫu mã đẹp	2022-06-11 11:23:07	2026-09-29 21:35:10
tk_17945910	tiki	24862534	beauty	Tinh Chất Tế Bào Gốc Tái Tạo Phục Hồi Trẻ Hoá Da Cấp Ẩm Dưỡng Trắng Chống Lão Hoá Cellkey-Scien White Serum 30ml		4	tạm dc	2022-10-13 10:30:14	2026-09-29 21:35:10
tk_18072864	tiki	24862534	beauty	Tinh Chất Tế Bào Gốc Tái Tạo Phục Hồi Trẻ Hoá Da Cấp Ẩm Dưỡng Trắng Chống Lão Hoá Cellkey-Scien White Serum 30ml		5	Cực kì hài lòng	2022-10-28 21:09:11	2026-09-29 21:35:10
tk_5760907	tiki	24862534	beauty	Tinh Chất Tế Bào Gốc Tái Tạo Phục Hồi Trẻ Hoá Da Cấp Ẩm Dưỡng Trắng Chống Lão Hoá Cellkey-Scien White Serum 30ml		5	Vk mình rất hài lòng, sài sau vài lần thấy da cải thiện rõ rệt, nâng tông.	2020-11-26 22:38:54	2026-09-29 21:35:10
tk_14879226	tiki	24862534	beauty	Tinh Chất Tế Bào Gốc Tái Tạo Phục Hồi Trẻ Hoá Da Cấp Ẩm Dưỡng Trắng Chống Lão Hoá Cellkey-Scien White Serum 30ml		5	sp đóng gói cẩn thận,giao hàng nhanh	2022-02-10 12:46:41	2026-09-29 21:35:10
tk_17097327	tiki	24862534	beauty	Tinh Chất Tế Bào Gốc Tái Tạo Phục Hồi Trẻ Hoá Da Cấp Ẩm Dưỡng Trắng Chống Lão Hoá Cellkey-Scien White Serum 30ml		4	Hài lòng	2022-07-17 11:55:45	2026-09-29 21:35:10
tk_16986592	tiki	24862534	beauty	Tinh Chất Tế Bào Gốc Tái Tạo Phục Hồi Trẻ Hoá Da Cấp Ẩm Dưỡng Trắng Chống Lão Hoá Cellkey-Scien White Serum 30ml		5	Cực kì hài lòng	2022-07-08 13:30:56	2026-09-29 21:35:10
tk_13186049	tiki	24862534	beauty	Tinh Chất Tế Bào Gốc Tái Tạo Phục Hồi Trẻ Hoá Da Cấp Ẩm Dưỡng Trắng Chống Lão Hoá Cellkey-Scien White Serum 30ml		5	dùng rất phê	2021-11-14 09:51:24	2026-09-29 21:35:10
tk_16602124	tiki	24862534	beauty	Tinh Chất Tế Bào Gốc Tái Tạo Phục Hồi Trẻ Hoá Da Cấp Ẩm Dưỡng Trắng Chống Lão Hoá Cellkey-Scien White Serum 30ml		5	Good	2022-06-06 20:20:29	2026-09-29 21:35:10
tk_16720847	tiki	24862534	beauty	Tinh Chất Tế Bào Gốc Tái Tạo Phục Hồi Trẻ Hoá Da Cấp Ẩm Dưỡng Trắng Chống Lão Hoá Cellkey-Scien White Serum 30ml		5	Cực kì hài lòng	2022-06-15 16:21:29	2026-09-29 21:35:10
tk_15361783	tiki	24862534	beauty	Tinh Chất Tế Bào Gốc Tái Tạo Phục Hồi Trẻ Hoá Da Cấp Ẩm Dưỡng Trắng Chống Lão Hoá Cellkey-Scien White Serum 30ml		5	Sản phẩm tốt	2022-03-11 11:46:34	2026-09-29 21:35:10
tk_14550957	tiki	24862534	beauty	Tinh Chất Tế Bào Gốc Tái Tạo Phục Hồi Trẻ Hoá Da Cấp Ẩm Dưỡng Trắng Chống Lão Hoá Cellkey-Scien White Serum 30ml		4	tuyệt vời .như mong đợi	2022-01-18 20:46:22	2026-09-29 21:35:10
tk_15868922	tiki	24862534	beauty	Tinh Chất Tế Bào Gốc Tái Tạo Phục Hồi Trẻ Hoá Da Cấp Ẩm Dưỡng Trắng Chống Lão Hoá Cellkey-Scien White Serum 30ml		5	Cực kì hài lòng	2022-04-11 05:58:01	2026-09-29 21:35:10
tk_15556694	tiki	24862534	beauty	Tinh Chất Tế Bào Gốc Tái Tạo Phục Hồi Trẻ Hoá Da Cấp Ẩm Dưỡng Trắng Chống Lão Hoá Cellkey-Scien White Serum 30ml		4	Hài lòng	2022-03-23 09:32:25	2026-09-29 21:35:10
tk_14860927	tiki	24862534	beauty	Tinh Chất Tế Bào Gốc Tái Tạo Phục Hồi Trẻ Hoá Da Cấp Ẩm Dưỡng Trắng Chống Lão Hoá Cellkey-Scien White Serum 30ml		5	Cực kì hài lòng	2022-02-09 12:55:52	2026-09-29 21:35:10
tk_14842225	tiki	24862534	beauty	Tinh Chất Tế Bào Gốc Tái Tạo Phục Hồi Trẻ Hoá Da Cấp Ẩm Dưỡng Trắng Chống Lão Hoá Cellkey-Scien White Serum 30ml		5	Cực kì hài lòng	2022-02-08 13:06:44	2026-09-29 21:35:10
tk_13889863	tiki	24862534	beauty	Tinh Chất Tế Bào Gốc Tái Tạo Phục Hồi Trẻ Hoá Da Cấp Ẩm Dưỡng Trắng Chống Lão Hoá Cellkey-Scien White Serum 30ml		5	Cực kì hài lòng	2021-12-17 13:22:21	2026-09-29 21:35:11
tk_13426524	tiki	24862534	beauty	Tinh Chất Tế Bào Gốc Tái Tạo Phục Hồi Trẻ Hoá Da Cấp Ẩm Dưỡng Trắng Chống Lão Hoá Cellkey-Scien White Serum 30ml		5	Cực kì hài lòng	2021-11-25 15:41:50	2026-09-29 21:35:11
tk_13385856	tiki	24862534	beauty	Tinh Chất Tế Bào Gốc Tái Tạo Phục Hồi Trẻ Hoá Da Cấp Ẩm Dưỡng Trắng Chống Lão Hoá Cellkey-Scien White Serum 30ml		5	Cực kì hài lòng	2021-11-23 14:59:45	2026-09-29 21:35:11
tk_11668237	tiki	24862534	beauty	Tinh Chất Tế Bào Gốc Tái Tạo Phục Hồi Trẻ Hoá Da Cấp Ẩm Dưỡng Trắng Chống Lão Hoá Cellkey-Scien White Serum 30ml		5	Cực kì hài lòng	2021-08-08 00:06:50	2026-09-29 21:35:11
tk_5697830	tiki	24862534	beauty	Tinh Chất Tế Bào Gốc Tái Tạo Phục Hồi Trẻ Hoá Da Cấp Ẩm Dưỡng Trắng Chống Lão Hoá Cellkey-Scien White Serum 30ml		5	Cực kì hài lòng	2020-11-21 16:21:04	2026-09-29 21:35:11
tk_20228293	tiki	55615086	beauty	Kem Dưỡng Trắng Da Tế Bào Gốc Hàn Quốc Cấp Ẩm Xóa Nhăn Phục Hồi Trẻ Hoá Da Và Chống Lão Hoá Cellkey-Scien White Cream (30g)		5	Mình đã sài 5 hủ da cải thiện rất nhiều. da căng mọng. trê hóa làn da, sản phẩm tốt nên mua.	2026-04-22 07:55:26	2026-09-29 21:35:18
tk_14351653	tiki	55615086	beauty	Kem Dưỡng Trắng Da Tế Bào Gốc Hàn Quốc Cấp Ẩm Xóa Nhăn Phục Hồi Trẻ Hoá Da Và Chống Lão Hoá Cellkey-Scien White Cream (30g)		5	Giá hời nên mua cho mẹ dùng thử. Ai ngờ mẹ bảo dùng thích quá. Chất kem vừa phải không đặc quá. Thẩm thấu nhanh. Dùng xong da ẩm mềm thích lắm. Sản phẩm chứa thành phần thiên nhiên nên kh bị kích ứng đâu. Có tem chống giả nên dùng yên tâm hơn nhìu. Hết sẽ mua thêm. Đóng gói cẩn thận, giao hàng nhanh	2022-01-09 21:24:28	2026-09-29 21:35:18
tk_14350267	tiki	55615086	beauty	Kem Dưỡng Trắng Da Tế Bào Gốc Hàn Quốc Cấp Ẩm Xóa Nhăn Phục Hồi Trẻ Hoá Da Và Chống Lão Hoá Cellkey-Scien White Cream (30g)		5	Giao hàng nhanh, shop còn đóng gói hàng siêu cẩn thận luôn. Sản phẩm dùng thích không có gây rát da như những loại kem mình từng dùng vì da mình thuộc loại da nhạy cảm nên dùng gì mình tìm hiểu kĩ nên quyết định chốt e nó về. Đúng là e nó không làm thất vọng. Ưng quá🥰🥰	2022-01-09 20:12:22	2026-09-29 21:35:18
tk_14348157	tiki	55615086	beauty	Kem Dưỡng Trắng Da Tế Bào Gốc Hàn Quốc Cấp Ẩm Xóa Nhăn Phục Hồi Trẻ Hoá Da Và Chống Lão Hoá Cellkey-Scien White Cream (30g)		5	thời gian giao hàng rất nhanh, mình rất hài lòng về cách phục vụ của shop, shop phục vụ rất nhiệt tình. Nói về chất lượng sản phẩm thì sau khi đã dùng thử mình thấy trước tiên là sử dụng xong không hề bị kích ứng da, da mình còn mịn màng hơn nữa. Ui, mình rất hài lòng.	2022-01-09 18:11:14	2026-09-29 21:35:18
tk_14350877	tiki	55615086	beauty	Kem Dưỡng Trắng Da Tế Bào Gốc Hàn Quốc Cấp Ẩm Xóa Nhăn Phục Hồi Trẻ Hoá Da Và Chống Lão Hoá Cellkey-Scien White Cream (30g)		5	riêng việc giao hàng và đóng gói chưa bao giờ phải lo về shop cả. riêng sản phẩm không chê được gì, bao bì đẹp mê, sau sử dụng vài ngày không hề có cảm giác bị kích ứng, lại có mùi thơm nhẹ	2022-01-09 20:43:59	2026-09-29 21:35:18
tk_14338598	tiki	55615086	beauty	Kem Dưỡng Trắng Da Tế Bào Gốc Hàn Quốc Cấp Ẩm Xóa Nhăn Phục Hồi Trẻ Hoá Da Và Chống Lão Hoá Cellkey-Scien White Cream (30g)		5	Đóng gói quá là chắc chắn luôn, giao hàng siêu nhanh. Ban đầu dùng cảm nhận thấy da mềm mịn rõ luôn, chắc phải dùng thêm 5-6 ngày nữa để thấy hiệu quả rõ của sản phẩm. Giá săn sale nên quá hợp lí, mọi người nên thử nhé	2022-01-09 10:23:00	2026-09-29 21:35:18
tk_20254020	tiki	55615086	beauty	Kem Dưỡng Trắng Da Tế Bào Gốc Hàn Quốc Cấp Ẩm Xóa Nhăn Phục Hồi Trẻ Hoá Da Và Chống Lão Hoá Cellkey-Scien White Cream (30g)		5	Cực kì hài lòng	2026-08-16 17:40:20	2026-09-29 21:35:18
tk_14351411	tiki	55615086	beauty	Kem Dưỡng Trắng Da Tế Bào Gốc Hàn Quốc Cấp Ẩm Xóa Nhăn Phục Hồi Trẻ Hoá Da Và Chống Lão Hoá Cellkey-Scien White Cream (30g)		5	sp có thiết kế ổn, nhìn sang chảnh mà đẹp. Thiết kế kiểu vậy mình thấy ko khí ko vào được mà cũng ok. Da mình từng dùng kem trộn nên bị nhạy cảm, dùng nhiêu nma caia nayg là ổn nhất. Mình dungg đc vài ngày rồi nên mọi người nên mua nhé	2022-01-09 21:12:03	2026-09-29 21:35:18
tk_16885620	tiki	55615086	beauty	Kem Dưỡng Trắng Da Tế Bào Gốc Hàn Quốc Cấp Ẩm Xóa Nhăn Phục Hồi Trẻ Hoá Da Và Chống Lão Hoá Cellkey-Scien White Cream (30g)		5	Da mình cực kỳ nhậy cảm vì đã dùng qua rượu thuốc, các thứ linh tinh nên da yếu, nhưng khi dùng sản phẩm này vô cùng lành tính nên rất thích. Mình mua đủ hết các loại sản phẩm của thương hiệu Cellkeys. Recommend cho da yếu nhé	2022-06-29 21:01:30	2026-09-29 21:35:18
tk_15992521	tiki	55615086	beauty	Kem Dưỡng Trắng Da Tế Bào Gốc Hàn Quốc Cấp Ẩm Xóa Nhăn Phục Hồi Trẻ Hoá Da Và Chống Lão Hoá Cellkey-Scien White Cream (30g)		5	sản phẩm mẩu mã đẹp, bao bì hộp giấy ko có bao nhựa bên ngoài, mới dùng chưa biết hiệu quả ko, shop trả lời tất cả những thắc mắc của mình, chăm sóc khách hàng tốt.5s cho shop.	2022-04-19 11:09:13	2026-09-29 21:35:18
tk_14360308	tiki	55615086	beauty	Kem Dưỡng Trắng Da Tế Bào Gốc Hàn Quốc Cấp Ẩm Xóa Nhăn Phục Hồi Trẻ Hoá Da Và Chống Lão Hoá Cellkey-Scien White Cream (30g)		5	Giao hàng nhanh, đóng gói cẩn thận lắm. Dc ny tư vấn mua tặng mẹ làm quà sinh nhật là chuẩn luôn. Các anh em nên tham khảo nhé. Mẹ tôi khen thích lắm, sau hết mua tiếp	2022-01-10 12:34:29	2026-09-29 21:35:18
tk_20164463	tiki	55615086	beauty	Kem Dưỡng Trắng Da Tế Bào Gốc Hàn Quốc Cấp Ẩm Xóa Nhăn Phục Hồi Trẻ Hoá Da Và Chống Lão Hoá Cellkey-Scien White Cream (30g)		5	Da mịn sáng bóng	2025-08-29 21:41:52	2026-09-29 21:35:18
tk_14348817	tiki	55615086	beauty	Kem Dưỡng Trắng Da Tế Bào Gốc Hàn Quốc Cấp Ẩm Xóa Nhăn Phục Hồi Trẻ Hoá Da Và Chống Lão Hoá Cellkey-Scien White Cream (30g)		5	Gần tết nên mua tặng mẹ và em gái dùng thấy mẹ khen là da dùng quá hợp rất thích ít khi nào mà dùng kem thích như này. Sản phẩm giao cực nhanh. Đóng gói kỹ càng nói chung rất hài lòng	2022-01-09 18:46:54	2026-09-29 21:35:18
tk_11020326	tiki	55615086	beauty	Kem Dưỡng Trắng Da Tế Bào Gốc Hàn Quốc Cấp Ẩm Xóa Nhăn Phục Hồi Trẻ Hoá Da Và Chống Lão Hoá Cellkey-Scien White Cream (30g)		5	Sản phẩm dùng thích lắm. Em giới thiệu cho chị gái dùng mà khen quá trời. Đóng gói kĩ càng, thiết kế rất kín không khí k vào được nên k phải lo đâu. Rất hài lòng	2021-07-09 20:01:38	2026-09-29 21:35:18
tk_14348494	tiki	55615086	beauty	Kem Dưỡng Trắng Da Tế Bào Gốc Hàn Quốc Cấp Ẩm Xóa Nhăn Phục Hồi Trẻ Hoá Da Và Chống Lão Hoá Cellkey-Scien White Cream (30g)		5	sản phẩm chính hãng, dùng rất thích và thiết kế đẹp sang xịn mịn. áp dc voucher của shop siêu rẻ. sẽ ủng hộ tiếp 🥰	2022-01-09 18:27:37	2026-09-29 21:35:18
tk_11341123	tiki	55615086	beauty	Kem Dưỡng Trắng Da Tế Bào Gốc Hàn Quốc Cấp Ẩm Xóa Nhăn Phục Hồi Trẻ Hoá Da Và Chống Lão Hoá Cellkey-Scien White Cream (30g)		5	Dùng kem dưỡng ngại nhất là cảm giác bết dính kiểu nhớp nhớp. Cho đến khi thử với em kem dưỡng tế bào gốc này thì đúng là đã tìm thấy chân ái. Thẩm thấu nhanh, chẳng cảm giác khó chịu gì cả, da lại căng mướt	2021-07-21 10:13:12	2026-09-29 21:35:18
tk_14348412	tiki	55615086	beauty	Kem Dưỡng Trắng Da Tế Bào Gốc Hàn Quốc Cấp Ẩm Xóa Nhăn Phục Hồi Trẻ Hoá Da Và Chống Lão Hoá Cellkey-Scien White Cream (30g)		5	Đã sử dụng mấy ngày nay và thấy hàng rất tốt, da e nhạy cảm mà dùng loại này cực thích. Thiết kế nhỏ xinh cầm rất vừa tay	2022-01-09 18:23:32	2026-09-29 21:35:18
tk_16586722	tiki	55615086	beauty	Kem Dưỡng Trắng Da Tế Bào Gốc Hàn Quốc Cấp Ẩm Xóa Nhăn Phục Hồi Trẻ Hoá Da Và Chống Lão Hoá Cellkey-Scien White Cream (30g)		5	Kem dùng rất mát và thẩm thấu nhanh. Shop giao hàng nhanh, đóng gói cẩn thận. Mình dùng cả sữa rửa mặt và kem chống chắng của shop, thấy rất ổn ạ.	2022-06-05 16:57:17	2026-09-29 21:35:18
tk_19447043	tiki	55615086	beauty	Kem Dưỡng Trắng Da Tế Bào Gốc Hàn Quốc Cấp Ẩm Xóa Nhăn Phục Hồi Trẻ Hoá Da Và Chống Lão Hoá Cellkey-Scien White Cream (30g)		2	Shop ơi cho trả hàng dc ko? Check ko ra dc mã vách	2023-08-10 08:38:18	2026-09-29 21:35:18
tk_19256470	tiki	55615086	beauty	Kem Dưỡng Trắng Da Tế Bào Gốc Hàn Quốc Cấp Ẩm Xóa Nhăn Phục Hồi Trẻ Hoá Da Và Chống Lão Hoá Cellkey-Scien White Cream (30g)		3	Mùi khó chịu quá luôn . lần đầu tiên mua 1 loại kem dưỡng mà có cái mùi kinh vậy :D	2023-06-03 13:36:59	2026-09-29 21:35:18
tk_19886604	tiki	55615086	beauty	Kem Dưỡng Trắng Da Tế Bào Gốc Hàn Quốc Cấp Ẩm Xóa Nhăn Phục Hồi Trẻ Hoá Da Và Chống Lão Hoá Cellkey-Scien White Cream (30g)		5	Cực kì hài lòng	2024-05-30 00:58:17	2026-09-29 21:35:20
tk_14519725	tiki	55615086	beauty	Kem Dưỡng Trắng Da Tế Bào Gốc Hàn Quốc Cấp Ẩm Xóa Nhăn Phục Hồi Trẻ Hoá Da Và Chống Lão Hoá Cellkey-Scien White Cream (30g)		5	Đây là một sản phẩm tốt m.n nên mua về dùng nha. Shop tư vấn rất nhiệt tình bao bì chắc chắn sẽ ủng hộ dài dài	2022-01-17 16:29:42	2026-09-29 21:35:20
tk_19875201	tiki	55615086	beauty	Kem Dưỡng Trắng Da Tế Bào Gốc Hàn Quốc Cấp Ẩm Xóa Nhăn Phục Hồi Trẻ Hoá Da Và Chống Lão Hoá Cellkey-Scien White Cream (30g)		5	Cực kì hài lòng	2024-05-16 21:26:26	2026-09-29 21:35:20
tk_17383732	tiki	55615086	beauty	Kem Dưỡng Trắng Da Tế Bào Gốc Hàn Quốc Cấp Ẩm Xóa Nhăn Phục Hồi Trẻ Hoá Da Và Chống Lão Hoá Cellkey-Scien White Cream (30g)		4	Chất kem thơm và mịn mình xài cảm thấy da rất mịn và căng da mình sẽ xài thêm coi có hiệu quả k	2022-08-11 22:55:54	2026-09-29 21:35:20
tk_19820339	tiki	55615086	beauty	Kem Dưỡng Trắng Da Tế Bào Gốc Hàn Quốc Cấp Ẩm Xóa Nhăn Phục Hồi Trẻ Hoá Da Và Chống Lão Hoá Cellkey-Scien White Cream (30g)		5	Cực kì hài lòng	2024-03-25 22:42:01	2026-09-29 21:35:20
tk_19762322	tiki	55615086	beauty	Kem Dưỡng Trắng Da Tế Bào Gốc Hàn Quốc Cấp Ẩm Xóa Nhăn Phục Hồi Trẻ Hoá Da Và Chống Lão Hoá Cellkey-Scien White Cream (30g)		5	Cực kì hài lòng	2024-02-06 18:18:53	2026-09-29 21:35:20
tk_19696318	tiki	55615086	beauty	Kem Dưỡng Trắng Da Tế Bào Gốc Hàn Quốc Cấp Ẩm Xóa Nhăn Phục Hồi Trẻ Hoá Da Và Chống Lão Hoá Cellkey-Scien White Cream (30g)		5	Cực kì hài lòng	2023-12-26 13:27:07	2026-09-29 21:35:20
tk_16960675	tiki	55615086	beauty	Kem Dưỡng Trắng Da Tế Bào Gốc Hàn Quốc Cấp Ẩm Xóa Nhăn Phục Hồi Trẻ Hoá Da Và Chống Lão Hoá Cellkey-Scien White Cream (30g)		5	Sản phẩm đóng gói rất ok, giao hàng nhanh chóng có sản phẩm tặng kèm	2022-07-06 15:48:45	2026-09-29 21:35:20
tk_17545875	tiki	55615086	beauty	Kem Dưỡng Trắng Da Tế Bào Gốc Hàn Quốc Cấp Ẩm Xóa Nhăn Phục Hồi Trẻ Hoá Da Và Chống Lão Hoá Cellkey-Scien White Cream (30g)		5	Sản phẩm giao hang nhanh .shipper dễ thương.	2022-08-28 22:58:55	2026-09-29 21:35:20
tk_5738259	tiki	55615086	beauty	Kem Dưỡng Trắng Da Tế Bào Gốc Hàn Quốc Cấp Ẩm Xóa Nhăn Phục Hồi Trẻ Hoá Da Và Chống Lão Hoá Cellkey-Scien White Cream (30g)		5	hộp 30ml mà nhiều phết chất kem dễ thấm không bí rít giá cũng vừa tầm không quá cao, mùi thơm dễ chịu rất phù hợp cho da nhạy cảm như mình giao hàng nhanh đóng gói cẩn thận	2020-11-25 12:04:29	2026-09-29 21:35:20
tk_19408776	tiki	55615086	beauty	Kem Dưỡng Trắng Da Tế Bào Gốc Hàn Quốc Cấp Ẩm Xóa Nhăn Phục Hồi Trẻ Hoá Da Và Chống Lão Hoá Cellkey-Scien White Cream (30g)		5	Cực kì hài lòng	2023-07-25 22:12:11	2026-09-29 21:35:20
tk_15865365	tiki	55615086	beauty	Kem Dưỡng Trắng Da Tế Bào Gốc Hàn Quốc Cấp Ẩm Xóa Nhăn Phục Hồi Trẻ Hoá Da Và Chống Lão Hoá Cellkey-Scien White Cream (30g)		5	hàng chính hãng,giao nhanh ❤️❤️❤️❤️ ảnh đại diện 😁	2022-04-10 19:33:13	2026-09-29 21:35:20
tk_5689244	tiki	55615086	beauty	Kem Dưỡng Trắng Da Tế Bào Gốc Hàn Quốc Cấp Ẩm Xóa Nhăn Phục Hồi Trẻ Hoá Da Và Chống Lão Hoá Cellkey-Scien White Cream (30g)		4	MỚi dùng thấy da hơi tê tê , càng dùng thì càng cảm giác mềm hơn, tạm thời thấy được. Nhược điểm là khá khó lấy , mới đầu không biết cách dùng thế nào	2020-11-20 20:02:52	2026-09-29 21:35:20
tk_19023683	tiki	55615086	beauty	Kem Dưỡng Trắng Da Tế Bào Gốc Hàn Quốc Cấp Ẩm Xóa Nhăn Phục Hồi Trẻ Hoá Da Và Chống Lão Hoá Cellkey-Scien White Cream (30g)		5	Cực kì hài lòng	2023-03-29 10:16:46	2026-09-29 21:35:20
tk_15756335	tiki	55615086	beauty	Kem Dưỡng Trắng Da Tế Bào Gốc Hàn Quốc Cấp Ẩm Xóa Nhăn Phục Hồi Trẻ Hoá Da Và Chống Lão Hoá Cellkey-Scien White Cream (30g)		5	Dùng vài hôm mà da mặt láng mướt thấy rõ, rất đáng mua, giao hàng nhanh.	2022-04-03 21:17:28	2026-09-29 21:35:20
tk_11155497	tiki	55615086	beauty	Kem Dưỡng Trắng Da Tế Bào Gốc Hàn Quốc Cấp Ẩm Xóa Nhăn Phục Hồi Trẻ Hoá Da Và Chống Lão Hoá Cellkey-Scien White Cream (30g)		5	Sản phẩm dùng tốt nhé rất hợp vs da mình nè. ??. Lại còn mua dc giá sale nữa ủng hộ shop nha	2021-07-14 12:08:00	2026-09-29 21:35:20
tk_18135133	tiki	55615086	beauty	Kem Dưỡng Trắng Da Tế Bào Gốc Hàn Quốc Cấp Ẩm Xóa Nhăn Phục Hồi Trẻ Hoá Da Và Chống Lão Hoá Cellkey-Scien White Cream (30g)		5	Cực kì hài lòng	2022-11-06 09:42:27	2026-09-29 21:35:20
tk_14877626	tiki	55615086	beauty	Kem Dưỡng Trắng Da Tế Bào Gốc Hàn Quốc Cấp Ẩm Xóa Nhăn Phục Hồi Trẻ Hoá Da Và Chống Lão Hoá Cellkey-Scien White Cream (30g)		5	Sản phẩm dùng ok. Da đỡ khô, mềm, mùi không thơm cho lắm	2022-02-10 11:32:31	2026-09-29 21:35:20
tk_17918195	tiki	55615086	beauty	Kem Dưỡng Trắng Da Tế Bào Gốc Hàn Quốc Cấp Ẩm Xóa Nhăn Phục Hồi Trẻ Hoá Da Và Chống Lão Hoá Cellkey-Scien White Cream (30g)		5	Tốt	2022-10-10 12:51:20	2026-09-29 21:35:20
tk_17942722	tiki	55615086	beauty	Kem Dưỡng Trắng Da Tế Bào Gốc Hàn Quốc Cấp Ẩm Xóa Nhăn Phục Hồi Trẻ Hoá Da Và Chống Lão Hoá Cellkey-Scien White Cream (30g)		5	Cực kì hài lòng	2022-10-12 21:32:37	2026-09-29 21:35:20
tk_17507529	tiki	55615086	beauty	Kem Dưỡng Trắng Da Tế Bào Gốc Hàn Quốc Cấp Ẩm Xóa Nhăn Phục Hồi Trẻ Hoá Da Và Chống Lão Hoá Cellkey-Scien White Cream (30g)		5	Cực kì hài lòng	2022-08-24 13:03:07	2026-09-29 21:35:22
tk_17498326	tiki	55615086	beauty	Kem Dưỡng Trắng Da Tế Bào Gốc Hàn Quốc Cấp Ẩm Xóa Nhăn Phục Hồi Trẻ Hoá Da Và Chống Lão Hoá Cellkey-Scien White Cream (30g)		5	Cực kì hài lòng	2022-08-23 12:21:19	2026-09-29 21:35:22
tk_17372766	tiki	55615086	beauty	Kem Dưỡng Trắng Da Tế Bào Gốc Hàn Quốc Cấp Ẩm Xóa Nhăn Phục Hồi Trẻ Hoá Da Và Chống Lão Hoá Cellkey-Scien White Cream (30g)		5	Cực kì hài lòng	2022-08-11 00:24:27	2026-09-29 21:35:22
tk_10867259	tiki	55615086	beauty	Kem Dưỡng Trắng Da Tế Bào Gốc Hàn Quốc Cấp Ẩm Xóa Nhăn Phục Hồi Trẻ Hoá Da Và Chống Lão Hoá Cellkey-Scien White Cream (30g)		5	Rất phù hợp với làn da của mình. Thán shop nhiều	2021-07-04 14:37:11	2026-09-29 21:35:22
tk_17224078	tiki	55615086	beauty	Kem Dưỡng Trắng Da Tế Bào Gốc Hàn Quốc Cấp Ẩm Xóa Nhăn Phục Hồi Trẻ Hoá Da Và Chống Lão Hoá Cellkey-Scien White Cream (30g)		4	Hài lòng	2022-07-28 08:17:54	2026-09-29 21:35:22
tk_17041045	tiki	55615086	beauty	Kem Dưỡng Trắng Da Tế Bào Gốc Hàn Quốc Cấp Ẩm Xóa Nhăn Phục Hồi Trẻ Hoá Da Và Chống Lão Hoá Cellkey-Scien White Cream (30g)		5	Cực kì hài lòng	2022-07-12 16:57:58	2026-09-29 21:35:22
tk_16360176	tiki	55615086	beauty	Kem Dưỡng Trắng Da Tế Bào Gốc Hàn Quốc Cấp Ẩm Xóa Nhăn Phục Hồi Trẻ Hoá Da Và Chống Lão Hoá Cellkey-Scien White Cream (30g)		5	Sản phẩm ok	2022-05-17 15:06:14	2026-09-29 21:35:22
tk_16902398	tiki	55615086	beauty	Kem Dưỡng Trắng Da Tế Bào Gốc Hàn Quốc Cấp Ẩm Xóa Nhăn Phục Hồi Trẻ Hoá Da Và Chống Lão Hoá Cellkey-Scien White Cream (30g)		5	Cực kì hài lòng	2022-07-01 13:24:42	2026-09-29 21:35:22
tk_16790516	tiki	55615086	beauty	Kem Dưỡng Trắng Da Tế Bào Gốc Hàn Quốc Cấp Ẩm Xóa Nhăn Phục Hồi Trẻ Hoá Da Và Chống Lão Hoá Cellkey-Scien White Cream (30g)		4	Hài lòng	2022-06-21 17:52:39	2026-09-29 21:35:22
tk_15427441	tiki	55615086	beauty	Kem Dưỡng Trắng Da Tế Bào Gốc Hàn Quốc Cấp Ẩm Xóa Nhăn Phục Hồi Trẻ Hoá Da Và Chống Lão Hoá Cellkey-Scien White Cream (30g)		5	Sản phẩm tuyệt vời	2022-03-15 11:15:32	2026-09-29 21:35:22
tk_15361787	tiki	55615086	beauty	Kem Dưỡng Trắng Da Tế Bào Gốc Hàn Quốc Cấp Ẩm Xóa Nhăn Phục Hồi Trẻ Hoá Da Và Chống Lão Hoá Cellkey-Scien White Cream (30g)		5	Sản phẩm chính hãng	2022-03-11 11:46:43	2026-09-29 21:35:22
tk_14515799	tiki	55615086	beauty	Kem Dưỡng Trắng Da Tế Bào Gốc Hàn Quốc Cấp Ẩm Xóa Nhăn Phục Hồi Trẻ Hoá Da Và Chống Lão Hoá Cellkey-Scien White Cream (30g)		5	giao hàng nhanh, mùi dễ chịu	2022-01-17 13:27:32	2026-09-29 21:35:22
tk_15397687	tiki	55615086	beauty	Kem Dưỡng Trắng Da Tế Bào Gốc Hàn Quốc Cấp Ẩm Xóa Nhăn Phục Hồi Trẻ Hoá Da Và Chống Lão Hoá Cellkey-Scien White Cream (30g)		4	Sản phẩm tốt	2022-03-13 15:40:09	2026-09-29 21:35:22
tk_16376336	tiki	55615086	beauty	Kem Dưỡng Trắng Da Tế Bào Gốc Hàn Quốc Cấp Ẩm Xóa Nhăn Phục Hồi Trẻ Hoá Da Và Chống Lão Hoá Cellkey-Scien White Cream (30g)		5	Cực kì hài lòng	2022-05-18 20:59:00	2026-09-29 21:35:22
tk_16259082	tiki	55615086	beauty	Kem Dưỡng Trắng Da Tế Bào Gốc Hàn Quốc Cấp Ẩm Xóa Nhăn Phục Hồi Trẻ Hoá Da Và Chống Lão Hoá Cellkey-Scien White Cream (30g)		5	Cực kì hài lòng	2022-05-09 15:38:32	2026-09-29 21:35:22
tk_16114215	tiki	55615086	beauty	Kem Dưỡng Trắng Da Tế Bào Gốc Hàn Quốc Cấp Ẩm Xóa Nhăn Phục Hồi Trẻ Hoá Da Và Chống Lão Hoá Cellkey-Scien White Cream (30g)		5	Cực kì hài lòng	2022-04-27 19:36:32	2026-09-29 21:35:22
tk_15694999	tiki	55615086	beauty	Kem Dưỡng Trắng Da Tế Bào Gốc Hàn Quốc Cấp Ẩm Xóa Nhăn Phục Hồi Trẻ Hoá Da Và Chống Lão Hoá Cellkey-Scien White Cream (30g)		5	Cực kì hài lòng	2022-03-31 13:09:31	2026-09-29 21:35:22
tk_15516082	tiki	55615086	beauty	Kem Dưỡng Trắng Da Tế Bào Gốc Hàn Quốc Cấp Ẩm Xóa Nhăn Phục Hồi Trẻ Hoá Da Và Chống Lão Hoá Cellkey-Scien White Cream (30g)		5	Cực kì hài lòng	2022-03-20 15:21:32	2026-09-29 21:35:22
tk_15446786	tiki	55615086	beauty	Kem Dưỡng Trắng Da Tế Bào Gốc Hàn Quốc Cấp Ẩm Xóa Nhăn Phục Hồi Trẻ Hoá Da Và Chống Lão Hoá Cellkey-Scien White Cream (30g)		5	Cực kì hài lòng	2022-03-16 12:51:14	2026-09-29 21:35:22
tk_15249189	tiki	55615086	beauty	Kem Dưỡng Trắng Da Tế Bào Gốc Hàn Quốc Cấp Ẩm Xóa Nhăn Phục Hồi Trẻ Hoá Da Và Chống Lão Hoá Cellkey-Scien White Cream (30g)		5	Cực kì hài lòng	2022-03-04 11:11:21	2026-09-29 21:35:22
tk_14227907	tiki	55615086	beauty	Kem Dưỡng Trắng Da Tế Bào Gốc Hàn Quốc Cấp Ẩm Xóa Nhăn Phục Hồi Trẻ Hoá Da Và Chống Lão Hoá Cellkey-Scien White Cream (30g)		5	hgesagibvdavbn	2022-01-03 09:32:57	2026-09-29 21:35:24
tk_15087536	tiki	55615086	beauty	Kem Dưỡng Trắng Da Tế Bào Gốc Hàn Quốc Cấp Ẩm Xóa Nhăn Phục Hồi Trẻ Hoá Da Và Chống Lão Hoá Cellkey-Scien White Cream (30g)		4	Hài lòng	2022-02-22 18:14:23	2026-09-29 21:35:24
tk_14483118	tiki	55615086	beauty	Kem Dưỡng Trắng Da Tế Bào Gốc Hàn Quốc Cấp Ẩm Xóa Nhăn Phục Hồi Trẻ Hoá Da Và Chống Lão Hoá Cellkey-Scien White Cream (30g)		5	Cực kì hài lòng	2022-01-15 22:26:11	2026-09-29 21:35:24
tk_14362947	tiki	55615086	beauty	Kem Dưỡng Trắng Da Tế Bào Gốc Hàn Quốc Cấp Ẩm Xóa Nhăn Phục Hồi Trẻ Hoá Da Và Chống Lão Hoá Cellkey-Scien White Cream (30g)		5	Cực kì hài lòng	2022-01-10 14:45:16	2026-09-29 21:35:24
tk_14342096	tiki	55615086	beauty	Kem Dưỡng Trắng Da Tế Bào Gốc Hàn Quốc Cấp Ẩm Xóa Nhăn Phục Hồi Trẻ Hoá Da Và Chống Lão Hoá Cellkey-Scien White Cream (30g)		5	Cực kì hài lòng	2022-01-09 13:14:15	2026-09-29 21:35:24
tk_14135141	tiki	55615086	beauty	Kem Dưỡng Trắng Da Tế Bào Gốc Hàn Quốc Cấp Ẩm Xóa Nhăn Phục Hồi Trẻ Hoá Da Và Chống Lão Hoá Cellkey-Scien White Cream (30g)		3	Bình thường	2021-12-29 05:54:12	2026-09-29 21:35:24
tk_13385855	tiki	55615086	beauty	Kem Dưỡng Trắng Da Tế Bào Gốc Hàn Quốc Cấp Ẩm Xóa Nhăn Phục Hồi Trẻ Hoá Da Và Chống Lão Hoá Cellkey-Scien White Cream (30g)		5	Cực kì hài lòng	2021-11-23 14:59:39	2026-09-29 21:35:24
tk_13091476	tiki	55615086	beauty	Kem Dưỡng Trắng Da Tế Bào Gốc Hàn Quốc Cấp Ẩm Xóa Nhăn Phục Hồi Trẻ Hoá Da Và Chống Lão Hoá Cellkey-Scien White Cream (30g)		5	Cực kì hài lòng	2021-11-09 15:15:15	2026-09-29 21:35:24
tk_11668235	tiki	55615086	beauty	Kem Dưỡng Trắng Da Tế Bào Gốc Hàn Quốc Cấp Ẩm Xóa Nhăn Phục Hồi Trẻ Hoá Da Và Chống Lão Hoá Cellkey-Scien White Cream (30g)		5	Cực kì hài lòng	2021-08-08 00:06:46	2026-09-29 21:35:24
tk_5784682	tiki	55615086	beauty	Kem Dưỡng Trắng Da Tế Bào Gốc Hàn Quốc Cấp Ẩm Xóa Nhăn Phục Hồi Trẻ Hoá Da Và Chống Lão Hoá Cellkey-Scien White Cream (30g)		5	Dùng da đẹp lên, đã dùng 2 tuần rất ok	2020-11-27 23:49:17	2026-09-29 21:35:24
tk_17982697	tiki	137005295	beauty	Kem Dưỡng Phục Hồi Da Rau Má GoodnDoc Centella Repair Cream 50ml		5	Sản phẩm rất tốt, có mùi thơm nhẹ, thoa lên da mướt mịn mát. Không thấm nhanh như những sản phẩm chứa cồn khác, nhưng không bị nặng mặt, phù hợp cấp ẩm cho da đang treatment.	2022-10-17 18:16:05	2026-09-29 21:35:32
tk_13592672	tiki	137005295	beauty	Kem Dưỡng Phục Hồi Da Rau Má GoodnDoc Centella Repair Cream 50ml		5	Hàng chuẩn, tem mác đầy đủ, giá bán mềm hơn chỗ khác Dưỡng ẩm thì ok lắm ạ, mình bầu thay đổi nội tiết tố da khô căng nứt luôn, mà bôi 2hôm là mịn hẵn 🥰	2021-12-03 14:59:02	2026-09-29 21:35:32
tk_20058442	tiki	137005295	beauty	Kem Dưỡng Phục Hồi Da Rau Má GoodnDoc Centella Repair Cream 50ml		5	Cực kì hài lòng	2024-12-31 16:48:52	2026-09-29 21:35:32
tk_19840394	tiki	137005295	beauty	Kem Dưỡng Phục Hồi Da Rau Má GoodnDoc Centella Repair Cream 50ml		5	Đang dùng hi vọng hiệu quả.	2024-04-12 13:12:12	2026-09-29 21:35:32
tk_19937375	tiki	137005295	beauty	Kem Dưỡng Phục Hồi Da Rau Má GoodnDoc Centella Repair Cream 50ml		5	Cực kì hài lòng	2024-07-26 14:18:17	2026-09-29 21:35:32
tk_19119604	tiki	137005295	beauty	Kem Dưỡng Phục Hồi Da Rau Má GoodnDoc Centella Repair Cream 50ml		5	Được tặng kèm son và phấn mắt, xinh xỉu	2023-04-22 13:14:03	2026-09-29 21:35:32
tk_16746144	tiki	137005295	beauty	Kem Dưỡng Phục Hồi Da Rau Má GoodnDoc Centella Repair Cream 50ml		1	Sao lọ cũ mình mua của BS Da liễu thì chữ trên hộp in nổi, còn hộp này thì k màu 2 lok cũng khác nhau	2022-06-17 18:30:18	2026-09-29 21:35:32
tk_19736566	tiki	137005295	beauty	Kem Dưỡng Phục Hồi Da Rau Má GoodnDoc Centella Repair Cream 50ml		4	Hài lòng	2024-01-20 18:07:28	2026-09-29 21:35:32
tk_19732359	tiki	137005295	beauty	Kem Dưỡng Phục Hồi Da Rau Má GoodnDoc Centella Repair Cream 50ml		5	Cực kì hài lòng	2024-01-17 22:43:31	2026-09-29 21:35:32
tk_19721039	tiki	137005295	beauty	Kem Dưỡng Phục Hồi Da Rau Má GoodnDoc Centella Repair Cream 50ml		5	Cực kì hài lòng	2024-01-11 11:46:17	2026-09-29 21:35:32
tk_16319992	tiki	137005295	beauty	Kem Dưỡng Phục Hồi Da Rau Má GoodnDoc Centella Repair Cream 50ml		5	Sản phẩm đóng gói đẹp, không bị hư hỏng gì, mùi thơm dễ chịu. Sẽ ủng hộ shop lần sau nữa	2022-05-14 09:54:39	2026-09-29 21:35:32
tk_19700113	tiki	137005295	beauty	Kem Dưỡng Phục Hồi Da Rau Má GoodnDoc Centella Repair Cream 50ml		5	Cực kì hài lòng	2023-12-28 15:30:06	2026-09-29 21:35:32
tk_19618054	tiki	137005295	beauty	Kem Dưỡng Phục Hồi Da Rau Má GoodnDoc Centella Repair Cream 50ml		5	Cực kì hài lòng	2023-10-29 15:06:19	2026-09-29 21:35:32
tk_18957413	tiki	137005295	beauty	Kem Dưỡng Phục Hồi Da Rau Má GoodnDoc Centella Repair Cream 50ml		5	Cực kì hài lòng	2023-03-14 19:57:39	2026-09-29 21:35:32
tk_18148061	tiki	137005295	beauty	Kem Dưỡng Phục Hồi Da Rau Má GoodnDoc Centella Repair Cream 50ml		5	Hài lòng về sản phẩm	2022-11-08 01:43:57	2026-09-29 21:35:32
tk_14546336	tiki	137005295	beauty	Kem Dưỡng Phục Hồi Da Rau Má GoodnDoc Centella Repair Cream 50ml		5	Kem bôi nhẹ, dưỡng ẩm tốt. Sáng dậy ko đổ dầu	2022-01-18 17:41:13	2026-09-29 21:35:32
tk_16837588	tiki	137005295	beauty	Kem Dưỡng Phục Hồi Da Rau Má GoodnDoc Centella Repair Cream 50ml		5	đóng gói cần thận, kem dùng k bết da, thấm nhanh	2022-06-25 18:42:28	2026-09-29 21:35:32
tk_18634792	tiki	137005295	beauty	Kem Dưỡng Phục Hồi Da Rau Má GoodnDoc Centella Repair Cream 50ml		5	Cực kì hài lòng	2023-01-14 05:39:03	2026-09-29 21:35:32
tk_18381617	tiki	137005295	beauty	Kem Dưỡng Phục Hồi Da Rau Má GoodnDoc Centella Repair Cream 50ml		5	Cực kì hài lòng	2022-12-09 22:02:01	2026-09-29 21:35:32
tk_18259411	tiki	137005295	beauty	Kem Dưỡng Phục Hồi Da Rau Má GoodnDoc Centella Repair Cream 50ml		5	Cực kì hài lòng	2022-11-21 22:42:48	2026-09-29 21:35:32
tk_14570853	tiki	137005295	beauty	Kem Dưỡng Phục Hồi Da Rau Má GoodnDoc Centella Repair Cream 50ml		5	Giao nhanh còn đc tặng thêm đồ chất lượng chưa biết hi vọng tốt	2022-01-19 19:10:30	2026-09-29 21:35:34
tk_18090349	tiki	137005295	beauty	Kem Dưỡng Phục Hồi Da Rau Má GoodnDoc Centella Repair Cream 50ml		5	Cực kì hài lòng	2022-10-31 08:12:09	2026-09-29 21:35:34
tk_18045189	tiki	137005295	beauty	Kem Dưỡng Phục Hồi Da Rau Má GoodnDoc Centella Repair Cream 50ml		4	Hài lòng	2022-10-25 16:40:21	2026-09-29 21:35:34
tk_13649305	tiki	137005295	beauty	Kem Dưỡng Phục Hồi Da Rau Má GoodnDoc Centella Repair Cream 50ml		5	hàng chính hãng , dưỡng ẩm tốt	2021-12-06 17:35:07	2026-09-29 21:35:34
tk_17922075	tiki	137005295	beauty	Kem Dưỡng Phục Hồi Da Rau Má GoodnDoc Centella Repair Cream 50ml		5	Cực kì hài lòng	2022-10-10 20:16:08	2026-09-29 21:35:34
tk_17747799	tiki	137005295	beauty	Kem Dưỡng Phục Hồi Da Rau Má GoodnDoc Centella Repair Cream 50ml		4	Hài lòng	2022-09-20 15:51:57	2026-09-29 21:35:34
tk_15494164	tiki	137005295	beauty	Kem Dưỡng Phục Hồi Da Rau Má GoodnDoc Centella Repair Cream 50ml		5	Gud	2022-03-19 10:11:22	2026-09-29 21:35:34
tk_15908716	tiki	137005295	beauty	Kem Dưỡng Phục Hồi Da Rau Má GoodnDoc Centella Repair Cream 50ml		5	mẹ mình xài rất thích	2022-04-13 20:34:34	2026-09-29 21:35:34
tk_17164889	tiki	137005295	beauty	Kem Dưỡng Phục Hồi Da Rau Má GoodnDoc Centella Repair Cream 50ml		5	Cực kì hài lòng	2022-07-22 17:01:11	2026-09-29 21:35:34
tk_15604836	tiki	137005295	beauty	Kem Dưỡng Phục Hồi Da Rau Má GoodnDoc Centella Repair Cream 50ml		5	khoái khoái kem dùng rất OK	2022-03-26 10:44:02	2026-09-29 21:35:34
tk_17036381	tiki	137005295	beauty	Kem Dưỡng Phục Hồi Da Rau Má GoodnDoc Centella Repair Cream 50ml		5	Cực kì hài lòng	2022-07-12 11:06:49	2026-09-29 21:35:34
tk_16115977	tiki	137005295	beauty	Kem Dưỡng Phục Hồi Da Rau Má GoodnDoc Centella Repair Cream 50ml		5	Sản phẩm tốt	2022-04-27 21:34:15	2026-09-29 21:35:34
tk_15567170	tiki	137005295	beauty	Kem Dưỡng Phục Hồi Da Rau Má GoodnDoc Centella Repair Cream 50ml		5	giao hàng hơi chậm nha.	2022-03-23 19:53:06	2026-09-29 21:35:34
tk_16648422	tiki	137005295	beauty	Kem Dưỡng Phục Hồi Da Rau Má GoodnDoc Centella Repair Cream 50ml		4	Hài lòng	2022-06-09 16:50:12	2026-09-29 21:35:34
tk_15910295	tiki	137005295	beauty	Kem Dưỡng Phục Hồi Da Rau Má GoodnDoc Centella Repair Cream 50ml		5	Sản phẩm ok	2022-04-13 22:10:17	2026-09-29 21:35:34
tk_13441648	tiki	137005295	beauty	Kem Dưỡng Phục Hồi Da Rau Má GoodnDoc Centella Repair Cream 50ml		5	Tốt	2021-11-26 10:54:55	2026-09-29 21:35:34
tk_14882569	tiki	137005295	beauty	Kem Dưỡng Phục Hồi Da Rau Má GoodnDoc Centella Repair Cream 50ml		5	Hàng chính hãng giá tốt	2022-02-10 15:33:46	2026-09-29 21:35:34
tk_15086336	tiki	137005295	beauty	Kem Dưỡng Phục Hồi Da Rau Má GoodnDoc Centella Repair Cream 50ml		5	Sp ok nha mọi người	2022-02-22 16:57:49	2026-09-29 21:35:34
tk_15980537	tiki	137005295	beauty	Kem Dưỡng Phục Hồi Da Rau Má GoodnDoc Centella Repair Cream 50ml		5	Hàng ok	2022-04-18 15:48:07	2026-09-29 21:35:34
tk_16344775	tiki	137005295	beauty	Kem Dưỡng Phục Hồi Da Rau Má GoodnDoc Centella Repair Cream 50ml		5	Cực kì hài lòng	2022-05-16 11:21:37	2026-09-29 21:35:34
tk_15322909	tiki	137005295	beauty	Kem Dưỡng Phục Hồi Da Rau Má GoodnDoc Centella Repair Cream 50ml		5	Sản phẩm tốt	2022-03-08 22:02:52	2026-09-29 21:35:36
tk_16295888	tiki	137005295	beauty	Kem Dưỡng Phục Hồi Da Rau Má GoodnDoc Centella Repair Cream 50ml		5	Cực kì hài lòng	2022-05-12 10:37:56	2026-09-29 21:35:36
tk_16221248	tiki	137005295	beauty	Kem Dưỡng Phục Hồi Da Rau Má GoodnDoc Centella Repair Cream 50ml		5	Cực kì hài lòng	2022-05-06 20:27:18	2026-09-29 21:35:36
tk_16201914	tiki	137005295	beauty	Kem Dưỡng Phục Hồi Da Rau Má GoodnDoc Centella Repair Cream 50ml		5	Hài lòng	2022-05-05 13:59:50	2026-09-29 21:35:36
tk_15959795	tiki	137005295	beauty	Kem Dưỡng Phục Hồi Da Rau Má GoodnDoc Centella Repair Cream 50ml		5	Cực kì hài lòng	2022-04-17 10:12:00	2026-09-29 21:35:36
tk_15718589	tiki	137005295	beauty	Kem Dưỡng Phục Hồi Da Rau Má GoodnDoc Centella Repair Cream 50ml		5	Cực kì hài lòng	2022-04-01 16:05:49	2026-09-29 21:35:36
tk_15696713	tiki	137005295	beauty	Kem Dưỡng Phục Hồi Da Rau Má GoodnDoc Centella Repair Cream 50ml		5	Cực kì hài lòng	2022-03-31 14:52:33	2026-09-29 21:35:36
tk_15458417	tiki	137005295	beauty	Kem Dưỡng Phục Hồi Da Rau Má GoodnDoc Centella Repair Cream 50ml		5	Cực kì hài lòng	2022-03-17 07:59:38	2026-09-29 21:35:36
tk_15426233	tiki	137005295	beauty	Kem Dưỡng Phục Hồi Da Rau Má GoodnDoc Centella Repair Cream 50ml		5	Cực kì hài lòng	2022-03-15 10:21:27	2026-09-29 21:35:36
tk_15085009	tiki	137005295	beauty	Kem Dưỡng Phục Hồi Da Rau Má GoodnDoc Centella Repair Cream 50ml		5	Cực kì hài lòng	2022-02-22 15:46:28	2026-09-29 21:35:36
tk_14893351	tiki	137005295	beauty	Kem Dưỡng Phục Hồi Da Rau Má GoodnDoc Centella Repair Cream 50ml		5	Cực kì hài lòng	2022-02-11 09:16:44	2026-09-29 21:35:36
tk_14880468	tiki	137005295	beauty	Kem Dưỡng Phục Hồi Da Rau Má GoodnDoc Centella Repair Cream 50ml		5	Cực kì hài lòng	2022-02-10 13:47:36	2026-09-29 21:35:36
tk_14477798	tiki	137005295	beauty	Kem Dưỡng Phục Hồi Da Rau Má GoodnDoc Centella Repair Cream 50ml		5	Cực kì hài lòng	2022-01-15 18:04:16	2026-09-29 21:35:36
tk_13726525	tiki	137005295	beauty	Kem Dưỡng Phục Hồi Da Rau Má GoodnDoc Centella Repair Cream 50ml		5	Cực kì hài lòng	2021-12-10 18:14:30	2026-09-29 21:35:36
tk_13478612	tiki	137005295	beauty	Kem Dưỡng Phục Hồi Da Rau Má GoodnDoc Centella Repair Cream 50ml		5	Cực kì hài lòng	2021-11-27 21:51:39	2026-09-29 21:35:36
tk_13423940	tiki	137005295	beauty	Kem Dưỡng Phục Hồi Da Rau Má GoodnDoc Centella Repair Cream 50ml		5	Cực kì hài lòng	2021-11-25 13:30:13	2026-09-29 21:35:36
tk_20240394	tiki	877472	beauty	Combo 10 Mặt Nạ Dermal Tinh Chất Collagen Các Loại - Giao Mẫu Ngẫu Nhiên		4	Trên mô tả có ghi là giao ngẫu nhiên, nhưng không thể ngờ là ngẫu nhiên tất cả đều là 1 loại trà xanh, không có thêm loại nào khác. Hơi thất vọng.	2026-06-15 12:50:25	2026-09-29 21:35:42
tk_20176072	tiki	877472	beauty	Combo 10 Mặt Nạ Dermal Tinh Chất Collagen Các Loại - Giao Mẫu Ngẫu Nhiên		5	Cực kì hài lòng	2025-09-30 18:45:17	2026-09-29 21:35:42
tk_19794458	tiki	877472	beauty	Combo 10 Mặt Nạ Dermal Tinh Chất Collagen Các Loại - Giao Mẫu Ngẫu Nhiên		1	Giao có 2 loại:))))) Shop uy tín mà làm ăn như vậy đó	2024-03-05 15:46:36	2026-09-29 21:35:42
tk_20157684	tiki	877472	beauty	Combo 10 Mặt Nạ Dermal Tinh Chất Collagen Các Loại - Giao Mẫu Ngẫu Nhiên		4	Hài lòng	2025-08-12 06:13:20	2026-09-29 21:35:42
tk_20155571	tiki	877472	beauty	Combo 10 Mặt Nạ Dermal Tinh Chất Collagen Các Loại - Giao Mẫu Ngẫu Nhiên		5	Cực kì hài lòng	2025-08-06 23:16:04	2026-09-29 21:35:42
tk_20003185	tiki	877472	beauty	Combo 10 Mặt Nạ Dermal Tinh Chất Collagen Các Loại - Giao Mẫu Ngẫu Nhiên		4	Hài lòng	2024-10-11 22:20:11	2026-09-29 21:35:42
tk_19920983	tiki	877472	beauty	Combo 10 Mặt Nạ Dermal Tinh Chất Collagen Các Loại - Giao Mẫu Ngẫu Nhiên		5	Cực kì hài lòng	2024-07-07 17:09:24	2026-09-29 21:35:42
tk_19867998	tiki	877472	beauty	Combo 10 Mặt Nạ Dermal Tinh Chất Collagen Các Loại - Giao Mẫu Ngẫu Nhiên		4	Hài lòng	2024-05-09 14:23:15	2026-09-29 21:35:42
tk_19865712	tiki	877472	beauty	Combo 10 Mặt Nạ Dermal Tinh Chất Collagen Các Loại - Giao Mẫu Ngẫu Nhiên		5	Cực kì hài lòng	2024-05-07 13:52:16	2026-09-29 21:35:42
tk_19788324	tiki	877472	beauty	Combo 10 Mặt Nạ Dermal Tinh Chất Collagen Các Loại - Giao Mẫu Ngẫu Nhiên		5	Cực kì hài lòng	2024-02-29 17:37:07	2026-09-29 21:35:42
tk_19409551	tiki	877472	beauty	Combo 10 Mặt Nạ Dermal Tinh Chất Collagen Các Loại - Giao Mẫu Ngẫu Nhiên		5	Cực kì hài lòng	2023-07-26 10:08:19	2026-09-29 21:35:42
tk_19240627	tiki	877472	beauty	Combo 10 Mặt Nạ Dermal Tinh Chất Collagen Các Loại - Giao Mẫu Ngẫu Nhiên		5	Cực kì hài lòng	2023-05-29 14:03:56	2026-09-29 21:35:42
tk_18338138	tiki	877472	beauty	Combo 10 Mặt Nạ Dermal Tinh Chất Collagen Các Loại - Giao Mẫu Ngẫu Nhiên		5	Cực kì hài lòng	2022-12-03 10:51:51	2026-09-29 21:35:42
tk_15285364	tiki	877472	beauty	Combo 10 Mặt Nạ Dermal Tinh Chất Collagen Các Loại - Giao Mẫu Ngẫu Nhiên		5	Đóng gói chắc chắn, giao hàng nhanh, dưỡng ẩm tốt	2022-03-06 14:52:30	2026-09-29 21:35:42
tk_17086323	tiki	877472	beauty	Combo 10 Mặt Nạ Dermal Tinh Chất Collagen Các Loại - Giao Mẫu Ngẫu Nhiên		4	Hài lòng	2022-07-16 11:56:37	2026-09-29 21:35:42
tk_16654802	tiki	877472	beauty	Combo 10 Mặt Nạ Dermal Tinh Chất Collagen Các Loại - Giao Mẫu Ngẫu Nhiên		5	Cực kì hài lòng	2022-06-10 08:35:19	2026-09-29 21:35:42
tk_15766011	tiki	877472	beauty	Combo 10 Mặt Nạ Dermal Tinh Chất Collagen Các Loại - Giao Mẫu Ngẫu Nhiên		5	Ok	2022-04-04 14:17:53	2026-09-29 21:35:42
tk_1932795	tiki	877472	beauty	Combo 10 Mặt Nạ Dermal Tinh Chất Collagen Các Loại - Giao Mẫu Ngẫu Nhiên		1	Rõ ràng hình minh họa sản phẩm và miêu tả là 10 loại khác nhau, trong package được gửi cũng như thế. Vậy mà tôi lại nhận được cả 10 sản phẩm đều là lô hội??? Đây là lần thứ 2 tôi gặp vấn đề về chất lượng sản phẩm khi mua sản phẩm từ chính tiki	2018-11-14 20:08:38	2026-09-29 21:35:42
tk_15313166	tiki	877472	beauty	Combo 10 Mặt Nạ Dermal Tinh Chất Collagen Các Loại - Giao Mẫu Ngẫu Nhiên		5	Cực kì hài lòng	2022-03-08 11:41:52	2026-09-29 21:35:42
tk_11346376	tiki	877472	beauty	Combo 10 Mặt Nạ Dermal Tinh Chất Collagen Các Loại - Giao Mẫu Ngẫu Nhiên		5	Sản phẩm như hình, giao hàng nhanh	2021-07-21 13:26:55	2026-09-29 21:35:42
tk_10714015	tiki	877472	beauty	Combo 10 Mặt Nạ Dermal Tinh Chất Collagen Các Loại - Giao Mẫu Ngẫu Nhiên		5	Ok sp tốt, sẽ ủng hộ nhiều nhiều	2021-06-28 10:18:03	2026-09-29 21:35:43
tk_10714019	tiki	877472	beauty	Combo 10 Mặt Nạ Dermal Tinh Chất Collagen Các Loại - Giao Mẫu Ngẫu Nhiên		5	Ok sp tốt, sẽ ủng hộ nhiều nhiều	2021-06-28 10:18:08	2026-09-29 21:35:43
tk_8951842	tiki	877472	beauty	Combo 10 Mặt Nạ Dermal Tinh Chất Collagen Các Loại - Giao Mẫu Ngẫu Nhiên		2	trên hình 10 loại nhưng giao 5 loại	2021-04-07 16:45:15	2026-09-29 21:35:43
tk_1255618	tiki	877472	beauty	Combo 10 Mặt Nạ Dermal Tinh Chất Collagen Các Loại - Giao Mẫu Ngẫu Nhiên		3	"Sản phẩm rất tốt. Nhưng lần này m mua combo thì rất thất vọng. Gói hàng ko phải 10 sản phẩm khác nhau như hình. Bị trùng nhiều. Đặc biệt là ""khuyến mãi"" 1 cái mask for men, ko biết sao dùng luôn. Mong tiki lần sau giao hàng đúng như mẫu trên hình"	2018-03-04 16:59:23	2026-09-29 21:35:43
tk_11053526	tiki	877472	beauty	Combo 10 Mặt Nạ Dermal Tinh Chất Collagen Các Loại - Giao Mẫu Ngẫu Nhiên		4	cũng ổn	2021-07-10 21:32:47	2026-09-29 21:35:43
tk_11046159	tiki	877472	beauty	Combo 10 Mặt Nạ Dermal Tinh Chất Collagen Các Loại - Giao Mẫu Ngẫu Nhiên		5	Cực kì hài lòng	2021-07-10 17:06:20	2026-09-29 21:35:43
tk_10548748	tiki	877472	beauty	Combo 10 Mặt Nạ Dermal Tinh Chất Collagen Các Loại - Giao Mẫu Ngẫu Nhiên		5	Cực kì hài lòng	2021-06-20 15:54:37	2026-09-29 21:35:43
tk_10458800	tiki	877472	beauty	Combo 10 Mặt Nạ Dermal Tinh Chất Collagen Các Loại - Giao Mẫu Ngẫu Nhiên		5	Cực kì hài lòng	2021-06-16 14:16:27	2026-09-29 21:35:43
tk_7507011	tiki	877472	beauty	Combo 10 Mặt Nạ Dermal Tinh Chất Collagen Các Loại - Giao Mẫu Ngẫu Nhiên		4	sản phẩm tốt hơn 👍👍👍	2021-02-03 23:13:35	2026-09-29 21:35:43
tk_7947075	tiki	877472	beauty	Combo 10 Mặt Nạ Dermal Tinh Chất Collagen Các Loại - Giao Mẫu Ngẫu Nhiên		4	Hài lòng	2021-02-24 10:55:38	2026-09-29 21:35:43
tk_7769120	tiki	877472	beauty	Combo 10 Mặt Nạ Dermal Tinh Chất Collagen Các Loại - Giao Mẫu Ngẫu Nhiên		4	Hài lòng	2021-02-17 22:18:15	2026-09-29 21:35:43
tk_2431673	tiki	877472	beauty	Combo 10 Mặt Nạ Dermal Tinh Chất Collagen Các Loại - Giao Mẫu Ngẫu Nhiên		1	Hàng hết hsd, bẩn thỉu ko thể dùng đc, đề nghị tiki dừng bán loại sp như thế này cho khách hành	2019-09-06 15:36:38	2026-09-29 21:35:43
tk_1690354	tiki	877472	beauty	Combo 10 Mặt Nạ Dermal Tinh Chất Collagen Các Loại - Giao Mẫu Ngẫu Nhiên		1	chỉ nhận được 4 loại. chưa dùng thử chưa biết thế nào nhưng k phải lần đầu mua đồ tiki mà k được giao đúng mẫu nên rất thất vọng	2018-08-14 10:21:55	2026-09-29 21:35:43
tk_1992693	tiki	877472	beauty	Combo 10 Mặt Nạ Dermal Tinh Chất Collagen Các Loại - Giao Mẫu Ngẫu Nhiên		3	Mình đặt mua các loại giao có 1 loại vậy, buồn. Date xa	2018-12-26 17:51:40	2026-09-29 21:35:43
tk_1571270	tiki	877472	beauty	Combo 10 Mặt Nạ Dermal Tinh Chất Collagen Các Loại - Giao Mẫu Ngẫu Nhiên		5	Mình mới sử dụng 1 cái thôi nên chưa biết hiệu quả như thế nào, thấy không bị dị ứng. Tuy nhiên Tiki chỉ giao mình 3 loại (không đa dạng như trên hình).	2018-06-28 16:32:04	2026-09-29 21:35:43
tk_2338690	tiki	877472	beauty	Combo 10 Mặt Nạ Dermal Tinh Chất Collagen Các Loại - Giao Mẫu Ngẫu Nhiên		5	xài thích, da không bị khô. Gói hàng cẩn thận, giao hàng ok	2019-07-27 09:16:11	2026-09-29 21:35:43
tk_2346665	tiki	877472	beauty	Combo 10 Mặt Nạ Dermal Tinh Chất Collagen Các Loại - Giao Mẫu Ngẫu Nhiên		2	combo10 mà mới nhận dc 5 mà vẫn chưa tháy shop gửi lại	2019-07-31 07:18:31	2026-09-29 21:35:43
tk_2077248	tiki	877472	beauty	Combo 10 Mặt Nạ Dermal Tinh Chất Collagen Các Loại - Giao Mẫu Ngẫu Nhiên		3	điểm trừ : ghi là 10 loại khác nhau nhưng mình chỉ nhận dc 5 loại ( vẫn đủ 10 cái)	2019-03-06 20:19:09	2026-09-29 21:35:43
tk_2156149	tiki	877472	beauty	Combo 10 Mặt Nạ Dermal Tinh Chất Collagen Các Loại - Giao Mẫu Ngẫu Nhiên		4	Đc có 5 loại thôi à?Tưởng đc 10 loại thì cho 5 sao	2019-04-18 11:00:10	2026-09-29 21:35:43
tk_1543590	tiki	877472	beauty	Combo 10 Mặt Nạ Dermal Tinh Chất Collagen Các Loại - Giao Mẫu Ngẫu Nhiên		5	mình thích nhất là mặt nạ nhân sâm vì mùi rất dễ chịu và giúp da săn chắc. những loại còn lại dùng cũng ok	2018-06-16 21:27:11	2026-09-29 21:35:43
tk_1951001	tiki	877472	beauty	Combo 10 Mặt Nạ Dermal Tinh Chất Collagen Các Loại - Giao Mẫu Ngẫu Nhiên		5	cực kỳ hài lòng. ok ok	2018-11-28 09:11:41	2026-09-29 21:35:44
tk_20168879	tiki	1019094	beauty	Son Kem Lì it's Well plus Lip Velvet Semi Matte (8g)		1	Son ko đang đe mua son ko lì quảng cáo ko đúng với sản phẩm	2025-09-11 08:14:18	2026-09-29 21:35:50
tk_20147590	tiki	1019094	beauty	Son Kem Lì it's Well plus Lip Velvet Semi Matte (8g)		5	ok	2025-07-17 07:39:59	2026-09-29 21:35:50
tk_20099225	tiki	1019094	beauty	Son Kem Lì it's Well plus Lip Velvet Semi Matte (8g)		5	Cực kì hài lòng	2025-03-20 14:50:15	2026-09-29 21:35:50
tk_19577983	tiki	1019094	beauty	Son Kem Lì it's Well plus Lip Velvet Semi Matte (8g)		5	Tốt	2023-10-09 12:13:29	2026-09-29 21:35:50
tk_2177406	tiki	1019094	beauty	Son Kem Lì it's Well plus Lip Velvet Semi Matte (8g)		5	5* cho dịch vụ giao nhanh của tiki, đặt hàng lúc 12h hơn, 13h37 nhân viên gọi bảo đang đứng trước nhà. Trời sg bây giờ thì nắng lắm cơ mà nhân viên vẫn nhiệt tình. 5* cho sản phẩm, bóc vỏ ra là đã thấy đẹp rồi, mình check mã vạch thì đúng là hàng chính hãng, son lên màu đẹp, thiên hồng nhiều hơn, khi ăn có bị trôi một ít. Phần đầu hơi nhỏ, khi lấy son ra thì tiện mà cho son vô trở lại dễ bị lem. Nói chung là rất ưng ý.	2019-05-02 16:48:28	2026-09-29 21:35:50
tk_19436548	tiki	1019094	beauty	Son Kem Lì it's Well plus Lip Velvet Semi Matte (8g)		5	Cực kì hài lòng	2023-08-06 11:56:31	2026-09-29 21:35:50
tk_1762350	tiki	1019094	beauty	Son Kem Lì it's Well plus Lip Velvet Semi Matte (8g)		2	Mình đặt mua là theo giới thiệu màu moderato -02- nude cam nhưng khi mình nhận và mình test lên tay và môi thì ra màu hồng đất hơi tươi nhiều hơn. Chất son Lỏng nhìn ko phải dạng semi matte, khô rất lâu khoảng hơn 30 phút mình test có 1 ít son ra tay mà chờ hoài ko thấy nó khô. Tuy nó lâu khô chất son của nó lại làm lộ rảnh môi Mùi son lúc mới đầu ngửi or cho lên môi thì nặng mùi hoa hồng , nhưng để 1 lúc thì mùi hoa hồng bay đi hết còn lại mùi như mùi dầu gió trong miệng bao khó chịu , nhưng thử dùng lần đầu tiên thì cố gắng chịu nhưng mùi dầu gió nồng quá nên mình sau 20 xóa đi lun chịu ko đc. Còn 2 lần sau mình mix vs nhiều son khác có đỡ hơn không như 3ce hay l'oreal,.... thì cái mùi đó ko thể đi được. Đầu lấy son ra khá nhỏ mình mới dùng có 4 lần mà nó trây trét ra mình ko hợp vệ sinh cho lắm, dù mình đã cố dùng nhẹ tay để lấy bớt son nhưng cây chổi của nó to ko thể nào ko trây trét được.( như hình gửi). Thật sự nếu giá thực tế của nó là hơn 500k thì ko đáng ( giá còn hơn MAC @@), vì chất lượng của nó ko thể so với giá của những dòng khác rẻ hơn như innisfree,l'oreal, maybelline,....được. Hồi mình mua giá khoảng gần 200k được trăm thì có tặng kèm miếng dán móng, nhưng lúc nhận thì không nhận được như miếng dán quảng cáo. ( miếng dán được nhận như hình). Độ dài của Cây son thì dài sơn cây kẹo mút chút xíu. Đáng lí ra mình cho 1 sao - nhưng vì sự giao hàng nhanh tiện lợi TIKI nên mình cho thêm 1 sao nữa	2018-09-08 12:46:07	2026-09-29 21:35:50
tk_12283167	tiki	1019094	beauty	Son Kem Lì it's Well plus Lip Velvet Semi Matte (8g)		5	Son lên màu chuẩn, lâu trôi. Thỏi son xinh xắn đc đựng cái trong hộp bé xíu, nhìn dễ thương dzô cùng ! 😍	2021-09-22 12:59:00	2026-09-29 21:35:50
tk_12283164	tiki	1019094	beauty	Son Kem Lì it's Well plus Lip Velvet Semi Matte (8g)		5	Màu son tươi tắn, nhẹ nhàng, trẻ trung. Thỏi son be bé xinh xinh đựng trong hộp, nhìn xịn sò dzã man :))))	2021-09-22 12:58:48	2026-09-29 21:35:50
tk_1918962	tiki	1019094	beauty	Son Kem Lì it's Well plus Lip Velvet Semi Matte (8g)		5	mình mua màu 02 hồng cam! màu mình check lên tay như vậy nhưng lên môi mình ra dạng hồng san hô á nhưng lại trông rất xinh, nhẹ nhàng! Mình mua với giá 99k nên thấy quá ổn cho 1 em son! với cả mở ra nhìn cây son mới toanh thích mắt lắm! em này cũng phù hợp cho mấy bạn có ý định make up with lipstick nữa!	2018-11-02 15:49:48	2026-09-29 21:35:50
tk_17944161	tiki	1019094	beauty	Son Kem Lì it's Well plus Lip Velvet Semi Matte (8g)		4	Hài lòng	2022-10-13 05:53:38	2026-09-29 21:35:50
tk_1912642	tiki	1019094	beauty	Son Kem Lì it's Well plus Lip Velvet Semi Matte (8g)		4	- Hình thức: cầm gọn tay, thiết kế khá sang trọng. Thích thiết kế này - Màu son lên đẹp, nhưng môi thâm thì nên cân nhắc - Son mịn và mềm môi, khô nhanh, bám lâu. Kết nhất vụ mềm môi =) - Son có mùi QUÁ thơm. Do mình nhạy cảm với mùi thơm quá hay sao nhưng mình thấy rất khó chịu với hương liệu này!	2018-10-26 20:34:55	2026-09-29 21:35:50
tk_17869485	tiki	1019094	beauty	Son Kem Lì it's Well plus Lip Velvet Semi Matte (8g)		5	Cực kì hài lòng	2022-10-04 18:15:31	2026-09-29 21:35:50
tk_1888962	tiki	1019094	beauty	Son Kem Lì it's Well plus Lip Velvet Semi Matte (8g)		3	cảm giác nặng môi, mình mua màu đỏ nhưng đánh vào giống màu tím hơn, mình thích đánh nhật mà nó ra màu tim tím nhìn khá già, mình hoàn toàn k thích mùi của nó you get what you pay for. mình muốn đổi màu quá đi, da mình k hợp màu nãy nữa chứ	2018-10-18 20:54:46	2026-09-29 21:35:50
tk_1898158	tiki	1019094	beauty	Son Kem Lì it's Well plus Lip Velvet Semi Matte (8g)		4	son khá lì mà không bị khô môi. mình mua màu hồng nude, lên môi thấy màu khá tốt nhưng chị mình môi hơi thâm thì màu lại không được đẹp. mùi son không thơm, có thể một số người sẽ thấy hơi khó chịu. tuy nhiên với mức giá khuyến mại như thế thì cũng khá ổn rồi.	2018-10-21 18:10:42	2026-09-29 21:35:50
tk_1939746	tiki	1019094	beauty	Son Kem Lì it's Well plus Lip Velvet Semi Matte (8g)		3	Màu sắc không như mong muốn, mình chọn màu hồng cam nhưng màu thực tế chẳng thấy hồng chỉ thấy cam, son đánh lên bị vón cục ở phần môi trong. Lúc mua được giảm giá còn 149K thì ok, chứ giá 520K thì chịu	2018-11-20 09:52:36	2026-09-29 21:35:50
tk_1985650	tiki	1019094	beauty	Son Kem Lì it's Well plus Lip Velvet Semi Matte (8g)		3	Son lên màu đẹp, nhẹ môi, không lì lắm nhưng không bị lem, khi mới tô lên có mùi thơm của mỹ phẩm nhưng chút là hết. Hơi bị bột trong lòng môi xíu nên môi ai khô quá không nên dùng. mua giá sale thì ổn chứ giá gốc 520k thì không đáng để mua. Tiki giao hàng quá lâu, delay 2 lần luôn mặc dù đã thanh toán qua *** pay rồi, đặt 10 ngày mới có.	2018-12-21 20:37:26	2026-09-29 21:35:50
tk_1969092	tiki	1019094	beauty	Son Kem Lì it's Well plus Lip Velvet Semi Matte (8g)		5	son dễ lem ra nắp son và phần đạy của thỏi, chất dầu của son bị rỉ ra thành son trong thời gian dùng, chất son tuyệt vời, mau trôi nhưng màu hồng rất nhẹ nhàng và nữ tính, son siêu thơm, dùng không khô môi ngược lại tác dụng dưỡng môi xuất sắc, bôi một lớp mỏng rồi chùi đi nhưng môi vẫn có màu hồng nhẹ tự nhiên	2018-12-11 13:08:50	2026-09-29 21:35:50
tk_16495818	tiki	1019094	beauty	Son Kem Lì it's Well plus Lip Velvet Semi Matte (8g)		5	Cực kì hài lòng	2022-05-28 22:38:47	2026-09-29 21:35:50
tk_1926027	tiki	1019094	beauty	Son Kem Lì it's Well plus Lip Velvet Semi Matte (8g)		3	Mình mua trong đợt giảm giá 99k. Son màu đẹp nhưng mau trôi, lúc rút son ra dễ bị lem màu ra miệng vỏ nên mình không hài lòng lắm. Ngoài ra son có ghi xuất xứ thương hiệu và sản xuất tại Hàn Quốc nhưng mình không tìm được nhiều thông tin về nhãn hiệu này, các bạn nên cân nhắc trước khi mua.	2018-11-09 08:56:33	2026-09-29 21:35:50
tk_1274698	tiki	1019094	beauty	Son Kem Lì it's Well plus Lip Velvet Semi Matte (8g)		5	Phải nói là sản phẩm rất tuyệt vời, xài rất thơm, tuy là không bám lâu nhưng lại cho cảm giác an toàn đối với bờ môi của phụ nữ. Nhưng lại rất thất vọng vì hàng giao khá là trễ mong tiki cố gắng giao hàng đúng như thời gian đã hẹn với khách hàng	2018-03-11 18:09:26	2026-09-29 21:35:52
tk_1890514	tiki	1019094	beauty	Son Kem Lì it's Well plus Lip Velvet Semi Matte (8g)		5	Đặt sản phẩm với giá 99k, mình thực sự hơi lo lắng về chất lượng, nhưng rẻ quá nên cứ mua thử xem sao. Dùng thử thấy ưng ý hơn mong đợi rất nhiều. Son xài nhẹ môi, mình đặt màu hồng cam, lên màu rất tự nhiên, son khô rất nhanh mà không bị khô môi, uống cafe sáng giờ mà chưa thấy bị lem nè. Trước đây mình dùng nhiều loại son kem thấy xài bị khô môi lắm. Nói chung mình thấy thích rồi đó, đang suy nghĩ xem có nên mua cái nữa để dành k?! cảm ơn Tiki đã cung cấp sản phẩm vừa tốt vừa rẻ thế này	2018-10-19 11:39:15	2026-09-29 21:35:52
tk_1881754	tiki	1019094	beauty	Son Kem Lì it's Well plus Lip Velvet Semi Matte (8g)		4	Màu mình mua là hồng cam 02, màu lên đẹp nhưng ko khô hẳn, uống nước vẫn dính ly nhưng ko bị bong tróc. Mùi hương liệu hơi nông, bạn nào dị ứng mùi nên lưu ý. Thân cọ quá to nên mỗi lần gạt bớt son đều tràn ra đầu ống. Chất son mềm mượt, lên màu ổn nhưng khi khô vẫn lộ rãnh môi. Mình mua với giá 99k thì ok, chứ hơn thì ko mua đâu. Mà thấy giá gốc là 520 thiệt hết hồn luôn, quá cao luôn á.	2018-10-17 07:51:45	2026-09-29 21:35:52
tk_1873294	tiki	1019094	beauty	Son Kem Lì it's Well plus Lip Velvet Semi Matte (8g)		5	Đáng tiền mua .	2018-10-14 22:04:11	2026-09-29 21:35:52
tk_1976840	tiki	1019094	beauty	Son Kem Lì it's Well plus Lip Velvet Semi Matte (8g)		4	Tiki giao hàng rất nhanh mặc dù k có tiki now, thích nhất ở son là vỏ xinh ?, son lên mượt môi. Nhược điểm là màu không đẹp lắm với son không được lì nếu chùi đi nói chung là hài lòng	2018-12-16 18:39:17	2026-09-29 21:35:52
tk_1311142	tiki	1019094	beauty	Son Kem Lì it's Well plus Lip Velvet Semi Matte (8g)		3	Chất son hơi lỏng. Sau nhi đánh xong có cặn bột nổi rõ trên môi. Màu hông đất nhưng khi đánh lên thì nghiêng về màu hồng tươi nhiều hơn. Không thích hợp cho người môi khô hoặc có nhiều vân môi. Mùi thơm. Vỏ đẹp, nắp chặt. Tiki giao hàng đúng hẹn. Bao bì cẩn thận Cảm ơn TiKi	2018-03-23 16:33:50	2026-09-29 21:35:52
tk_1917826	tiki	1019094	beauty	Son Kem Lì it's Well plus Lip Velvet Semi Matte (8g)		5	Mình mua sp này để tặng, có dùng thử vài lần, thấy rất ok, mềm môi, không bị khô môi (bạn mình cũng nhận xét thế), màu đẹp (mình mua màu hồng đất). Đợt mua giảm giá nữa. Son không được lì thôi. . Nói chung là hài lòng :)	2018-11-01 14:09:55	2026-09-29 21:35:52
tk_1684474	tiki	1019094	beauty	Son Kem Lì it's Well plus Lip Velvet Semi Matte (8g)		4	màu son đẹp tuy hơi nhạt nhưng phù hợp với những bạn trang điểm nhẹ nhàng, son lên môi mượt, thấm môi nhanh ko bị vân môi, nếu bạn nào môi khô thì tẩy tế bào môi dùng son dưỡng rồi đánh lên mới đẹp. mùi thơm nhẹ nhưng mình thấy mùi ko dc tự nhiên, son có nhanh trôi nhưng cảm giác an toàn. mình mua đợt giảm giá nên rất ưng ý	2018-08-11 19:12:29	2026-09-29 21:35:52
tk_1937410	tiki	1019094	beauty	Son Kem Lì it's Well plus Lip Velvet Semi Matte (8g)		5	Son màu đẹp, mịn. Mình mua màu hồng đất rất ưng ý, đúng với tông màu ưa thích, mùi thơm hơi nồng, độ bám tốt hơn mấy loại mình đã dùng, nói chung rất ok, giá KM 99k lại rẻ nữa.	2018-11-18 10:04:39	2026-09-29 21:35:52
tk_1917239	tiki	1019094	beauty	Son Kem Lì it's Well plus Lip Velvet Semi Matte (8g)		5	Mình mua màu 01-hồng nude. Ôi không nghĩ là mua sale 99k mà có được một thỏi son ưng ý đến thế. Màu lên như hình, nhã nhặn, phù hợp đi học. Điều làm mình thích nhất là tô không bị khô môi, môi lúc nào cũng mịn mịn ấy. Nói chung rất là ok luôn.	2018-10-31 21:54:09	2026-09-29 21:35:52
tk_13402879	tiki	1019094	beauty	Son Kem Lì it's Well plus Lip Velvet Semi Matte (8g)		4	Ok	2021-11-24 12:31:41	2026-09-29 21:35:52
tk_1969437	tiki	1019094	beauty	Son Kem Lì it's Well plus Lip Velvet Semi Matte (8g)		1	Mình mua 1 cây son màu hồng cam, sử dụng thì môi có vẻ thâm đen và liếm vào miệng thì thấy đắng đắng chát chát đầu lưỡi. Kiểm tra thử độ chì trong son thì ôi thôi một màu đen thui nên bỏ luôn cây son dù chỉ sử dụng 1 lần	2018-12-11 16:43:34	2026-09-29 21:35:52
tk_1996282	tiki	1019094	beauty	Son Kem Lì it's Well plus Lip Velvet Semi Matte (8g)		2	Son này được giới thiệu là son lì nhưng thật tình nó không hề lì. Tô xong chỉ cần lấy tay ấn nhẹ vào môi một cái thôi là nó hầu như trôi gần hết rồi, tô lên môi cũng có cảm giác nặng môi nữa. Hơi thất vọng.	2018-12-29 09:58:47	2026-09-29 21:35:52
tk_9489040	tiki	1019094	beauty	Son Kem Lì it's Well plus Lip Velvet Semi Matte (8g)		5	cực kì hài lòng về sop	2021-05-04 13:34:04	2026-09-29 21:35:52
tk_1864438	tiki	1019094	beauty	Son Kem Lì it's Well plus Lip Velvet Semi Matte (8g)		3	Mình mua màu 01 - hồng đất, màu lên đẹp, nhưng cái mùi y chang mùi xà bông cục rẻ tiền ý, mình không ngửi được :( thế là cho luôn rồi. Đầu bình son nhỏ nên lấy son dễ bị lem ra ngoài mất thẩm mỹ. Cho 3 sao vì màu đẹp :)	2018-10-12 09:57:56	2026-09-29 21:35:52
tk_1783114	tiki	1019094	beauty	Son Kem Lì it's Well plus Lip Velvet Semi Matte (8g)		4	son khá đẹp mùi của son cũng ok. Nói chung là ưng?	2018-09-15 21:56:48	2026-09-29 21:35:52
tk_1261558	tiki	1019094	beauty	Son Kem Lì it's Well plus Lip Velvet Semi Matte (8g)		3	Khi mới mở hộp thì cảm nhận đầu tiên của mình là cây son nhìn rất đẹp. Khi dùng thì thấy màu son khi lên đẹp, không quá đậm, dùng khá thích. Nhìn chung là son khá là OK . Nhưng thời gian giao hàng của Tiki lại khá chậm (26 ngày) lại làm mình cảm thấy không hài lòng.	2018-03-06 17:01:40	2026-09-29 21:35:52
tk_4912593	tiki	1019094	beauty	Son Kem Lì it's Well plus Lip Velvet Semi Matte (8g)		5	Mùi thơm như kẹo, nhưng màu hồng đất có lẽ hơi nhạt với mình.	2020-09-19 22:21:35	2026-09-29 21:35:52
tk_8992524	tiki	1019094	beauty	Son Kem Lì it's Well plus Lip Velvet Semi Matte (8g)		5	son đẹp lắm ạ.	2021-04-09 18:50:19	2026-09-29 21:35:52
tk_1913270	tiki	1019094	beauty	Son Kem Lì it's Well plus Lip Velvet Semi Matte (8g)		5	màu sắc đẹp, trẻ trung, hợp với bạn nữ da trắng lẫn da ngâm, màu không quá sẫm, cũng không quá chói, mùi thơm dễ chịu, do là son nước nên dễ trôi hơn so với kem lì dạng thỏi, lúc ăn 1 xíu là sẽ trôi hết.	2018-10-27 14:57:37	2026-09-29 21:35:52
tk_1923476	tiki	1019094	beauty	Son Kem Lì it's Well plus Lip Velvet Semi Matte (8g)		5	Son lên màu đẹp , tưoi tắn , thích hợp đi học đi làm ( màu hồng cam). Khuyêt điểm: mùi son hắc và hoá học, nồng, nhưng bù lại màu lên môi xinh và dễ thương, minh mua đang luc sale 99k, son v là quá ổn cho 5 sao^^	2018-11-06 21:11:39	2026-09-29 21:35:54
tk_10102085	tiki	1019094	beauty	Son Kem Lì it's Well plus Lip Velvet Semi Matte (8g)		5	ok	2021-06-01 21:53:44	2026-09-29 21:35:54
tk_9654494	tiki	1019094	beauty	Son Kem Lì it's Well plus Lip Velvet Semi Matte (8g)		4	Hài lòng	2021-05-11 22:21:55	2026-09-29 21:35:54
tk_6806819	tiki	1019094	beauty	Son Kem Lì it's Well plus Lip Velvet Semi Matte (8g)		5	hàng tốt. bạn gái khen.	2021-01-08 14:09:05	2026-09-29 21:35:54
tk_9146533	tiki	1019094	beauty	Son Kem Lì it's Well plus Lip Velvet Semi Matte (8g)		5	Cực kì hài lòng	2021-04-18 07:16:40	2026-09-29 21:35:54
tk_6827631	tiki	1019094	beauty	Son Kem Lì it's Well plus Lip Velvet Semi Matte (8g)		5	đẹp. bạn gái khen	2021-01-09 12:09:07	2026-09-29 21:35:54
tk_8813508	tiki	1019094	beauty	Son Kem Lì it's Well plus Lip Velvet Semi Matte (8g)		5	Cực kì hài lòng	2021-04-01 09:54:56	2026-09-29 21:35:54
tk_2116995	tiki	1019094	beauty	Son Kem Lì it's Well plus Lip Velvet Semi Matte (8g)		5	Son trên ảnh màu đỏ tím nhưng lên môi mình màu đỏ sáng, rất trẻ trung, đánh nhẹ môi, thiết kế đẹp, chắc chắn. Giá quá tốt cho một thỏi son.	2019-03-27 19:44:38	2026-09-29 21:35:54
tk_1305098	tiki	1019094	beauty	Son Kem Lì it's Well plus Lip Velvet Semi Matte (8g)		3	màu đẹp,lên môi mướt,nhưng giao hàng cho mình ẩu quá ẩu,chỉ có mỗi cây son mà chả có cái vỏ hộp,nhìn cứ như hàng giả vậy. đặt chung đơn với những sp khác nữa nên ko muốn gửi trả lại. shop lưu ý đóng gói cẩn thận cho khách.	2018-03-21 19:59:44	2026-09-29 21:35:54
tk_2034353	tiki	1019094	beauty	Son Kem Lì it's Well plus Lip Velvet Semi Matte (8g)		4	Màu son đẹp, son như hình, đóng gói cẩn thận. Mỗi cái son hơi khô và dễ trôi. Nhưng với giá tiền thế là okie. Nhân viên giao hàng NInja Van nhiệt tình, thân thiện!!!	2019-01-28 14:21:12	2026-09-29 21:35:54
tk_7667010	tiki	1019094	beauty	Son Kem Lì it's Well plus Lip Velvet Semi Matte (8g)		5	Cực kì hài lòng	2021-02-10 13:47:15	2026-09-29 21:35:54
tk_1361654	tiki	1019094	beauty	Son Kem Lì it's Well plus Lip Velvet Semi Matte (8g)		3	- Thiết kế chắc chắn tuy nhiên phần nắp xoắn dễ bị dính son, phải thường xuyên vệ sinh nếu không rất lem nhem. - Son lên môi mượt, không gây khô môi. Không phải dạng son lì như mong đợi, lên môi mình chủ yếu là hồng.	2018-04-08 20:10:50	2026-09-29 21:35:54
tk_6947464	tiki	1019094	beauty	Son Kem Lì it's Well plus Lip Velvet Semi Matte (8g)		4	Hài lòng	2021-01-14 10:54:25	2026-09-29 21:35:54
tk_6826714	tiki	1019094	beauty	Son Kem Lì it's Well plus Lip Velvet Semi Matte (8g)		5	Cực kì hài lòng	2021-01-09 11:35:31	2026-09-29 21:35:54
tk_2105004	tiki	1019094	beauty	Son Kem Lì it's Well plus Lip Velvet Semi Matte (8g)		5	mua 2 cây tặng cho dì sử dụng, màu đỏ, thấy sản phẩm cũng ok, màu đẹp, k khô môi. Mua lúc khuyến mãi nên giá cũng ổn. Nói chung đánh giá 5 sao	2019-03-21 20:39:17	2026-09-29 21:35:54
tk_2041654	tiki	1019094	beauty	Son Kem Lì it's Well plus Lip Velvet Semi Matte (8g)		5	Hơi lắng lo vì sp sale rẻ quá nhưng cầm sp trên tay thì vô cùng ưng luôn. Hàng đẹp rẻ và chất lượng. Rất hài lòng.	2019-02-08 12:51:45	2026-09-29 21:35:54
tk_1965663	tiki	1019094	beauty	Son Kem Lì it's Well plus Lip Velvet Semi Matte (8g)		5	lên màu chuẩn, đẹp, khô hơi nhanh, mùi thơm dễ chịu. Mua 2 màu hồng đất và hồng cam nên ko nhận xét cho màu đỏ được. Mua lúc sale nữa nên đáng đồng tiền.	2018-12-08 14:23:35	2026-09-29 21:35:54
tk_1950447	tiki	1019094	beauty	Son Kem Lì it's Well plus Lip Velvet Semi Matte (8g)		4	mua lúc 149k với giá tiền này thì tạm ổn , mua màu đỏ nhưng hồng nhiều hơn, va miệng lọ nhỏ dễ dính ra nắp	2018-11-27 19:40:26	2026-09-29 21:35:54
tk_1965223	tiki	1019094	beauty	Son Kem Lì it's Well plus Lip Velvet Semi Matte (8g)		4	Mình mua sản phẩm này cho vợ. Vợ nhận xét là xài được. Tuy nhiên do không rành về dòng sản phẩm này nên mua đắt so với giá mấy bạn comment ở trên.	2018-12-08 07:59:19	2026-09-29 21:35:54
tk_3587941	tiki	1019094	beauty	Son Kem Lì it's Well plus Lip Velvet Semi Matte (8g)		3	Son mau trôi, để một lúc, môi khô	2020-05-18 15:48:19	2026-09-29 21:35:54
tk_3352304	tiki	1019094	beauty	Son Kem Lì it's Well plus Lip Velvet Semi Matte (8g)		1	Chất lượng son kém. Mn nên lưu ý sp này	2020-04-08 09:42:52	2026-09-29 21:35:56
tk_1970417	tiki	1019094	beauty	Son Kem Lì it's Well plus Lip Velvet Semi Matte (8g)		4	Nhãn hàng này chưa sử dụng lần nào, nhưng nhìn chung màu đẹp, nhẹ nhàng, thiết kế bắt mắt. Sản phẩm của HQ hi vọng sẽ tốt. Gía tạm ổn.	2018-12-12 10:40:48	2026-09-29 21:35:56
tk_1912147	tiki	1019094	beauty	Son Kem Lì it's Well plus Lip Velvet Semi Matte (8g)		4	Son mịn,màu lên đẹp,pám lâu.son đỏ nhưng đánh lên tầm 2 tiếng là ngã tông xuống thành hồng.chỉ ko thích chỗ đó	2018-10-26 12:36:38	2026-09-29 21:35:56
tk_1915398	tiki	1019094	beauty	Son Kem Lì it's Well plus Lip Velvet Semi Matte (8g)		5	Son mướt và mịn, ko bị khô vón cục màu đỏ hơi đậm như màu rượu nên mình phải bôi khá mỏng và mix cùng màu khác nói chung là tốt so với 99k	2018-10-30 08:29:37	2026-09-29 21:35:56
tk_2041912	tiki	1019094	beauty	Son Kem Lì it's Well plus Lip Velvet Semi Matte (8g)		4	Mình mua màu đỏ, nhưng lúc đánh lên thì giống màu hồng nhiều hơn. Còn những cái khác thì ổn, chất son mịn, dễ tán.	2019-02-08 23:45:43	2026-09-29 21:35:56
tk_3446770	tiki	1019094	beauty	Son Kem Lì it's Well plus Lip Velvet Semi Matte (8g)		5	Giao hàng nhanh chóngggggg	2020-04-21 15:47:33	2026-09-29 21:35:56
tk_1915789	tiki	1019094	beauty	Son Kem Lì it's Well plus Lip Velvet Semi Matte (8g)		5	son lên màu đẹp lì vượt qua sự tưởng tượng nhờ có giảm giá mới mua được so đẹp hihi mua ở tiki ko sợ hàng giả sẽ theo Shop lâu dài	2018-10-30 14:38:32	2026-09-29 21:35:56
tk_2514711	tiki	1019094	beauty	Son Kem Lì it's Well plus Lip Velvet Semi Matte (8g)		2	màu lên nhợt nhạt, ko chuẩn, rất dễ trôi. không đáng để mua	2019-10-10 22:35:28	2026-09-29 21:35:56
tk_1921491	tiki	1019094	beauty	Son Kem Lì it's Well plus Lip Velvet Semi Matte (8g)		5	Với giá sale 99k thì là quá ổn cho 1 thỏi son kem như này. Mềm mịn mượt và tẩy trang dễ. Mỗi tội màu đỏ hơi sậm nhìn như đỏ lạnh.	2018-11-04 21:14:47	2026-09-29 21:35:56
tk_2183529	tiki	1019094	beauty	Son Kem Lì it's Well plus Lip Velvet Semi Matte (8g)		5	Hàng đẹp nhìn vỏ rất tinh tế. Bạn có thể nghe mùi thơm dịu nhẹ. Tuy nhiên miệng hơi nhỏ tí.	2019-05-06 13:06:24	2026-09-29 21:35:56
tk_2262487	tiki	1019094	beauty	Son Kem Lì it's Well plus Lip Velvet Semi Matte (8g)		1	son quá tệ. giống như hàng giả bi pha. son lên môi có mùi cồn rất hôi và khó chiuu	2019-06-17 18:54:37	2026-09-29 21:35:56
tk_1962537	tiki	1019094	beauty	Son Kem Lì it's Well plus Lip Velvet Semi Matte (8g)		3	Mua màu đỏ, là màu đỏ rượu vang đậm khó điều chỉnh màu, không thật sự lì và mùi hơi khó chịu. Nếu giá 520k sẽ k mua.	2018-12-06 10:23:28	2026-09-29 21:35:56
tk_2138175	tiki	1019094	beauty	Son Kem Lì it's Well plus Lip Velvet Semi Matte (8g)		5	tốt. vợ rất thích sản phẩm này. giao hàng đúng hẹn	2019-04-07 18:23:57	2026-09-29 21:35:56
tk_2041511	tiki	1019094	beauty	Son Kem Lì it's Well plus Lip Velvet Semi Matte (8g)		2	Sản phẩm rất tốt, lên màu chuẩn , đẹp ngay từ lần thoa đầu tiên, dùng không khô môi. Rất đáng để mua.	2019-02-07 22:56:57	2026-09-29 21:35:56
tk_2070858	tiki	1019094	beauty	Son Kem Lì it's Well plus Lip Velvet Semi Matte (8g)		5	Mới đầu lấy về thấy màu hơi nhạt, nhưng đánh lên mềm môi và màu tự nhiên lắm. Rất thích luôn!!!	2019-03-01 23:47:55	2026-09-29 21:35:56
tk_1916153	tiki	1019094	beauty	Son Kem Lì it's Well plus Lip Velvet Semi Matte (8g)		1	Màu lên không đẹp như mình nghĩ. Đặt đỏ nhận hàng lại là màu cánh sen. Dễ trôi, rất rất dễ trôi. Nói chung rất thất vọng	2018-10-30 20:11:43	2026-09-29 21:35:56
tk_2202096	tiki	1019094	beauty	Son Kem Lì it's Well plus Lip Velvet Semi Matte (8g)		3	son nhanh trôi tuy nhiên có mùi thơm. Tiki giao nhanh	2019-05-15 23:23:31	2026-09-29 21:35:56
tk_1921904	tiki	1019094	beauty	Son Kem Lì it's Well plus Lip Velvet Semi Matte (8g)		3	Chất son mỏng mau trôi, son không lì, không có cảm giác bám dính trên môi, màu lên đẹp, vì mua giá sale nên chấp nhận được.	2018-11-05 11:38:30	2026-09-29 21:35:56
tk_2061213	tiki	1019094	beauty	Son Kem Lì it's Well plus Lip Velvet Semi Matte (8g)		4	kem bôi mỏng nhưng đánh hơi khó đều hoặc là mình cũng chưa biết dùng kiểu này đc cái màu khá lâu	2019-02-23 16:49:54	2026-09-29 21:35:56
tk_1990659	tiki	1019094	beauty	Son Kem Lì it's Well plus Lip Velvet Semi Matte (8g)		4	Vỏ son chắc chắn cầm nặng tay, chất son nhẹ, mềm môi, lên màu cũng rất tươi. Chất lượng phù hợp giá cả.	2018-12-25 13:25:25	2026-09-29 21:35:56
tk_20076070	tiki	157204867	beauty	Son kem nhung lì Whoo GJH Mi Velvet Liquid Lip Rouge minisize		5	Màu son khá đẹp	2025-02-05 13:45:22	2026-09-29 21:36:01
tk_19589954	tiki	157204867	beauty	Son kem nhung lì Whoo GJH Mi Velvet Liquid Lip Rouge minisize		5	Cực kì hài lòng	2023-10-14 21:00:40	2026-09-29 21:36:01
tk_19553353	tiki	157204867	beauty	Son kem nhung lì Whoo GJH Mi Velvet Liquid Lip Rouge minisize		5	Cực kì hài lòng	2023-09-26 15:35:00	2026-09-29 21:36:01
tk_19170661	tiki	157204867	beauty	Son kem nhung lì Whoo GJH Mi Velvet Liquid Lip Rouge minisize		5	Cực kì hài lòng	2023-05-07 23:27:00	2026-09-29 21:36:01
tk_14969083	tiki	157204867	beauty	Son kem nhung lì Whoo GJH Mi Velvet Liquid Lip Rouge minisize		5	son màu đẹp đúng như hình shop giới thiệu tư vấn nhiệt tình	2022-02-15 13:07:16	2026-09-29 21:36:01
tk_16848688	tiki	157204867	beauty	Son kem nhung lì Whoo GJH Mi Velvet Liquid Lip Rouge minisize		5	Cực kì hài lòng	2022-06-26 18:22:57	2026-09-29 21:36:01
tk_15004016	tiki	157204867	beauty	Son kem nhung lì Whoo GJH Mi Velvet Liquid Lip Rouge minisize		5	son đẹp . ủng hộ shop	2022-02-17 14:36:00	2026-09-29 21:36:01
tk_16071242	tiki	157204867	beauty	Son kem nhung lì Whoo GJH Mi Velvet Liquid Lip Rouge minisize		5	Cực kì hài lòng	2022-04-24 19:02:34	2026-09-29 21:36:01
tk_19929729	tiki	4996081	beauty	Phấn Trang Điểm Màu Hồng Phấn Nụ Hoàng Cung		5	Chất lượng sản phẩm tốt, phù hợp giá tiền, mn nên sử dụng, giao hàng nhanh, hài lòng, shipper chuyên nghiệp	2024-07-17 15:33:54	2026-09-29 21:36:06
tk_20128645	tiki	4996081	beauty	Phấn Trang Điểm Màu Hồng Phấn Nụ Hoàng Cung		5	Cực kì hài lòng	2025-05-27 19:37:54	2026-09-29 21:36:06
tk_18966672	tiki	4996081	beauty	Phấn Trang Điểm Màu Hồng Phấn Nụ Hoàng Cung		5	Đóng gói cẩn thận sp nhìn đẹp nhung minh chua dung nen chua bit co hợp với da ko	2023-03-16 16:25:45	2026-09-29 21:36:06
tk_19012465	tiki	4996081	beauty	Phấn Trang Điểm Màu Hồng Phấn Nụ Hoàng Cung		5	Cực kì hài lòng	2023-03-26 15:58:06	2026-09-29 21:36:06
tk_17697422	tiki	4996081	beauty	Phấn Trang Điểm Màu Hồng Phấn Nụ Hoàng Cung		5	phấn thơm mịn ko bị bí da, rất thích	2022-09-15 08:40:17	2026-09-29 21:36:06
tk_18433008	tiki	4996081	beauty	Phấn Trang Điểm Màu Hồng Phấn Nụ Hoàng Cung		5	Cực kì hài lòng	2022-12-15 23:25:32	2026-09-29 21:36:06
tk_18397720	tiki	4996081	beauty	Phấn Trang Điểm Màu Hồng Phấn Nụ Hoàng Cung		4	Hài lòng	2022-12-12 09:10:30	2026-09-29 21:36:06
tk_17547298	tiki	4996081	beauty	Phấn Trang Điểm Màu Hồng Phấn Nụ Hoàng Cung		5	Cực kì hài lòng	2022-08-29 10:10:31	2026-09-29 21:36:06
tk_17402977	tiki	4996081	beauty	Phấn Trang Điểm Màu Hồng Phấn Nụ Hoàng Cung		5	Cực kì hài lòng	2022-08-13 18:37:51	2026-09-29 21:36:06
tk_17328601	tiki	4996081	beauty	Phấn Trang Điểm Màu Hồng Phấn Nụ Hoàng Cung		5	Cực kì hài lòng	2022-08-07 14:08:33	2026-09-29 21:36:06
tk_7708669	tiki	4996081	beauty	Phấn Trang Điểm Màu Hồng Phấn Nụ Hoàng Cung		5	rất ok	2021-02-14 16:09:16	2026-09-29 21:36:06
tk_4349905	tiki	4996081	beauty	Phấn Trang Điểm Màu Hồng Phấn Nụ Hoàng Cung		5	Cực kì hài lòng	2020-08-06 14:53:16	2026-09-29 21:36:06
tk_19526264	tiki	630778	beauty	Kem chống nắng Skin Aqua dưỡng trắng, kiểm dầu, dùng hàng ngày dạng sữa Sunplay Skin Aqua Clear White Eco Việt Nam SPF50, PA++++ 55g		5	Sp k có vấn đề j hết. T nx cũng k liên quan ai đọc dc thì biết nhé. T mua trước trả sau trên tiki. 15 mới trả mà 11 bên ct tài chính gọi r, bắt đóng ngày 14 mới được. Phiền thật sự. Xài ví trả sau của momo với thẻ tín dụng thì k sao, bên này thì bị. Ai có ý định mua trước trả sau thì dẹp đi nhé	2023-09-13 11:26:30	2026-09-29 21:36:12
tk_19979084	tiki	630778	beauty	Kem chống nắng Skin Aqua dưỡng trắng, kiểm dầu, dùng hàng ngày dạng sữa Sunplay Skin Aqua Clear White Eco Việt Nam SPF50, PA++++ 55g		5	thích loại này chủ yếu kiềm dầu, chứ chỉ số chống nắng ko cao. Vậy nên mình kết hợp loại này và loại kia. Kaka	2024-09-13 15:31:14	2026-09-29 21:36:12
tk_19764406	tiki	630778	beauty	Kem chống nắng Skin Aqua dưỡng trắng, kiểm dầu, dùng hàng ngày dạng sữa Sunplay Skin Aqua Clear White Eco Việt Nam SPF50, PA++++ 55g		5	Đặt giao nhanh trong 2h rốp rẻn trưa 28 Tết 😆, thương hiệu lâu đời nên chất lượng ai cũng biết rồi, phù hợp cho da dầu	2024-02-09 09:53:07	2026-09-29 21:36:12
tk_20248631	tiki	630778	beauty	Kem chống nắng Skin Aqua dưỡng trắng, kiểm dầu, dùng hàng ngày dạng sữa Sunplay Skin Aqua Clear White Eco Việt Nam SPF50, PA++++ 55g		5	Cực kì hài lòng	2026-07-22 14:14:04	2026-09-29 21:36:12
tk_20101094	tiki	630778	beauty	Kem chống nắng Skin Aqua dưỡng trắng, kiểm dầu, dùng hàng ngày dạng sữa Sunplay Skin Aqua Clear White Eco Việt Nam SPF50, PA++++ 55g		2	Sản phẩm xài bị dị ứng, ai bị dị ứng cân nhắc trước khi mua	2025-03-24 15:29:55	2026-09-29 21:36:12
tk_20241116	tiki	630778	beauty	Kem chống nắng Skin Aqua dưỡng trắng, kiểm dầu, dùng hàng ngày dạng sữa Sunplay Skin Aqua Clear White Eco Việt Nam SPF50, PA++++ 55g		5	Cực kì hài lòng	2026-06-18 06:39:11	2026-09-29 21:36:12
tk_20032531	tiki	630778	beauty	Kem chống nắng Skin Aqua dưỡng trắng, kiểm dầu, dùng hàng ngày dạng sữa Sunplay Skin Aqua Clear White Eco Việt Nam SPF50, PA++++ 55g		5	Kem chống nắng kiềm dầu tốt, k bị lên mụn, nâng tông nhẹ trông tự nhiên	2024-11-17 15:02:59	2026-09-29 21:36:12
tk_20083979	tiki	630778	beauty	Kem chống nắng Skin Aqua dưỡng trắng, kiểm dầu, dùng hàng ngày dạng sữa Sunplay Skin Aqua Clear White Eco Việt Nam SPF50, PA++++ 55g		5	OK lắm, ghiền em này rồi hợp túi tiền hợp da...	2025-02-18 20:58:12	2026-09-29 21:36:12
tk_8754096	tiki	630778	beauty	Kem chống nắng Skin Aqua dưỡng trắng, kiểm dầu, dùng hàng ngày dạng sữa Sunplay Skin Aqua Clear White Eco Việt Nam SPF50, PA++++ 55g		5	đây là một loại kcn dùng ngon, bổ, rẻ luôn ý ạ. Lúc đầu thoa có hơi bóng nhưng dạng sữa nên thẩm thấu vào da cũng nhanh lắm luôn. Ns chung là rất ưng luôn á. Tiki đợt này xử lí đơn hàng hơi lâu một xíu nhưng bù lại bác giao hàng NJV rất có tâm và thân thiện, mua hàng Tiki cx đã 3,4 năm nay nhưng lúc nào cx rất ưng nhất là chất lượng dịch vụ và thái độ của bác giao hàng hihi.	2021-03-29 20:09:46	2026-09-29 21:36:12
tk_15557303	tiki	630778	beauty	Kem chống nắng Skin Aqua dưỡng trắng, kiểm dầu, dùng hàng ngày dạng sữa Sunplay Skin Aqua Clear White Eco Việt Nam SPF50, PA++++ 55g		4	sản phẩm dạng sữa thấm tốt ko bết rít ko nâng tone,mình da thường xài cũng ổn, giá sv,nhưng cuối ngày ở phần dưới mắt có để lại vệt trắng nha, lúc trc mình mua 2 chai nhỏ xài cũng ổn nên đổi chai lớn mà giá tiết kiệm hơn.	2022-03-23 10:06:00	2026-09-29 21:36:12
tk_14473853	tiki	630778	beauty	Kem chống nắng Skin Aqua dưỡng trắng, kiểm dầu, dùng hàng ngày dạng sữa Sunplay Skin Aqua Clear White Eco Việt Nam SPF50, PA++++ 55g		5	Trước mình mua dùng thử dòng 25g thấy nhẹ mặt ráo nhanh quyết định mua loại 55g luôn , da mình chỉ dùng Bha và vtm c thì dùng loại này ok ai mà dùng retinol hay tre thì dùng loại khác nha , sau khi ráo sẽ để lại 1 lớp như phấn rất mịn mặt luôn á , ncl với giá 124k như này là rẻ so với dòng khác rồi á	2022-01-15 14:51:17	2026-09-29 21:36:12
tk_9619398	tiki	630778	beauty	Kem chống nắng Skin Aqua dưỡng trắng, kiểm dầu, dùng hàng ngày dạng sữa Sunplay Skin Aqua Clear White Eco Việt Nam SPF50, PA++++ 55g		5	shop đóng gói cẩn thận. Mình có xài thử chai nắp xanh r mà nhỏ quá đổi sang nắp vàng xài to cho đã. 2 loại ko có khác gì nhau hết á, chỉ có nắp vàng hông thơm bằng nắp xanh thôi	2021-05-10 12:47:13	2026-09-29 21:36:12
tk_19349190	tiki	630778	beauty	Kem chống nắng Skin Aqua dưỡng trắng, kiểm dầu, dùng hàng ngày dạng sữa Sunplay Skin Aqua Clear White Eco Việt Nam SPF50, PA++++ 55g		5	rất ok	2023-07-04 15:08:24	2026-09-29 21:36:12
tk_20169875	tiki	630778	beauty	Kem chống nắng Skin Aqua dưỡng trắng, kiểm dầu, dùng hàng ngày dạng sữa Sunplay Skin Aqua Clear White Eco Việt Nam SPF50, PA++++ 55g		5	Cực kì hài lòng	2025-09-13 20:19:48	2026-09-29 21:36:12
tk_9095181	tiki	630778	beauty	Kem chống nắng Skin Aqua dưỡng trắng, kiểm dầu, dùng hàng ngày dạng sữa Sunplay Skin Aqua Clear White Eco Việt Nam SPF50, PA++++ 55g		5	Thực sự tiki là 1 trong những sàn thương mại điện tử mà tốc độ giao hàng đáng kinh ngạc. mình mới đặt sáng hôm qua, nghĩ chắc sẽ lâu vì nhà mình cũng khá xa nữa ấy, nào ngờ sáng nay đã có hàng. Sản phẩm thì tất nhiên là chính hãng rùi, tiki trading mà. Vỏ hay bao bì đều con nguyên nha, không hề có hiện tượng bóc mở hay gì. Ok lunnnn	2021-04-15 09:46:29	2026-09-29 21:36:12
tk_19924667	tiki	630778	beauty	Kem chống nắng Skin Aqua dưỡng trắng, kiểm dầu, dùng hàng ngày dạng sữa Sunplay Skin Aqua Clear White Eco Việt Nam SPF50, PA++++ 55g		1	giao hàng lâu...giao hàng lúc 12 mình ko nhận ..hẹn lại 11h hôm sau mà ko giao đc trong ngày	2024-07-11 13:57:15	2026-09-29 21:36:12
tk_11997526	tiki	630778	beauty	Kem chống nắng Skin Aqua dưỡng trắng, kiểm dầu, dùng hàng ngày dạng sữa Sunplay Skin Aqua Clear White Eco Việt Nam SPF50, PA++++ 55g		5	chất lỏng, thấm nhanh, khi mới bôi thì có mùi hơi khó chịu nhưng nhẹ thui và sẽ mất sau 1 2', kiềm dầu ổn, chỉ sáng da lên thui chứ không nâng tông mấy. Mình cũng mới sài 1 lần nên chưa biết hiệu quả như nào. Nchung với giá thành này thì rất ok luôn vì kiềm dầu ổn cho mấy người da nhiều dầu như mình	2021-08-23 21:52:59	2026-09-29 21:36:12
tk_19540990	tiki	630778	beauty	Kem chống nắng Skin Aqua dưỡng trắng, kiểm dầu, dùng hàng ngày dạng sữa Sunplay Skin Aqua Clear White Eco Việt Nam SPF50, PA++++ 55g		5	Hàng chuẩn rất phù hợp vs da nhạy cảm kiềm dầu. Mình đã sd rất nhiều loại kcn nhưng loại này là ưng nhất nên giờ chỉ dùng loại này thôi	2023-09-20 08:02:17	2026-09-29 21:36:12
tk_19973828	tiki	630778	beauty	Kem chống nắng Skin Aqua dưỡng trắng, kiểm dầu, dùng hàng ngày dạng sữa Sunplay Skin Aqua Clear White Eco Việt Nam SPF50, PA++++ 55g		5	Giao đúng, đóng gói oke	2024-09-08 09:38:13	2026-09-29 21:36:12
tk_20118046	tiki	630778	beauty	Kem chống nắng Skin Aqua dưỡng trắng, kiểm dầu, dùng hàng ngày dạng sữa Sunplay Skin Aqua Clear White Eco Việt Nam SPF50, PA++++ 55g		5	Cực kì hài lòng	2025-05-02 08:49:40	2026-09-29 21:36:12
tk_20105451	tiki	630778	beauty	Kem chống nắng Skin Aqua dưỡng trắng, kiểm dầu, dùng hàng ngày dạng sữa Sunplay Skin Aqua Clear White Eco Việt Nam SPF50, PA++++ 55g		5	Cực kì hài lòng	2025-04-03 05:25:21	2026-09-29 21:36:14
tk_14377375	tiki	630778	beauty	Kem chống nắng Skin Aqua dưỡng trắng, kiểm dầu, dùng hàng ngày dạng sữa Sunplay Skin Aqua Clear White Eco Việt Nam SPF50, PA++++ 55g		5	tiki giao hàng tốc độ, 11h đặt thì 16:30 cùng ngày nhận được hàng r. Skin aqua thì mình dùng n lần r, rẻ, kiềm dầu cả ngày, ẩm mịn, lên tone nhẹ, chống trôi tốt... lần này đặt 2 chai đang giảm giá, r được free ship, tính ra chỉ 140k cho 1 chai 55g.	2022-01-11 10:06:06	2026-09-29 21:36:14
tk_19779897	tiki	630778	beauty	Kem chống nắng Skin Aqua dưỡng trắng, kiểm dầu, dùng hàng ngày dạng sữa Sunplay Skin Aqua Clear White Eco Việt Nam SPF50, PA++++ 55g		5	Sản phẩm dạng sữa rất dễ sử dụng	2024-02-23 11:08:39	2026-09-29 21:36:14
tk_20031791	tiki	630778	beauty	Kem chống nắng Skin Aqua dưỡng trắng, kiểm dầu, dùng hàng ngày dạng sữa Sunplay Skin Aqua Clear White Eco Việt Nam SPF50, PA++++ 55g		4	Dùng rất ok	2024-11-16 11:56:20	2026-09-29 21:36:14
tk_10683429	tiki	630778	beauty	Kem chống nắng Skin Aqua dưỡng trắng, kiểm dầu, dùng hàng ngày dạng sữa Sunplay Skin Aqua Clear White Eco Việt Nam SPF50, PA++++ 55g		5	da mình mặt dù là da nhạy cảm r còn có cả mụn nhưg em này thoa lên rất okila hoàn toàn ko kích ứg , thấm rất nhanh vào da và còn ko nâng tone nữa 10đỉm 10đỉm ?? , giá cả thì quá phù hợp vs hs sinh viên rùi về dịch vụ thì shipper siu siu dethuw	2021-06-26 20:34:27	2026-09-29 21:36:14
tk_20028436	tiki	630778	beauty	Kem chống nắng Skin Aqua dưỡng trắng, kiểm dầu, dùng hàng ngày dạng sữa Sunplay Skin Aqua Clear White Eco Việt Nam SPF50, PA++++ 55g		5	Cực kì hài lòng	2024-11-11 15:06:16	2026-09-29 21:36:14
tk_11107652	tiki	630778	beauty	Kem chống nắng Skin Aqua dưỡng trắng, kiểm dầu, dùng hàng ngày dạng sữa Sunplay Skin Aqua Clear White Eco Việt Nam SPF50, PA++++ 55g		5	tui dùng qua mấy loại kem chống nắng thì cái này ổn nhất, thoa lên mặt không bị bết rít nhiều có trắng lên chút xíu. tiện thể cho tui khoe Kazuha của tui nà	2021-07-12 18:03:32	2026-09-29 21:36:14
tk_12572334	tiki	630778	beauty	Kem chống nắng Skin Aqua dưỡng trắng, kiểm dầu, dùng hàng ngày dạng sữa Sunplay Skin Aqua Clear White Eco Việt Nam SPF50, PA++++ 55g		5	Mua kem chống nắng còn được tặng kèm thêm lotion dưỡng trắng. Kem xài khá ổn trong tầm giá, vì rẻ nên mình apply 1 ngày nhiều lần cũng không tiếc :)) kết cấu lỏng,dễ thấm, chắc chắn sẽ mua dùng tiếp	2021-10-12 15:50:14	2026-09-29 21:36:14
tk_20002762	tiki	630778	beauty	Kem chống nắng Skin Aqua dưỡng trắng, kiểm dầu, dùng hàng ngày dạng sữa Sunplay Skin Aqua Clear White Eco Việt Nam SPF50, PA++++ 55g		5	Cực kì hài lòng	2024-10-11 13:38:56	2026-09-29 21:36:14
tk_20001103	tiki	630778	beauty	Kem chống nắng Skin Aqua dưỡng trắng, kiểm dầu, dùng hàng ngày dạng sữa Sunplay Skin Aqua Clear White Eco Việt Nam SPF50, PA++++ 55g		5	Cực kì hài lòng	2024-10-09 21:28:24	2026-09-29 21:36:14
tk_12190588	tiki	630778	beauty	Kem chống nắng Skin Aqua dưỡng trắng, kiểm dầu, dùng hàng ngày dạng sữa Sunplay Skin Aqua Clear White Eco Việt Nam SPF50, PA++++ 55g		5	Shop phục vụ tốt, tư vấn nhiệt tình, giá hợp lí. 1 chai 55g đc tặng kèm 1 lọ sữa dưỡng nhỏ hadalabo. Kcn này m dùng nhiều rồi, mỏng nhẹ, rất dễ tán, hơi bóng chút, k mùi, k nâng tone, chỉ số chống nắng cao. Giao hàng nhanh hơn so với dự kiến	2021-09-13 23:39:40	2026-09-29 21:36:14
tk_19440008	tiki	630778	beauty	Kem chống nắng Skin Aqua dưỡng trắng, kiểm dầu, dùng hàng ngày dạng sữa Sunplay Skin Aqua Clear White Eco Việt Nam SPF50, PA++++ 55g		5	Sản phẩm không bết dính Thẩm thấu nhanh Nên mua	2023-08-07 17:45:16	2026-09-29 21:36:14
tk_14549906	tiki	630778	beauty	Kem chống nắng Skin Aqua dưỡng trắng, kiểm dầu, dùng hàng ngày dạng sữa Sunplay Skin Aqua Clear White Eco Việt Nam SPF50, PA++++ 55g		5	sài nhiều nên rất thích. kkk	2022-01-18 20:10:27	2026-09-29 21:36:14
tk_19909833	tiki	630778	beauty	Kem chống nắng Skin Aqua dưỡng trắng, kiểm dầu, dùng hàng ngày dạng sữa Sunplay Skin Aqua Clear White Eco Việt Nam SPF50, PA++++ 55g		5	Cực kì hài lòng	2024-06-24 11:39:58	2026-09-29 21:36:14
tk_11849934	tiki	630778	beauty	Kem chống nắng Skin Aqua dưỡng trắng, kiểm dầu, dùng hàng ngày dạng sữa Sunplay Skin Aqua Clear White Eco Việt Nam SPF50, PA++++ 55g		5	sữa chống nắng này mình đã sử dụng qua và rất ưng, nay được dịp giảm giá nên không thể bỏ lỡ. sản phẩm tốt!	2021-08-16 15:17:44	2026-09-29 21:36:14
tk_19892729	tiki	630778	beauty	Kem chống nắng Skin Aqua dưỡng trắng, kiểm dầu, dùng hàng ngày dạng sữa Sunplay Skin Aqua Clear White Eco Việt Nam SPF50, PA++++ 55g		5	Cực kì hài lòng	2024-06-05 12:44:31	2026-09-29 21:36:14
tk_19892692	tiki	630778	beauty	Kem chống nắng Skin Aqua dưỡng trắng, kiểm dầu, dùng hàng ngày dạng sữa Sunplay Skin Aqua Clear White Eco Việt Nam SPF50, PA++++ 55g		5	Cực kì hài lòng	2024-06-05 12:12:20	2026-09-29 21:36:14
tk_19891289	tiki	630778	beauty	Kem chống nắng Skin Aqua dưỡng trắng, kiểm dầu, dùng hàng ngày dạng sữa Sunplay Skin Aqua Clear White Eco Việt Nam SPF50, PA++++ 55g		5	Cực kì hài lòng	2024-06-03 20:50:57	2026-09-29 21:36:14
tk_11953437	tiki	630778	beauty	Kem chống nắng Skin Aqua dưỡng trắng, kiểm dầu, dùng hàng ngày dạng sữa Sunplay Skin Aqua Clear White Eco Việt Nam SPF50, PA++++ 55g		5	giao hàng nhanh, shipper rất nhiệt tình hỗ trợ, hàng hóa đóng gói cẩn thận, dùng sản phẩm này nhiều r nên chất lượng khỏi phải nói, rất hài lòng	2021-08-21 11:21:39	2026-09-29 21:36:14
tk_19875623	tiki	630778	beauty	Kem chống nắng Skin Aqua dưỡng trắng, kiểm dầu, dùng hàng ngày dạng sữa Sunplay Skin Aqua Clear White Eco Việt Nam SPF50, PA++++ 55g		5	Cực kì hài lòng	2024-05-17 11:19:37	2026-09-29 21:36:14
tk_19872274	tiki	630778	beauty	Kem chống nắng Skin Aqua dưỡng trắng, kiểm dầu, dùng hàng ngày dạng sữa Sunplay Skin Aqua Clear White Eco Việt Nam SPF50, PA++++ 55g		5	Cực kì hài lòng	2024-05-13 19:58:12	2026-09-29 21:36:16
tk_19717431	tiki	630778	beauty	Kem chống nắng Skin Aqua dưỡng trắng, kiểm dầu, dùng hàng ngày dạng sữa Sunplay Skin Aqua Clear White Eco Việt Nam SPF50, PA++++ 55g		5	Hàng giao nhanh, đóng gói ổn	2024-01-09 08:46:42	2026-09-29 21:36:16
tk_10648914	tiki	630778	beauty	Kem chống nắng Skin Aqua dưỡng trắng, kiểm dầu, dùng hàng ngày dạng sữa Sunplay Skin Aqua Clear White Eco Việt Nam SPF50, PA++++ 55g		4	Giao hàng lần này thấy hơi lâu, còn bị tách thành ba đơn nữa, k hiểu sao luôn? hàng tiki thì lúc nào cũng đóng gói cẩn thận, chắc chắn. Chất lượng sp tốt!	2021-06-25 10:50:17	2026-09-29 21:36:16
tk_19845634	tiki	630778	beauty	Kem chống nắng Skin Aqua dưỡng trắng, kiểm dầu, dùng hàng ngày dạng sữa Sunplay Skin Aqua Clear White Eco Việt Nam SPF50, PA++++ 55g		5	Cực kì hài lòng	2024-04-17 12:26:26	2026-09-29 21:36:16
tk_19838371	tiki	630778	beauty	Kem chống nắng Skin Aqua dưỡng trắng, kiểm dầu, dùng hàng ngày dạng sữa Sunplay Skin Aqua Clear White Eco Việt Nam SPF50, PA++++ 55g		5	Cực kì hài lòng	2024-04-10 17:12:34	2026-09-29 21:36:16
tk_10809616	tiki	630778	beauty	Kem chống nắng Skin Aqua dưỡng trắng, kiểm dầu, dùng hàng ngày dạng sữa Sunplay Skin Aqua Clear White Eco Việt Nam SPF50, PA++++ 55g		5	thời gian giao hàng nhanh thời gian giao hàng nhanh thời gian giao hàng nhanh thời gian giao hàng nhanh thời gian giao hàng nhanh thời gian giao hàng nhanh thời gian giao hàng nhanh thời gian giao hàng nhanh	2021-07-02 09:55:07	2026-09-29 21:36:16
tk_19746795	tiki	630778	beauty	Kem chống nắng Skin Aqua dưỡng trắng, kiểm dầu, dùng hàng ngày dạng sữa Sunplay Skin Aqua Clear White Eco Việt Nam SPF50, PA++++ 55g		5	Giáo đúng hàng	2024-01-26 20:38:11	2026-09-29 21:36:16
tk_19823921	tiki	630778	beauty	Kem chống nắng Skin Aqua dưỡng trắng, kiểm dầu, dùng hàng ngày dạng sữa Sunplay Skin Aqua Clear White Eco Việt Nam SPF50, PA++++ 55g		4	Hài lòng	2024-03-29 06:49:38	2026-09-29 21:36:16
tk_19819053	tiki	630778	beauty	Kem chống nắng Skin Aqua dưỡng trắng, kiểm dầu, dùng hàng ngày dạng sữa Sunplay Skin Aqua Clear White Eco Việt Nam SPF50, PA++++ 55g		5	Cực kì hài lòng	2024-03-24 22:19:53	2026-09-29 21:36:16
tk_19492937	tiki	630778	beauty	Kem chống nắng Skin Aqua dưỡng trắng, kiểm dầu, dùng hàng ngày dạng sữa Sunplay Skin Aqua Clear White Eco Việt Nam SPF50, PA++++ 55g		5	Sản phẩm rất dễ sử dụng, thẩm thấu tốt.	2023-08-28 20:26:31	2026-09-29 21:36:16
tk_19814059	tiki	630778	beauty	Kem chống nắng Skin Aqua dưỡng trắng, kiểm dầu, dùng hàng ngày dạng sữa Sunplay Skin Aqua Clear White Eco Việt Nam SPF50, PA++++ 55g		5	Cực kì hài lòng	2024-03-20 21:46:10	2026-09-29 21:36:16
tk_11502041	tiki	630778	beauty	Kem chống nắng Skin Aqua dưỡng trắng, kiểm dầu, dùng hàng ngày dạng sữa Sunplay Skin Aqua Clear White Eco Việt Nam SPF50, PA++++ 55g		5	giao hàng nhanh đóng gói hơi méo mó nhưng ko ảnh hưởng đến sp sữa chống nắng thấm nhanh, ko bóng, kiềm dầu tốt nhưng dùng tốn, nhanh hết	2021-07-29 10:01:43	2026-09-29 21:36:16
tk_19811202	tiki	630778	beauty	Kem chống nắng Skin Aqua dưỡng trắng, kiểm dầu, dùng hàng ngày dạng sữa Sunplay Skin Aqua Clear White Eco Việt Nam SPF50, PA++++ 55g		4	Hài lòng	2024-03-18 21:55:33	2026-09-29 21:36:16
tk_19809905	tiki	630778	beauty	Kem chống nắng Skin Aqua dưỡng trắng, kiểm dầu, dùng hàng ngày dạng sữa Sunplay Skin Aqua Clear White Eco Việt Nam SPF50, PA++++ 55g		5	Cực kì hài lòng	2024-03-17 21:32:09	2026-09-29 21:36:16
tk_19800185	tiki	630778	beauty	Kem chống nắng Skin Aqua dưỡng trắng, kiểm dầu, dùng hàng ngày dạng sữa Sunplay Skin Aqua Clear White Eco Việt Nam SPF50, PA++++ 55g		5	Cực kì hài lòng	2024-03-10 07:29:39	2026-09-29 21:36:16
tk_19784838	tiki	630778	beauty	Kem chống nắng Skin Aqua dưỡng trắng, kiểm dầu, dùng hàng ngày dạng sữa Sunplay Skin Aqua Clear White Eco Việt Nam SPF50, PA++++ 55g		5	Cực kì hài lòng	2024-02-27 08:07:17	2026-09-29 21:36:16
tk_11502891	tiki	630778	beauty	Kem chống nắng Skin Aqua dưỡng trắng, kiểm dầu, dùng hàng ngày dạng sữa Sunplay Skin Aqua Clear White Eco Việt Nam SPF50, PA++++ 55g		5	giao hàng siêu nhanh, đặt hôm trước hôm nay nhận được hàng. Date xã 2024, bọc và đóng gói đẹp	2021-07-29 10:37:44	2026-09-29 21:36:16
tk_19656579	tiki	630778	beauty	Kem chống nắng Skin Aqua dưỡng trắng, kiểm dầu, dùng hàng ngày dạng sữa Sunplay Skin Aqua Clear White Eco Việt Nam SPF50, PA++++ 55g		5	KCN dùng rất tốt	2023-11-21 18:39:51	2026-09-29 21:36:16
tk_19456219	tiki	630778	beauty	Kem chống nắng Skin Aqua dưỡng trắng, kiểm dầu, dùng hàng ngày dạng sữa Sunplay Skin Aqua Clear White Eco Việt Nam SPF50, PA++++ 55g		4	Ok	2023-08-13 20:58:40	2026-09-29 21:36:16
tk_19472853	tiki	630778	beauty	Kem chống nắng Skin Aqua dưỡng trắng, kiểm dầu, dùng hàng ngày dạng sữa Sunplay Skin Aqua Clear White Eco Việt Nam SPF50, PA++++ 55g		5	Cực kì hài lòng	2023-08-20 16:42:18	2026-09-29 21:36:16
tk_10657673	tiki	630778	beauty	Kem chống nắng Skin Aqua dưỡng trắng, kiểm dầu, dùng hàng ngày dạng sữa Sunplay Skin Aqua Clear White Eco Việt Nam SPF50, PA++++ 55g		5	mình đã sử dụng sản phầm của hadalabo nhiều rồi. giá rất rẻ và da cải thiện rõ khi sử dụng liên tục sáng và tối. còn được khuyến mãi nhiều nữa... rất tuyệt	2021-06-25 16:59:03	2026-09-29 21:36:18
tk_15269941	tiki	630778	beauty	Kem chống nắng Skin Aqua dưỡng trắng, kiểm dầu, dùng hàng ngày dạng sữa Sunplay Skin Aqua Clear White Eco Việt Nam SPF50, PA++++ 55g		5	mọi thứ đều ổn, date dài lắm luôn, giao hàng nhanh cực, còn chất lượng thì mk chưa đánh giá đc vì chưa dùng	2022-03-05 15:40:24	2026-09-29 21:36:18
tk_3864548	tiki	630778	beauty	Kem chống nắng Skin Aqua dưỡng trắng, kiểm dầu, dùng hàng ngày dạng sữa Sunplay Skin Aqua Clear White Eco Việt Nam SPF50, PA++++ 55g		5	Mình được review là loại này dùng được cho da nhạy cảm (không cồn, không hương liệu) nên mua dùng. Da mình có mụn và thường thì mấy vùng mụn đó ửng đỏ mình tưởng là do nó vậy, mà từ khi dùng kcn này thì phát hiện ra là nắng làm da mình nó đỏ lên và nhất là mấy vùng da yếu. Kể từ khi bôi kcn hằng ngày da mình đã tốt lên khá nhiều. ?‍♀️ Hối hận vì đã k phát hiện sớm.	2020-06-20 19:27:10	2026-09-29 21:36:18
tk_9986932	tiki	630778	beauty	Kem chống nắng Skin Aqua dưỡng trắng, kiểm dầu, dùng hàng ngày dạng sữa Sunplay Skin Aqua Clear White Eco Việt Nam SPF50, PA++++ 55g		4	Mỏng nhẹ, thấm nhanh, dễ chịu trên da dầu. Đặc biệt không gây bí tắc lỗ chân lông. Chỉ số chống năng cao nên mình cũng yên tâm dùng mỗi ngày. Giá cả quá hợp lí so với những công dụng mà kem mang lại.	2021-05-27 11:04:52	2026-09-29 21:36:18
tk_19488420	tiki	630778	beauty	Kem chống nắng Skin Aqua dưỡng trắng, kiểm dầu, dùng hàng ngày dạng sữa Sunplay Skin Aqua Clear White Eco Việt Nam SPF50, PA++++ 55g		5	Kiềm dầu, chống nắng ổn	2023-08-26 19:41:17	2026-09-29 21:36:18
tk_12475266	tiki	630778	beauty	Kem chống nắng Skin Aqua dưỡng trắng, kiểm dầu, dùng hàng ngày dạng sữa Sunplay Skin Aqua Clear White Eco Việt Nam SPF50, PA++++ 55g		4	Sản phẩm oke, nhưng giao hàng lâu quá, shop lại để thời gian dự kiến sớm để mình ngóng từng ngày luôn, biết là dịch dã, nhưng dự kiến 28/9 giao nhưng 7/10 mới giao😞😞😞	2021-10-07 09:21:22	2026-09-29 21:36:18
tk_3524370	tiki	630778	beauty	Kem chống nắng Skin Aqua dưỡng trắng, kiểm dầu, dùng hàng ngày dạng sữa Sunplay Skin Aqua Clear White Eco Việt Nam SPF50, PA++++ 55g		4	Sản phẩm cực tốt,không nhờn rít trên da,cảm giác khô thoáng,kiềm đầu đỉnh,không cakey sau khi sử dụng,chống nước và mồ hồi siêu tốt Chỉ có phần là dung tích sản phẩm so với chai thì chỉ có một nửa nên mình hơi thất vọng.Chưa mua ở các tập hóa hay cửa hàng mĩ phẩm nên chưa biết thực hư ra sao.Nhưng đừng tích chỉ có một nửa thế này thì....Lần sau mình sẽ thử mua ở bên ngoài xem thế nào... Dù sao cảm ơn tiki rất nhiều,hàng đóng gói đẹp,dùng tốt,oki là được rồi Mình sẽ tiếp tục mua nếu có hàng nhé	2020-05-07 08:36:58	2026-09-29 21:36:18
tk_10033893	tiki	630778	beauty	Kem chống nắng Skin Aqua dưỡng trắng, kiểm dầu, dùng hàng ngày dạng sữa Sunplay Skin Aqua Clear White Eco Việt Nam SPF50, PA++++ 55g		5	kem chống nắng này dùng siêu thích luôn chị em ơi đã vậy còn lành tính và nhẹ mặt nữa	2021-05-29 15:40:50	2026-09-29 21:36:18
tk_19637810	tiki	630778	beauty	Kem chống nắng Skin Aqua dưỡng trắng, kiểm dầu, dùng hàng ngày dạng sữa Sunplay Skin Aqua Clear White Eco Việt Nam SPF50, PA++++ 55g		5	Cực kì hài lòng	2023-11-09 21:33:20	2026-09-29 21:36:18
tk_12971933	tiki	630778	beauty	Kem chống nắng Skin Aqua dưỡng trắng, kiểm dầu, dùng hàng ngày dạng sữa Sunplay Skin Aqua Clear White Eco Việt Nam SPF50, PA++++ 55g		5	Hàng đã tới ạ, giao hàng nhanh, đóng gói cẩn thận, hàng y mẫu ạ, tư vấn nhiệt tình. sẽ ủng hộ tiếp nha, cảm ơn shop nhiều, chúc shop bán đắt hàng nữa nha!	2021-11-02 12:35:21	2026-09-29 21:36:18
tk_8627425	tiki	630778	beauty	Kem chống nắng Skin Aqua dưỡng trắng, kiểm dầu, dùng hàng ngày dạng sữa Sunplay Skin Aqua Clear White Eco Việt Nam SPF50, PA++++ 55g		5	mua hàng của ROHTO là yên tâm nhất cả về chất lượng lẫn giao hàng giá hợp lý nữa. Sinh viên sử dụng sản phẩm của RT là an toàn cho sức khoẻ da luôn + tặng kèm túi rất	2021-03-24 13:05:56	2026-09-29 21:36:18
tk_19586948	tiki	630778	beauty	Kem chống nắng Skin Aqua dưỡng trắng, kiểm dầu, dùng hàng ngày dạng sữa Sunplay Skin Aqua Clear White Eco Việt Nam SPF50, PA++++ 55g		5	Cực kì hài lòng	2023-10-13 12:13:47	2026-09-29 21:36:18
tk_13915930	tiki	630778	beauty	Kem chống nắng Skin Aqua dưỡng trắng, kiểm dầu, dùng hàng ngày dạng sữa Sunplay Skin Aqua Clear White Eco Việt Nam SPF50, PA++++ 55g		1	Mình không hiểu sao để dung tích 55g mà chỉ có phân nữa chai. Ai biết giải thích cho e hỉu được k ạ :(((((	2021-12-18 17:27:55	2026-09-29 21:36:18
tk_11776982	tiki	630778	beauty	Kem chống nắng Skin Aqua dưỡng trắng, kiểm dầu, dùng hàng ngày dạng sữa Sunplay Skin Aqua Clear White Eco Việt Nam SPF50, PA++++ 55g		4	Sản phẩm này mình mua tặng em gái. Hi vọng em ấy sẽ thích. Lưu ý đây là sản phẩm kcn vật lí nhé mọi người. Mn nhớ tìm hiểu kĩ nha	2021-08-13 11:55:05	2026-09-29 21:36:18
tk_19557668	tiki	630778	beauty	Kem chống nắng Skin Aqua dưỡng trắng, kiểm dầu, dùng hàng ngày dạng sữa Sunplay Skin Aqua Clear White Eco Việt Nam SPF50, PA++++ 55g		5	Cực kì hài lòng	2023-09-28 21:25:10	2026-09-29 21:36:18
tk_19536554	tiki	630778	beauty	Kem chống nắng Skin Aqua dưỡng trắng, kiểm dầu, dùng hàng ngày dạng sữa Sunplay Skin Aqua Clear White Eco Việt Nam SPF50, PA++++ 55g		5	Cực kì hài lòng	2023-09-18 07:36:40	2026-09-29 21:36:18
tk_19532053	tiki	630778	beauty	Kem chống nắng Skin Aqua dưỡng trắng, kiểm dầu, dùng hàng ngày dạng sữa Sunplay Skin Aqua Clear White Eco Việt Nam SPF50, PA++++ 55g		5	Cực kì hài lòng	2023-09-15 20:45:23	2026-09-29 21:36:18
tk_19525181	tiki	630778	beauty	Kem chống nắng Skin Aqua dưỡng trắng, kiểm dầu, dùng hàng ngày dạng sữa Sunplay Skin Aqua Clear White Eco Việt Nam SPF50, PA++++ 55g		5	Cực kì hài lòng	2023-09-12 20:31:19	2026-09-29 21:36:18
tk_19521842	tiki	630778	beauty	Kem chống nắng Skin Aqua dưỡng trắng, kiểm dầu, dùng hàng ngày dạng sữa Sunplay Skin Aqua Clear White Eco Việt Nam SPF50, PA++++ 55g		5	Cực kì hài lòng	2023-09-11 14:17:04	2026-09-29 21:36:18
tk_14405543	tiki	630778	beauty	Kem chống nắng Skin Aqua dưỡng trắng, kiểm dầu, dùng hàng ngày dạng sữa Sunplay Skin Aqua Clear White Eco Việt Nam SPF50, PA++++ 55g		5	Xài k biết bao nhiêu chai rồi, đổi từa lưa dòng rồi vẫn quay về với em nó. Rẻ, chống nắng ổn, k gây bí da lên mụn. Highly recommend	2022-01-12 14:06:52	2026-09-29 21:36:18
tk_19517287	tiki	630778	beauty	Kem chống nắng Skin Aqua dưỡng trắng, kiểm dầu, dùng hàng ngày dạng sữa Sunplay Skin Aqua Clear White Eco Việt Nam SPF50, PA++++ 55g		5	Cực kì hài lòng	2023-09-09 15:50:24	2026-09-29 21:36:20
tk_19508959	tiki	630778	beauty	Kem chống nắng Skin Aqua dưỡng trắng, kiểm dầu, dùng hàng ngày dạng sữa Sunplay Skin Aqua Clear White Eco Việt Nam SPF50, PA++++ 55g		5	Cực kì hài lòng	2023-09-06 10:14:24	2026-09-29 21:36:20
tk_15257464	tiki	630778	beauty	Kem chống nắng Skin Aqua dưỡng trắng, kiểm dầu, dùng hàng ngày dạng sữa Sunplay Skin Aqua Clear White Eco Việt Nam SPF50, PA++++ 55g		5	Sữa chống nắng lỏng, thấm nhanh, không bết dính, nâng tông nhẹ, giao hàng nhanh chóng	2022-03-04 19:38:56	2026-09-29 21:36:20
tk_19502757	tiki	630778	beauty	Kem chống nắng Skin Aqua dưỡng trắng, kiểm dầu, dùng hàng ngày dạng sữa Sunplay Skin Aqua Clear White Eco Việt Nam SPF50, PA++++ 55g		5	Cực kì hài lòng	2023-09-03 07:25:22	2026-09-29 21:36:20
tk_19495547	tiki	630778	beauty	Kem chống nắng Skin Aqua dưỡng trắng, kiểm dầu, dùng hàng ngày dạng sữa Sunplay Skin Aqua Clear White Eco Việt Nam SPF50, PA++++ 55g		5	Cực kì hài lòng	2023-08-30 08:06:10	2026-09-29 21:36:20
tk_10656282	tiki	630778	beauty	Kem chống nắng Skin Aqua dưỡng trắng, kiểm dầu, dùng hàng ngày dạng sữa Sunplay Skin Aqua Clear White Eco Việt Nam SPF50, PA++++ 55g		5	Mua giảm giá sâu còn được tặng quà kèm theo nữa. Mỗi tội hẹn thứ 2 mà tới thứ 6 mới giao thôi.	2021-06-25 15:51:27	2026-09-29 21:36:20
tk_15612300	tiki	630778	beauty	Kem chống nắng Skin Aqua dưỡng trắng, kiểm dầu, dùng hàng ngày dạng sữa Sunplay Skin Aqua Clear White Eco Việt Nam SPF50, PA++++ 55g		5	kcn dùng tốt, k bí da, khô ráo k lên mụn. giá hợp lý phù hợp dùng lâu dài	2022-03-26 19:09:43	2026-09-29 21:36:20
tk_9116811	tiki	630778	beauty	Kem chống nắng Skin Aqua dưỡng trắng, kiểm dầu, dùng hàng ngày dạng sữa Sunplay Skin Aqua Clear White Eco Việt Nam SPF50, PA++++ 55g		5	Mua bên *** được tặng thêm lotion 20ml mà mua bên tiki không được tặng nên hơi buồn xíu :(( Nma chất lượng ổn áp lắm, 1 lọ phải sài hơn 1 tháng	2021-04-16 12:52:33	2026-09-29 21:36:20
tk_4903936	tiki	630778	beauty	Kem chống nắng Skin Aqua dưỡng trắng, kiểm dầu, dùng hàng ngày dạng sữa Sunplay Skin Aqua Clear White Eco Việt Nam SPF50, PA++++ 55g		5	da mình rất nhạy cảm sử dụng mỹ phẩm không phù hợp là sẽ nổi mụn liền.nhung em này rất phù hợp với mình . sáng thoa 1 lần sau khi duong ẩm hôm nào nắng nhiều thì trưa 1lan nữa.mot chai 55g mà mình Sài hơn 1thang vẫn chưa hết ?	2020-09-19 10:19:23	2026-09-29 21:36:20
tk_19409981	tiki	630778	beauty	Kem chống nắng Skin Aqua dưỡng trắng, kiểm dầu, dùng hàng ngày dạng sữa Sunplay Skin Aqua Clear White Eco Việt Nam SPF50, PA++++ 55g		4	Hài lòng	2023-07-26 12:34:01	2026-09-29 21:36:20
tk_12632569	tiki	630778	beauty	Kem chống nắng Skin Aqua dưỡng trắng, kiểm dầu, dùng hàng ngày dạng sữa Sunplay Skin Aqua Clear White Eco Việt Nam SPF50, PA++++ 55g		5	kem chống nắng này mình dùng lâu lắm rồi,và vẫn chưa có ý định đổi loại khác,giá mềm,kiềm dầu ổn	2021-10-15 15:32:57	2026-09-29 21:36:20
tk_19390530	tiki	630778	beauty	Kem chống nắng Skin Aqua dưỡng trắng, kiểm dầu, dùng hàng ngày dạng sữa Sunplay Skin Aqua Clear White Eco Việt Nam SPF50, PA++++ 55g		5	Cực kì hài lòng	2023-07-19 00:56:27	2026-09-29 21:36:20
tk_4655343	tiki	630778	beauty	Kem chống nắng Skin Aqua dưỡng trắng, kiểm dầu, dùng hàng ngày dạng sữa Sunplay Skin Aqua Clear White Eco Việt Nam SPF50, PA++++ 55g		5	Giao hàng nhanh ạ, kcn này thì đa số mn đều biết, dạng sữa rất dễ sử dụng, thấm nhanh. Sử dụng tới chai thứ n rồi	2020-08-28 14:18:54	2026-09-29 21:36:20
tk_12545254	tiki	630778	beauty	Kem chống nắng Skin Aqua dưỡng trắng, kiểm dầu, dùng hàng ngày dạng sữa Sunplay Skin Aqua Clear White Eco Việt Nam SPF50, PA++++ 55g		5	Vì mùa dịch nên là giao hàng hơi lâu hơn 1 tháng rưỡi . Sản phẩm thì mình cũng chưa sài nên chưa biết	2021-10-11 08:23:51	2026-09-29 21:36:20
tk_10307271	tiki	630778	beauty	Kem chống nắng Skin Aqua dưỡng trắng, kiểm dầu, dùng hàng ngày dạng sữa Sunplay Skin Aqua Clear White Eco Việt Nam SPF50, PA++++ 55g		5	Dùng siêu thích luôn á ?‍♀️ Kiềm dầu tốt, lên tone chút rất nhẹ và tự nhiên luôn. Bôi ko hề nặng mặt, chống nc và mồ hôi đỉnh❤ Quá rẻ so vs chất lượng ?	2021-06-10 10:38:22	2026-09-29 21:36:20
tk_5853129	tiki	630778	beauty	Kem chống nắng Skin Aqua dưỡng trắng, kiểm dầu, dùng hàng ngày dạng sữa Sunplay Skin Aqua Clear White Eco Việt Nam SPF50, PA++++ 55g		5	ok nha mn. nên mua nè	2020-12-01 11:31:34	2026-09-29 21:36:20
tk_11060787	tiki	630778	beauty	Kem chống nắng Skin Aqua dưỡng trắng, kiểm dầu, dùng hàng ngày dạng sữa Sunplay Skin Aqua Clear White Eco Việt Nam SPF50, PA++++ 55g		5	Loại này nổi tiếng giá hạt dẻ nhưng chống nắng khá tốt và còn nâng tông da 1 chút nên chỉ cần trang điểm nhẹ là mặt đã rất có sức sống rồi	2021-07-11 09:25:34	2026-09-29 21:36:20
tk_14417727	tiki	630778	beauty	Kem chống nắng Skin Aqua dưỡng trắng, kiểm dầu, dùng hàng ngày dạng sữa Sunplay Skin Aqua Clear White Eco Việt Nam SPF50, PA++++ 55g		5	Mua sản phẩm này chắc là lần thứ 5-6 rôi rất hài lòng về sản phẩm.	2022-01-12 23:23:37	2026-09-29 21:36:20
tk_9147343	tiki	630778	beauty	Kem chống nắng Skin Aqua dưỡng trắng, kiểm dầu, dùng hàng ngày dạng sữa Sunplay Skin Aqua Clear White Eco Việt Nam SPF50, PA++++ 55g		5	mình da thiên dầu, cảm giác khi dùng sp ổn, đã thử dùng sizze nhỏ trc đó nên h mua size lớn, dung tích k biết đủ hay k nhưng chỉ thấy có 1 nửa chai nhìn chung là ổn!!	2021-04-18 08:29:44	2026-09-29 21:36:20
tk_15215001	tiki	630778	beauty	Kem chống nắng Skin Aqua dưỡng trắng, kiểm dầu, dùng hàng ngày dạng sữa Sunplay Skin Aqua Clear White Eco Việt Nam SPF50, PA++++ 55g		5	Kcn dùng tốt ko nặg mặt ko bóng thẩm thấu nhanh tiki giao hàng nhanh lại đc tặng thêm quà nữa😘	2022-03-02 10:03:43	2026-09-29 21:36:20
tk_8619653	tiki	630778	beauty	Kem chống nắng Skin Aqua dưỡng trắng, kiểm dầu, dùng hàng ngày dạng sữa Sunplay Skin Aqua Clear White Eco Việt Nam SPF50, PA++++ 55g		5	giao hàng nhanh, quà tặng nhìn đẹp , túi khá to mà sao bám bụi nhìu ghê . Sp thì sử dụng nhìu lần r , khá ưng nên ko nhận xét j thêm .	2021-03-24 08:52:35	2026-09-29 21:36:21
tk_8277357	tiki	630778	beauty	Kem chống nắng Skin Aqua dưỡng trắng, kiểm dầu, dùng hàng ngày dạng sữa Sunplay Skin Aqua Clear White Eco Việt Nam SPF50, PA++++ 55g		5	Giao hàng nhanh, đóng gói cẩn thận. Sản phẩm này mình sd rồi, rất ổn so với giá. Tuy nhiên hơi bị đổ dầu nhưng như vậy đã ok rồi	2021-03-09 11:41:52	2026-09-29 21:36:21
tk_14512747	tiki	630778	beauty	Kem chống nắng Skin Aqua dưỡng trắng, kiểm dầu, dùng hàng ngày dạng sữa Sunplay Skin Aqua Clear White Eco Việt Nam SPF50, PA++++ 55g		5	Anh shiper đẹp trai nên về e thấy sản phẩm ưng lắm ạ😍😍😍	2022-01-17 11:35:32	2026-09-29 21:36:21
tk_15252993	tiki	630778	beauty	Kem chống nắng Skin Aqua dưỡng trắng, kiểm dầu, dùng hàng ngày dạng sữa Sunplay Skin Aqua Clear White Eco Việt Nam SPF50, PA++++ 55g		5	Giao hàng nhanh, đóng gói hàng chắc, sẽ ủng hộ shop t	2022-03-04 14:33:32	2026-09-29 21:36:21
tk_11931296	tiki	630778	beauty	Kem chống nắng Skin Aqua dưỡng trắng, kiểm dầu, dùng hàng ngày dạng sữa Sunplay Skin Aqua Clear White Eco Việt Nam SPF50, PA++++ 55g		4	Sản phẩm chống nắng hợp nhất trong các loại đã từng thử. Sẽ tiếp tục ủng hộ nhãn hàng!	2021-08-20 10:50:27	2026-09-29 21:36:21
tk_12943208	tiki	630778	beauty	Kem chống nắng Skin Aqua dưỡng trắng, kiểm dầu, dùng hàng ngày dạng sữa Sunplay Skin Aqua Clear White Eco Việt Nam SPF50, PA++++ 55g		5	kiềm dầu tốt, da mình bị dầu nhưng khi dùng sau khoảng 3 tiếng vẫn ko bị đổ dầu bóng nhờn như các loại khác.	2021-10-31 20:20:05	2026-09-29 21:36:21
tk_9952618	tiki	630778	beauty	Kem chống nắng Skin Aqua dưỡng trắng, kiểm dầu, dùng hàng ngày dạng sữa Sunplay Skin Aqua Clear White Eco Việt Nam SPF50, PA++++ 55g		5	Giao hàng dự kiến thúe 3 có mà thứ 2 đã có rồi chai siêu bự . Mình dùng không biết bao nhiêu chai nhỏ này rồi	2021-05-25 16:04:11	2026-09-29 21:36:21
tk_11749117	tiki	630778	beauty	Kem chống nắng Skin Aqua dưỡng trắng, kiểm dầu, dùng hàng ngày dạng sữa Sunplay Skin Aqua Clear White Eco Việt Nam SPF50, PA++++ 55g		5	Hình ảnh không liên quan lắm nhưng ship nhanh nha! Mình dùng khá hợp cho da dầu nên mua tiếp	2021-08-11 21:26:58	2026-09-29 21:36:21
tk_10278830	tiki	630778	beauty	Kem chống nắng Skin Aqua dưỡng trắng, kiểm dầu, dùng hàng ngày dạng sữa Sunplay Skin Aqua Clear White Eco Việt Nam SPF50, PA++++ 55g		5	Texture long, nhe. Chu y thoa ki thi se it bi bong. Kem chong nang nay khong nang tong nhieu, rat tu nhien. Se ung ho Tiki tiep.	2021-06-09 10:21:57	2026-09-29 21:36:21
tk_7763175	tiki	630778	beauty	Kem chống nắng Skin Aqua dưỡng trắng, kiểm dầu, dùng hàng ngày dạng sữa Sunplay Skin Aqua Clear White Eco Việt Nam SPF50, PA++++ 55g		5	Dùng loại này 4 năm rồi. Chất lượng tốt trong tầm giá, phù hợp với học sinh, sinh viên. Kiềm dầu khá tốt, nâng tông nhẹ.	2021-02-17 18:22:31	2026-09-29 21:36:21
tk_15480232	tiki	630778	beauty	Kem chống nắng Skin Aqua dưỡng trắng, kiểm dầu, dùng hàng ngày dạng sữa Sunplay Skin Aqua Clear White Eco Việt Nam SPF50, PA++++ 55g		5	Nghe review kcn ok, có tặnggiaays thấm dầu,giao hàng lâu hơn dự kiến 1 ngày	2022-03-18 12:31:51	2026-09-29 21:36:21
tk_12073252	tiki	630778	beauty	Kem chống nắng Skin Aqua dưỡng trắng, kiểm dầu, dùng hàng ngày dạng sữa Sunplay Skin Aqua Clear White Eco Việt Nam SPF50, PA++++ 55g		4	bạn ơi sao mình mua 2 hộp ma ko có quà tặng ak,bữa mình mua có quà tặng ma ko thấy gửi kèm.ban xem lại giúp mình nhé	2021-09-01 20:10:27	2026-09-29 21:36:21
tk_13268218	tiki	630778	beauty	Kem chống nắng Skin Aqua dưỡng trắng, kiểm dầu, dùng hàng ngày dạng sữa Sunplay Skin Aqua Clear White Eco Việt Nam SPF50, PA++++ 55g		4	Em này mình dùng từ thời sinh viên rồi, nay mới order trên mạng. Và cái kết: Siêu yêu nha 😁😁	2021-11-17 16:56:27	2026-09-29 21:36:21
tk_9131898	tiki	630778	beauty	Kem chống nắng Skin Aqua dưỡng trắng, kiểm dầu, dùng hàng ngày dạng sữa Sunplay Skin Aqua Clear White Eco Việt Nam SPF50, PA++++ 55g		5	Giao hàng rất nhanh, date tới năm 2024, săn được flash sale nên giá rẻ	2021-04-17 10:25:20	2026-09-29 21:36:21
tk_6729672	tiki	630778	beauty	Kem chống nắng Skin Aqua dưỡng trắng, kiểm dầu, dùng hàng ngày dạng sữa Sunplay Skin Aqua Clear White Eco Việt Nam SPF50, PA++++ 55g		5	không được tặng kèm lotion rồi, gói hàng cũng hơi xơ xài không có bọc chống sốc mà hộp đựng lại khá to so với sản phẩm	2021-01-05 13:17:40	2026-09-29 21:36:21
tk_11553082	tiki	630778	beauty	Kem chống nắng Skin Aqua dưỡng trắng, kiểm dầu, dùng hàng ngày dạng sữa Sunplay Skin Aqua Clear White Eco Việt Nam SPF50, PA++++ 55g		5	Mua đc hộp 55g giá tốt lại đc miễn ship, lúc đầu lo hàng cận date. nhận hàng xong rất ưng ý, date xa.đã dùng lọ t2	2021-08-01 14:47:36	2026-09-29 21:36:21
tk_10909974	tiki	630778	beauty	Kem chống nắng Skin Aqua dưỡng trắng, kiểm dầu, dùng hàng ngày dạng sữa Sunplay Skin Aqua Clear White Eco Việt Nam SPF50, PA++++ 55g		5	Sữa thấm rất nhanh, da rất mịn, tiếc là ko có chai nửa lít để trét toàn thân luôn.	2021-07-06 10:15:41	2026-09-29 21:36:21
tk_11711176	tiki	630778	beauty	Kem chống nắng Skin Aqua dưỡng trắng, kiểm dầu, dùng hàng ngày dạng sữa Sunplay Skin Aqua Clear White Eco Việt Nam SPF50, PA++++ 55g		5	lần đầu mua hàng của tiki mà thấy rất ổn áp ạ, shipper thân thiện, sản phẩm đóng gói đẹp, chất lượng ok	2021-08-09 21:24:06	2026-09-29 21:36:21
tk_14435342	tiki	630778	beauty	Kem chống nắng Skin Aqua dưỡng trắng, kiểm dầu, dùng hàng ngày dạng sữa Sunplay Skin Aqua Clear White Eco Việt Nam SPF50, PA++++ 55g		5	Giao hàng nhanh, sp chính hãng Rất nên dùng	2022-01-13 19:20:20	2026-09-29 21:36:21
tk_9121390	tiki	630778	beauty	Kem chống nắng Skin Aqua dưỡng trắng, kiểm dầu, dùng hàng ngày dạng sữa Sunplay Skin Aqua Clear White Eco Việt Nam SPF50, PA++++ 55g		5	Giáo hàng nhanh lắm luôn, đặt lúc 8h tối mà sáng giao r. Mà hình như bên trong có phân nữa chai thôi.	2021-04-16 16:48:54	2026-09-29 21:36:21
tk_12426198	tiki	630778	beauty	Kem chống nắng Skin Aqua dưỡng trắng, kiểm dầu, dùng hàng ngày dạng sữa Sunplay Skin Aqua Clear White Eco Việt Nam SPF50, PA++++ 55g		5	Hàng tốt , sane sale dx giá rất ưh hợp ly , đóng gói tốt love	2021-10-03 21:12:57	2026-09-29 21:36:23
tk_10366099	tiki	630778	beauty	Kem chống nắng Skin Aqua dưỡng trắng, kiểm dầu, dùng hàng ngày dạng sữa Sunplay Skin Aqua Clear White Eco Việt Nam SPF50, PA++++ 55g		5	mình sài sp này khá nhiều lần rồi cảm giác thấm nhanh k bị rít khó chịu mịn mượt	2021-06-12 12:57:31	2026-09-29 21:36:23
tk_13585419	tiki	630778	beauty	Kem chống nắng Skin Aqua dưỡng trắng, kiểm dầu, dùng hàng ngày dạng sữa Sunplay Skin Aqua Clear White Eco Việt Nam SPF50, PA++++ 55g		5	Đóng gói hàng cẩn thận, sp này mk dùng nhiều r nên kh bàn gì đến chất lượng nhé	2021-12-03 09:06:44	2026-09-29 21:36:23
tk_9994757	tiki	630778	beauty	Kem chống nắng Skin Aqua dưỡng trắng, kiểm dầu, dùng hàng ngày dạng sữa Sunplay Skin Aqua Clear White Eco Việt Nam SPF50, PA++++ 55g		5	kcn kiềm dầu siêu đỉnh, dạng sữa thấm nhanh. từ khi mình dùng kcn này da đẹp hơn hẳn	2021-05-27 16:59:00	2026-09-29 21:36:23
tk_8806449	tiki	630778	beauty	Kem chống nắng Skin Aqua dưỡng trắng, kiểm dầu, dùng hàng ngày dạng sữa Sunplay Skin Aqua Clear White Eco Việt Nam SPF50, PA++++ 55g		4	nghe nhiều recommended da dầu xài loại này oke nên mình mua cho bạn xài thử oke sẽ tiếp tục ủng hộ	2021-03-31 21:15:35	2026-09-29 21:36:23
tk_13429326	tiki	630778	beauty	Kem chống nắng Skin Aqua dưỡng trắng, kiểm dầu, dùng hàng ngày dạng sữa Sunplay Skin Aqua Clear White Eco Việt Nam SPF50, PA++++ 55g		5	kiềm dầu rất ổn luôn á mn, nên dùng thử ✌	2021-11-25 18:00:07	2026-09-29 21:36:23
tk_10877572	tiki	630778	beauty	Kem chống nắng Skin Aqua dưỡng trắng, kiểm dầu, dùng hàng ngày dạng sữa Sunplay Skin Aqua Clear White Eco Việt Nam SPF50, PA++++ 55g		5	Đã mua nhiều lần và sử dụng rất ổn.	2021-07-04 21:29:24	2026-09-29 21:36:23
tk_9250313	tiki	630778	beauty	Kem chống nắng Skin Aqua dưỡng trắng, kiểm dầu, dùng hàng ngày dạng sữa Sunplay Skin Aqua Clear White Eco Việt Nam SPF50, PA++++ 55g		5	giao hàng đúng hẹn. Mọi thứ ok la. Đóng gói chăc chắn. Hìh ảnh mang tính chất minh họa.	2021-04-23 07:40:40	2026-09-29 21:36:23
tk_11570435	tiki	630778	beauty	Kem chống nắng Skin Aqua dưỡng trắng, kiểm dầu, dùng hàng ngày dạng sữa Sunplay Skin Aqua Clear White Eco Việt Nam SPF50, PA++++ 55g		4	Để quà tặng mà sao k có shop	2021-08-02 13:42:16	2026-09-29 21:36:23
tk_15701267	tiki	630778	beauty	Kem chống nắng Skin Aqua dưỡng trắng, kiểm dầu, dùng hàng ngày dạng sữa Sunplay Skin Aqua Clear White Eco Việt Nam SPF50, PA++++ 55g		5	sản phẩm dùng rất tốt, sẽ ủng hộ shop tiếp	2022-03-31 19:47:58	2026-09-29 21:36:23
tk_11380042	tiki	630778	beauty	Kem chống nắng Skin Aqua dưỡng trắng, kiểm dầu, dùng hàng ngày dạng sữa Sunplay Skin Aqua Clear White Eco Việt Nam SPF50, PA++++ 55g		5	sản phẩm tốt.. giao hàng nhanh	2021-07-22 21:06:50	2026-09-29 21:36:23
tk_15993134	tiki	630778	beauty	Kem chống nắng Skin Aqua dưỡng trắng, kiểm dầu, dùng hàng ngày dạng sữa Sunplay Skin Aqua Clear White Eco Việt Nam SPF50, PA++++ 55g		5	giao hang nhanh, sữa chống nắng mỏng nhẹ	2022-04-19 11:31:48	2026-09-29 21:36:23
tk_2146766	tiki	630778	beauty	Kem chống nắng Skin Aqua dưỡng trắng, kiểm dầu, dùng hàng ngày dạng sữa Sunplay Skin Aqua Clear White Eco Việt Nam SPF50, PA++++ 55g		5	Mình mua em này sau khi được nhỏ em cho dùng ké mẫu thử (là cái lọ bé bé 20g ấy). Da mình khá nhạy cảm nên dùng nhiều loại mà cứ bị lên mụn ẩn. Nhưng với em này thì không hề gì luôn. Vì là dạng sữa nên lúc dùng lên da thì thấm hẳn vào (không bị nhờn rít hay lộ vân kem giống mấy loại khác), rồi nhìn da mình kiểu mịn với trắng hơn một tí nữa, thích cực! Bạn nào muốn lên tone da mà lười make up thì có thể dùng một lớp kem dưỡng rồi apply em này lên là xong, vừa chống nắng, lại còn lên tone nhìn rất tự nhiên nữa. Điều duy nhất để mà chê em này chắc là lúc mới dùng có mùi cồn chứ không thơm, nhưng mùi cũng nhẹ thôi, dùng lâu là thích luôn mùi này :3. Nói chung đây là một sản phẩm mình rất rất rất ưng ý, các bạn nên dùng thử (nếu sợ thì dùng cái tuýp thử 20g bé tí ấy, rồi hẳn mua lớn, bé nhưng dùng cũng nhiều lần lắm luôn ý). Sẽ tiếp tục ủng hộ nữa!	2019-04-12 08:41:50	2026-09-29 21:36:23
tk_9916089	tiki	630778	beauty	Kem chống nắng Skin Aqua dưỡng trắng, kiểm dầu, dùng hàng ngày dạng sữa Sunplay Skin Aqua Clear White Eco Việt Nam SPF50, PA++++ 55g		5	sản phẩm này rất phù hợp với mình không bị nhờn rít trên da và mát nữa	2021-05-23 18:50:27	2026-09-29 21:36:23
tk_3612703	tiki	630778	beauty	Kem chống nắng Skin Aqua dưỡng trắng, kiểm dầu, dùng hàng ngày dạng sữa Sunplay Skin Aqua Clear White Eco Việt Nam SPF50, PA++++ 55g		3	mìn thật sự không hài lòng, sản phẩm có phần bọc quá cũ, rách tem. không hiểu sao shop vẫn cố giao cho khách được. sẽ không bao giờ quay lại mua của shop	2020-05-22 08:40:30	2026-09-29 21:36:23
tk_9791194	tiki	630778	beauty	Kem chống nắng Skin Aqua dưỡng trắng, kiểm dầu, dùng hàng ngày dạng sữa Sunplay Skin Aqua Clear White Eco Việt Nam SPF50, PA++++ 55g		5	Giao hàng cực nhanh, shipper dễ thương, sản phẩm giá rẻ mà hiệu quả cực ổn, sử dụng nhẹ tâng không bị bí da	2021-05-17 21:12:52	2026-09-29 21:36:23
tk_10298931	tiki	630778	beauty	Kem chống nắng Skin Aqua dưỡng trắng, kiểm dầu, dùng hàng ngày dạng sữa Sunplay Skin Aqua Clear White Eco Việt Nam SPF50, PA++++ 55g		5	Sữa chống nắng kiềm dầu tốt, nâng tone nhẹ, giá thành hợp túi tiền.	2021-06-09 22:42:42	2026-09-29 21:36:23
tk_11123495	tiki	630778	beauty	Kem chống nắng Skin Aqua dưỡng trắng, kiểm dầu, dùng hàng ngày dạng sữa Sunplay Skin Aqua Clear White Eco Việt Nam SPF50, PA++++ 55g		5	Dùng mềm da siêu thích nha.k gây bí mặt hay nặng mặt xíu nào	2021-07-13 11:01:59	2026-09-29 21:36:23
tk_10714484	tiki	630778	beauty	Kem chống nắng Skin Aqua dưỡng trắng, kiểm dầu, dùng hàng ngày dạng sữa Sunplay Skin Aqua Clear White Eco Việt Nam SPF50, PA++++ 55g		4	sp thì ko phải bàn rất ok nha, săn sale giá rẻ nữa , còn quà tặng thì ko đẹp lắm, giao hàng quá lâu	2021-06-28 10:36:09	2026-09-29 21:36:23
tk_9868424	tiki	630778	beauty	Kem chống nắng Skin Aqua dưỡng trắng, kiểm dầu, dùng hàng ngày dạng sữa Sunplay Skin Aqua Clear White Eco Việt Nam SPF50, PA++++ 55g		5	giao hàng cực kỳ nhanh, chất lượng của skin aqua thì khỏi bàn cãi rồi	2021-05-21 14:07:26	2026-09-29 21:36:23
tk_15462552	tiki	630778	beauty	Kem chống nắng Skin Aqua dưỡng trắng, kiểm dầu, dùng hàng ngày dạng sữa Sunplay Skin Aqua Clear White Eco Việt Nam SPF50, PA++++ 55g		5	Sp ko có gì để chê. Giao hàng cực nhanh	2022-03-17 12:03:13	2026-09-29 21:36:24
tk_11684132	tiki	630778	beauty	Kem chống nắng Skin Aqua dưỡng trắng, kiểm dầu, dùng hàng ngày dạng sữa Sunplay Skin Aqua Clear White Eco Việt Nam SPF50, PA++++ 55g		5	Tikinow giao đúng giờ nhanh quá, sản phẩm chính hãng	2021-08-08 15:38:16	2026-09-29 21:36:24
tk_9044488	tiki	630778	beauty	Kem chống nắng Skin Aqua dưỡng trắng, kiểm dầu, dùng hàng ngày dạng sữa Sunplay Skin Aqua Clear White Eco Việt Nam SPF50, PA++++ 55g		5	Hàng về quá nhanh quá nguy hiểm? dùng ok nhưng mà bé hơn so với tưởng tượng	2021-04-12 15:11:56	2026-09-29 21:36:24
tk_10841297	tiki	630778	beauty	Kem chống nắng Skin Aqua dưỡng trắng, kiểm dầu, dùng hàng ngày dạng sữa Sunplay Skin Aqua Clear White Eco Việt Nam SPF50, PA++++ 55g		5	Sản phẩm bao bì đóng gói đẹp. Đã sử dụng nhiều lần.	2021-07-03 14:10:34	2026-09-29 21:36:24
tk_9263328	tiki	630778	beauty	Kem chống nắng Skin Aqua dưỡng trắng, kiểm dầu, dùng hàng ngày dạng sữa Sunplay Skin Aqua Clear White Eco Việt Nam SPF50, PA++++ 55g		4	đang sử dụng, ưng ý, kg bị nặng mặt khi thoa. lần sau sẽ ủng hộ tiếp	2021-04-23 15:02:51	2026-09-29 21:36:24
tk_16005462	tiki	630778	beauty	Kem chống nắng Skin Aqua dưỡng trắng, kiểm dầu, dùng hàng ngày dạng sữa Sunplay Skin Aqua Clear White Eco Việt Nam SPF50, PA++++ 55g		5	Đã mua chai thứ 3 dùng hợp da	2022-04-19 22:53:46	2026-09-29 21:36:24
tk_11172744	tiki	630778	beauty	Kem chống nắng Skin Aqua dưỡng trắng, kiểm dầu, dùng hàng ngày dạng sữa Sunplay Skin Aqua Clear White Eco Việt Nam SPF50, PA++++ 55g		5	Hàng chính hãng giao nhanh. Chất lượng tốt. Giá tốt	2021-07-14 22:33:09	2026-09-29 21:36:24
tk_11770850	tiki	630778	beauty	Kem chống nắng Skin Aqua dưỡng trắng, kiểm dầu, dùng hàng ngày dạng sữa Sunplay Skin Aqua Clear White Eco Việt Nam SPF50, PA++++ 55g		5	dùng ok................................................	2021-08-13 02:31:07	2026-09-29 21:36:24
tk_12367570	tiki	630778	beauty	Kem chống nắng Skin Aqua dưỡng trắng, kiểm dầu, dùng hàng ngày dạng sữa Sunplay Skin Aqua Clear White Eco Việt Nam SPF50, PA++++ 55g		5	Có kiềm dầu xíu , cảm giác trên da thích kiểu rất ráo, hợp với hs sv	2021-09-29 12:41:04	2026-09-29 21:36:24
tk_5656294	tiki	630778	beauty	Kem chống nắng Skin Aqua dưỡng trắng, kiểm dầu, dùng hàng ngày dạng sữa Sunplay Skin Aqua Clear White Eco Việt Nam SPF50, PA++++ 55g		3	chắc ko hợp da mình lắm, tuy thấm cũng nhanh, kiềm dầu nhưng mặt cứ bóng bóng không thích lắm, mà nó cũng nhanh đổ dầu lại lắm các bạn	2020-11-18 09:51:17	2026-09-29 21:36:24
tk_20227453	tiki	1313889	beauty	Kem chống nắng Skin Aqua cho da mụn, dạng sữa dùng hàng ngày Sunplay Skin Aqua Acne Clear Eco Việt Nam SPF 50, PA++++ 25g		5	Tốt nha , rất hài lòng	2026-04-18 09:51:52	2026-09-29 21:36:29
tk_9033155	tiki	1313889	beauty	Kem chống nắng Skin Aqua cho da mụn, dạng sữa dùng hàng ngày Sunplay Skin Aqua Acne Clear Eco Việt Nam SPF 50, PA++++ 25g		5	sữa chống nắng dùng êm lắm, thấm nhanh, không để lại vệt trắng đâu, sờ mịn mịn thích lắm. mình dùng 1 buổi mà thấy mặt vẫn khá khô ý, không bị bóng dầu. cơ mà ko biết chống nắng thế nào=(( điểm cộng nữa là anh shipper cực cute luôn:))))))))	2021-04-11 21:38:27	2026-09-29 21:36:29
tk_20258706	tiki	1313889	beauty	Kem chống nắng Skin Aqua cho da mụn, dạng sữa dùng hàng ngày Sunplay Skin Aqua Acne Clear Eco Việt Nam SPF 50, PA++++ 25g		5	Cực kì hài lòng	2026-09-06 12:11:26	2026-09-29 21:36:29
tk_20232556	tiki	1313889	beauty	Kem chống nắng Skin Aqua cho da mụn, dạng sữa dùng hàng ngày Sunplay Skin Aqua Acne Clear Eco Việt Nam SPF 50, PA++++ 25g		5	Cực kì hài lòng	2026-05-09 20:01:06	2026-09-29 21:36:29
tk_20228017	tiki	1313889	beauty	Kem chống nắng Skin Aqua cho da mụn, dạng sữa dùng hàng ngày Sunplay Skin Aqua Acne Clear Eco Việt Nam SPF 50, PA++++ 25g		5	Cực kì hài lòng	2026-04-20 15:10:03	2026-09-29 21:36:29
tk_14518733	tiki	1313889	beauty	Kem chống nắng Skin Aqua cho da mụn, dạng sữa dùng hàng ngày Sunplay Skin Aqua Acne Clear Eco Việt Nam SPF 50, PA++++ 25g		5	sản phẩm thật sự quá tuyệt vời ạ, lên tông 1 xíu, da không đỗ dầu nhiều, mình không biết có dưỡng trắng không nữa, vì mình cũng khi nào ra ngoài mới dùng, có đều sữa hơi ít hihi sản phẩm không bết dính mà thoa lên là tan liền, mình thích lắm ạ, giá cả cũng ok	2022-01-17 15:43:45	2026-09-29 21:36:29
tk_19516573	tiki	1313889	beauty	Kem chống nắng Skin Aqua cho da mụn, dạng sữa dùng hàng ngày Sunplay Skin Aqua Acne Clear Eco Việt Nam SPF 50, PA++++ 25g		1	Mình đặt hàng 2 lọ màu trắng, sao giao mình màu xanh? Lúc trước đã 1 lần rồi, mình không hợp màu xanh.	2023-09-09 12:11:22	2026-09-29 21:36:29
tk_19658593	tiki	1313889	beauty	Kem chống nắng Skin Aqua cho da mụn, dạng sữa dùng hàng ngày Sunplay Skin Aqua Acne Clear Eco Việt Nam SPF 50, PA++++ 25g		5	Giao hàng nhanh.Kem chống nắng nâng tông dạng sữa khô thoáng, nâng tông, ngăn ngừa mụn rất ok. phù hợp cho da dầu.	2023-11-23 08:57:07	2026-09-29 21:36:29
tk_9266717	tiki	1313889	beauty	Kem chống nắng Skin Aqua cho da mụn, dạng sữa dùng hàng ngày Sunplay Skin Aqua Acne Clear Eco Việt Nam SPF 50, PA++++ 25g		5	da mình là hỗn hợp, dầu chữ T, má khô, nên dùng một số loại kem khác dễ lên mụn, từ ngày dùng loại này thì rất ok, dùng giúp da lên tông nhẹ, tự nhiên, dễ thấm, dễ tán. route chăm da ban ngày mùa hè của mình : srm bọt mịn - toner việt quốc - gel dưỡng ẩm khoáng - serum vitaC - kem chống nắng. 1 tuần tẩy tbc 1-2 lần (tùy độ siêng), đắp mặt nạ các loại đậu trộn sữa chua. duy trì trong 1 tháng thì da cải thiện đáng kể. lúc trc mình cũng chăm nhưng ban ngày ít dùng kem chống nắng nên hiệu quả ko nhiều, giờ kết hợp rất ưng ý	2021-04-23 16:36:05	2026-09-29 21:36:29
tk_16162121	tiki	1313889	beauty	Kem chống nắng Skin Aqua cho da mụn, dạng sữa dùng hàng ngày Sunplay Skin Aqua Acne Clear Eco Việt Nam SPF 50, PA++++ 25g		5	nâng tông nhẹ, k cồn, ẩm ẩm, hợp với da thường đến khô, giao hàng siêu nhanh, đặt tối là trưa hôm sau nhận hàng	2022-05-02 11:31:39	2026-09-29 21:36:29
tk_20059254	tiki	1313889	beauty	Kem chống nắng Skin Aqua cho da mụn, dạng sữa dùng hàng ngày Sunplay Skin Aqua Acne Clear Eco Việt Nam SPF 50, PA++++ 25g		5	Cực kì hài lòng	2025-01-02 14:10:58	2026-09-29 21:36:29
tk_12166200	tiki	1313889	beauty	Kem chống nắng Skin Aqua cho da mụn, dạng sữa dùng hàng ngày Sunplay Skin Aqua Acne Clear Eco Việt Nam SPF 50, PA++++ 25g		5	hàng giao lâu chắc do dịch nên hong sao. đóng gói chắc chắn, nhưng mà mình không ngờ chai nó nhỏ như z, nchung là ổn.	2021-09-11 19:31:57	2026-09-29 21:36:29
tk_11953077	tiki	1313889	beauty	Kem chống nắng Skin Aqua cho da mụn, dạng sữa dùng hàng ngày Sunplay Skin Aqua Acne Clear Eco Việt Nam SPF 50, PA++++ 25g		5	sp đóng gói khá sơ sài do mk xem review nên mua sd thử nên chx bt có hiệu quả hay k	2021-08-21 11:10:28	2026-09-29 21:36:29
tk_20028444	tiki	1313889	beauty	Kem chống nắng Skin Aqua cho da mụn, dạng sữa dùng hàng ngày Sunplay Skin Aqua Acne Clear Eco Việt Nam SPF 50, PA++++ 25g		4	Hài lòng	2024-11-11 15:17:14	2026-09-29 21:36:29
tk_20023808	tiki	1313889	beauty	Kem chống nắng Skin Aqua cho da mụn, dạng sữa dùng hàng ngày Sunplay Skin Aqua Acne Clear Eco Việt Nam SPF 50, PA++++ 25g		5	Cực kì hài lòng	2024-11-04 22:19:47	2026-09-29 21:36:29
tk_16010655	tiki	1313889	beauty	Kem chống nắng Skin Aqua cho da mụn, dạng sữa dùng hàng ngày Sunplay Skin Aqua Acne Clear Eco Việt Nam SPF 50, PA++++ 25g		5	thấm nhanh, kh để lại lớp dính, nâng tone xíu xíu thui	2022-04-20 11:30:56	2026-09-29 21:36:29
tk_14859196	tiki	1313889	beauty	Kem chống nắng Skin Aqua cho da mụn, dạng sữa dùng hàng ngày Sunplay Skin Aqua Acne Clear Eco Việt Nam SPF 50, PA++++ 25g		5	sản phẩm đc bao bọc tốt	2022-02-09 11:42:27	2026-09-29 21:36:29
tk_19925624	tiki	1313889	beauty	Kem chống nắng Skin Aqua cho da mụn, dạng sữa dùng hàng ngày Sunplay Skin Aqua Acne Clear Eco Việt Nam SPF 50, PA++++ 25g		5	Cực kì hài lòng	2024-07-12 15:46:41	2026-09-29 21:36:29
tk_19924499	tiki	1313889	beauty	Kem chống nắng Skin Aqua cho da mụn, dạng sữa dùng hàng ngày Sunplay Skin Aqua Acne Clear Eco Việt Nam SPF 50, PA++++ 25g		5	Cực kì hài lòng	2024-07-11 11:43:25	2026-09-29 21:36:29
tk_19919712	tiki	1313889	beauty	Kem chống nắng Skin Aqua cho da mụn, dạng sữa dùng hàng ngày Sunplay Skin Aqua Acne Clear Eco Việt Nam SPF 50, PA++++ 25g		5	Cực kì hài lòng	2024-07-06 09:20:49	2026-09-29 21:36:29
tk_19913228	tiki	1313889	beauty	Kem chống nắng Skin Aqua cho da mụn, dạng sữa dùng hàng ngày Sunplay Skin Aqua Acne Clear Eco Việt Nam SPF 50, PA++++ 25g		5	Cực kì hài lòng	2024-06-28 09:26:52	2026-09-29 21:36:31
tk_11582786	tiki	1313889	beauty	Kem chống nắng Skin Aqua cho da mụn, dạng sữa dùng hàng ngày Sunplay Skin Aqua Acne Clear Eco Việt Nam SPF 50, PA++++ 25g		5	đóng gói tốt ,sẽ đánh giá lại sau khi dùng. Sau khi dùng xong một chai thì mình thấy em này dùng tốt đó. Chất kem thơm ,dễ thấm,nâng tone.Sẽ mua lại em nó	2021-08-03 10:21:03	2026-09-29 21:36:31
tk_19871531	tiki	1313889	beauty	Kem chống nắng Skin Aqua cho da mụn, dạng sữa dùng hàng ngày Sunplay Skin Aqua Acne Clear Eco Việt Nam SPF 50, PA++++ 25g		5	Cực kì hài lòng	2024-05-13 08:25:08	2026-09-29 21:36:31
tk_19829385	tiki	1313889	beauty	Kem chống nắng Skin Aqua cho da mụn, dạng sữa dùng hàng ngày Sunplay Skin Aqua Acne Clear Eco Việt Nam SPF 50, PA++++ 25g		5	Cực kì hài lòng	2024-04-02 20:44:10	2026-09-29 21:36:31
tk_19807034	tiki	1313889	beauty	Kem chống nắng Skin Aqua cho da mụn, dạng sữa dùng hàng ngày Sunplay Skin Aqua Acne Clear Eco Việt Nam SPF 50, PA++++ 25g		5	Cực kì hài lòng	2024-03-15 14:26:29	2026-09-29 21:36:31
tk_15928440	tiki	1313889	beauty	Kem chống nắng Skin Aqua cho da mụn, dạng sữa dùng hàng ngày Sunplay Skin Aqua Acne Clear Eco Việt Nam SPF 50, PA++++ 25g		5	mình mua sale nên rẻ hơn bình thường, sữa thấm nhanh, mình da dầu mà dùng không bị nổi mụn, sẽ ủng hộ shop nữa	2022-04-15 08:12:34	2026-09-29 21:36:31
tk_12346910	tiki	1313889	beauty	Kem chống nắng Skin Aqua cho da mụn, dạng sữa dùng hàng ngày Sunplay Skin Aqua Acne Clear Eco Việt Nam SPF 50, PA++++ 25g		5	sảm phẩm tốt dùng thích. mua ở chính hãng thì không lo rồi được combo thêm một lọ kem chống nắng toàn thân	2021-09-27 17:59:20	2026-09-29 21:36:31
tk_15148311	tiki	1313889	beauty	Kem chống nắng Skin Aqua cho da mụn, dạng sữa dùng hàng ngày Sunplay Skin Aqua Acne Clear Eco Việt Nam SPF 50, PA++++ 25g		5	Đã nhận được hàng đầy đủ. Loại này mình dùng lâu rồi, thoáng mịn, nâng tông nhẹ. Kiềm dầu bình thường. Giá phải chăng. Lọ to hơn thì tốt.	2022-02-26 09:36:19	2026-09-29 21:36:31
tk_19703678	tiki	1313889	beauty	Kem chống nắng Skin Aqua cho da mụn, dạng sữa dùng hàng ngày Sunplay Skin Aqua Acne Clear Eco Việt Nam SPF 50, PA++++ 25g		5	Cực kì hài lòng	2023-12-30 19:39:28	2026-09-29 21:36:31
tk_15782412	tiki	1313889	beauty	Kem chống nắng Skin Aqua cho da mụn, dạng sữa dùng hàng ngày Sunplay Skin Aqua Acne Clear Eco Việt Nam SPF 50, PA++++ 25g		5	Thích hợp với da dầu, mụn. Kiềm dầu tốt,tuy nhiên chỉ được khoảng 3-4 tiếng. Ổn với tầm giá	2022-04-05 14:44:55	2026-09-29 21:36:31
tk_13012893	tiki	1313889	beauty	Kem chống nắng Skin Aqua cho da mụn, dạng sữa dùng hàng ngày Sunplay Skin Aqua Acne Clear Eco Việt Nam SPF 50, PA++++ 25g		5	Giao hàng hơi lâu nhưng vì chất lượng sản phẩm tốt nên cho 5 sao. Đóng gói kĩ càng và loại này siêu hợp cho da mụn, mình xài không bị lên mụn như mấy loại khác.	2021-11-04 16:18:51	2026-09-29 21:36:31
tk_13185206	tiki	1313889	beauty	Kem chống nắng Skin Aqua cho da mụn, dạng sữa dùng hàng ngày Sunplay Skin Aqua Acne Clear Eco Việt Nam SPF 50, PA++++ 25g		5	hàng đc đóng gói cẩn thận , tuy dịch nhưng giao hàng rất nhanh... shipper nhiệt tình, nghe review sản phẩm khá tốt	2021-11-14 09:03:44	2026-09-29 21:36:31
tk_19579865	tiki	1313889	beauty	Kem chống nắng Skin Aqua cho da mụn, dạng sữa dùng hàng ngày Sunplay Skin Aqua Acne Clear Eco Việt Nam SPF 50, PA++++ 25g		5	Cực kì hài lòng	2023-10-10 08:37:53	2026-09-29 21:36:31
tk_19555775	tiki	1313889	beauty	Kem chống nắng Skin Aqua cho da mụn, dạng sữa dùng hàng ngày Sunplay Skin Aqua Acne Clear Eco Việt Nam SPF 50, PA++++ 25g		5	Cực kì hài lòng	2023-09-27 21:36:36	2026-09-29 21:36:31
tk_15479120	tiki	1313889	beauty	Kem chống nắng Skin Aqua cho da mụn, dạng sữa dùng hàng ngày Sunplay Skin Aqua Acne Clear Eco Việt Nam SPF 50, PA++++ 25g		1	ship nhanh nhưng hàng có vẫn đề. soi dưới ánh sáng còn dưới 40% chai. Shop nên coi lại.	2022-03-18 11:43:04	2026-09-29 21:36:31
tk_15969604	tiki	1313889	beauty	Kem chống nắng Skin Aqua cho da mụn, dạng sữa dùng hàng ngày Sunplay Skin Aqua Acne Clear Eco Việt Nam SPF 50, PA++++ 25g		5	Sản phẩm dùng rất thích, hợp với da khô lắm luôn. Tiki giao hàng nhanh, giá hợp với hssv. Nói chung đáng mua lắm ạ	2022-04-17 20:30:41	2026-09-29 21:36:31
tk_3138630	tiki	1313889	beauty	Kem chống nắng Skin Aqua cho da mụn, dạng sữa dùng hàng ngày Sunplay Skin Aqua Acne Clear Eco Việt Nam SPF 50, PA++++ 25g		4	Mình xài được 2 tháng rồi cảm nhận chất lượng khá oke vì chảy mồ hôi cũng k bị bệt, sữa chống nắng này cũng như kiểu một lớp make up cho da lúc ra đường ấy còn hiệu quả dưỡng da thì mình không cảm nhận được nhiều lắm, nhưng mà k gây bết rít nói chung là hài lòng nha :333	2020-03-11 20:25:40	2026-09-29 21:36:31
tk_3887994	tiki	1313889	beauty	Kem chống nắng Skin Aqua cho da mụn, dạng sữa dùng hàng ngày Sunplay Skin Aqua Acne Clear Eco Việt Nam SPF 50, PA++++ 25g		5	Loại này vô cùng hợp da mình, kiềm dầu 7/10, thêm chút phấn phủ kiềm dầu là ok 1 buổi. Mình toàn canh sale mua mấy chai một luôn. Đã dùng 3 năm nay. Có cái là ngày apply 2 lần hơi tốn :)) mình trung bình 1 tháng 1 lọ. Mong hãng ra loại chai lớn cho tiết kiệm.	2020-06-23 12:53:44	2026-09-29 21:36:31
tk_4386685	tiki	1313889	beauty	Kem chống nắng Skin Aqua cho da mụn, dạng sữa dùng hàng ngày Sunplay Skin Aqua Acne Clear Eco Việt Nam SPF 50, PA++++ 25g		3	cũng bình thường. kem chống nắng dễ trôi nên dùng tầm 2 tiếng là mọi người nên bôi lại. mình da dầu dùng 1 lúc là mặt nổi nguyên 1 chảo sản phẩm không kiềm dầu đâu.đã sử dụng hết cả lọ nên mình sẽ chuyển sang sản phẩm khác.	2020-08-09 10:27:02	2026-09-29 21:36:31
tk_15959311	tiki	1313889	beauty	Kem chống nắng Skin Aqua cho da mụn, dạng sữa dùng hàng ngày Sunplay Skin Aqua Acne Clear Eco Việt Nam SPF 50, PA++++ 25g		5	Ko mùi, chất kem thấm nhanh vào da. Giá cả hợp lý. Tiki giao hàng nhanh	2022-04-17 09:39:42	2026-09-29 21:36:31
tk_19224553	tiki	1313889	beauty	Kem chống nắng Skin Aqua cho da mụn, dạng sữa dùng hàng ngày Sunplay Skin Aqua Acne Clear Eco Việt Nam SPF 50, PA++++ 25g		5	rất thích nha	2023-05-24 10:52:18	2026-09-29 21:36:33
tk_14175575	tiki	1313889	beauty	Kem chống nắng Skin Aqua cho da mụn, dạng sữa dùng hàng ngày Sunplay Skin Aqua Acne Clear Eco Việt Nam SPF 50, PA++++ 25g		5	Hơi nhỏ, nhưng với giá thành này thì hợp lý, da mình da dầu dạng sữa nên thấm nhanh ok.	2021-12-31 07:47:54	2026-09-29 21:36:33
tk_10595754	tiki	1313889	beauty	Kem chống nắng Skin Aqua cho da mụn, dạng sữa dùng hàng ngày Sunplay Skin Aqua Acne Clear Eco Việt Nam SPF 50, PA++++ 25g		5	Sp tốt thấm nhanh, kiềm dầu quá ok luôn. Da mình là da dầu	2021-06-22 19:43:54	2026-09-29 21:36:33
tk_15128684	tiki	1313889	beauty	Kem chống nắng Skin Aqua cho da mụn, dạng sữa dùng hàng ngày Sunplay Skin Aqua Acne Clear Eco Việt Nam SPF 50, PA++++ 25g		5	kem xài ok lắm. lướt trên da mặt thì mịn nâng tone nhưng với 25g thì hơi hao	2022-02-24 21:34:00	2026-09-29 21:36:33
tk_19301996	tiki	1313889	beauty	Kem chống nắng Skin Aqua cho da mụn, dạng sữa dùng hàng ngày Sunplay Skin Aqua Acne Clear Eco Việt Nam SPF 50, PA++++ 25g		5	Cực kì hài lòng	2023-06-17 12:30:04	2026-09-29 21:36:33
tk_14985525	tiki	1313889	beauty	Kem chống nắng Skin Aqua cho da mụn, dạng sữa dùng hàng ngày Sunplay Skin Aqua Acne Clear Eco Việt Nam SPF 50, PA++++ 25g		5	Sp ok , đóng gói kĩ giao hàng nhanh	2022-02-16 12:44:49	2026-09-29 21:36:33
tk_10126489	tiki	1313889	beauty	Kem chống nắng Skin Aqua cho da mụn, dạng sữa dùng hàng ngày Sunplay Skin Aqua Acne Clear Eco Việt Nam SPF 50, PA++++ 25g		5	Dùng ok Mình ko sành lắm nhưng khi dùng đúng là ít mụn hẳn Do mình thức khuya học nên mụn nhiều ở trán giờ đỡ hẳn	2021-06-03 06:08:51	2026-09-29 21:36:33
tk_15906896	tiki	1313889	beauty	Kem chống nắng Skin Aqua cho da mụn, dạng sữa dùng hàng ngày Sunplay Skin Aqua Acne Clear Eco Việt Nam SPF 50, PA++++ 25g		5	Sản phẩm giao nhanh, đầy đủ, đúng mô tả, nên mua	2022-04-13 18:18:58	2026-09-29 21:36:33
tk_11888597	tiki	1313889	beauty	Kem chống nắng Skin Aqua cho da mụn, dạng sữa dùng hàng ngày Sunplay Skin Aqua Acne Clear Eco Việt Nam SPF 50, PA++++ 25g		5	Da Mk dầu mụn nhạy cảm, dùng nhiều loại hay bị bí tắc lên mụn ẩn nhưng dạng sữa này thấm rất nhanh và k bị lên mụn ẩn nha	2021-08-18 10:54:03	2026-09-29 21:36:33
tk_14539012	tiki	1313889	beauty	Kem chống nắng Skin Aqua cho da mụn, dạng sữa dùng hàng ngày Sunplay Skin Aqua Acne Clear Eco Việt Nam SPF 50, PA++++ 25g		5	sữa rất là mịn, bôi lên rất là đã và chống nắng tốt.	2022-01-18 12:48:36	2026-09-29 21:36:33
tk_2424793	tiki	1313889	beauty	Kem chống nắng Skin Aqua cho da mụn, dạng sữa dùng hàng ngày Sunplay Skin Aqua Acne Clear Eco Việt Nam SPF 50, PA++++ 25g		5	vì là dạng sữa nên khi thoa lên rất nhanh thấm vào da, không gây nhờn rít, khi sờ vào cảm giác ẩm ẩm như được dưỡng. mùi thì không có gì đặc biệt, tại mình không bị dị ứng với mùi hương. mình thấy em này chống nắng được phết. mình đi học cả ngày ở phòng máy lạnh trừ lúc học thể dục hay quốc phòng hoặc hoạt động ngoài trời mới ra nắng. theo mình cảm nhận thì em này có lên tone da ở mức vừa phải, trắng vừa không phải trắng bệt, đợi tới lúc thấm hết rồi thì cái trắng này đúng tự nhiên luôn.	2019-09-03 16:03:25	2026-09-29 21:36:33
tk_15801214	tiki	1313889	beauty	Kem chống nắng Skin Aqua cho da mụn, dạng sữa dùng hàng ngày Sunplay Skin Aqua Acne Clear Eco Việt Nam SPF 50, PA++++ 25g		5	Okkk	2022-04-06 18:01:10	2026-09-29 21:36:33
tk_13576825	tiki	1313889	beauty	Kem chống nắng Skin Aqua cho da mụn, dạng sữa dùng hàng ngày Sunplay Skin Aqua Acne Clear Eco Việt Nam SPF 50, PA++++ 25g		4	nhanh thấm và dễ tán trên da, cảm giác hơi rít lúc đầu nhưng vỗ nhẹ vài cái là bình thường luôn nè	2021-12-02 17:42:15	2026-09-29 21:36:33
tk_16061121	tiki	1313889	beauty	Kem chống nắng Skin Aqua cho da mụn, dạng sữa dùng hàng ngày Sunplay Skin Aqua Acne Clear Eco Việt Nam SPF 50, PA++++ 25g		4	Gửi đúng và đủ sản phẩm chưa dùng nên chưa cảm nhận sản phẩm ạ	2022-04-23 22:37:03	2026-09-29 21:36:33
tk_12225439	tiki	1313889	beauty	Kem chống nắng Skin Aqua cho da mụn, dạng sữa dùng hàng ngày Sunplay Skin Aqua Acne Clear Eco Việt Nam SPF 50, PA++++ 25g		5	sản phẩm này quá thích rồi, xài mãi nó thôi á, tiki giao nhanh mùa dịch, mừng ghê	2021-09-17 09:44:44	2026-09-29 21:36:33
tk_13336669	tiki	1313889	beauty	Kem chống nắng Skin Aqua cho da mụn, dạng sữa dùng hàng ngày Sunplay Skin Aqua Acne Clear Eco Việt Nam SPF 50, PA++++ 25g		5	nhỏ xinh. mới dùng không bị kích ứng. chất lượng chưa đánh giá	2021-11-21 08:04:37	2026-09-29 21:36:33
tk_16199172	tiki	1313889	beauty	Kem chống nắng Skin Aqua cho da mụn, dạng sữa dùng hàng ngày Sunplay Skin Aqua Acne Clear Eco Việt Nam SPF 50, PA++++ 25g		5	Rất thích nha, sẽ mua lại	2022-05-05 11:13:35	2026-09-29 21:36:33
tk_15925002	tiki	1313889	beauty	Kem chống nắng Skin Aqua cho da mụn, dạng sữa dùng hàng ngày Sunplay Skin Aqua Acne Clear Eco Việt Nam SPF 50, PA++++ 25g		5	Kem chống nắng dịu nhẹ, dễ thấm vào da và không gây kích ứng	2022-04-14 21:21:21	2026-09-29 21:36:33
tk_12096804	tiki	1313889	beauty	Kem chống nắng Skin Aqua cho da mụn, dạng sữa dùng hàng ngày Sunplay Skin Aqua Acne Clear Eco Việt Nam SPF 50, PA++++ 25g		5	hàng đúng, giao nhanh đc tặng kèm Lotion	2021-09-04 20:23:29	2026-09-29 21:36:33
tk_14823751	tiki	1313889	beauty	Kem chống nắng Skin Aqua cho da mụn, dạng sữa dùng hàng ngày Sunplay Skin Aqua Acne Clear Eco Việt Nam SPF 50, PA++++ 25g		4	Chưa xài nên không có gì để nhận xét	2022-02-07 13:33:29	2026-09-29 21:36:33
tk_14821005	tiki	1313889	beauty	Kem chống nắng Skin Aqua cho da mụn, dạng sữa dùng hàng ngày Sunplay Skin Aqua Acne Clear Eco Việt Nam SPF 50, PA++++ 25g		3	giao hàng các thứ ok,sp cũng đc,nhõn tội ch dùng ch bítt nên tạm 3* co shop nha	2022-02-07 11:41:30	2026-09-29 21:36:35
tk_15758419	tiki	1313889	beauty	Kem chống nắng Skin Aqua cho da mụn, dạng sữa dùng hàng ngày Sunplay Skin Aqua Acne Clear Eco Việt Nam SPF 50, PA++++ 25g		5	dùng ổn áp, giao hàng nhanh	2022-04-04 00:21:17	2026-09-29 21:36:35
tk_15994168	tiki	1313889	beauty	Kem chống nắng Skin Aqua cho da mụn, dạng sữa dùng hàng ngày Sunplay Skin Aqua Acne Clear Eco Việt Nam SPF 50, PA++++ 25g		5	Đóng gói cẩn thận. Giao hàng nhanh chóng. Shipper thân thiện	2022-04-19 12:12:10	2026-09-29 21:36:35
tk_14126497	tiki	1313889	beauty	Kem chống nắng Skin Aqua cho da mụn, dạng sữa dùng hàng ngày Sunplay Skin Aqua Acne Clear Eco Việt Nam SPF 50, PA++++ 25g		5	Xài tốt nha. Giảm nhờn. Thoa lên thấm nhanh. Vừa chống nắng vừa nâng tông luôn.	2021-12-28 16:52:16	2026-09-29 21:36:35
tk_9014236	tiki	1313889	beauty	Kem chống nắng Skin Aqua cho da mụn, dạng sữa dùng hàng ngày Sunplay Skin Aqua Acne Clear Eco Việt Nam SPF 50, PA++++ 25g		5	đã rinh em í về sau khi đọc review của mn apply lên da thích mê hi vọng sẽ gắn bó vs em í lâu dài^^	2021-04-10 22:18:09	2026-09-29 21:36:35
tk_12526508	tiki	1313889	beauty	Kem chống nắng Skin Aqua cho da mụn, dạng sữa dùng hàng ngày Sunplay Skin Aqua Acne Clear Eco Việt Nam SPF 50, PA++++ 25g		4	Sản phẩm sài ok có điều kcn bên trong chưa tới nửa chai	2021-10-10 11:12:47	2026-09-29 21:36:35
tk_14882537	tiki	1313889	beauty	Kem chống nắng Skin Aqua cho da mụn, dạng sữa dùng hàng ngày Sunplay Skin Aqua Acne Clear Eco Việt Nam SPF 50, PA++++ 25g		5	Giao siêu nhanh, sản phẩm tốt	2022-02-10 15:32:01	2026-09-29 21:36:35
tk_11623665	tiki	1313889	beauty	Kem chống nắng Skin Aqua cho da mụn, dạng sữa dùng hàng ngày Sunplay Skin Aqua Acne Clear Eco Việt Nam SPF 50, PA++++ 25g		3	giao hàng nhanh, bao gói cẩn thận, chất kem thấm nhanh, tác dụng trị mụn ko rõ ràng nhưng ko gây mụn mới.ok	2021-08-05 16:00:45	2026-09-29 21:36:35
tk_2457956	tiki	1313889	beauty	Kem chống nắng Skin Aqua cho da mụn, dạng sữa dùng hàng ngày Sunplay Skin Aqua Acne Clear Eco Việt Nam SPF 50, PA++++ 25g		5	Giao nhanh hơn dự kiến, mình không có tiền lẻ ảnh sẵn sàng tí quay lại sau dù không có bất cứ gì đảm bảo ( mình đã chuyển khoảng ngay sau đó). Anh Shipper Vu Duc Thanh, anh chị Tikiers nào có đọc và biết ảnh thì gửi lời cảm ơn của em tới ảnh nhé.	2019-09-18 09:10:54	2026-09-29 21:36:35
tk_14980227	tiki	1313889	beauty	Kem chống nắng Skin Aqua cho da mụn, dạng sữa dùng hàng ngày Sunplay Skin Aqua Acne Clear Eco Việt Nam SPF 50, PA++++ 25g		5	Giao hàng nhanh!!!!!!!!!!	2022-02-16 06:41:04	2026-09-29 21:36:35
tk_5159249	tiki	1313889	beauty	Kem chống nắng Skin Aqua cho da mụn, dạng sữa dùng hàng ngày Sunplay Skin Aqua Acne Clear Eco Việt Nam SPF 50, PA++++ 25g		1	Sau khi sử dụng sản phẩm này làn da xinh đẹp của mình đã lên 1 đống mụn ẩn. Nhờ nó mà bây giờ mình đang bỏ một đống tiền để cứu lâý làn da của mình ???	2020-10-10 22:55:56	2026-09-29 21:36:35
tk_12585380	tiki	1313889	beauty	Kem chống nắng Skin Aqua cho da mụn, dạng sữa dùng hàng ngày Sunplay Skin Aqua Acne Clear Eco Việt Nam SPF 50, PA++++ 25g		5	Sản phẩm khá tốt, đầu tiên là thấy vậy. Dùng hết 1 tháng vào nhận xét tiếp nha.	2021-10-13 10:17:17	2026-09-29 21:36:35
tk_15928972	tiki	1313889	beauty	Kem chống nắng Skin Aqua cho da mụn, dạng sữa dùng hàng ngày Sunplay Skin Aqua Acne Clear Eco Việt Nam SPF 50, PA++++ 25g		5	Mình dùng thấy da không bị ra dầu khô nhanh	2022-04-15 09:03:09	2026-09-29 21:36:35
tk_9408769	tiki	1313889	beauty	Kem chống nắng Skin Aqua cho da mụn, dạng sữa dùng hàng ngày Sunplay Skin Aqua Acne Clear Eco Việt Nam SPF 50, PA++++ 25g		5	Chống nắng tốt, kiềm dầu tốt, k cồn nên k bị cay mắt, k có lên tone hay che khuyết điểm gì hết nha, đúng như mô tả	2021-04-29 10:59:22	2026-09-29 21:36:35
tk_15961859	tiki	1313889	beauty	Kem chống nắng Skin Aqua cho da mụn, dạng sữa dùng hàng ngày Sunplay Skin Aqua Acne Clear Eco Việt Nam SPF 50, PA++++ 25g		5	Sài ok	2022-04-17 12:01:06	2026-09-29 21:36:35
tk_12444509	tiki	1313889	beauty	Kem chống nắng Skin Aqua cho da mụn, dạng sữa dùng hàng ngày Sunplay Skin Aqua Acne Clear Eco Việt Nam SPF 50, PA++++ 25g		1	Shop giao thiếu hàng, đặt 3 mà chỉ giao 1. Có được dùng đâu mà biết chất lượng	2021-10-05 09:39:39	2026-09-29 21:36:35
tk_10265703	tiki	1313889	beauty	Kem chống nắng Skin Aqua cho da mụn, dạng sữa dùng hàng ngày Sunplay Skin Aqua Acne Clear Eco Việt Nam SPF 50, PA++++ 25g		5	hãng này thì nổi tiếng rồi quá uy tín luôn giá rẻ chính hãng nữa ạ	2021-06-08 18:45:51	2026-09-29 21:36:35
tk_14952860	tiki	1313889	beauty	Kem chống nắng Skin Aqua cho da mụn, dạng sữa dùng hàng ngày Sunplay Skin Aqua Acne Clear Eco Việt Nam SPF 50, PA++++ 25g		5	Mua sale giá rẻ... nhận dc quà tặng nua sẽ ung ho tiep	2022-02-14 13:54:13	2026-09-29 21:36:35
tk_16160800	tiki	1313889	beauty	Kem chống nắng Skin Aqua cho da mụn, dạng sữa dùng hàng ngày Sunplay Skin Aqua Acne Clear Eco Việt Nam SPF 50, PA++++ 25g		2	không thích chút nào 🙃🙃🙃🙃	2022-05-02 09:32:16	2026-09-29 21:36:35
tk_17795619	tiki	1313889	beauty	Kem chống nắng Skin Aqua cho da mụn, dạng sữa dùng hàng ngày Sunplay Skin Aqua Acne Clear Eco Việt Nam SPF 50, PA++++ 25g		5	Cực kì hài lòng	2022-09-25 21:56:37	2026-09-29 21:36:35
tk_16611383	tiki	1313889	beauty	Kem chống nắng Skin Aqua cho da mụn, dạng sữa dùng hàng ngày Sunplay Skin Aqua Acne Clear Eco Việt Nam SPF 50, PA++++ 25g		5	Hàng chính hãng. Dùng ổn	2022-06-07 14:49:34	2026-09-29 21:36:37
tk_14814992	tiki	1313889	beauty	Kem chống nắng Skin Aqua cho da mụn, dạng sữa dùng hàng ngày Sunplay Skin Aqua Acne Clear Eco Việt Nam SPF 50, PA++++ 25g		5	Sản phẩm tốt, giao hành siêu nhanh đc lắm nhaaaaa	2022-02-07 00:02:11	2026-09-29 21:36:37
tk_14848339	tiki	1313889	beauty	Kem chống nắng Skin Aqua cho da mụn, dạng sữa dùng hàng ngày Sunplay Skin Aqua Acne Clear Eco Việt Nam SPF 50, PA++++ 25g		5	ổn lắm ạ	2022-02-08 18:54:35	2026-09-29 21:36:37
tk_2929612	tiki	1313889	beauty	Kem chống nắng Skin Aqua cho da mụn, dạng sữa dùng hàng ngày Sunplay Skin Aqua Acne Clear Eco Việt Nam SPF 50, PA++++ 25g		5	cho 5 sao đóng gói cẩn thận anh shipper khá là thân thiện , sản phẩm sử dụng không bị nhờn rít thấm rất nhanh nói chung cực kì hài lòng	2020-02-01 13:15:39	2026-09-29 21:36:37
tk_3578759	tiki	1313889	beauty	Kem chống nắng Skin Aqua cho da mụn, dạng sữa dùng hàng ngày Sunplay Skin Aqua Acne Clear Eco Việt Nam SPF 50, PA++++ 25g		5	Kem chống nắng có thành phần ok, so với rất nhiều loại đã xài qua thì loại này tốt nhất nên xài loại này lun	2020-05-17 08:07:55	2026-09-29 21:36:37
tk_3119407	tiki	1313889	beauty	Kem chống nắng Skin Aqua cho da mụn, dạng sữa dùng hàng ngày Sunplay Skin Aqua Acne Clear Eco Việt Nam SPF 50, PA++++ 25g		5	dùng e này quá trời ưng luôn:)) khô nhanh cực, kh nhờn rít, mùi nhẹ, nâng tone da đúng tự nhiên luôn:)) mong nsx cho loại này lên 50ml hoặc hơn thì sẽ dùng đc lâu hơn^	2020-03-07 21:56:11	2026-09-29 21:36:37
tk_14931165	tiki	1313889	beauty	Kem chống nắng Skin Aqua cho da mụn, dạng sữa dùng hàng ngày Sunplay Skin Aqua Acne Clear Eco Việt Nam SPF 50, PA++++ 25g		5	Giao nhanh, kiềm dầu tốt. Có nâng tông nhẹ	2022-02-13 11:24:14	2026-09-29 21:36:37
tk_16219407	tiki	1313889	beauty	Kem chống nắng Skin Aqua cho da mụn, dạng sữa dùng hàng ngày Sunplay Skin Aqua Acne Clear Eco Việt Nam SPF 50, PA++++ 25g		1	ok tốt......................	2022-05-06 17:52:22	2026-09-29 21:36:37
tk_12219411	tiki	1313889	beauty	Kem chống nắng Skin Aqua cho da mụn, dạng sữa dùng hàng ngày Sunplay Skin Aqua Acne Clear Eco Việt Nam SPF 50, PA++++ 25g		5	đang dịch nên giao lâu lắm luôn, kem chống nắng kiềm dầu đỉnh lắm ạ	2021-09-16 16:19:10	2026-09-29 21:36:37
tk_12076415	tiki	1313889	beauty	Kem chống nắng Skin Aqua cho da mụn, dạng sữa dùng hàng ngày Sunplay Skin Aqua Acne Clear Eco Việt Nam SPF 50, PA++++ 25g		5	Giao hàng rất nhanh. Giá hơi cao chút nhưng tóc mã giảm giá nên còn hơn 60k à	2021-09-02 09:51:42	2026-09-29 21:36:37
tk_15226666	tiki	1313889	beauty	Kem chống nắng Skin Aqua cho da mụn, dạng sữa dùng hàng ngày Sunplay Skin Aqua Acne Clear Eco Việt Nam SPF 50, PA++++ 25g		5	Sp rất mịn, thoa lên da thấm nhanh	2022-03-02 21:36:04	2026-09-29 21:36:37
tk_4489643	tiki	1313889	beauty	Kem chống nắng Skin Aqua cho da mụn, dạng sữa dùng hàng ngày Sunplay Skin Aqua Acne Clear Eco Việt Nam SPF 50, PA++++ 25g		5	da mình là da dầu và có mụn khi bôi lên thi k thấy bết dính khó chịu, k bóng nhờn. đặc biệt là k nặng mặt như mấy loại cũ. mà cái này còn rẻ bằng 1/3.	2020-08-16 19:18:36	2026-09-29 21:36:37
tk_5921800	tiki	1313889	beauty	Kem chống nắng Skin Aqua cho da mụn, dạng sữa dùng hàng ngày Sunplay Skin Aqua Acne Clear Eco Việt Nam SPF 50, PA++++ 25g		5	Kcn khá thoáng ,mua sale có 90k quá rẻ cho 1 sản phẩm ok thế này nhưng mong ra chào to xíu mình dùng kcn hơi nhiều nên cũng khá nhanh hết	2020-12-03 21:17:48	2026-09-29 21:36:37
tk_9119802	tiki	1313889	beauty	Kem chống nắng Skin Aqua cho da mụn, dạng sữa dùng hàng ngày Sunplay Skin Aqua Acne Clear Eco Việt Nam SPF 50, PA++++ 25g		5	sản phẩm giao rất nhanh ....mới đặt trưa hqua hnay đã có còn tác dụng thì mình chiwa xài nên chưa bt	2021-04-16 15:19:15	2026-09-29 21:36:37
tk_9447063	tiki	1313889	beauty	Kem chống nắng Skin Aqua cho da mụn, dạng sữa dùng hàng ngày Sunplay Skin Aqua Acne Clear Eco Việt Nam SPF 50, PA++++ 25g		5	Ổn áp cực kì , mùi dễ chịu , không nhờn rít , nâng tone nhẹ nhàng , hợp xài hằng ngày cựccc	2021-05-01 22:05:27	2026-09-29 21:36:37
tk_15553203	tiki	1313889	beauty	Kem chống nắng Skin Aqua cho da mụn, dạng sữa dùng hàng ngày Sunplay Skin Aqua Acne Clear Eco Việt Nam SPF 50, PA++++ 25g		5	vỏ thùng nát bươm	2022-03-22 22:00:34	2026-09-29 21:36:37
tk_16505587	tiki	1313889	beauty	Kem chống nắng Skin Aqua cho da mụn, dạng sữa dùng hàng ngày Sunplay Skin Aqua Acne Clear Eco Việt Nam SPF 50, PA++++ 25g		5	Good	2022-05-29 21:01:08	2026-09-29 21:36:37
tk_3605147	tiki	1313889	beauty	Kem chống nắng Skin Aqua cho da mụn, dạng sữa dùng hàng ngày Sunplay Skin Aqua Acne Clear Eco Việt Nam SPF 50, PA++++ 25g		4	Chân ái cho da dầu mụn của mình. Chất kem đặc hơn các dòng khác, thấm nhanh, không bết rích, da sáng hơn 1 chút. Tiếc là hãng không ra chai lớn, chai nhỏ mau hết lắm.	2020-05-20 23:19:18	2026-09-29 21:36:37
tk_8420229	tiki	1313889	beauty	Kem chống nắng Skin Aqua cho da mụn, dạng sữa dùng hàng ngày Sunplay Skin Aqua Acne Clear Eco Việt Nam SPF 50, PA++++ 25g		5	Chống nắng tốt, khá mate vào da, không bóng hay nhờn rít như các dòng khác. Mỗi tội không có chai to.	2021-03-15 12:50:11	2026-09-29 21:36:37
tk_8653441	tiki	1313889	beauty	Kem chống nắng Skin Aqua cho da mụn, dạng sữa dùng hàng ngày Sunplay Skin Aqua Acne Clear Eco Việt Nam SPF 50, PA++++ 25g		5	Giao hàng siêu nhanh mới đặt chiều hôm qua trưa hôm nay đã có	2021-03-25 12:25:41	2026-09-29 21:36:37
tk_15329591	tiki	1313889	beauty	Kem chống nắng Skin Aqua cho da mụn, dạng sữa dùng hàng ngày Sunplay Skin Aqua Acne Clear Eco Việt Nam SPF 50, PA++++ 25g		5	đúng như quảng cáo.	2022-03-09 12:05:55	2026-09-29 21:36:38
tk_16406611	tiki	1313889	beauty	Kem chống nắng Skin Aqua cho da mụn, dạng sữa dùng hàng ngày Sunplay Skin Aqua Acne Clear Eco Việt Nam SPF 50, PA++++ 25g		5	Tốt	2022-05-21 12:06:18	2026-09-29 21:36:38
tk_12672263	tiki	1313889	beauty	Kem chống nắng Skin Aqua cho da mụn, dạng sữa dùng hàng ngày Sunplay Skin Aqua Acne Clear Eco Việt Nam SPF 50, PA++++ 25g		5	Giao hàng nhanh. Sản phẩm date xa, đóng gói cẩn thận	2021-10-17 18:00:39	2026-09-29 21:36:38
tk_15548498	tiki	1313889	beauty	Kem chống nắng Skin Aqua cho da mụn, dạng sữa dùng hàng ngày Sunplay Skin Aqua Acne Clear Eco Việt Nam SPF 50, PA++++ 25g		5	chất lượng tốt	2022-03-22 16:56:34	2026-09-29 21:36:38
tk_10725132	tiki	1313889	beauty	Kem chống nắng Skin Aqua cho da mụn, dạng sữa dùng hàng ngày Sunplay Skin Aqua Acne Clear Eco Việt Nam SPF 50, PA++++ 25g		5	Nghe nhiều người review nên mua dùng thử	2021-06-28 16:45:00	2026-09-29 21:36:38
tk_15794212	tiki	1313889	beauty	Kem chống nắng Skin Aqua cho da mụn, dạng sữa dùng hàng ngày Sunplay Skin Aqua Acne Clear Eco Việt Nam SPF 50, PA++++ 25g		5	Giao hàng nhanh	2022-04-06 10:41:50	2026-09-29 21:36:38
tk_15770139	tiki	1313889	beauty	Kem chống nắng Skin Aqua cho da mụn, dạng sữa dùng hàng ngày Sunplay Skin Aqua Acne Clear Eco Việt Nam SPF 50, PA++++ 25g		5	giao hàng nhanh	2022-04-04 19:12:46	2026-09-29 21:36:38
tk_16180788	tiki	1313889	beauty	Kem chống nắng Skin Aqua cho da mụn, dạng sữa dùng hàng ngày Sunplay Skin Aqua Acne Clear Eco Việt Nam SPF 50, PA++++ 25g		5	tuyệt	2022-05-03 22:23:55	2026-09-29 21:36:38
tk_16245387	tiki	1313889	beauty	Kem chống nắng Skin Aqua cho da mụn, dạng sữa dùng hàng ngày Sunplay Skin Aqua Acne Clear Eco Việt Nam SPF 50, PA++++ 25g		5	tốt	2022-05-08 15:00:46	2026-09-29 21:36:38
tk_15877916	tiki	1313889	beauty	Kem chống nắng Skin Aqua cho da mụn, dạng sữa dùng hàng ngày Sunplay Skin Aqua Acne Clear Eco Việt Nam SPF 50, PA++++ 25g		5	hàng ok..	2022-04-11 18:55:12	2026-09-29 21:36:38
tk_13217459	tiki	1313889	beauty	Kem chống nắng Skin Aqua cho da mụn, dạng sữa dùng hàng ngày Sunplay Skin Aqua Acne Clear Eco Việt Nam SPF 50, PA++++ 25g		5	Tốt	2021-11-15 11:20:33	2026-09-29 21:36:38
tk_16287354	tiki	1313889	beauty	Kem chống nắng Skin Aqua cho da mụn, dạng sữa dùng hàng ngày Sunplay Skin Aqua Acne Clear Eco Việt Nam SPF 50, PA++++ 25g		5	Cực kì hài lòng	2022-05-11 16:01:40	2026-09-29 21:36:38
tk_9350296	tiki	1313889	beauty	Kem chống nắng Skin Aqua cho da mụn, dạng sữa dùng hàng ngày Sunplay Skin Aqua Acne Clear Eco Việt Nam SPF 50, PA++++ 25g		5	Chưa sd n thấy hình thức sp khá ok. giao hàng nhanh	2021-04-26 15:42:04	2026-09-29 21:36:38
tk_16264742	tiki	1313889	beauty	Kem chống nắng Skin Aqua cho da mụn, dạng sữa dùng hàng ngày Sunplay Skin Aqua Acne Clear Eco Việt Nam SPF 50, PA++++ 25g		4	Hài lòng	2022-05-09 22:29:13	2026-09-29 21:36:38
tk_3577370	tiki	1313889	beauty	Kem chống nắng Skin Aqua cho da mụn, dạng sữa dùng hàng ngày Sunplay Skin Aqua Acne Clear Eco Việt Nam SPF 50, PA++++ 25g		5	Kiềm dầu tốt, những ngày này trời nắng nóng nhưng khi bôi cũng chỉ ra mồ hôi, không bị đổ dầu nhiều. Sử đụng đã gần 1 tuần nhưng vẫn không lên mụn	2020-05-16 21:36:48	2026-09-29 21:36:38
tk_7874299	tiki	1313889	beauty	Kem chống nắng Skin Aqua cho da mụn, dạng sữa dùng hàng ngày Sunplay Skin Aqua Acne Clear Eco Việt Nam SPF 50, PA++++ 25g		5	tui trở thành fan cứng của kem chống nắng này luôn rùi	2021-02-21 14:49:09	2026-09-29 21:36:38
tk_16201268	tiki	1313889	beauty	Kem chống nắng Skin Aqua cho da mụn, dạng sữa dùng hàng ngày Sunplay Skin Aqua Acne Clear Eco Việt Nam SPF 50, PA++++ 25g		5	Cực kì hài lòng	2022-05-05 13:17:58	2026-09-29 21:36:38
tk_15955271	tiki	1313889	beauty	Kem chống nắng Skin Aqua cho da mụn, dạng sữa dùng hàng ngày Sunplay Skin Aqua Acne Clear Eco Việt Nam SPF 50, PA++++ 25g		5	Tốt	2022-04-16 21:10:13	2026-09-29 21:36:38
tk_15810533	tiki	1313889	beauty	Kem chống nắng Skin Aqua cho da mụn, dạng sữa dùng hàng ngày Sunplay Skin Aqua Acne Clear Eco Việt Nam SPF 50, PA++++ 25g		5	Nđndnj	2022-04-07 10:21:50	2026-09-29 21:36:38
tk_16168499	tiki	1313889	beauty	Kem chống nắng Skin Aqua cho da mụn, dạng sữa dùng hàng ngày Sunplay Skin Aqua Acne Clear Eco Việt Nam SPF 50, PA++++ 25g		4	Hài lòng	2022-05-02 22:13:17	2026-09-29 21:36:38
tk_16142530	tiki	1313889	beauty	Kem chống nắng Skin Aqua cho da mụn, dạng sữa dùng hàng ngày Sunplay Skin Aqua Acne Clear Eco Việt Nam SPF 50, PA++++ 25g		5	Cực kì hài lòng	2022-04-30 10:17:35	2026-09-29 21:36:40
tk_15121883	tiki	1313889	beauty	Kem chống nắng Skin Aqua cho da mụn, dạng sữa dùng hàng ngày Sunplay Skin Aqua Acne Clear Eco Việt Nam SPF 50, PA++++ 25g		5	giao hàng lâu.	2022-02-24 14:22:40	2026-09-29 21:36:40
tk_16035212	tiki	1313889	beauty	Kem chống nắng Skin Aqua cho da mụn, dạng sữa dùng hàng ngày Sunplay Skin Aqua Acne Clear Eco Việt Nam SPF 50, PA++++ 25g		5	Hài lòng	2022-04-22 07:56:47	2026-09-29 21:36:40
tk_9504412	tiki	1313889	beauty	Kem chống nắng Skin Aqua cho da mụn, dạng sữa dùng hàng ngày Sunplay Skin Aqua Acne Clear Eco Việt Nam SPF 50, PA++++ 25g		5	mua lần thứ 2 rồi nhưng vẫn ưng lắm nha	2021-05-05 09:49:21	2026-09-29 21:36:40
tk_16020308	tiki	1313889	beauty	Kem chống nắng Skin Aqua cho da mụn, dạng sữa dùng hàng ngày Sunplay Skin Aqua Acne Clear Eco Việt Nam SPF 50, PA++++ 25g		5	Cực kì hài lòng	2022-04-20 23:29:18	2026-09-29 21:36:40
tk_16008233	tiki	1313889	beauty	Kem chống nắng Skin Aqua cho da mụn, dạng sữa dùng hàng ngày Sunplay Skin Aqua Acne Clear Eco Việt Nam SPF 50, PA++++ 25g		4	Hài lòng	2022-04-20 08:57:42	2026-09-29 21:36:40
tk_15965238	tiki	1313889	beauty	Kem chống nắng Skin Aqua cho da mụn, dạng sữa dùng hàng ngày Sunplay Skin Aqua Acne Clear Eco Việt Nam SPF 50, PA++++ 25g		5	Cực kì hài lòng	2022-04-17 14:58:55	2026-09-29 21:36:40
tk_15953900	tiki	1313889	beauty	Kem chống nắng Skin Aqua cho da mụn, dạng sữa dùng hàng ngày Sunplay Skin Aqua Acne Clear Eco Việt Nam SPF 50, PA++++ 25g		5	Cực kì hài lòng	2022-04-16 19:52:27	2026-09-29 21:36:40
tk_15935725	tiki	1313889	beauty	Kem chống nắng Skin Aqua cho da mụn, dạng sữa dùng hàng ngày Sunplay Skin Aqua Acne Clear Eco Việt Nam SPF 50, PA++++ 25g		5	Cực kì hài lòng	2022-04-15 15:46:01	2026-09-29 21:36:40
tk_15923341	tiki	1313889	beauty	Kem chống nắng Skin Aqua cho da mụn, dạng sữa dùng hàng ngày Sunplay Skin Aqua Acne Clear Eco Việt Nam SPF 50, PA++++ 25g		5	Cực kì hài lòng	2022-04-14 19:48:14	2026-09-29 21:36:40
tk_15915602	tiki	1313889	beauty	Kem chống nắng Skin Aqua cho da mụn, dạng sữa dùng hàng ngày Sunplay Skin Aqua Acne Clear Eco Việt Nam SPF 50, PA++++ 25g		5	Cực kì hài lòng	2022-04-14 11:07:00	2026-09-29 21:36:40
tk_11914357	tiki	1313889	beauty	Kem chống nắng Skin Aqua cho da mụn, dạng sữa dùng hàng ngày Sunplay Skin Aqua Acne Clear Eco Việt Nam SPF 50, PA++++ 25g		5	cực kì hài lòng	2021-08-19 13:48:46	2026-09-29 21:36:40
tk_15907176	tiki	1313889	beauty	Kem chống nắng Skin Aqua cho da mụn, dạng sữa dùng hàng ngày Sunplay Skin Aqua Acne Clear Eco Việt Nam SPF 50, PA++++ 25g		5	Cực kì hài lòng	2022-04-13 18:42:44	2026-09-29 21:36:40
tk_14813176	tiki	1313889	beauty	Kem chống nắng Skin Aqua cho da mụn, dạng sữa dùng hàng ngày Sunplay Skin Aqua Acne Clear Eco Việt Nam SPF 50, PA++++ 25g		5	nhận đủ hàng	2022-02-06 20:45:35	2026-09-29 21:36:40
tk_15903956	tiki	1313889	beauty	Kem chống nắng Skin Aqua cho da mụn, dạng sữa dùng hàng ngày Sunplay Skin Aqua Acne Clear Eco Việt Nam SPF 50, PA++++ 25g		5	Cực kì hài lòng	2022-04-13 14:26:57	2026-09-29 21:36:40
tk_15895456	tiki	1313889	beauty	Kem chống nắng Skin Aqua cho da mụn, dạng sữa dùng hàng ngày Sunplay Skin Aqua Acne Clear Eco Việt Nam SPF 50, PA++++ 25g		5	Cực kì hài lòng	2022-04-12 22:32:45	2026-09-29 21:36:40
tk_15871378	tiki	1313889	beauty	Kem chống nắng Skin Aqua cho da mụn, dạng sữa dùng hàng ngày Sunplay Skin Aqua Acne Clear Eco Việt Nam SPF 50, PA++++ 25g		5	Cực kì hài lòng	2022-04-11 10:27:13	2026-09-29 21:36:40
tk_15852339	tiki	1313889	beauty	Kem chống nắng Skin Aqua cho da mụn, dạng sữa dùng hàng ngày Sunplay Skin Aqua Acne Clear Eco Việt Nam SPF 50, PA++++ 25g		5	Cực kì hài lòng	2022-04-09 21:16:07	2026-09-29 21:36:40
tk_15797603	tiki	1313889	beauty	Kem chống nắng Skin Aqua cho da mụn, dạng sữa dùng hàng ngày Sunplay Skin Aqua Acne Clear Eco Việt Nam SPF 50, PA++++ 25g		5	Cực kì hài lòng	2022-04-06 13:45:32	2026-09-29 21:36:40
tk_14981221	tiki	1313889	beauty	Kem chống nắng Skin Aqua cho da mụn, dạng sữa dùng hàng ngày Sunplay Skin Aqua Acne Clear Eco Việt Nam SPF 50, PA++++ 25g		5	tuyệt vời	2022-02-16 08:48:37	2026-09-29 21:36:40
tk_15734274	tiki	1313889	beauty	Kem chống nắng Skin Aqua cho da mụn, dạng sữa dùng hàng ngày Sunplay Skin Aqua Acne Clear Eco Việt Nam SPF 50, PA++++ 25g		5	Cực kì hài lòng	2022-04-02 14:56:12	2026-09-29 21:36:42
tk_14867801	tiki	1313889	beauty	Kem chống nắng Skin Aqua cho da mụn, dạng sữa dùng hàng ngày Sunplay Skin Aqua Acne Clear Eco Việt Nam SPF 50, PA++++ 25g		5	ok hàng xịn	2022-02-09 19:03:53	2026-09-29 21:36:42
tk_14619114	tiki	1313889	beauty	Kem chống nắng Skin Aqua cho da mụn, dạng sữa dùng hàng ngày Sunplay Skin Aqua Acne Clear Eco Việt Nam SPF 50, PA++++ 25g		5	Dùng thích lắm!	2022-01-22 08:37:00	2026-09-29 21:36:42
tk_12063355	tiki	1313889	beauty	Kem chống nắng Skin Aqua cho da mụn, dạng sữa dùng hàng ngày Sunplay Skin Aqua Acne Clear Eco Việt Nam SPF 50, PA++++ 25g		5	Dùng nhẹ thích, mình đã dùng sp nhiều năm rồi	2021-08-31 15:41:13	2026-09-29 21:36:42
tk_15630833	tiki	1313889	beauty	Kem chống nắng Skin Aqua cho da mụn, dạng sữa dùng hàng ngày Sunplay Skin Aqua Acne Clear Eco Việt Nam SPF 50, PA++++ 25g		5	Cực kì hài lòng	2022-03-27 18:31:20	2026-09-29 21:36:42
tk_15592917	tiki	1313889	beauty	Kem chống nắng Skin Aqua cho da mụn, dạng sữa dùng hàng ngày Sunplay Skin Aqua Acne Clear Eco Việt Nam SPF 50, PA++++ 25g		5	Cực kì hài lòng	2022-03-25 13:57:50	2026-09-29 21:36:42
tk_15576786	tiki	1313889	beauty	Kem chống nắng Skin Aqua cho da mụn, dạng sữa dùng hàng ngày Sunplay Skin Aqua Acne Clear Eco Việt Nam SPF 50, PA++++ 25g		4	Hài lòng	2022-03-24 13:12:19	2026-09-29 21:36:42
tk_15546129	tiki	1313889	beauty	Kem chống nắng Skin Aqua cho da mụn, dạng sữa dùng hàng ngày Sunplay Skin Aqua Acne Clear Eco Việt Nam SPF 50, PA++++ 25g		5	Cực kì hài lòng	2022-03-22 14:15:08	2026-09-29 21:36:42
tk_15543826	tiki	1313889	beauty	Kem chống nắng Skin Aqua cho da mụn, dạng sữa dùng hàng ngày Sunplay Skin Aqua Acne Clear Eco Việt Nam SPF 50, PA++++ 25g		5	Cực kì hài lòng	2022-03-22 12:09:48	2026-09-29 21:36:42
tk_15521826	tiki	1313889	beauty	Kem chống nắng Skin Aqua cho da mụn, dạng sữa dùng hàng ngày Sunplay Skin Aqua Acne Clear Eco Việt Nam SPF 50, PA++++ 25g		5	Cực kì hài lòng	2022-03-20 21:59:57	2026-09-29 21:36:42
tk_20218287	tiki	1313887	beauty	Kem chống nắng Skin Aqua dưỡng ẩm, dạng sữa dùng hàng ngày Sunplay Skin UV Moisture SPF 50, PA++++ 30g		5	Cực kì hài lòng	2026-03-09 22:28:51	2026-09-29 21:36:47
tk_20212428	tiki	1313887	beauty	Kem chống nắng Skin Aqua dưỡng ẩm, dạng sữa dùng hàng ngày Sunplay Skin UV Moisture SPF 50, PA++++ 30g		5	Cực kì hài lòng	2026-02-11 20:42:49	2026-09-29 21:36:47
tk_20211345	tiki	1313887	beauty	Kem chống nắng Skin Aqua dưỡng ẩm, dạng sữa dùng hàng ngày Sunplay Skin UV Moisture SPF 50, PA++++ 30g		5	Cực kì hài lòng	2026-02-07 06:27:26	2026-09-29 21:36:47
tk_14219517	tiki	1313887	beauty	Kem chống nắng Skin Aqua dưỡng ẩm, dạng sữa dùng hàng ngày Sunplay Skin UV Moisture SPF 50, PA++++ 30g		4	Bao bì dập thủng không có tác dụng bảo vệ cho sản phẩm nên dù lắc kỹ nhưng sữa thường không đồng nhất, bị tách nước, túi cói tặng kèm chất lượng kém (màng cói mỏng dúm dó, bên trong lót nilon cứng sột soạt rẻ tiền) phải vứt bỏ gây ô nhiễm môi trường.	2022-01-02 17:33:09	2026-09-29 21:36:47
tk_19881429	tiki	1313887	beauty	Kem chống nắng Skin Aqua dưỡng ẩm, dạng sữa dùng hàng ngày Sunplay Skin UV Moisture SPF 50, PA++++ 30g		5	Cực kì hài lòng	2024-05-24 10:43:09	2026-09-29 21:36:47
tk_16331350	tiki	1313887	beauty	Kem chống nắng Skin Aqua dưỡng ẩm, dạng sữa dùng hàng ngày Sunplay Skin UV Moisture SPF 50, PA++++ 30g		5	Rất ưng ý về sản phẩm luôn. Bôi lên thẩm thấu nhanh, sờ lại da thì thấy mền mịn. Shop có nhiều sản phẩm lựa chọn cho từng loại da. Sẽ ủng hôn dài dài. Ko hổi danh là thương hiệu bán chạy	2022-05-15 09:13:39	2026-09-29 21:36:47
tk_16396113	tiki	1313887	beauty	Kem chống nắng Skin Aqua dưỡng ẩm, dạng sữa dùng hàng ngày Sunplay Skin UV Moisture SPF 50, PA++++ 30g		5	Hãng này xài xưa giờ rất ok… rẻ mà chất lượng cũng ko tệ,.. lần này mua 2 tuýp được tặng túi xách cối nhưng ko hiểu sao bị chia ra 2 đơn khác nhau… kem nhận rồi còn túi thì ở trạng thái chờ xử lý chả hiểu sao luôn	2022-05-20 13:26:30	2026-09-29 21:36:47
tk_20050308	tiki	1313887	beauty	Kem chống nắng Skin Aqua dưỡng ẩm, dạng sữa dùng hàng ngày Sunplay Skin UV Moisture SPF 50, PA++++ 30g		5	Hàng chưa xài chua bt.. nhưng thấy rất ok giao nhanh	2024-12-16 21:46:32	2026-09-29 21:36:47
tk_8991591	tiki	1313887	beauty	Kem chống nắng Skin Aqua dưỡng ẩm, dạng sữa dùng hàng ngày Sunplay Skin UV Moisture SPF 50, PA++++ 30g		5	Mình đặt tối hôm trước trưa hôm sau tiki đã giao hàng luôn rồi. Sản phẩm thì phải dùng thử mới biết tốt hay không. Còn quà tặng thì xịn lắm luôn. Vải dày, túi to, có khoá ngoài bên trong còn có túi nhỏ nữa. Phần màu trắng hơn bị xù vải một chút.	2021-04-09 17:46:02	2026-09-29 21:36:47
tk_15943954	tiki	1313887	beauty	Kem chống nắng Skin Aqua dưỡng ẩm, dạng sữa dùng hàng ngày Sunplay Skin UV Moisture SPF 50, PA++++ 30g		5	Tinh dầu tốt đạt chuẩn ISO 13485 ***: Tinh dầu Thái An	2022-04-16 08:29:17	2026-09-29 21:36:47
tk_10778388	tiki	1313887	beauty	Kem chống nắng Skin Aqua dưỡng ẩm, dạng sữa dùng hàng ngày Sunplay Skin UV Moisture SPF 50, PA++++ 30g		5	Mình thích TIKI, sản phẩm date mới. Dạng milk, dạng gel đều dùng rất ổn. Mình dùng để thoa trên cổ và body, nên ok. Lưu ý cho các bạn là, khi cho vào giỏ hàng có quà kèm là túi thì giao hàng mới có túi. Deal này mình mua k để ý, nên k có túi, chắc hết quà.	2021-06-30 20:58:31	2026-09-29 21:36:47
tk_10556163	tiki	1313887	beauty	Kem chống nắng Skin Aqua dưỡng ẩm, dạng sữa dùng hàng ngày Sunplay Skin UV Moisture SPF 50, PA++++ 30g		5	Rối loạn mạch máu Các tình trạng ảnh hưởng đến mạch máu – chẳng hạn như xơ vữa động mạch, huyết áp cao, mạch máu gấp khúc hoặc dị dạng – có thể khiến máu di chuyển qua các tĩnh mạch và động mạch với nhiều lực hơn. Những thay đổi về lưu lượng máu này có thể gây ra ù tai hoặc làm cho chứng ù tai trở nên đáng chú ý hơn. Các tình trạng mãn tính khác Bao gồm bệnh tiểu đường, các vấn đề về tuyến giáp, chứng đau nửa đầu, thiếu máu và các rối loạn tự miễn dịch như viêm khớp dạng thấp và lupus đều có liên quan đến chứng ù tai.	2021-06-20 23:21:34	2026-09-29 21:36:47
tk_16984508	tiki	1313887	beauty	Kem chống nắng Skin Aqua dưỡng ẩm, dạng sữa dùng hàng ngày Sunplay Skin UV Moisture SPF 50, PA++++ 30g		3	thiết nghĩ khi hãng tổ chức chương trình khuyến mãi thì cũng nên đảm bảo số lượng cho khách hàng. chứ ko phải khi khác hàng hỏi thì báo số lượng có hạn. Sẽ rút kinh nghiệm cho lần sau	2022-07-08 11:18:04	2026-09-29 21:36:47
tk_8327529	tiki	1313887	beauty	Kem chống nắng Skin Aqua dưỡng ẩm, dạng sữa dùng hàng ngày Sunplay Skin UV Moisture SPF 50, PA++++ 30g		5	Da mình khá nhạy cảm và rất dễ bị lên mụn, tuy mới dùng được vài lần nhưng cũng đánh giá ẻm khá hợp da, ko bị kích ứng hay ngứa khi dùng, ko bị lên tông nhiều, thấm nhanh vào da. Nếu dùng lâu vẫn ổn thì mình sẽ tiếp tục ủng hộ shop nhiều.	2021-03-11 12:11:27	2026-09-29 21:36:47
tk_17042020	tiki	1313887	beauty	Kem chống nắng Skin Aqua dưỡng ẩm, dạng sữa dùng hàng ngày Sunplay Skin UV Moisture SPF 50, PA++++ 30g		5	shop ghn nè, lần đầu mua hàng tiki thấy cũng giống sốp pi nè, mua dc tặng bình nước cute qué lun hjhj, cho 5*	2022-07-12 18:26:24	2026-09-29 21:36:47
tk_9233167	tiki	1313887	beauty	Kem chống nắng Skin Aqua dưỡng ẩm, dạng sữa dùng hàng ngày Sunplay Skin UV Moisture SPF 50, PA++++ 30g		5	Da mình loại khô, nên dùng chống nắng có dưỡng ẩm rất thích, dạng sữa nữa nên thấm nhanh, nhẹ, ko bị khô, ko bị loang vết trắng khi dùng kem chống nắng, giá mềm, thích hợp bạn nào cần chống nắng vừa đủ tốt mà cũng tiết kiệm.	2021-04-22 12:13:37	2026-09-29 21:36:47
tk_13914457	tiki	1313887	beauty	Kem chống nắng Skin Aqua dưỡng ẩm, dạng sữa dùng hàng ngày Sunplay Skin UV Moisture SPF 50, PA++++ 30g		5	Kem chống nắng rất tốt tuyệt vời	2021-12-18 16:10:26	2026-09-29 21:36:47
tk_19928512	tiki	1313887	beauty	Kem chống nắng Skin Aqua dưỡng ẩm, dạng sữa dùng hàng ngày Sunplay Skin UV Moisture SPF 50, PA++++ 30g		5	Cực kì hài lòng	2024-07-16 11:08:56	2026-09-29 21:36:47
tk_18169484	tiki	1313887	beauty	Kem chống nắng Skin Aqua dưỡng ẩm, dạng sữa dùng hàng ngày Sunplay Skin UV Moisture SPF 50, PA++++ 30g		5	Giao hàng siêu nhanh. Giao trong ngày, hơn hoả tốc luôn. Quá uy tín. Giá tốt. Ship rẻ. Ưng luôn ạ	2022-11-10 19:35:42	2026-09-29 21:36:47
tk_17413540	tiki	1313887	beauty	Kem chống nắng Skin Aqua dưỡng ẩm, dạng sữa dùng hàng ngày Sunplay Skin UV Moisture SPF 50, PA++++ 30g		5	Chống nắng ok.👍👍👍👍👍	2022-08-14 19:48:20	2026-09-29 21:36:47
tk_19853733	tiki	1313887	beauty	Kem chống nắng Skin Aqua dưỡng ẩm, dạng sữa dùng hàng ngày Sunplay Skin UV Moisture SPF 50, PA++++ 30g		4	Hài lòng	2024-04-25 09:22:41	2026-09-29 21:36:49
tk_17937684	tiki	1313887	beauty	Kem chống nắng Skin Aqua dưỡng ẩm, dạng sữa dùng hàng ngày Sunplay Skin UV Moisture SPF 50, PA++++ 30g		5	Sản phẩm thì xài cũng khá tốt, mình mới xài thử 1 hộp thôi. Quà dễ thương lắm ạ.	2022-10-12 12:08:19	2026-09-29 21:36:49
tk_7865835	tiki	1313887	beauty	Kem chống nắng Skin Aqua dưỡng ẩm, dạng sữa dùng hàng ngày Sunplay Skin UV Moisture SPF 50, PA++++ 30g		5	Giao hàng nhanh cực kỳ mng à. shop gói hàng cũng kĩ. sản phẩm như hình. mình đã xài loại này nhiều lần rồi, cấp ẩm tốt k kích ứng gì cả	2021-02-21 09:19:18	2026-09-29 21:36:49
tk_19842417	tiki	1313887	beauty	Kem chống nắng Skin Aqua dưỡng ẩm, dạng sữa dùng hàng ngày Sunplay Skin UV Moisture SPF 50, PA++++ 30g		4	Hài lòng	2024-04-14 10:55:40	2026-09-29 21:36:49
tk_19820046	tiki	1313887	beauty	Kem chống nắng Skin Aqua dưỡng ẩm, dạng sữa dùng hàng ngày Sunplay Skin UV Moisture SPF 50, PA++++ 30g		5	Cực kì hài lòng	2024-03-25 17:55:21	2026-09-29 21:36:49
tk_11755767	tiki	1313887	beauty	Kem chống nắng Skin Aqua dưỡng ẩm, dạng sữa dùng hàng ngày Sunplay Skin UV Moisture SPF 50, PA++++ 30g		3	lần này tiki giao hàng tệ quá tệ. hộp móp méo. băng keo bung lòi sản phẩm ra ngoài hết. hàng mình đặt toàn mỹ phẩm k biết còn lại 4 đơn hàng sau có bị như vậy nữa k...	2021-08-12 10:57:38	2026-09-29 21:36:49
tk_16193498	tiki	1313887	beauty	Kem chống nắng Skin Aqua dưỡng ẩm, dạng sữa dùng hàng ngày Sunplay Skin UV Moisture SPF 50, PA++++ 30g		5	dùng cũng được, hơi rít, mua sài cho body thì hợp lý, vì cũng khá rẻ	2022-05-04 21:39:31	2026-09-29 21:36:49
tk_18237977	tiki	1313887	beauty	Kem chống nắng Skin Aqua dưỡng ẩm, dạng sữa dùng hàng ngày Sunplay Skin UV Moisture SPF 50, PA++++ 30g		5	Sản phẩm dùng tốt, không bị bí da, có độ ẩm khi thoa lên da, giao hàng nhanh, giá cả phải chăng,	2022-11-18 17:04:28	2026-09-29 21:36:49
tk_4172443	tiki	1313887	beauty	Kem chống nắng Skin Aqua dưỡng ẩm, dạng sữa dùng hàng ngày Sunplay Skin UV Moisture SPF 50, PA++++ 30g		3	Mình nghĩ là những bạn da khô sẽ hợp hơn là những bạn da dầu. Trong sản phẩm có chứa silicone nên dễ gây bí da, lúc đầu mình không đọc kĩ bản thành phần lắm nên lúc dùng thì mình bị đổ dầu khá nhiều và đến chiều thì mình thấy mặt nổi mụn ( da mình là da dầu nhá). Vì vậy những bạn nào bị dị ứng với silicone hoặc có khá nhiều dầu thì nên cân nhắc. Tóm lại là sản phẩm này khá ok cho những bạn có làn da khô vì khả năng dưỡng ẩm tốt. Giá thành của sản phẩm cũng rất bình dân.	2020-07-23 00:41:42	2026-09-29 21:36:49
tk_19594872	tiki	1313887	beauty	Kem chống nắng Skin Aqua dưỡng ẩm, dạng sữa dùng hàng ngày Sunplay Skin UV Moisture SPF 50, PA++++ 30g		4	SP tốt, dùng dễ chịu	2023-10-17 11:10:31	2026-09-29 21:36:49
tk_12872561	tiki	1313887	beauty	Kem chống nắng Skin Aqua dưỡng ẩm, dạng sữa dùng hàng ngày Sunplay Skin UV Moisture SPF 50, PA++++ 30g		5	Sản phẩm đúng như hình, chất lỏng, tương đối dễ thẩm thấu. Có mùi dịu nhẹ ko thơm nhưng cũng ko hôi	2021-10-28 09:10:43	2026-09-29 21:36:49
tk_17957229	tiki	1313887	beauty	Kem chống nắng Skin Aqua dưỡng ẩm, dạng sữa dùng hàng ngày Sunplay Skin UV Moisture SPF 50, PA++++ 30g		5	Sp giao đủ, chất lượng ok, chất kem mau thấm sẽ mua lại nữa	2022-10-14 14:37:00	2026-09-29 21:36:49
tk_17456350	tiki	1313887	beauty	Kem chống nắng Skin Aqua dưỡng ẩm, dạng sữa dùng hàng ngày Sunplay Skin UV Moisture SPF 50, PA++++ 30g		5	Sản phẩm đẹp, giao hàng nhanh. Tiếc là đóng gói chưa cẩn thận lắm.	2022-08-18 22:14:10	2026-09-29 21:36:49
tk_14389659	tiki	1313887	beauty	Kem chống nắng Skin Aqua dưỡng ẩm, dạng sữa dùng hàng ngày Sunplay Skin UV Moisture SPF 50, PA++++ 30g		5	Sữa chống nắng mình xài từ cấp 3 tới giờ đã 25t. Da mặt vẫn xuất hiện tàn nhang mờ. Đối với sữa chống nắng giá rẻ thì em này ok rồi	2022-01-11 19:25:50	2026-09-29 21:36:49
tk_16045495	tiki	1313887	beauty	Kem chống nắng Skin Aqua dưỡng ẩm, dạng sữa dùng hàng ngày Sunplay Skin UV Moisture SPF 50, PA++++ 30g		5	cảm ơn hãng, sản phẩm tốt, dịu nhẹ lành tính	2022-04-22 19:59:56	2026-09-29 21:36:49
tk_13958687	tiki	1313887	beauty	Kem chống nắng Skin Aqua dưỡng ẩm, dạng sữa dùng hàng ngày Sunplay Skin UV Moisture SPF 50, PA++++ 30g		5	Giao hàng đúng hẹn Đóng gói cẩn thận Mùa đông da khô dùng loại này okee Da mình k bị kích ứng gì🥰🥰🥰	2021-12-20 19:53:24	2026-09-29 21:36:49
tk_2523008	tiki	1313887	beauty	Kem chống nắng Skin Aqua dưỡng ẩm, dạng sữa dùng hàng ngày Sunplay Skin UV Moisture SPF 50, PA++++ 30g		5	Đầu tiên là giao nhanh nên mình rất hài lòng, mới đặt hôm qua, thấy dự kiến thứ 5 mới giao mà hôm nay đã giao rồi. Mình chưa xài bao giờ với cũng không có ấn tượng tốt với sunplay lắm. Vì da mình dễ lên mụn lắm. Nhưng có coi review của *** me Duy nên mua thử 30g xài xem sao. Vẫn là mua trong đợt giảm còn 79k hihi	2019-10-14 18:35:51	2026-09-29 21:36:49
tk_19544381	tiki	1313887	beauty	Kem chống nắng Skin Aqua dưỡng ẩm, dạng sữa dùng hàng ngày Sunplay Skin UV Moisture SPF 50, PA++++ 30g		5	Cực kì hài lòng	2023-09-21 19:43:14	2026-09-29 21:36:49
tk_15987717	tiki	1313887	beauty	Kem chống nắng Skin Aqua dưỡng ẩm, dạng sữa dùng hàng ngày Sunplay Skin UV Moisture SPF 50, PA++++ 30g		5	sản phẩm đúng mô tả, chất lượng tốt giao hàng nhanh , đóng gói cẩn thận.	2022-04-19 05:14:39	2026-09-29 21:36:49
tk_7052059	tiki	1313887	beauty	Kem chống nắng Skin Aqua dưỡng ẩm, dạng sữa dùng hàng ngày Sunplay Skin UV Moisture SPF 50, PA++++ 30g		5	Giao hàng siêu nhanh. Sản phẩm dạng sữa dễ tán không bết dính, không nâng tông, cấp ẩm nhẹ. Đáng mua	2021-01-18 16:03:22	2026-09-29 21:36:49
tk_10761686	tiki	1313887	beauty	Kem chống nắng Skin Aqua dưỡng ẩm, dạng sữa dùng hàng ngày Sunplay Skin UV Moisture SPF 50, PA++++ 30g		5	giao hàng nhanh, đóng gói cẩn thận, sữa chống nắng của SunPlay thì k chê vào đâu đc rồi, hợp với da mụn và khô cần ẩm, shipper niềm nở	2021-06-30 09:22:12	2026-09-29 21:36:51
tk_3063329	tiki	1313887	beauty	Kem chống nắng Skin Aqua dưỡng ẩm, dạng sữa dùng hàng ngày Sunplay Skin UV Moisture SPF 50, PA++++ 30g		4	Ưu điểm: - Làm nâng tông da rất nhẹ, hiệu quả chống nắng tốt, không chứa cồn. - Dùng sau một thời gian sẽ thấy da mướt đủ ẩm hơn. - Giá thành rẻ, chất lượng sản phẩm khá tốt. Nhược điểm: - Có chứa Silicon bạn nào da không hợp với silicon thì không nên dùng. - Thành phần có khá nhiều chất hóa học, các bạn có da nhạy cảm nhiều mụn thì nên tránh. Vì đây là sữa chống nắng dưỡng ẩm nên dùng 3-5 giọt cho cả mặt là đủ, dùng nhiều quá sữa thấm rất lâu và có thể gây bí da,nổi mụn, chú ý nên lắc đều sản phẩm trước khi dùng. Date sản xuất từ cuối năm 2019 và hạn sử dụng đến năm 2021 nên các bạn yên tâm.	2020-02-26 12:17:49	2026-09-29 21:36:51
tk_17409732	tiki	1313887	beauty	Kem chống nắng Skin Aqua dưỡng ẩm, dạng sữa dùng hàng ngày Sunplay Skin UV Moisture SPF 50, PA++++ 30g		5	Đóng gói cẩn thận giao nhanh, đúng theo yêu cầu	2022-08-14 12:42:30	2026-09-29 21:36:51
tk_3057668	tiki	1313887	beauty	Kem chống nắng Skin Aqua dưỡng ẩm, dạng sữa dùng hàng ngày Sunplay Skin UV Moisture SPF 50, PA++++ 30g		3	vừa đặt tối qua là sáng nay có hàng luôn khi dùng lên da thấy khá ẩm, tốt điểm trừ là không hiểu sao bao bì bọc ngoài rất là bụi :( xém tưởng đâu là giao đồ hết hạn chứ, may kiểm tra lại thì vẫn còn hạn tới năm sau. Mà không hiểu sao bao bọc ngoài bụi vậy luôn nữa	2020-02-25 13:07:30	2026-09-29 21:36:51
tk_19408639	tiki	1313887	beauty	Kem chống nắng Skin Aqua dưỡng ẩm, dạng sữa dùng hàng ngày Sunplay Skin UV Moisture SPF 50, PA++++ 30g		5	Cực kì hài lòng	2023-07-25 20:58:41	2026-09-29 21:36:51
tk_15780296	tiki	1313887	beauty	Kem chống nắng Skin Aqua dưỡng ẩm, dạng sữa dùng hàng ngày Sunplay Skin UV Moisture SPF 50, PA++++ 30g		5	mình đã nhận đủ hàng ......	2022-04-05 12:40:24	2026-09-29 21:36:51
tk_19351171	tiki	1313887	beauty	Kem chống nắng Skin Aqua dưỡng ẩm, dạng sữa dùng hàng ngày Sunplay Skin UV Moisture SPF 50, PA++++ 30g		5	Cực kì hài lòng	2023-07-05 11:24:08	2026-09-29 21:36:51
tk_18080289	tiki	1313887	beauty	Kem chống nắng Skin Aqua dưỡng ẩm, dạng sữa dùng hàng ngày Sunplay Skin UV Moisture SPF 50, PA++++ 30g		3	shop bảo lấy 3 lọ có quà tặng là son nhưng không có.	2022-10-29 20:12:52	2026-09-29 21:36:51
tk_18299910	tiki	1313887	beauty	Kem chống nắng Skin Aqua dưỡng ẩm, dạng sữa dùng hàng ngày Sunplay Skin UV Moisture SPF 50, PA++++ 30g		5	Sp ok nha mn	2022-11-27 18:45:18	2026-09-29 21:36:51
tk_19278468	tiki	1313887	beauty	Kem chống nắng Skin Aqua dưỡng ẩm, dạng sữa dùng hàng ngày Sunplay Skin UV Moisture SPF 50, PA++++ 30g		5	Cực kì hài lòng	2023-06-09 21:53:27	2026-09-29 21:36:51
tk_19277253	tiki	1313887	beauty	Kem chống nắng Skin Aqua dưỡng ẩm, dạng sữa dùng hàng ngày Sunplay Skin UV Moisture SPF 50, PA++++ 30g		5	Cực kì hài lòng	2023-06-09 15:59:12	2026-09-29 21:36:51
tk_19256022	tiki	1313887	beauty	Kem chống nắng Skin Aqua dưỡng ẩm, dạng sữa dùng hàng ngày Sunplay Skin UV Moisture SPF 50, PA++++ 30g		5	Cực kì hài lòng	2023-06-03 11:29:09	2026-09-29 21:36:51
tk_18332448	tiki	1313887	beauty	Kem chống nắng Skin Aqua dưỡng ẩm, dạng sữa dùng hàng ngày Sunplay Skin UV Moisture SPF 50, PA++++ 30g		5	Mùa đông dùng e này là hết sảy nha mn	2022-12-02 12:34:13	2026-09-29 21:36:51
tk_17955558	tiki	1313887	beauty	Kem chống nắng Skin Aqua dưỡng ẩm, dạng sữa dùng hàng ngày Sunplay Skin UV Moisture SPF 50, PA++++ 30g		5	Sản phẩm tốt đóng gói kĩ tg giao hàng nhanh	2022-10-14 11:12:40	2026-09-29 21:36:51
tk_16132037	tiki	1313887	beauty	Kem chống nắng Skin Aqua dưỡng ẩm, dạng sữa dùng hàng ngày Sunplay Skin UV Moisture SPF 50, PA++++ 30g		5	Dung tích nhỏ, dạng kem lỏng, nhanh hết, không mùi, không nâng tông, dưỡng ẩm da	2022-04-29 10:38:39	2026-09-29 21:36:51
tk_13346376	tiki	1313887	beauty	Kem chống nắng Skin Aqua dưỡng ẩm, dạng sữa dùng hàng ngày Sunplay Skin UV Moisture SPF 50, PA++++ 30g		2	Đóng gói sản phẩm xộc xệch, cảm giác không được tôn trọng khách hàng. Còn sản phẩm chưa dùng nên chưa biết	2021-11-21 15:00:29	2026-09-29 21:36:51
tk_16438171	tiki	1313887	beauty	Kem chống nắng Skin Aqua dưỡng ẩm, dạng sữa dùng hàng ngày Sunplay Skin UV Moisture SPF 50, PA++++ 30g		3	Nhận sữa thì ok rồi nhưng k hiểu sao túi quà tặng đang bị rớt lại :(	2022-05-24 07:10:29	2026-09-29 21:36:51
tk_19055342	tiki	1313887	beauty	Kem chống nắng Skin Aqua dưỡng ẩm, dạng sữa dùng hàng ngày Sunplay Skin UV Moisture SPF 50, PA++++ 30g		5	Cực kì hài lòng	2023-04-05 15:21:20	2026-09-29 21:36:51
tk_17004874	tiki	1313887	beauty	Kem chống nắng Skin Aqua dưỡng ẩm, dạng sữa dùng hàng ngày Sunplay Skin UV Moisture SPF 50, PA++++ 30g		4	đóng gói chắc chắn	2022-07-09 21:07:55	2026-09-29 21:36:51
tk_18991869	tiki	1313887	beauty	Kem chống nắng Skin Aqua dưỡng ẩm, dạng sữa dùng hàng ngày Sunplay Skin UV Moisture SPF 50, PA++++ 30g		5	Cực kì hài lòng	2023-03-21 21:48:14	2026-09-29 21:36:51
tk_18956142	tiki	1313887	beauty	Kem chống nắng Skin Aqua dưỡng ẩm, dạng sữa dùng hàng ngày Sunplay Skin UV Moisture SPF 50, PA++++ 30g		5	Cực kì hài lòng	2023-03-14 15:28:39	2026-09-29 21:36:53
tk_18708954	tiki	1313887	beauty	Kem chống nắng Skin Aqua dưỡng ẩm, dạng sữa dùng hàng ngày Sunplay Skin UV Moisture SPF 50, PA++++ 30g		5	nên mua	2023-01-31 13:01:19	2026-09-29 21:36:53
tk_18107449	tiki	1313887	beauty	Kem chống nắng Skin Aqua dưỡng ẩm, dạng sữa dùng hàng ngày Sunplay Skin UV Moisture SPF 50, PA++++ 30g		4	Dạng sữa dễ thẩm thấu.	2022-11-02 11:34:56	2026-09-29 21:36:53
tk_16166748	tiki	1313887	beauty	Kem chống nắng Skin Aqua dưỡng ẩm, dạng sữa dùng hàng ngày Sunplay Skin UV Moisture SPF 50, PA++++ 30g		5	san pham tot. nha ban giao hang nhanh	2022-05-02 19:24:33	2026-09-29 21:36:53
tk_9078818	tiki	1313887	beauty	Kem chống nắng Skin Aqua dưỡng ẩm, dạng sữa dùng hàng ngày Sunplay Skin UV Moisture SPF 50, PA++++ 30g		5	Giao hàng nhanh. Đóng hàng kỹ. Mua hàng của tiki trading nên rất yên tâm. Mới *** thử sp thấy thấm nhanh. Ok nhaa	2021-04-14 11:40:25	2026-09-29 21:36:53
tk_16091109	tiki	1313887	beauty	Kem chống nắng Skin Aqua dưỡng ẩm, dạng sữa dùng hàng ngày Sunplay Skin UV Moisture SPF 50, PA++++ 30g		5	dùng oki không nâng tông nha	2022-04-26 05:22:04	2026-09-29 21:36:53
tk_18706549	tiki	1313887	beauty	Kem chống nắng Skin Aqua dưỡng ẩm, dạng sữa dùng hàng ngày Sunplay Skin UV Moisture SPF 50, PA++++ 30g		5	Cực kì hài lòng	2023-01-31 01:01:24	2026-09-29 21:36:53
tk_16824000	tiki	1313887	beauty	Kem chống nắng Skin Aqua dưỡng ẩm, dạng sữa dùng hàng ngày Sunplay Skin UV Moisture SPF 50, PA++++ 30g		4	giao hàng nhanh, sản phẩm thẩm thấu tốt!.......	2022-06-24 14:53:03	2026-09-29 21:36:53
tk_18576157	tiki	1313887	beauty	Kem chống nắng Skin Aqua dưỡng ẩm, dạng sữa dùng hàng ngày Sunplay Skin UV Moisture SPF 50, PA++++ 30g		5	Cực kì hài lòng	2023-01-05 16:41:22	2026-09-29 21:36:53
tk_16467472	tiki	1313887	beauty	Kem chống nắng Skin Aqua dưỡng ẩm, dạng sữa dùng hàng ngày Sunplay Skin UV Moisture SPF 50, PA++++ 30g		4	giao hàng nhanh	2022-05-26 13:51:16	2026-09-29 21:36:53
tk_18537900	tiki	1313887	beauty	Kem chống nắng Skin Aqua dưỡng ẩm, dạng sữa dùng hàng ngày Sunplay Skin UV Moisture SPF 50, PA++++ 30g		5	Cực kì hài lòng	2022-12-30 11:21:26	2026-09-29 21:36:53
tk_8904770	tiki	1313887	beauty	Kem chống nắng Skin Aqua dưỡng ẩm, dạng sữa dùng hàng ngày Sunplay Skin UV Moisture SPF 50, PA++++ 30g		5	Giao hàng nhanh. Đúng đủ hàng. Sản phẩm chưa sử dụng nên chỉ đánh giá khâu gói và giao hàng tốttttt	2021-04-05 14:44:14	2026-09-29 21:36:53
tk_18473632	tiki	1313887	beauty	Kem chống nắng Skin Aqua dưỡng ẩm, dạng sữa dùng hàng ngày Sunplay Skin UV Moisture SPF 50, PA++++ 30g		5	Cực kì hài lòng	2022-12-21 19:59:22	2026-09-29 21:36:53
tk_18467718	tiki	1313887	beauty	Kem chống nắng Skin Aqua dưỡng ẩm, dạng sữa dùng hàng ngày Sunplay Skin UV Moisture SPF 50, PA++++ 30g		4	Hài lòng	2022-12-20 23:10:36	2026-09-29 21:36:53
tk_17896550	tiki	1313887	beauty	Kem chống nắng Skin Aqua dưỡng ẩm, dạng sữa dùng hàng ngày Sunplay Skin UV Moisture SPF 50, PA++++ 30g		5	Nhẹ, dễ thấm	2022-10-07 22:25:13	2026-09-29 21:36:53
tk_18362497	tiki	1313887	beauty	Kem chống nắng Skin Aqua dưỡng ẩm, dạng sữa dùng hàng ngày Sunplay Skin UV Moisture SPF 50, PA++++ 30g		4	Hài lòng	2022-12-07 09:02:33	2026-09-29 21:36:53
tk_16341292	tiki	1313887	beauty	Kem chống nắng Skin Aqua dưỡng ẩm, dạng sữa dùng hàng ngày Sunplay Skin UV Moisture SPF 50, PA++++ 30g		5	hài lòng	2022-05-15 23:58:15	2026-09-29 21:36:53
tk_15972082	tiki	1313887	beauty	Kem chống nắng Skin Aqua dưỡng ẩm, dạng sữa dùng hàng ngày Sunplay Skin UV Moisture SPF 50, PA++++ 30g		5	Giao hàng nhanh ! Sản phẩm chống nắng tốt , k trôi	2022-04-17 23:45:46	2026-09-29 21:36:53
tk_16030394	tiki	1313887	beauty	Kem chống nắng Skin Aqua dưỡng ẩm, dạng sữa dùng hàng ngày Sunplay Skin UV Moisture SPF 50, PA++++ 30g		5	sp ko giao hàng rất nhanh tối đặc sáng có liền	2022-04-21 19:16:06	2026-09-29 21:36:53
tk_18240601	tiki	1313887	beauty	Kem chống nắng Skin Aqua dưỡng ẩm, dạng sữa dùng hàng ngày Sunplay Skin UV Moisture SPF 50, PA++++ 30g		5	Cực kì hài lòng	2022-11-19 05:42:25	2026-09-29 21:36:53
tk_9705176	tiki	1313887	beauty	Kem chống nắng Skin Aqua dưỡng ẩm, dạng sữa dùng hàng ngày Sunplay Skin UV Moisture SPF 50, PA++++ 30g		5	Giao hàng nhanh, mình mua 2 tuýp được tặng thêm túi tote của Sunplay. loại này là moisture có độ ẩm tốt, hợp với da khô.	2021-05-14 09:53:23	2026-09-29 21:36:54
tk_17886334	tiki	1313887	beauty	Kem chống nắng Skin Aqua dưỡng ẩm, dạng sữa dùng hàng ngày Sunplay Skin UV Moisture SPF 50, PA++++ 30g		5	Quá tốt	2022-10-06 18:50:30	2026-09-29 21:36:54
tk_18096050	tiki	1313887	beauty	Kem chống nắng Skin Aqua dưỡng ẩm, dạng sữa dùng hàng ngày Sunplay Skin UV Moisture SPF 50, PA++++ 30g		5	Cực kì hài lòng	2022-10-31 20:38:57	2026-09-29 21:36:54
tk_17610050	tiki	1313887	beauty	Kem chống nắng Skin Aqua dưỡng ẩm, dạng sữa dùng hàng ngày Sunplay Skin UV Moisture SPF 50, PA++++ 30g		4	Tạm dc thôi	2022-09-06 10:28:32	2026-09-29 21:36:54
tk_18051472	tiki	1313887	beauty	Kem chống nắng Skin Aqua dưỡng ẩm, dạng sữa dùng hàng ngày Sunplay Skin UV Moisture SPF 50, PA++++ 30g		5	Cực kì hài lòng	2022-10-26 11:41:18	2026-09-29 21:36:54
tk_18042050	tiki	1313887	beauty	Kem chống nắng Skin Aqua dưỡng ẩm, dạng sữa dùng hàng ngày Sunplay Skin UV Moisture SPF 50, PA++++ 30g		5	Cực kì hài lòng	2022-10-25 11:23:27	2026-09-29 21:36:54
tk_18035734	tiki	1313887	beauty	Kem chống nắng Skin Aqua dưỡng ẩm, dạng sữa dùng hàng ngày Sunplay Skin UV Moisture SPF 50, PA++++ 30g		5	Cực kì hài lòng	2022-10-24 15:44:48	2026-09-29 21:36:54
tk_17906597	tiki	1313887	beauty	Kem chống nắng Skin Aqua dưỡng ẩm, dạng sữa dùng hàng ngày Sunplay Skin UV Moisture SPF 50, PA++++ 30g		5	😍	2022-10-09 10:31:25	2026-09-29 21:36:54
tk_18027610	tiki	1313887	beauty	Kem chống nắng Skin Aqua dưỡng ẩm, dạng sữa dùng hàng ngày Sunplay Skin UV Moisture SPF 50, PA++++ 30g		5	Cực kì hài lòng	2022-10-23 15:39:09	2026-09-29 21:36:54
tk_18008446	tiki	1313887	beauty	Kem chống nắng Skin Aqua dưỡng ẩm, dạng sữa dùng hàng ngày Sunplay Skin UV Moisture SPF 50, PA++++ 30g		5	Cực kì hài lòng	2022-10-21 01:46:23	2026-09-29 21:36:54
tk_18005321	tiki	1313887	beauty	Kem chống nắng Skin Aqua dưỡng ẩm, dạng sữa dùng hàng ngày Sunplay Skin UV Moisture SPF 50, PA++++ 30g		5	Cực kì hài lòng	2022-10-20 16:19:57	2026-09-29 21:36:54
tk_17996848	tiki	1313887	beauty	Kem chống nắng Skin Aqua dưỡng ẩm, dạng sữa dùng hàng ngày Sunplay Skin UV Moisture SPF 50, PA++++ 30g		5	Cực kì hài lòng	2022-10-19 14:02:01	2026-09-29 21:36:54
tk_17977297	tiki	1313887	beauty	Kem chống nắng Skin Aqua dưỡng ẩm, dạng sữa dùng hàng ngày Sunplay Skin UV Moisture SPF 50, PA++++ 30g		5	Cực kì hài lòng	2022-10-17 05:17:44	2026-09-29 21:36:54
tk_17944864	tiki	1313887	beauty	Kem chống nắng Skin Aqua dưỡng ẩm, dạng sữa dùng hàng ngày Sunplay Skin UV Moisture SPF 50, PA++++ 30g		5	Cực kì hài lòng	2022-10-13 08:39:04	2026-09-29 21:36:54
tk_17913344	tiki	1313887	beauty	Kem chống nắng Skin Aqua dưỡng ẩm, dạng sữa dùng hàng ngày Sunplay Skin UV Moisture SPF 50, PA++++ 30g		5	Cực kì hài lòng	2022-10-09 23:00:20	2026-09-29 21:36:54
tk_17897471	tiki	1313887	beauty	Kem chống nắng Skin Aqua dưỡng ẩm, dạng sữa dùng hàng ngày Sunplay Skin UV Moisture SPF 50, PA++++ 30g		5	Cực kì hài lòng	2022-10-08 06:41:05	2026-09-29 21:36:54
tk_8239786	tiki	1313887	beauty	Kem chống nắng Skin Aqua dưỡng ẩm, dạng sữa dùng hàng ngày Sunplay Skin UV Moisture SPF 50, PA++++ 30g		5	Mua ngay đợt sale, giá rẻ nên hốt luôn 2 chai. Dịu dẹ, xứt lên da mát và trong không lộ kem	2021-03-07 17:48:45	2026-09-29 21:36:54
tk_2723614	tiki	1313887	beauty	Kem chống nắng Skin Aqua dưỡng ẩm, dạng sữa dùng hàng ngày Sunplay Skin UV Moisture SPF 50, PA++++ 30g		5	da mềm mịn , sáng hơn ,rất thích, thật ra hộp hơi bé , mặt mình to nên dùng sẽ mau hết , so với trời nắng nhẹ thì ổn, k là phải bôi lại , chứ nắng gắt thì nên sài tone up cream cũng của hada nabo , nhiều , chống nắng tốt	2019-12-10 18:56:35	2026-09-29 21:36:54
tk_9848396	tiki	1313887	beauty	Kem chống nắng Skin Aqua dưỡng ẩm, dạng sữa dùng hàng ngày Sunplay Skin UV Moisture SPF 50, PA++++ 30g		5	Đóng gói rất đẹp đặc biệt có tặng cái tui rất xịn sò mình đã dùng sản phẩm một lần và nghiền lun ạ	2021-05-20 14:20:16	2026-09-29 21:36:54
tk_17849138	tiki	1313887	beauty	Kem chống nắng Skin Aqua dưỡng ẩm, dạng sữa dùng hàng ngày Sunplay Skin UV Moisture SPF 50, PA++++ 30g		5	Cực kì hài lòng	2022-10-02 11:18:23	2026-09-29 21:36:54
tk_17825206	tiki	1313887	beauty	Kem chống nắng Skin Aqua dưỡng ẩm, dạng sữa dùng hàng ngày Sunplay Skin UV Moisture SPF 50, PA++++ 30g		5	Cực kì hài lòng	2022-09-29 11:23:56	2026-09-29 21:36:57
tk_15857104	tiki	1313887	beauty	Kem chống nắng Skin Aqua dưỡng ẩm, dạng sữa dùng hàng ngày Sunplay Skin UV Moisture SPF 50, PA++++ 30g		5	Cực kì hài lòng	2022-04-10 10:15:53	2026-09-29 21:36:57
tk_17688256	tiki	1313887	beauty	Kem chống nắng Skin Aqua dưỡng ẩm, dạng sữa dùng hàng ngày Sunplay Skin UV Moisture SPF 50, PA++++ 30g		4	Hài lòng	2022-09-14 09:06:33	2026-09-29 21:36:57
tk_17666760	tiki	1313887	beauty	Kem chống nắng Skin Aqua dưỡng ẩm, dạng sữa dùng hàng ngày Sunplay Skin UV Moisture SPF 50, PA++++ 30g		5	Cực kì hài lòng	2022-09-12 07:56:41	2026-09-29 21:36:57
tk_17645057	tiki	1313887	beauty	Kem chống nắng Skin Aqua dưỡng ẩm, dạng sữa dùng hàng ngày Sunplay Skin UV Moisture SPF 50, PA++++ 30g		5	Cực kì hài lòng	2022-09-09 19:45:40	2026-09-29 21:36:57
tk_17175496	tiki	1313887	beauty	Kem chống nắng Skin Aqua dưỡng ẩm, dạng sữa dùng hàng ngày Sunplay Skin UV Moisture SPF 50, PA++++ 30g		5	Phù hợp	2022-07-23 14:27:30	2026-09-29 21:36:57
tk_17511596	tiki	1313887	beauty	Kem chống nắng Skin Aqua dưỡng ẩm, dạng sữa dùng hàng ngày Sunplay Skin UV Moisture SPF 50, PA++++ 30g		5	Cực kì hài lòng	2022-08-24 21:32:51	2026-09-29 21:36:57
tk_16399729	tiki	1313887	beauty	Kem chống nắng Skin Aqua dưỡng ẩm, dạng sữa dùng hàng ngày Sunplay Skin UV Moisture SPF 50, PA++++ 30g		5	sản phẩm quá là okie	2022-05-20 19:02:24	2026-09-29 21:36:57
tk_17489479	tiki	1313887	beauty	Kem chống nắng Skin Aqua dưỡng ẩm, dạng sữa dùng hàng ngày Sunplay Skin UV Moisture SPF 50, PA++++ 30g		5	Cực kì hài lòng	2022-08-22 13:10:08	2026-09-29 21:36:57
tk_16231771	tiki	1313887	beauty	Kem chống nắng Skin Aqua dưỡng ẩm, dạng sữa dùng hàng ngày Sunplay Skin UV Moisture SPF 50, PA++++ 30g		5	Chưa thử nhưng cho 5 sao	2022-05-07 15:07:30	2026-09-29 21:36:57
tk_4672719	tiki	1313887	beauty	Kem chống nắng Skin Aqua dưỡng ẩm, dạng sữa dùng hàng ngày Sunplay Skin UV Moisture SPF 50, PA++++ 30g		4	lúc giao thì hộp bị bẹp, méo chắc là do bên vận chuyển sản phẩm thì mình chưa dùng nên cũng k biết sao nhưng hàng mới sản xuất nên k giông như cmt trước	2020-08-29 19:13:30	2026-09-29 21:36:57
tk_9334117	tiki	1313887	beauty	Kem chống nắng Skin Aqua dưỡng ẩm, dạng sữa dùng hàng ngày Sunplay Skin UV Moisture SPF 50, PA++++ 30g		5	Sữa chống nắng thấm nhanh không nhờn rít, không mùi, không nâng tông	2021-04-25 22:18:55	2026-09-29 21:36:57
tk_17343546	tiki	1313887	beauty	Kem chống nắng Skin Aqua dưỡng ẩm, dạng sữa dùng hàng ngày Sunplay Skin UV Moisture SPF 50, PA++++ 30g		5	Cực kì hài lòng	2022-08-08 18:19:59	2026-09-29 21:36:57
tk_13658247	tiki	1313887	beauty	Kem chống nắng Skin Aqua dưỡng ẩm, dạng sữa dùng hàng ngày Sunplay Skin UV Moisture SPF 50, PA++++ 30g		4	mình dùng cả mặt và cổ thì tầm hơn 3 tháng là hết	2021-12-07 09:43:08	2026-09-29 21:36:57
tk_9810285	tiki	1313887	beauty	Kem chống nắng Skin Aqua dưỡng ẩm, dạng sữa dùng hàng ngày Sunplay Skin UV Moisture SPF 50, PA++++ 30g		5	lần đầu tiên mua ở đây chưa biết thế nào hi vọng k nhiều	2021-05-18 18:42:45	2026-09-29 21:36:57
tk_17290384	tiki	1313887	beauty	Kem chống nắng Skin Aqua dưỡng ẩm, dạng sữa dùng hàng ngày Sunplay Skin UV Moisture SPF 50, PA++++ 30g		5	Cực kì hài lòng	2022-08-03 19:31:01	2026-09-29 21:36:57
tk_16531880	tiki	1313887	beauty	Kem chống nắng Skin Aqua dưỡng ẩm, dạng sữa dùng hàng ngày Sunplay Skin UV Moisture SPF 50, PA++++ 30g		5	Giao hàng nhanh	2022-06-01 06:41:27	2026-09-29 21:36:57
tk_17239190	tiki	1313887	beauty	Kem chống nắng Skin Aqua dưỡng ẩm, dạng sữa dùng hàng ngày Sunplay Skin UV Moisture SPF 50, PA++++ 30g		5	Cực kì hài lòng	2022-07-29 15:29:01	2026-09-29 21:36:57
tk_13763795	tiki	1313887	beauty	Kem chống nắng Skin Aqua dưỡng ẩm, dạng sữa dùng hàng ngày Sunplay Skin UV Moisture SPF 50, PA++++ 30g		5	giao hàng nhanh	2021-12-12 12:21:49	2026-09-29 21:36:57
tk_13936340	tiki	1313887	beauty	Kem chống nắng Skin Aqua dưỡng ẩm, dạng sữa dùng hàng ngày Sunplay Skin UV Moisture SPF 50, PA++++ 30g		5	cái loại này dành cho da mặt nên OK giá hạt rẻ	2021-12-19 17:50:25	2026-09-29 21:36:57
tk_15834496	tiki	1313887	beauty	Kem chống nắng Skin Aqua dưỡng ẩm, dạng sữa dùng hàng ngày Sunplay Skin UV Moisture SPF 50, PA++++ 30g		5	Giao hàng nhanh, date 2025	2022-04-08 15:35:02	2026-09-29 21:36:59
tk_13226857	tiki	1313887	beauty	Kem chống nắng Skin Aqua dưỡng ẩm, dạng sữa dùng hàng ngày Sunplay Skin UV Moisture SPF 50, PA++++ 30g		5	giao hàng nhanh. shipper thân thiện. hàng đóng gói đẹp.	2021-11-15 17:34:50	2026-09-29 21:36:59
tk_17045503	tiki	1313887	beauty	Kem chống nắng Skin Aqua dưỡng ẩm, dạng sữa dùng hàng ngày Sunplay Skin UV Moisture SPF 50, PA++++ 30g		5	Cực kì hài lòng	2022-07-12 23:41:43	2026-09-29 21:36:59
tk_15838691	tiki	1313887	beauty	Kem chống nắng Skin Aqua dưỡng ẩm, dạng sữa dùng hàng ngày Sunplay Skin UV Moisture SPF 50, PA++++ 30g		5	Sài rất là thích lunn	2022-04-08 21:00:37	2026-09-29 21:36:59
tk_17023797	tiki	1313887	beauty	Kem chống nắng Skin Aqua dưỡng ẩm, dạng sữa dùng hàng ngày Sunplay Skin UV Moisture SPF 50, PA++++ 30g		5	Cực kì hài lòng	2022-07-11 12:26:13	2026-09-29 21:36:59
tk_17017778	tiki	1313887	beauty	Kem chống nắng Skin Aqua dưỡng ẩm, dạng sữa dùng hàng ngày Sunplay Skin UV Moisture SPF 50, PA++++ 30g		5	Cực kì hài lòng	2022-07-10 21:35:21	2026-09-29 21:36:59
tk_17008775	tiki	1313887	beauty	Kem chống nắng Skin Aqua dưỡng ẩm, dạng sữa dùng hàng ngày Sunplay Skin UV Moisture SPF 50, PA++++ 30g		5	Cực kì hài lòng	2022-07-10 09:25:37	2026-09-29 21:36:59
tk_11946561	tiki	1313887	beauty	Kem chống nắng Skin Aqua dưỡng ẩm, dạng sữa dùng hàng ngày Sunplay Skin UV Moisture SPF 50, PA++++ 30g		5	Tiki đóng gói thì lúc nào cũng ưng	2021-08-20 22:41:54	2026-09-29 21:36:59
tk_16922769	tiki	1313887	beauty	Kem chống nắng Skin Aqua dưỡng ẩm, dạng sữa dùng hàng ngày Sunplay Skin UV Moisture SPF 50, PA++++ 30g		5	Cực kì hài lòng	2022-07-03 11:47:05	2026-09-29 21:36:59
tk_16830919	tiki	1313887	beauty	Kem chống nắng Skin Aqua dưỡng ẩm, dạng sữa dùng hàng ngày Sunplay Skin UV Moisture SPF 50, PA++++ 30g		5	ok	2022-06-25 08:35:52	2026-09-29 21:36:59
tk_14199318	tiki	1313887	beauty	Kem chống nắng Skin Aqua dưỡng ẩm, dạng sữa dùng hàng ngày Sunplay Skin UV Moisture SPF 50, PA++++ 30g		4	Xài da khá mềm mại rất đáng để xài	2022-01-01 14:02:38	2026-09-29 21:36:59
tk_16768555	tiki	1313887	beauty	Kem chống nắng Skin Aqua dưỡng ẩm, dạng sữa dùng hàng ngày Sunplay Skin UV Moisture SPF 50, PA++++ 30g		5	Cực kì hài lòng	2022-06-19 20:15:33	2026-09-29 21:36:59
tk_16676835	tiki	1313887	beauty	Kem chống nắng Skin Aqua dưỡng ẩm, dạng sữa dùng hàng ngày Sunplay Skin UV Moisture SPF 50, PA++++ 30g		5	Cực kì hài lòng	2022-06-11 22:30:48	2026-09-29 21:36:59
tk_16632424	tiki	1313887	beauty	Kem chống nắng Skin Aqua dưỡng ẩm, dạng sữa dùng hàng ngày Sunplay Skin UV Moisture SPF 50, PA++++ 30g		5	Cực kì hài lòng	2022-06-08 20:17:45	2026-09-29 21:36:59
tk_6925603	tiki	1313887	beauty	Kem chống nắng Skin Aqua dưỡng ẩm, dạng sữa dùng hàng ngày Sunplay Skin UV Moisture SPF 50, PA++++ 30g		5	sản phẩm xài thấy dưỡng ẩm,ko khô căng da. thích hợp cho tất cả loại da	2021-01-13 13:22:31	2026-09-29 21:36:59
tk_16567486	tiki	1313887	beauty	Kem chống nắng Skin Aqua dưỡng ẩm, dạng sữa dùng hàng ngày Sunplay Skin UV Moisture SPF 50, PA++++ 30g		5	Cực kì hài lòng	2022-06-03 22:29:33	2026-09-29 21:36:59
tk_16565880	tiki	1313887	beauty	Kem chống nắng Skin Aqua dưỡng ẩm, dạng sữa dùng hàng ngày Sunplay Skin UV Moisture SPF 50, PA++++ 30g		5	Cực kì hài lòng	2022-06-03 20:09:49	2026-09-29 21:36:59
tk_16548401	tiki	1313887	beauty	Kem chống nắng Skin Aqua dưỡng ẩm, dạng sữa dùng hàng ngày Sunplay Skin UV Moisture SPF 50, PA++++ 30g		5	Cực kì hài lòng	2022-06-02 10:40:49	2026-09-29 21:36:59
tk_16538704	tiki	1313887	beauty	Kem chống nắng Skin Aqua dưỡng ẩm, dạng sữa dùng hàng ngày Sunplay Skin UV Moisture SPF 50, PA++++ 30g		5	Cực kì hài lòng	2022-06-01 14:52:51	2026-09-29 21:36:59
tk_16527338	tiki	1313887	beauty	Kem chống nắng Skin Aqua dưỡng ẩm, dạng sữa dùng hàng ngày Sunplay Skin UV Moisture SPF 50, PA++++ 30g		5	Cực kì hài lòng	2022-05-31 17:57:26	2026-09-29 21:36:59
tk_15057323	tiki	1313887	beauty	Kem chống nắng Skin Aqua dưỡng ẩm, dạng sữa dùng hàng ngày Sunplay Skin UV Moisture SPF 50, PA++++ 30g		5	Dùng tạm ổn đấy ạ	2022-02-20 19:53:44	2026-09-29 21:37:00
tk_16498037	tiki	1313887	beauty	Kem chống nắng Skin Aqua dưỡng ẩm, dạng sữa dùng hàng ngày Sunplay Skin UV Moisture SPF 50, PA++++ 30g		4	Hài lòng	2022-05-29 09:58:13	2026-09-29 21:37:00
tk_16484826	tiki	1313887	beauty	Kem chống nắng Skin Aqua dưỡng ẩm, dạng sữa dùng hàng ngày Sunplay Skin UV Moisture SPF 50, PA++++ 30g		4	Hài lòng	2022-05-27 21:28:42	2026-09-29 21:37:00
tk_16451642	tiki	1313887	beauty	Kem chống nắng Skin Aqua dưỡng ẩm, dạng sữa dùng hàng ngày Sunplay Skin UV Moisture SPF 50, PA++++ 30g		5	Cực kì hài lòng	2022-05-25 09:20:55	2026-09-29 21:37:00
tk_13399491	tiki	1313887	beauty	Kem chống nắng Skin Aqua dưỡng ẩm, dạng sữa dùng hàng ngày Sunplay Skin UV Moisture SPF 50, PA++++ 30g		5	Thank you for the fast delivery of good products.	2021-11-24 10:04:19	2026-09-29 21:37:00
tk_16407386	tiki	1313887	beauty	Kem chống nắng Skin Aqua dưỡng ẩm, dạng sữa dùng hàng ngày Sunplay Skin UV Moisture SPF 50, PA++++ 30g		5	Cực kì hài lòng	2022-05-21 13:04:09	2026-09-29 21:37:00
tk_16405785	tiki	1313887	beauty	Kem chống nắng Skin Aqua dưỡng ẩm, dạng sữa dùng hàng ngày Sunplay Skin UV Moisture SPF 50, PA++++ 30g		5	Cực kì hài lòng	2022-05-21 11:06:33	2026-09-29 21:37:00
tk_16380555	tiki	1313887	beauty	Kem chống nắng Skin Aqua dưỡng ẩm, dạng sữa dùng hàng ngày Sunplay Skin UV Moisture SPF 50, PA++++ 30g		5	Cực kì hài lòng	2022-05-19 09:34:41	2026-09-29 21:37:00
tk_16341632	tiki	1313887	beauty	Kem chống nắng Skin Aqua dưỡng ẩm, dạng sữa dùng hàng ngày Sunplay Skin UV Moisture SPF 50, PA++++ 30g		5	Cực kì hài lòng	2022-05-16 03:01:16	2026-09-29 21:37:00
tk_15281641	tiki	1313887	beauty	Kem chống nắng Skin Aqua dưỡng ẩm, dạng sữa dùng hàng ngày Sunplay Skin UV Moisture SPF 50, PA++++ 30g		5	sử dụng khá ok	2022-03-06 11:56:48	2026-09-29 21:37:00
tk_20260933	tiki	630811	beauty	Kem chống nắng Skin Aqua dưỡng trắng & dưỡng ẩm, dùng hàng ngày dạng gel Sunplay Skin Aqua Silky White Gel Eco Việt Nam SPF 50, PA++++ 70g		5	Ổn áp lắm luôn, mỏng, trong, thấm	2026-09-14 18:26:47	2026-09-29 21:37:05
tk_20260410	tiki	630811	beauty	Kem chống nắng Skin Aqua dưỡng trắng & dưỡng ẩm, dùng hàng ngày dạng gel Sunplay Skin Aqua Silky White Gel Eco Việt Nam SPF 50, PA++++ 70g		5	Cực kì hài lòng	2026-09-12 14:53:44	2026-09-29 21:37:05
tk_20135366	tiki	630811	beauty	Kem chống nắng Skin Aqua dưỡng trắng & dưỡng ẩm, dùng hàng ngày dạng gel Sunplay Skin Aqua Silky White Gel Eco Việt Nam SPF 50, PA++++ 70g		5	Hợp với mình thay kem lót cũng được	2025-06-13 21:42:27	2026-09-29 21:37:05
tk_20125387	tiki	630811	beauty	Kem chống nắng Skin Aqua dưỡng trắng & dưỡng ẩm, dùng hàng ngày dạng gel Sunplay Skin Aqua Silky White Gel Eco Việt Nam SPF 50, PA++++ 70g		5	Sản phẩm chất lượng	2025-05-19 09:01:48	2026-09-29 21:37:05
tk_8973418	tiki	630811	beauty	Kem chống nắng Skin Aqua dưỡng trắng & dưỡng ẩm, dùng hàng ngày dạng gel Sunplay Skin Aqua Silky White Gel Eco Việt Nam SPF 50, PA++++ 70g		5	sản phẩm tốt thẩm nhanh không bị bết nhẹ tênh và chai to nhiều như các bạn đã xem trong ảnh thì nó cỡ 2/3 chai được tặng thêm một chai kem chống nắng nữa nên rất thích giao hàng nhanh hơn dự kiến một ngày chất lượng ok	2021-04-08 18:25:26	2026-09-29 21:37:05
tk_10777655	tiki	630811	beauty	Kem chống nắng Skin Aqua dưỡng trắng & dưỡng ẩm, dùng hàng ngày dạng gel Sunplay Skin Aqua Silky White Gel Eco Việt Nam SPF 50, PA++++ 70g		5	sài cái này theo mình thì thấy khá ổn giá bình dân với chất lượng ổn. Hợp với học sinh, sinh viên như mình a. Thấm nhanh dễ bôi nữa, mấy lần trước mua không biết lựa dạng đặc bôi dính chân mày trắng bệt :))))	2021-06-30 20:28:28	2026-09-29 21:37:05
tk_8973624	tiki	630811	beauty	Kem chống nắng Skin Aqua dưỡng trắng & dưỡng ẩm, dùng hàng ngày dạng gel Sunplay Skin Aqua Silky White Gel Eco Việt Nam SPF 50, PA++++ 70g		5	tìm hiểu một thôi một hồi mình lựa e kcn này vì giá hợp lý mà bảng thành phần không quá nhiều chất gây kích ứng. Dùng trên da thấm nhanh hơi dính lúc đầu về sau lại nhẹ hơn.	2021-04-08 18:39:47	2026-09-29 21:37:05
tk_20029570	tiki	630811	beauty	Kem chống nắng Skin Aqua dưỡng trắng & dưỡng ẩm, dùng hàng ngày dạng gel Sunplay Skin Aqua Silky White Gel Eco Việt Nam SPF 50, PA++++ 70g		5	Cực kì hài lòng	2024-11-13 00:09:48	2026-09-29 21:37:05
tk_19477436	tiki	630811	beauty	Kem chống nắng Skin Aqua dưỡng trắng & dưỡng ẩm, dùng hàng ngày dạng gel Sunplay Skin Aqua Silky White Gel Eco Việt Nam SPF 50, PA++++ 70g		5	Sản phẩm không gây kích ứng da, giữ ẩm. Sản phẩm tuyệt vời, mọi người nên dùng thử ạ.	2023-08-22 12:32:00	2026-09-29 21:37:05
tk_6843105	tiki	630811	beauty	Kem chống nắng Skin Aqua dưỡng trắng & dưỡng ẩm, dùng hàng ngày dạng gel Sunplay Skin Aqua Silky White Gel Eco Việt Nam SPF 50, PA++++ 70g		5	cảm nhận sau khi dùng ưu: Kem hoá học nhưng không cay mắt, mình bôi lên cả mí mắt mà không sao. Không bị white cast. nhược: không chống nước, dễ trôi. kem này chỉ thích hợp cho bạn nào da khô, để mặt mộc, khu vực khí hậu lạnh hoặc làm công việc văn phòng ít đổ mồ hôi	2021-01-09 23:50:37	2026-09-29 21:37:05
tk_19903139	tiki	630811	beauty	Kem chống nắng Skin Aqua dưỡng trắng & dưỡng ẩm, dùng hàng ngày dạng gel Sunplay Skin Aqua Silky White Gel Eco Việt Nam SPF 50, PA++++ 70g		5	Cực kì hài lòng	2024-06-16 09:50:46	2026-09-29 21:37:05
tk_10629145	tiki	630811	beauty	Kem chống nắng Skin Aqua dưỡng trắng & dưỡng ẩm, dùng hàng ngày dạng gel Sunplay Skin Aqua Silky White Gel Eco Việt Nam SPF 50, PA++++ 70g		5	Hàng đẹp còn nguyên team ko trầy sướt	2021-06-24 12:03:42	2026-09-29 21:37:05
tk_7778198	tiki	630811	beauty	Kem chống nắng Skin Aqua dưỡng trắng & dưỡng ẩm, dùng hàng ngày dạng gel Sunplay Skin Aqua Silky White Gel Eco Việt Nam SPF 50, PA++++ 70g		5	kem chống nắng dưỡng trắng này mẹ e bị nám mà tiếp xúc nắng nhiều thấy vậy mua cho mẹ chai srm hadalabo vs chai này đã mẹ đỡ nám lên sáng lên mẹ sài rất thích sài chắc đc hơn 1 năm r à đã lắm tin tưởng tiki sẽ tiếp tục ủng hộ	2021-02-18 10:51:30	2026-09-29 21:37:05
tk_19256264	tiki	630811	beauty	Kem chống nắng Skin Aqua dưỡng trắng & dưỡng ẩm, dùng hàng ngày dạng gel Sunplay Skin Aqua Silky White Gel Eco Việt Nam SPF 50, PA++++ 70g		2	Loại này dạng sữa nhưng thoa lên bị rít cả ngày	2023-06-03 12:31:14	2026-09-29 21:37:05
tk_19689330	tiki	630811	beauty	Kem chống nắng Skin Aqua dưỡng trắng & dưỡng ẩm, dùng hàng ngày dạng gel Sunplay Skin Aqua Silky White Gel Eco Việt Nam SPF 50, PA++++ 70g		5	Cực kì hài lòng	2023-12-21 10:43:05	2026-09-29 21:37:05
tk_9405656	tiki	630811	beauty	Kem chống nắng Skin Aqua dưỡng trắng & dưỡng ẩm, dùng hàng ngày dạng gel Sunplay Skin Aqua Silky White Gel Eco Việt Nam SPF 50, PA++++ 70g		5	Thấm nhanh, có mùi thơm nhẹ, không nặng mặt, loãng nên xài hơi hao, kiềm dầu không tốt nha những bạn da dầu nên cân nhắc. Nhưng chất lượng cũng phù hợp vs giá thành sp ời.	2021-04-29 09:04:03	2026-09-29 21:37:05
tk_16193597	tiki	630811	beauty	Kem chống nắng Skin Aqua dưỡng trắng & dưỡng ẩm, dùng hàng ngày dạng gel Sunplay Skin Aqua Silky White Gel Eco Việt Nam SPF 50, PA++++ 70g		5	kem chống nắng này mình rất thích, chắc là chai thứ năm thứ sáu gì rồi , thoa lên da dễ chịu hiệu quả chống nắng cũng tốt	2022-05-04 21:45:11	2026-09-29 21:37:05
tk_13199791	tiki	630811	beauty	Kem chống nắng Skin Aqua dưỡng trắng & dưỡng ẩm, dùng hàng ngày dạng gel Sunplay Skin Aqua Silky White Gel Eco Việt Nam SPF 50, PA++++ 70g		5	Giao hàng của Tiki giao siêu nhanh luôn Em này thấm nhanh, khô thoáng, không có cảm giác bí da	2021-11-14 16:43:36	2026-09-29 21:37:05
tk_19624826	tiki	630811	beauty	Kem chống nắng Skin Aqua dưỡng trắng & dưỡng ẩm, dùng hàng ngày dạng gel Sunplay Skin Aqua Silky White Gel Eco Việt Nam SPF 50, PA++++ 70g		5	Cực kì hài lòng	2023-11-02 11:41:48	2026-09-29 21:37:05
tk_19366576	tiki	630811	beauty	Kem chống nắng Skin Aqua dưỡng trắng & dưỡng ẩm, dùng hàng ngày dạng gel Sunplay Skin Aqua Silky White Gel Eco Việt Nam SPF 50, PA++++ 70g		5	Cực kì hài lòng	2023-07-10 16:01:03	2026-09-29 21:37:05
tk_19360379	tiki	630811	beauty	Kem chống nắng Skin Aqua dưỡng trắng & dưỡng ẩm, dùng hàng ngày dạng gel Sunplay Skin Aqua Silky White Gel Eco Việt Nam SPF 50, PA++++ 70g		5	Cực kì hài lòng	2023-07-08 13:19:43	2026-09-29 21:37:07
tk_14179481	tiki	630811	beauty	Kem chống nắng Skin Aqua dưỡng trắng & dưỡng ẩm, dùng hàng ngày dạng gel Sunplay Skin Aqua Silky White Gel Eco Việt Nam SPF 50, PA++++ 70g		5	Dùng ổn! Giá thành phù hợp tài chính của mình. Có quà khuyến mãi giỏ xinh!	2021-12-31 11:21:10	2026-09-29 21:37:07
tk_14482938	tiki	630811	beauty	Kem chống nắng Skin Aqua dưỡng trắng & dưỡng ẩm, dùng hàng ngày dạng gel Sunplay Skin Aqua Silky White Gel Eco Việt Nam SPF 50, PA++++ 70g		5	Sảm phẩm giao nhanh Đóng gói hàng cẩn thận Dưỡng ẩm cao Hơi lâu khô	2022-01-15 22:19:55	2026-09-29 21:37:07
tk_8119403	tiki	630811	beauty	Kem chống nắng Skin Aqua dưỡng trắng & dưỡng ẩm, dùng hàng ngày dạng gel Sunplay Skin Aqua Silky White Gel Eco Việt Nam SPF 50, PA++++ 70g		5	Kiểu như ko rít nhưng mới thoa vào sẽ ko thấm hết ý. Ko bt mn sao chứ mik thấy vậy mà e nó cx ok . Hình ảnh chỉ mang tính chất minh họa	2021-03-02 22:03:39	2026-09-29 21:37:07
tk_9293699	tiki	630811	beauty	Kem chống nắng Skin Aqua dưỡng trắng & dưỡng ẩm, dùng hàng ngày dạng gel Sunplay Skin Aqua Silky White Gel Eco Việt Nam SPF 50, PA++++ 70g		5	canh mua lúc sale, giá khá tốt cho dung lượng 70g, loại này mình xài lâu rồi, ko nhờn rít, thấm nhanh. nói chung là hài lòng.	2021-04-24 13:53:41	2026-09-29 21:37:07
tk_13136306	tiki	630811	beauty	Kem chống nắng Skin Aqua dưỡng trắng & dưỡng ẩm, dùng hàng ngày dạng gel Sunplay Skin Aqua Silky White Gel Eco Việt Nam SPF 50, PA++++ 70g		5	Gửi nhanh, đóng gói cẩn thận mình dùng lâu dài thấy ok, là dạng sữa nên k gây bít da và nhanh chóng thấm vào da	2021-11-12 05:32:57	2026-09-29 21:37:07
tk_9257369	tiki	630811	beauty	Kem chống nắng Skin Aqua dưỡng trắng & dưỡng ẩm, dùng hàng ngày dạng gel Sunplay Skin Aqua Silky White Gel Eco Việt Nam SPF 50, PA++++ 70g		5	Tiki giao hàng nhanh, SP này mình đã mua đi mua lại mấy lần rồi và vẫn rất thích.	2021-04-23 12:18:32	2026-09-29 21:37:07
tk_16345331	tiki	630811	beauty	Kem chống nắng Skin Aqua dưỡng trắng & dưỡng ẩm, dùng hàng ngày dạng gel Sunplay Skin Aqua Silky White Gel Eco Việt Nam SPF 50, PA++++ 70g		5	shop giao nhanh shipper nhiệt tình	2022-05-16 11:52:20	2026-09-29 21:37:07
tk_16093475	tiki	630811	beauty	Kem chống nắng Skin Aqua dưỡng trắng & dưỡng ẩm, dùng hàng ngày dạng gel Sunplay Skin Aqua Silky White Gel Eco Việt Nam SPF 50, PA++++ 70g		5	sp tốt. giữ ẩm.giao hàng nhanh	2022-04-26 10:18:37	2026-09-29 21:37:07
tk_14786751	tiki	630811	beauty	Kem chống nắng Skin Aqua dưỡng trắng & dưỡng ẩm, dùng hàng ngày dạng gel Sunplay Skin Aqua Silky White Gel Eco Việt Nam SPF 50, PA++++ 70g		5	Dùng khá mướt, mỗi tội không nâng tone nhiều. Nhưng oke mọi người nên mua nhé	2022-02-04 13:54:03	2026-09-29 21:37:07
tk_16025257	tiki	630811	beauty	Kem chống nắng Skin Aqua dưỡng trắng & dưỡng ẩm, dùng hàng ngày dạng gel Sunplay Skin Aqua Silky White Gel Eco Việt Nam SPF 50, PA++++ 70g		4	rat hai lòng ve sản phẩm	2022-04-21 12:18:46	2026-09-29 21:37:07
tk_12162702	tiki	630811	beauty	Kem chống nắng Skin Aqua dưỡng trắng & dưỡng ẩm, dùng hàng ngày dạng gel Sunplay Skin Aqua Silky White Gel Eco Việt Nam SPF 50, PA++++ 70g		5	Sản phẩm đóng gói cẩn thận, nhòn rất ưng nhé mn, mua ủng hộ shop nha	2021-09-11 13:45:32	2026-09-29 21:37:07
tk_5499640	tiki	630811	beauty	Kem chống nắng Skin Aqua dưỡng trắng & dưỡng ẩm, dùng hàng ngày dạng gel Sunplay Skin Aqua Silky White Gel Eco Việt Nam SPF 50, PA++++ 70g		3	da mình da dầu dùng thấy lâu thấm để lại lớp bết dính rất khó chịu. Thấy mọi người đánh giá tốt mua dùng mà thấy hơi thất vọng	2020-11-07 21:50:24	2026-09-29 21:37:07
tk_8162030	tiki	630811	beauty	Kem chống nắng Skin Aqua dưỡng trắng & dưỡng ẩm, dùng hàng ngày dạng gel Sunplay Skin Aqua Silky White Gel Eco Việt Nam SPF 50, PA++++ 70g		5	giao hàng cực kì nhanh sau 1 ngày là hàng đã về:) đóng gói tạm ko có kĩ nhưng như vậy là đc lắm r!!! rất ưng	2021-03-04 13:51:09	2026-09-29 21:37:07
tk_14885835	tiki	630811	beauty	Kem chống nắng Skin Aqua dưỡng trắng & dưỡng ẩm, dùng hàng ngày dạng gel Sunplay Skin Aqua Silky White Gel Eco Việt Nam SPF 50, PA++++ 70g		5	giao hàng nhanh, sản phẩm mua lại rất nhiều lần rồi nên ok lắm	2022-02-10 18:40:22	2026-09-29 21:37:07
tk_5120099	tiki	630811	beauty	Kem chống nắng Skin Aqua dưỡng trắng & dưỡng ẩm, dùng hàng ngày dạng gel Sunplay Skin Aqua Silky White Gel Eco Việt Nam SPF 50, PA++++ 70g		5	mua lần này được tặng túi))) thích ghê. Đặt hôm trước hôm sau có hàng dù là ở tỉnh. 5 sao ạ.	2020-10-08 11:30:09	2026-09-29 21:37:07
tk_16478930	tiki	630811	beauty	Kem chống nắng Skin Aqua dưỡng trắng & dưỡng ẩm, dùng hàng ngày dạng gel Sunplay Skin Aqua Silky White Gel Eco Việt Nam SPF 50, PA++++ 70g		4	dưỡng ẩm vừa , không kích ứng da.	2022-05-27 12:33:34	2026-09-29 21:37:07
tk_14969509	tiki	630811	beauty	Kem chống nắng Skin Aqua dưỡng trắng & dưỡng ẩm, dùng hàng ngày dạng gel Sunplay Skin Aqua Silky White Gel Eco Việt Nam SPF 50, PA++++ 70g		5	Hàng tốt giao nhanh tiki luôn tốt nhưng sp không hợp vs mình	2022-02-15 13:36:59	2026-09-29 21:37:07
tk_11467937	tiki	630811	beauty	Kem chống nắng Skin Aqua dưỡng trắng & dưỡng ẩm, dùng hàng ngày dạng gel Sunplay Skin Aqua Silky White Gel Eco Việt Nam SPF 50, PA++++ 70g		4	Có mùi thơm nhẹ, thấm nhanh!	2021-07-27 10:58:30	2026-09-29 21:37:07
tk_16330486	tiki	630811	beauty	Kem chống nắng Skin Aqua dưỡng trắng & dưỡng ẩm, dùng hàng ngày dạng gel Sunplay Skin Aqua Silky White Gel Eco Việt Nam SPF 50, PA++++ 70g		4	giá tốt chưa dùng chưa rõ tách dụng	2022-05-15 06:50:11	2026-09-29 21:37:07
tk_16429581	tiki	630811	beauty	Kem chống nắng Skin Aqua dưỡng trắng & dưỡng ẩm, dùng hàng ngày dạng gel Sunplay Skin Aqua Silky White Gel Eco Việt Nam SPF 50, PA++++ 70g		5	mua 2 đc tặng túi cói đẹp lắm	2022-05-23 12:36:22	2026-09-29 21:37:09
tk_17895154	tiki	630811	beauty	Kem chống nắng Skin Aqua dưỡng trắng & dưỡng ẩm, dùng hàng ngày dạng gel Sunplay Skin Aqua Silky White Gel Eco Việt Nam SPF 50, PA++++ 70g		5	Cực kì hài lòng	2022-10-07 19:48:10	2026-09-29 21:37:09
tk_16121484	tiki	630811	beauty	Kem chống nắng Skin Aqua dưỡng trắng & dưỡng ẩm, dùng hàng ngày dạng gel Sunplay Skin Aqua Silky White Gel Eco Việt Nam SPF 50, PA++++ 70g		3	hàng đóng gói ok. sài cũng khá ổn	2022-04-28 12:22:33	2026-09-29 21:37:09
tk_14321673	tiki	630811	beauty	Kem chống nắng Skin Aqua dưỡng trắng & dưỡng ẩm, dùng hàng ngày dạng gel Sunplay Skin Aqua Silky White Gel Eco Việt Nam SPF 50, PA++++ 70g		5	chưa dùng nên chưa đánh giá chất lượng đc. hàng gói kỹ	2022-01-08 11:10:50	2026-09-29 21:37:09
tk_17766089	tiki	630811	beauty	Kem chống nắng Skin Aqua dưỡng trắng & dưỡng ẩm, dùng hàng ngày dạng gel Sunplay Skin Aqua Silky White Gel Eco Việt Nam SPF 50, PA++++ 70g		4	Hài lòng	2022-09-22 15:55:33	2026-09-29 21:37:09
tk_17717195	tiki	630811	beauty	Kem chống nắng Skin Aqua dưỡng trắng & dưỡng ẩm, dùng hàng ngày dạng gel Sunplay Skin Aqua Silky White Gel Eco Việt Nam SPF 50, PA++++ 70g		4	Hài lòng	2022-09-17 10:37:26	2026-09-29 21:37:09
tk_17069819	tiki	630811	beauty	Kem chống nắng Skin Aqua dưỡng trắng & dưỡng ẩm, dùng hàng ngày dạng gel Sunplay Skin Aqua Silky White Gel Eco Việt Nam SPF 50, PA++++ 70g		5	Ok hài lòng	2022-07-14 22:49:23	2026-09-29 21:37:09
tk_17393719	tiki	630811	beauty	Kem chống nắng Skin Aqua dưỡng trắng & dưỡng ẩm, dùng hàng ngày dạng gel Sunplay Skin Aqua Silky White Gel Eco Việt Nam SPF 50, PA++++ 70g		5	Cực kì hài lòng	2022-08-12 20:22:18	2026-09-29 21:37:09
tk_11141503	tiki	630811	beauty	Kem chống nắng Skin Aqua dưỡng trắng & dưỡng ẩm, dùng hàng ngày dạng gel Sunplay Skin Aqua Silky White Gel Eco Việt Nam SPF 50, PA++++ 70g		5	hàng chất lượng , mình mua 129k đóng gói cẩn thận	2021-07-13 21:05:00	2026-09-29 21:37:09
tk_11596148	tiki	630811	beauty	Kem chống nắng Skin Aqua dưỡng trắng & dưỡng ẩm, dùng hàng ngày dạng gel Sunplay Skin Aqua Silky White Gel Eco Việt Nam SPF 50, PA++++ 70g		5	sau 14 ngày	2021-08-04 00:36:27	2026-09-29 21:37:09
tk_15768276	tiki	630811	beauty	Kem chống nắng Skin Aqua dưỡng trắng & dưỡng ẩm, dùng hàng ngày dạng gel Sunplay Skin Aqua Silky White Gel Eco Việt Nam SPF 50, PA++++ 70g		5	KCN mùi hương liệu hơi nồng	2022-04-04 16:55:44	2026-09-29 21:37:09
tk_14483004	tiki	630811	beauty	Kem chống nắng Skin Aqua dưỡng trắng & dưỡng ẩm, dùng hàng ngày dạng gel Sunplay Skin Aqua Silky White Gel Eco Việt Nam SPF 50, PA++++ 70g		5	Mình dùng kcn này 2 năm r, hợp vs da mau thấm ok	2022-01-15 22:21:33	2026-09-29 21:37:09
tk_8319539	tiki	630811	beauty	Kem chống nắng Skin Aqua dưỡng trắng & dưỡng ẩm, dùng hàng ngày dạng gel Sunplay Skin Aqua Silky White Gel Eco Việt Nam SPF 50, PA++++ 70g		5	Giao nhanh, sp dùng ổn, hơi rít, sau khi hoạt động ngoài trời về nhà da sẽ bị xuống tông, rửa mặt thì sẽ hết	2021-03-11 02:04:50	2026-09-29 21:37:09
tk_11805663	tiki	630811	beauty	Kem chống nắng Skin Aqua dưỡng trắng & dưỡng ẩm, dùng hàng ngày dạng gel Sunplay Skin Aqua Silky White Gel Eco Việt Nam SPF 50, PA++++ 70g		5	Sản phẩm tốt, đóng gói rất cẩn thận	2021-08-14 17:20:50	2026-09-29 21:37:09
tk_6519140	tiki	630811	beauty	Kem chống nắng Skin Aqua dưỡng trắng & dưỡng ẩm, dùng hàng ngày dạng gel Sunplay Skin Aqua Silky White Gel Eco Việt Nam SPF 50, PA++++ 70g		3	tet thu tren tay thay cung ok xài thử moi biet đk la co hieu qua hay k á bao bì , va ship hàng đều ok?	2020-12-26 17:19:48	2026-09-29 21:37:09
tk_16981351	tiki	630811	beauty	Kem chống nắng Skin Aqua dưỡng trắng & dưỡng ẩm, dùng hàng ngày dạng gel Sunplay Skin Aqua Silky White Gel Eco Việt Nam SPF 50, PA++++ 70g		5	SP ok	2022-07-08 05:52:50	2026-09-29 21:37:09
tk_17191186	tiki	630811	beauty	Kem chống nắng Skin Aqua dưỡng trắng & dưỡng ẩm, dùng hàng ngày dạng gel Sunplay Skin Aqua Silky White Gel Eco Việt Nam SPF 50, PA++++ 70g		5	Cực kì hài lòng	2022-07-24 22:38:36	2026-09-29 21:37:09
tk_14523207	tiki	630811	beauty	Kem chống nắng Skin Aqua dưỡng trắng & dưỡng ẩm, dùng hàng ngày dạng gel Sunplay Skin Aqua Silky White Gel Eco Việt Nam SPF 50, PA++++ 70g		5	Sản phẩm chính hãng tốt, giao hàng nhanh	2022-01-17 19:30:24	2026-09-29 21:37:09
tk_14183689	tiki	630811	beauty	Kem chống nắng Skin Aqua dưỡng trắng & dưỡng ẩm, dùng hàng ngày dạng gel Sunplay Skin Aqua Silky White Gel Eco Việt Nam SPF 50, PA++++ 70g		5	Sản phẩm tốt, giao hàng nhanh hơn dự kiến	2021-12-31 14:52:46	2026-09-29 21:37:09
tk_13596894	tiki	630811	beauty	Kem chống nắng Skin Aqua dưỡng trắng & dưỡng ẩm, dùng hàng ngày dạng gel Sunplay Skin Aqua Silky White Gel Eco Việt Nam SPF 50, PA++++ 70g		5	Đóng gói kỹ, sp đúng chất lượng! Cảm ơn shop!	2021-12-03 19:19:27	2026-09-29 21:37:09
tk_16983205	tiki	630811	beauty	Kem chống nắng Skin Aqua dưỡng trắng & dưỡng ẩm, dùng hàng ngày dạng gel Sunplay Skin Aqua Silky White Gel Eco Việt Nam SPF 50, PA++++ 70g		5	Cực kì hài lòng	2022-07-08 09:54:58	2026-09-29 21:37:11
tk_16126182	tiki	630811	beauty	Kem chống nắng Skin Aqua dưỡng trắng & dưỡng ẩm, dùng hàng ngày dạng gel Sunplay Skin Aqua Silky White Gel Eco Việt Nam SPF 50, PA++++ 70g		5	tốt, thấm nhanh	2022-04-28 19:11:54	2026-09-29 21:37:11
tk_13618941	tiki	630811	beauty	Kem chống nắng Skin Aqua dưỡng trắng & dưỡng ẩm, dùng hàng ngày dạng gel Sunplay Skin Aqua Silky White Gel Eco Việt Nam SPF 50, PA++++ 70g		5	ok lắm ạ.	2021-12-05 06:07:16	2026-09-29 21:37:11
tk_13169291	tiki	630811	beauty	Kem chống nắng Skin Aqua dưỡng trắng & dưỡng ẩm, dùng hàng ngày dạng gel Sunplay Skin Aqua Silky White Gel Eco Việt Nam SPF 50, PA++++ 70g		5	Siêu ưng 💯	2021-11-13 14:08:50	2026-09-29 21:37:11
tk_16197393	tiki	630811	beauty	Kem chống nắng Skin Aqua dưỡng trắng & dưỡng ẩm, dùng hàng ngày dạng gel Sunplay Skin Aqua Silky White Gel Eco Việt Nam SPF 50, PA++++ 70g		5	tốt nhé	2022-05-05 09:14:21	2026-09-29 21:37:11
tk_16230508	tiki	630811	beauty	Kem chống nắng Skin Aqua dưỡng trắng & dưỡng ẩm, dùng hàng ngày dạng gel Sunplay Skin Aqua Silky White Gel Eco Việt Nam SPF 50, PA++++ 70g		5	ok nha mn	2022-05-07 13:50:05	2026-09-29 21:37:11
tk_16543410	tiki	630811	beauty	Kem chống nắng Skin Aqua dưỡng trắng & dưỡng ẩm, dùng hàng ngày dạng gel Sunplay Skin Aqua Silky White Gel Eco Việt Nam SPF 50, PA++++ 70g		5	Cực kì hài lòng	2022-06-01 21:13:25	2026-09-29 21:37:11
tk_16482074	tiki	630811	beauty	Kem chống nắng Skin Aqua dưỡng trắng & dưỡng ẩm, dùng hàng ngày dạng gel Sunplay Skin Aqua Silky White Gel Eco Việt Nam SPF 50, PA++++ 70g		5	Cực kì hài lòng	2022-05-27 17:23:21	2026-09-29 21:37:11
tk_16387643	tiki	630811	beauty	Kem chống nắng Skin Aqua dưỡng trắng & dưỡng ẩm, dùng hàng ngày dạng gel Sunplay Skin Aqua Silky White Gel Eco Việt Nam SPF 50, PA++++ 70g		5	Cực kì hài lòng	2022-05-19 18:53:39	2026-09-29 21:37:11
tk_15740840	tiki	630811	beauty	Kem chống nắng Skin Aqua dưỡng trắng & dưỡng ẩm, dùng hàng ngày dạng gel Sunplay Skin Aqua Silky White Gel Eco Việt Nam SPF 50, PA++++ 70g		5	sale 139k	2022-04-02 22:26:37	2026-09-29 21:37:11
tk_15356459	tiki	630811	beauty	Kem chống nắng Skin Aqua dưỡng trắng & dưỡng ẩm, dùng hàng ngày dạng gel Sunplay Skin Aqua Silky White Gel Eco Việt Nam SPF 50, PA++++ 70g		5	đóng gói kĩ	2022-03-10 22:53:48	2026-09-29 21:37:11
tk_16188034	tiki	630811	beauty	Kem chống nắng Skin Aqua dưỡng trắng & dưỡng ẩm, dùng hàng ngày dạng gel Sunplay Skin Aqua Silky White Gel Eco Việt Nam SPF 50, PA++++ 70g		5	Cực kì hài lòng	2022-05-04 14:51:22	2026-09-29 21:37:11
tk_16171378	tiki	630811	beauty	Kem chống nắng Skin Aqua dưỡng trắng & dưỡng ẩm, dùng hàng ngày dạng gel Sunplay Skin Aqua Silky White Gel Eco Việt Nam SPF 50, PA++++ 70g		5	Cực kì hài lòng	2022-05-03 09:50:58	2026-09-29 21:37:11
tk_16086999	tiki	630811	beauty	Kem chống nắng Skin Aqua dưỡng trắng & dưỡng ẩm, dùng hàng ngày dạng gel Sunplay Skin Aqua Silky White Gel Eco Việt Nam SPF 50, PA++++ 70g		4	Hài lòng	2022-04-25 19:41:54	2026-09-29 21:37:11
tk_16060620	tiki	630811	beauty	Kem chống nắng Skin Aqua dưỡng trắng & dưỡng ẩm, dùng hàng ngày dạng gel Sunplay Skin Aqua Silky White Gel Eco Việt Nam SPF 50, PA++++ 70g		5	Cực kì hài lòng	2022-04-23 21:52:11	2026-09-29 21:37:11
tk_16032345	tiki	630811	beauty	Kem chống nắng Skin Aqua dưỡng trắng & dưỡng ẩm, dùng hàng ngày dạng gel Sunplay Skin Aqua Silky White Gel Eco Việt Nam SPF 50, PA++++ 70g		5	Cực kì hài lòng	2022-04-21 21:21:29	2026-09-29 21:37:11
tk_14441087	tiki	630811	beauty	Kem chống nắng Skin Aqua dưỡng trắng & dưỡng ẩm, dùng hàng ngày dạng gel Sunplay Skin Aqua Silky White Gel Eco Việt Nam SPF 50, PA++++ 70g		5	Mịn da,dành cho da khô	2022-01-14 00:40:50	2026-09-29 21:37:11
tk_15983662	tiki	630811	beauty	Kem chống nắng Skin Aqua dưỡng trắng & dưỡng ẩm, dùng hàng ngày dạng gel Sunplay Skin Aqua Silky White Gel Eco Việt Nam SPF 50, PA++++ 70g		5	Cực kì hài lòng	2022-04-18 19:47:47	2026-09-29 21:37:11
tk_11436275	tiki	630811	beauty	Kem chống nắng Skin Aqua dưỡng trắng & dưỡng ẩm, dùng hàng ngày dạng gel Sunplay Skin Aqua Silky White Gel Eco Việt Nam SPF 50, PA++++ 70g		4	shop đưa thiếu quà nhưng đã gửi lại sau đó, tks cho shop 4*	2021-07-25 14:02:27	2026-09-29 21:37:11
tk_11599150	tiki	630811	beauty	Kem chống nắng Skin Aqua dưỡng trắng & dưỡng ẩm, dùng hàng ngày dạng gel Sunplay Skin Aqua Silky White Gel Eco Việt Nam SPF 50, PA++++ 70g		4	đóng gói cẩn thận.	2021-08-04 10:13:18	2026-09-29 21:37:11
tk_12154303	tiki	630811	beauty	Kem chống nắng Skin Aqua dưỡng trắng & dưỡng ẩm, dùng hàng ngày dạng gel Sunplay Skin Aqua Silky White Gel Eco Việt Nam SPF 50, PA++++ 70g		5	mình đã mua lần 2 rồi và thực sự rất ưng ý	2021-09-10 16:15:06	2026-09-29 21:37:13
tk_15849648	tiki	630811	beauty	Kem chống nắng Skin Aqua dưỡng trắng & dưỡng ẩm, dùng hàng ngày dạng gel Sunplay Skin Aqua Silky White Gel Eco Việt Nam SPF 50, PA++++ 70g		5	Cực kì hài lòng	2022-04-09 17:00:30	2026-09-29 21:37:13
tk_15694378	tiki	630811	beauty	Kem chống nắng Skin Aqua dưỡng trắng & dưỡng ẩm, dùng hàng ngày dạng gel Sunplay Skin Aqua Silky White Gel Eco Việt Nam SPF 50, PA++++ 70g		5	Ok	2022-03-31 12:34:17	2026-09-29 21:37:13
tk_15820775	tiki	630811	beauty	Kem chống nắng Skin Aqua dưỡng trắng & dưỡng ẩm, dùng hàng ngày dạng gel Sunplay Skin Aqua Silky White Gel Eco Việt Nam SPF 50, PA++++ 70g		5	Cực kì hài lòng	2022-04-07 19:01:44	2026-09-29 21:37:13
tk_9312880	tiki	630811	beauty	Kem chống nắng Skin Aqua dưỡng trắng & dưỡng ẩm, dùng hàng ngày dạng gel Sunplay Skin Aqua Silky White Gel Eco Việt Nam SPF 50, PA++++ 70g		4	nhẹ nhàng dễ sử dụng, thẩm thấu nhanh	2021-04-25 09:47:02	2026-09-29 21:37:13
tk_15756406	tiki	630811	beauty	Kem chống nắng Skin Aqua dưỡng trắng & dưỡng ẩm, dùng hàng ngày dạng gel Sunplay Skin Aqua Silky White Gel Eco Việt Nam SPF 50, PA++++ 70g		5	Cực kì hài lòng	2022-04-03 21:22:03	2026-09-29 21:37:13
tk_13003727	tiki	630811	beauty	Kem chống nắng Skin Aqua dưỡng trắng & dưỡng ẩm, dùng hàng ngày dạng gel Sunplay Skin Aqua Silky White Gel Eco Việt Nam SPF 50, PA++++ 70g		3	sản phẩm hơi loãng, tương đối.	2021-11-04 06:40:35	2026-09-29 21:37:13
tk_9198196	tiki	630811	beauty	Kem chống nắng Skin Aqua dưỡng trắng & dưỡng ẩm, dùng hàng ngày dạng gel Sunplay Skin Aqua Silky White Gel Eco Việt Nam SPF 50, PA++++ 70g		3	Mùi khá hắc và khác so với sản phẩm mình đã từng dùng, mặc dù cùng dòng.	2021-04-20 15:26:01	2026-09-29 21:37:13
tk_14249061	tiki	630811	beauty	Kem chống nắng Skin Aqua dưỡng trắng & dưỡng ẩm, dùng hàng ngày dạng gel Sunplay Skin Aqua Silky White Gel Eco Việt Nam SPF 50, PA++++ 70g		4	Dùng ổn, hơi khô da	2022-01-04 13:27:54	2026-09-29 21:37:13
tk_14624203	tiki	630811	beauty	Kem chống nắng Skin Aqua dưỡng trắng & dưỡng ẩm, dùng hàng ngày dạng gel Sunplay Skin Aqua Silky White Gel Eco Việt Nam SPF 50, PA++++ 70g		5	dành cho da khô	2022-01-22 12:32:33	2026-09-29 21:37:13
tk_15511444	tiki	630811	beauty	Kem chống nắng Skin Aqua dưỡng trắng & dưỡng ẩm, dùng hàng ngày dạng gel Sunplay Skin Aqua Silky White Gel Eco Việt Nam SPF 50, PA++++ 70g		5	Cực kì hài lòng	2022-03-20 11:51:50	2026-09-29 21:37:13
tk_7549912	tiki	630811	beauty	Kem chống nắng Skin Aqua dưỡng trắng & dưỡng ẩm, dùng hàng ngày dạng gel Sunplay Skin Aqua Silky White Gel Eco Việt Nam SPF 50, PA++++ 70g		4	K phải đi chuyển ngoài trời quá nhiều thì sản phẩm rất ok.da khô dùng tốt hơn da dầu	2021-02-05 13:43:21	2026-09-29 21:37:13
tk_14923311	tiki	630811	beauty	Kem chống nắng Skin Aqua dưỡng trắng & dưỡng ẩm, dùng hàng ngày dạng gel Sunplay Skin Aqua Silky White Gel Eco Việt Nam SPF 50, PA++++ 70g		5	tốt	2022-02-12 20:10:27	2026-09-29 21:37:13
tk_9236564	tiki	630811	beauty	Kem chống nắng Skin Aqua dưỡng trắng & dưỡng ẩm, dùng hàng ngày dạng gel Sunplay Skin Aqua Silky White Gel Eco Việt Nam SPF 50, PA++++ 70g		3	giao hàng nhanh...mới mua chưa sử dụng nên chưa biết hiệu que thế nào	2021-04-22 14:29:30	2026-09-29 21:37:13
tk_14847076	tiki	630811	beauty	Kem chống nắng Skin Aqua dưỡng trắng & dưỡng ẩm, dùng hàng ngày dạng gel Sunplay Skin Aqua Silky White Gel Eco Việt Nam SPF 50, PA++++ 70g		5	sp ok	2022-02-08 17:34:43	2026-09-29 21:37:13
tk_15066604	tiki	630811	beauty	Kem chống nắng Skin Aqua dưỡng trắng & dưỡng ẩm, dùng hàng ngày dạng gel Sunplay Skin Aqua Silky White Gel Eco Việt Nam SPF 50, PA++++ 70g		5	Cực kì hài lòng	2022-02-21 13:37:22	2026-09-29 21:37:13
tk_12262995	tiki	630811	beauty	Kem chống nắng Skin Aqua dưỡng trắng & dưỡng ẩm, dùng hàng ngày dạng gel Sunplay Skin Aqua Silky White Gel Eco Việt Nam SPF 50, PA++++ 70g		5	Không gây cay mắt, dịu nhẹ cho da.	2021-09-20 15:50:12	2026-09-29 21:37:13
tk_14957051	tiki	630811	beauty	Kem chống nắng Skin Aqua dưỡng trắng & dưỡng ẩm, dùng hàng ngày dạng gel Sunplay Skin Aqua Silky White Gel Eco Việt Nam SPF 50, PA++++ 70g		5	Cực kì hài lòng	2022-02-14 18:15:09	2026-09-29 21:37:13
tk_14921687	tiki	630811	beauty	Kem chống nắng Skin Aqua dưỡng trắng & dưỡng ẩm, dùng hàng ngày dạng gel Sunplay Skin Aqua Silky White Gel Eco Việt Nam SPF 50, PA++++ 70g		5	Cực kì hài lòng	2022-02-12 18:36:14	2026-09-29 21:37:13
tk_12415144	tiki	630811	beauty	Kem chống nắng Skin Aqua dưỡng trắng & dưỡng ẩm, dùng hàng ngày dạng gel Sunplay Skin Aqua Silky White Gel Eco Việt Nam SPF 50, PA++++ 70g		5	Dịch giao lâu lắc cả 2 tháng	2021-10-03 10:37:04	2026-09-29 21:37:13
tk_14860076	tiki	630811	beauty	Kem chống nắng Skin Aqua dưỡng trắng & dưỡng ẩm, dùng hàng ngày dạng gel Sunplay Skin Aqua Silky White Gel Eco Việt Nam SPF 50, PA++++ 70g		5	Cực kì hài lòng	2022-02-09 12:18:39	2026-09-29 21:37:14
tk_14841208	tiki	630811	beauty	Kem chống nắng Skin Aqua dưỡng trắng & dưỡng ẩm, dùng hàng ngày dạng gel Sunplay Skin Aqua Silky White Gel Eco Việt Nam SPF 50, PA++++ 70g		5	Cực kì hài lòng	2022-02-08 12:25:20	2026-09-29 21:37:14
tk_14808374	tiki	630811	beauty	Kem chống nắng Skin Aqua dưỡng trắng & dưỡng ẩm, dùng hàng ngày dạng gel Sunplay Skin Aqua Silky White Gel Eco Việt Nam SPF 50, PA++++ 70g		5	Cực kì hài lòng	2022-02-06 14:59:28	2026-09-29 21:37:14
tk_14764897	tiki	630811	beauty	Kem chống nắng Skin Aqua dưỡng trắng & dưỡng ẩm, dùng hàng ngày dạng gel Sunplay Skin Aqua Silky White Gel Eco Việt Nam SPF 50, PA++++ 70g		5	Cực kì hài lòng	2022-01-30 22:14:12	2026-09-29 21:37:14
tk_9364671	tiki	630811	beauty	Kem chống nắng Skin Aqua dưỡng trắng & dưỡng ẩm, dùng hàng ngày dạng gel Sunplay Skin Aqua Silky White Gel Eco Việt Nam SPF 50, PA++++ 70g		5	Sản phẩm ổn ạ. Chất kem mỏng nhẹ cho da không gây bí da.	2021-04-27 09:37:13	2026-09-29 21:37:14
tk_14479206	tiki	630811	beauty	Kem chống nắng Skin Aqua dưỡng trắng & dưỡng ẩm, dùng hàng ngày dạng gel Sunplay Skin Aqua Silky White Gel Eco Việt Nam SPF 50, PA++++ 70g		4	Hài lòng	2022-01-15 19:27:15	2026-09-29 21:37:14
tk_14472500	tiki	630811	beauty	Kem chống nắng Skin Aqua dưỡng trắng & dưỡng ẩm, dùng hàng ngày dạng gel Sunplay Skin Aqua Silky White Gel Eco Việt Nam SPF 50, PA++++ 70g		5	Cực kì hài lòng	2022-01-15 14:01:38	2026-09-29 21:37:14
tk_14456149	tiki	630811	beauty	Kem chống nắng Skin Aqua dưỡng trắng & dưỡng ẩm, dùng hàng ngày dạng gel Sunplay Skin Aqua Silky White Gel Eco Việt Nam SPF 50, PA++++ 70g		5	Cực kì hài lòng	2022-01-14 18:11:59	2026-09-29 21:37:14
tk_14360453	tiki	630811	beauty	Kem chống nắng Skin Aqua dưỡng trắng & dưỡng ẩm, dùng hàng ngày dạng gel Sunplay Skin Aqua Silky White Gel Eco Việt Nam SPF 50, PA++++ 70g		5	Cực kì hài lòng	2022-01-10 12:41:19	2026-09-29 21:37:14
tk_12016477	tiki	630811	beauty	Kem chống nắng Skin Aqua dưỡng trắng & dưỡng ẩm, dùng hàng ngày dạng gel Sunplay Skin Aqua Silky White Gel Eco Việt Nam SPF 50, PA++++ 70g		5	sản phẩm phù hợp với da khô	2021-08-25 21:33:05	2026-09-29 21:37:14
tk_14302150	tiki	630811	beauty	Kem chống nắng Skin Aqua dưỡng trắng & dưỡng ẩm, dùng hàng ngày dạng gel Sunplay Skin Aqua Silky White Gel Eco Việt Nam SPF 50, PA++++ 70g		5	Cực kì hài lòng	2022-01-07 11:05:59	2026-09-29 21:37:14
tk_14274616	tiki	630811	beauty	Kem chống nắng Skin Aqua dưỡng trắng & dưỡng ẩm, dùng hàng ngày dạng gel Sunplay Skin Aqua Silky White Gel Eco Việt Nam SPF 50, PA++++ 70g		5	Cực kì hài lòng	2022-01-05 20:03:08	2026-09-29 21:37:14
tk_13992943	tiki	630811	beauty	Kem chống nắng Skin Aqua dưỡng trắng & dưỡng ẩm, dùng hàng ngày dạng gel Sunplay Skin Aqua Silky White Gel Eco Việt Nam SPF 50, PA++++ 70g		5	Cực kì hài lòng	2021-12-22 11:29:52	2026-09-29 21:37:14
tk_13917876	tiki	630811	beauty	Kem chống nắng Skin Aqua dưỡng trắng & dưỡng ẩm, dùng hàng ngày dạng gel Sunplay Skin Aqua Silky White Gel Eco Việt Nam SPF 50, PA++++ 70g		5	Cực kì hài lòng	2021-12-18 19:24:15	2026-09-29 21:37:14
tk_13909799	tiki	630811	beauty	Kem chống nắng Skin Aqua dưỡng trắng & dưỡng ẩm, dùng hàng ngày dạng gel Sunplay Skin Aqua Silky White Gel Eco Việt Nam SPF 50, PA++++ 70g		5	Cực kì hài lòng	2021-12-18 12:25:02	2026-09-29 21:37:14
tk_13642727	tiki	630811	beauty	Kem chống nắng Skin Aqua dưỡng trắng & dưỡng ẩm, dùng hàng ngày dạng gel Sunplay Skin Aqua Silky White Gel Eco Việt Nam SPF 50, PA++++ 70g		5	Cực kì hài lòng	2021-12-06 11:49:28	2026-09-29 21:37:14
tk_13631264	tiki	630811	beauty	Kem chống nắng Skin Aqua dưỡng trắng & dưỡng ẩm, dùng hàng ngày dạng gel Sunplay Skin Aqua Silky White Gel Eco Việt Nam SPF 50, PA++++ 70g		5	Cực kì hài lòng	2021-12-05 17:14:34	2026-09-29 21:37:14
tk_10589668	tiki	630811	beauty	Kem chống nắng Skin Aqua dưỡng trắng & dưỡng ẩm, dùng hàng ngày dạng gel Sunplay Skin Aqua Silky White Gel Eco Việt Nam SPF 50, PA++++ 70g		5	Cực kì hài lòng	2021-06-22 14:49:49	2026-09-29 21:37:14
tk_13570564	tiki	630811	beauty	Kem chống nắng Skin Aqua dưỡng trắng & dưỡng ẩm, dùng hàng ngày dạng gel Sunplay Skin Aqua Silky White Gel Eco Việt Nam SPF 50, PA++++ 70g		5	Cực kì hài lòng	2021-12-02 12:35:43	2026-09-29 21:37:14
tk_6455158	tiki	630811	beauty	Kem chống nắng Skin Aqua dưỡng trắng & dưỡng ẩm, dùng hàng ngày dạng gel Sunplay Skin Aqua Silky White Gel Eco Việt Nam SPF 50, PA++++ 70g		5	giao hàng nhanh, đóng gói cẩn thận. Chưa dùng nên chưa đánh giá chất lượng	2020-12-24 00:11:16	2026-09-29 21:37:14
tk_17777965	tiki	6874429	beauty	Miếng dán mụn giúp giảm mụn sưng viêm Acnes Clear Patch (24 Miếng)		5	Nó gom mụn lại được nha mn, em hay dán cái này lắm. Nó tiện cực kì mà còn giữ vệ sinh cho da nữa. Dán dính lâu, dùng tay gỡ mới ra chứ ko bị bong viền như mấy loại khác.	2022-09-23 21:22:24	2026-09-29 21:37:19
tk_17730649	tiki	6874429	beauty	Miếng dán mụn giúp giảm mụn sưng viêm Acnes Clear Patch (24 Miếng)		5	có tiền thì nên dùng miếng dán nhé, chứ mấy con kem trị mụn hơi vô thưởng vô phạt. Kinh qua 1 vạn sản phẩm rồi thì thấy em nhà acnes được nhất, mỏng, ko bị bong khi dính nước, gom cồi cũng ok	2022-09-18 18:41:40	2026-09-29 21:37:19
tk_11686055	tiki	6874429	beauty	Miếng dán mụn giúp giảm mụn sưng viêm Acnes Clear Patch (24 Miếng)		5	giá rẻ so với các loại khác, hộp móp méo, có que kẹp kèm theo, miếng dán khá chắc và mỏng nhưng ko hút được mụn như các hãng khác, chỉ hỗ trợ làm xẹp mụn nhanh, phù hợp dán khi ra đường chống bụi, miếng dán tròn có 2 kích thước, theo mình thấy hơi to, nếu có 1 cỡ nhỏ hơn và 1 cỡ to sẽ tiện lợi hơn	2021-08-08 16:42:17	2026-09-29 21:37:19
tk_11409493	tiki	6874429	beauty	Miếng dán mụn giúp giảm mụn sưng viêm Acnes Clear Patch (24 Miếng)		2	Hiệu quả hút mụn không bằng Mayan Care dù đắt gấp đôi. Chỉ được mỗi cái miếng dán siêu mỏng (mỏng gấp đôi Mayan), nên nếu ai dùng với mục đích bảo vệ mụn để trang điểm thì ok, còn để hút cồi mụn thì không nên vì nó chẳng có tác dụng gì mấy. Tiếc là ko chụp khi gỡ miếng dán khỏi mụn (chỉ dính được rất rất ít dịch mụn rỉ ra, không nhiều và hiệu quả bằng Mayan care dù dùng cùng một nốt mụn)	2021-07-24 09:03:15	2026-09-29 21:37:19
tk_17777895	tiki	6874429	beauty	Miếng dán mụn giúp giảm mụn sưng viêm Acnes Clear Patch (24 Miếng)		5	Một miếng dán vậy tầm được 8 - 12 tiếng, tới khi nào miếng dán đục thì mình gỡ ra. Keo dính chắc lắm ko sợ rớt, miếng dán cũng mỏng nên mình có dán cả ngày cũng ko làm khó chịu.	2022-09-23 21:15:08	2026-09-29 21:37:19
tk_20237308	tiki	6874429	beauty	Miếng dán mụn giúp giảm mụn sưng viêm Acnes Clear Patch (24 Miếng)		5	Săn khá rẻ hàng chất lượng tốt	2026-05-31 18:02:21	2026-09-29 21:37:19
tk_20170700	tiki	6874429	beauty	Miếng dán mụn giúp giảm mụn sưng viêm Acnes Clear Patch (24 Miếng)		5	Miếng dán rất mỏng nhẹ, tiệp màu da, tuy nhiên với da dầu hơi khó dính, dễ bị bong ra	2025-09-15 21:02:16	2026-09-29 21:37:19
tk_20188363	tiki	6874429	beauty	Miếng dán mụn giúp giảm mụn sưng viêm Acnes Clear Patch (24 Miếng)		1	Đóng thiếu hàng Ko đủ số lượng	2025-11-07 12:26:13	2026-09-29 21:37:19
tk_20261865	tiki	6874429	beauty	Miếng dán mụn giúp giảm mụn sưng viêm Acnes Clear Patch (24 Miếng)		5	Cực kì hài lòng	2026-09-20 13:07:07	2026-09-29 21:37:19
tk_20261455	tiki	6874429	beauty	Miếng dán mụn giúp giảm mụn sưng viêm Acnes Clear Patch (24 Miếng)		5	Cực kì hài lòng	2026-09-17 18:28:36	2026-09-29 21:37:19
tk_20255478	tiki	6874429	beauty	Miếng dán mụn giúp giảm mụn sưng viêm Acnes Clear Patch (24 Miếng)		5	Cực kì hài lòng	2026-08-22 19:54:27	2026-09-29 21:37:19
tk_20252915	tiki	6874429	beauty	Miếng dán mụn giúp giảm mụn sưng viêm Acnes Clear Patch (24 Miếng)		5	Cực kì hài lòng	2026-08-11 21:47:28	2026-09-29 21:37:19
tk_17754567	tiki	6874429	beauty	Miếng dán mụn giúp giảm mụn sưng viêm Acnes Clear Patch (24 Miếng)		5	Mỏng le, dán lên k lộ. Giá rẻ, 24 miếng, tính ra hời nhất trong mấy loại, dán lên cỡ nửa ngày, rồi tối về dùng thêm chấm mụn cùng hãng là ổn, giá cũng mềm mại hơn mấy loại khác. Mụn xẹp rồi dán tiếp để nó không bị thâm sẹo	2022-09-21 11:23:44	2026-09-29 21:37:19
tk_20229989	tiki	6874429	beauty	Miếng dán mụn giúp giảm mụn sưng viêm Acnes Clear Patch (24 Miếng)		5	Giao hàng nhanh chóng	2026-04-29 12:16:58	2026-09-29 21:37:19
tk_20231422	tiki	6874429	beauty	Miếng dán mụn giúp giảm mụn sưng viêm Acnes Clear Patch (24 Miếng)		5	Cực kì hài lòng	2026-05-05 18:54:33	2026-09-29 21:37:19
tk_20221170	tiki	6874429	beauty	Miếng dán mụn giúp giảm mụn sưng viêm Acnes Clear Patch (24 Miếng)		5	Cực kì hài lòng	2026-03-21 22:26:49	2026-09-29 21:37:19
tk_20220811	tiki	6874429	beauty	Miếng dán mụn giúp giảm mụn sưng viêm Acnes Clear Patch (24 Miếng)		5	Cực kì hài lòng	2026-03-20 12:10:00	2026-09-29 21:37:19
tk_20219607	tiki	6874429	beauty	Miếng dán mụn giúp giảm mụn sưng viêm Acnes Clear Patch (24 Miếng)		4	Hài lòng	2026-03-15 12:37:16	2026-09-29 21:37:19
tk_17778554	tiki	6874429	beauty	Miếng dán mụn giúp giảm mụn sưng viêm Acnes Clear Patch (24 Miếng)		5	Hút mụn tốt, dùng cỡ 4 tiếng thấy mụn gom rồi, bạn mình còn lột được cả cái cồi lên cơ, phê. Nhưng mụn nào ko có cồi thì đừng chờ mong nó gom nhé	2022-09-23 22:17:58	2026-09-29 21:37:19
tk_17816496	tiki	6874429	beauty	Miếng dán mụn giúp giảm mụn sưng viêm Acnes Clear Patch (24 Miếng)		5	Da dầu xài thoải mái, không lo bong nha, bám dai như đỉa, trai gái dùng được tất, cồi mụn thì tùy loại, nhưng có cồi trắng rồi thì ịn vô gom nhanh cực	2022-09-28 11:42:21	2026-09-29 21:37:19
tk_20195516	tiki	6874429	beauty	Miếng dán mụn giúp giảm mụn sưng viêm Acnes Clear Patch (24 Miếng)		5	Cực kì hài lòng	2025-12-05 06:45:16	2026-09-29 21:37:22
tk_20002819	tiki	6874429	beauty	Miếng dán mụn giúp giảm mụn sưng viêm Acnes Clear Patch (24 Miếng)		5	Giá tốt, giao nhanh, đúng hàng, đẹp. mình mua cho cả công nhân nhà mình dùng thích lắm cơ!	2024-10-11 14:26:43	2026-09-29 21:37:22
tk_17750000	tiki	6874429	beauty	Miếng dán mụn giúp giảm mụn sưng viêm Acnes Clear Patch (24 Miếng)		5	Ship nhanh quá chừng, mình mới đặt đây mà có hàng rồi. Một hộp nhỏ vậy thôi mà shop đóng gói kĩ ghê. Mình mới dán được 2 miếng, thấy dính chắc, ko dễ rớt, mụn xẹp nhanh nha	2022-09-20 20:07:06	2026-09-29 21:37:22
tk_17755130	tiki	6874429	beauty	Miếng dán mụn giúp giảm mụn sưng viêm Acnes Clear Patch (24 Miếng)		5	So với mấy loại dán mụn cùng tầm giá thì mình thích cái này nhất, mà được cái bám dai lắm nha, gom cồi thì cỡ 8 tiếng hoặc hơn, thấy miếng dán chuyển trắng là đang gom rồi	2022-09-21 12:14:05	2026-09-29 21:37:22
tk_17709573	tiki	6874429	beauty	Miếng dán mụn giúp giảm mụn sưng viêm Acnes Clear Patch (24 Miếng)		5	Vừa nhận được hàng, một hộp được 24 miếng, 2 size tiện vỡi, còn có thêm cái nhíp gắp cho vệ sinh nữa. Cho Shop 10đ luôn nhưng mong shop giảm giá thêm chứ sinh viên nghèo	2022-09-16 13:02:07	2026-09-29 21:37:22
tk_17736363	tiki	6874429	beauty	Miếng dán mụn giúp giảm mụn sưng viêm Acnes Clear Patch (24 Miếng)		5	Mình mua vì thấy nhiều review tốt quá, trước mắt chưa biết nó gom còi mụn như nào vì mới dán được 1 miếng, nhưng mà ngăn được cái vụ táy máy cạy mụn, mà thấy dính chắc dữ lắm nha, mỏng teo	2022-09-19 12:21:36	2026-09-29 21:37:22
tk_20160847	tiki	6874429	beauty	Miếng dán mụn giúp giảm mụn sưng viêm Acnes Clear Patch (24 Miếng)		5	Cực kì hài lòng	2025-08-20 15:33:22	2026-09-29 21:37:22
tk_16751203	tiki	6874429	beauty	Miếng dán mụn giúp giảm mụn sưng viêm Acnes Clear Patch (24 Miếng)		5	giao hàng nhanh. đúng hạn. gói hàng đẹp. chưa sử dụng hy vọng hiệu quả như mong đợi với Acnes. mua 2 được tặng 1 hộp 12 miếng. Rất ok.	2022-06-18 09:34:12	2026-09-29 21:37:22
tk_17729694	tiki	6874429	beauty	Miếng dán mụn giúp giảm mụn sưng viêm Acnes Clear Patch (24 Miếng)		5	Thích cái rất mỏng, nên dán không khiến mình khó chịu á, mấy miếng dán mụn khác nó dày mà lộ quá, hồi đó dùng dán mụn gì của hàn mà ai cũng nhìn cái miếng dán luôn á trời 😅	2022-09-18 16:52:04	2026-09-29 21:37:22
tk_17778510	tiki	6874429	beauty	Miếng dán mụn giúp giảm mụn sưng viêm Acnes Clear Patch (24 Miếng)		5	Ngoài lúc dán để hút cồi mụn, sau khi nặn mụn xong ịn vô là hút hết phần mủ còn lại mà da bớt thâm hẳn. Nói chung là cứu cánh 10đ đấy	2022-09-23 22:13:46	2026-09-29 21:37:22
tk_20127092	tiki	6874429	beauty	Miếng dán mụn giúp giảm mụn sưng viêm Acnes Clear Patch (24 Miếng)		5	Cực kì hài lòng	2025-05-23 19:52:49	2026-09-29 21:37:22
tk_20125775	tiki	6874429	beauty	Miếng dán mụn giúp giảm mụn sưng viêm Acnes Clear Patch (24 Miếng)		5	Cực kì hài lòng	2025-05-20 08:38:11	2026-09-29 21:37:22
tk_17744784	tiki	6874429	beauty	Miếng dán mụn giúp giảm mụn sưng viêm Acnes Clear Patch (24 Miếng)		5	Nhờ dán cái này mà đỡ thâm da nè, tại đỡ lấy tay cạy cạy =)))) Hay đổ mồ hôi mà dán thấy nó cũng dính dữ lắm. Miếng dán mỏng, trong	2022-09-20 10:52:02	2026-09-29 21:37:22
tk_17735859	tiki	6874429	beauty	Miếng dán mụn giúp giảm mụn sưng viêm Acnes Clear Patch (24 Miếng)		5	Đã dùng và hài lòng. Đây là lần thứ hai mình mua miếng dán mụn này, có 2 kích thước nhỏ vs lớn cho mình dễ chọn. Shop uy tín, giao nhanh	2022-09-19 11:44:16	2026-09-29 21:37:22
tk_19662661	tiki	6874429	beauty	Miếng dán mụn giúp giảm mụn sưng viêm Acnes Clear Patch (24 Miếng)		5	Kem trị mụn diẹt dạch mụn tận gốc giảm hẳn chất lượng thật tuyệt vời	2023-11-26 10:29:15	2026-09-29 21:37:22
tk_20114155	tiki	6874429	beauty	Miếng dán mụn giúp giảm mụn sưng viêm Acnes Clear Patch (24 Miếng)		5	Cực kì hài lòng	2025-04-22 11:24:16	2026-09-29 21:37:22
tk_20094659	tiki	6874429	beauty	Miếng dán mụn giúp giảm mụn sưng viêm Acnes Clear Patch (24 Miếng)		5	Cực kì hài lòng	2025-03-12 00:21:30	2026-09-29 21:37:22
tk_17729878	tiki	6874429	beauty	Miếng dán mụn giúp giảm mụn sưng viêm Acnes Clear Patch (24 Miếng)		5	Dán dính lắm, che được vết mụn ứng đỏ, thâm,.. Dán lúc 10h30 hơn thì tới tầm 6h chiều em lột ra nhân mụn rồi. Gom mụn lại nhanh hơn mong đợi, thấy ok lắm	2022-09-18 17:14:00	2026-09-29 21:37:22
tk_11354137	tiki	6874429	beauty	Miếng dán mụn giúp giảm mụn sưng viêm Acnes Clear Patch (24 Miếng)		2	m mua 1 hộp 24 miếng mà nhận hàng chỉ có đúng 2 miếng, miệng hộp có dấu hiệu móp méo do bị bóc ra trước đó. Mong shop giải quyết vấn đề. gửi bổ sung số lượng thiếu cho m nhé. m ko tìm được chỗ chat ib riêng với shop nên đành nhắn lên đây	2021-07-21 18:47:14	2026-09-29 21:37:22
tk_17730392	tiki	6874429	beauty	Miếng dán mụn giúp giảm mụn sưng viêm Acnes Clear Patch (24 Miếng)		5	lâu lâu có mụn lưng cũng xài thử, nó gom được nha, hay ghê, mua thêm dùng dần, sau có mụn chỗ nào cũng ịn vô được	2022-09-18 18:09:08	2026-09-29 21:37:22
tk_19563436	tiki	6874429	beauty	Miếng dán mụn giúp giảm mụn sưng viêm Acnes Clear Patch (24 Miếng)		5	Dán mụn khỏi bụi vẩn, độ bám chắc, có nhiều kích thước phù hợp nhiều mụn to nhỏ. Vận chuyển nhanh	2023-10-01 21:08:21	2026-09-29 21:37:24
tk_20047247	tiki	6874429	beauty	Miếng dán mụn giúp giảm mụn sưng viêm Acnes Clear Patch (24 Miếng)		4	Hài lòng	2024-12-12 15:43:58	2026-09-29 21:37:24
tk_20047164	tiki	6874429	beauty	Miếng dán mụn giúp giảm mụn sưng viêm Acnes Clear Patch (24 Miếng)		5	Cực kì hài lòng	2024-12-12 14:07:39	2026-09-29 21:37:24
tk_20046344	tiki	6874429	beauty	Miếng dán mụn giúp giảm mụn sưng viêm Acnes Clear Patch (24 Miếng)		5	Cực kì hài lòng	2024-12-11 14:22:19	2026-09-29 21:37:24
tk_20041420	tiki	6874429	beauty	Miếng dán mụn giúp giảm mụn sưng viêm Acnes Clear Patch (24 Miếng)		5	Cực kì hài lòng	2024-12-02 14:52:06	2026-09-29 21:37:24
tk_20039036	tiki	6874429	beauty	Miếng dán mụn giúp giảm mụn sưng viêm Acnes Clear Patch (24 Miếng)		5	Cực kì hài lòng	2024-11-28 22:56:59	2026-09-29 21:37:24
tk_19275746	tiki	6874429	beauty	Miếng dán mụn giúp giảm mụn sưng viêm Acnes Clear Patch (24 Miếng)		1	Trong hộp mở ra được đúng 2 gói nhỏ này, lúc mở ra thì phát hiện giao thiếu :))	2023-06-09 09:42:18	2026-09-29 21:37:24
tk_20035889	tiki	6874429	beauty	Miếng dán mụn giúp giảm mụn sưng viêm Acnes Clear Patch (24 Miếng)		5	Cực kì hài lòng	2024-11-23 07:30:43	2026-09-29 21:37:24
tk_19073507	tiki	6874429	beauty	Miếng dán mụn giúp giảm mụn sưng viêm Acnes Clear Patch (24 Miếng)		5	Sp hút mủ mụn rất tốt. Thậm chí mụn bọc sưng to, đã hình thành đầu mủ mờ, dán 1 lần hút mủ ra gần hết, mụn xẹp luôn.	2023-04-10 08:49:46	2026-09-29 21:37:24
tk_20003778	tiki	6874429	beauty	Miếng dán mụn giúp giảm mụn sưng viêm Acnes Clear Patch (24 Miếng)		5	Cực kì hài lòng	2024-10-12 13:37:41	2026-09-29 21:37:24
tk_19363916	tiki	6874429	beauty	Miếng dán mụn giúp giảm mụn sưng viêm Acnes Clear Patch (24 Miếng)		5	Rất hiệu quả khí dán lên mụn bọc . Gần nửa ngày mụn bị sẹp xuống. Giá tốt, Tiki giao hàng nhanh!	2023-07-09 17:56:11	2026-09-29 21:37:24
tk_19992594	tiki	6874429	beauty	Miếng dán mụn giúp giảm mụn sưng viêm Acnes Clear Patch (24 Miếng)		5	Cực kì hài lòng	2024-09-29 15:30:56	2026-09-29 21:37:24
tk_12228763	tiki	6874429	beauty	Miếng dán mụn giúp giảm mụn sưng viêm Acnes Clear Patch (24 Miếng)		2	Giao lâu do dịch. Nhưng hàng móp méo, bật cả seal ra thì không chấp nhận được.	2021-09-17 14:27:36	2026-09-29 21:37:24
tk_17516495	tiki	6874429	beauty	Miếng dán mụn giúp giảm mụn sưng viêm Acnes Clear Patch (24 Miếng)		5	Em thấy miếng dán ổn, giúp mau lên cồi mụn, mụn mau xẹp, có sẵn kẹp để lấy miếng dán, miếng dán trong suốt nữa. Mình sẽ ủng hộ dài dài	2022-08-25 13:42:21	2026-09-29 21:37:24
tk_17322160	tiki	6874429	beauty	Miếng dán mụn giúp giảm mụn sưng viêm Acnes Clear Patch (24 Miếng)		5	Dán có thể che được mụn để khỏi chạm vào ,còn che không thấy mụn thì vẫn còn thấy mụn. Nói chung cũng ok	2022-08-06 21:10:05	2026-09-29 21:37:24
tk_19849111	tiki	6874429	beauty	Miếng dán mụn giúp giảm mụn sưng viêm Acnes Clear Patch (24 Miếng)		4	Hài lòng	2024-04-20 19:18:00	2026-09-29 21:37:24
tk_19421082	tiki	6874429	beauty	Miếng dán mụn giúp giảm mụn sưng viêm Acnes Clear Patch (24 Miếng)		5	Chưa dùng, chưa biết nhưng miếng dán bé xíu hơn mình nghĩ.	2023-07-30 19:44:57	2026-09-29 21:37:24
tk_19816970	tiki	6874429	beauty	Miếng dán mụn giúp giảm mụn sưng viêm Acnes Clear Patch (24 Miếng)		5	Cực kì hài lòng	2024-03-23 07:40:36	2026-09-29 21:37:24
tk_17546274	tiki	6874429	beauty	Miếng dán mụn giúp giảm mụn sưng viêm Acnes Clear Patch (24 Miếng)		1	Miếng dán ko thấy có tác dụng gì, ko dính chặt trên da, dán xong tầm 6 7 tiếng sau gỡ thì ko thấy hút ra đc chút nhân mụn nào	2022-08-29 01:52:31	2026-09-29 21:37:24
tk_19752430	tiki	6874429	beauty	Miếng dán mụn giúp giảm mụn sưng viêm Acnes Clear Patch (24 Miếng)		5	Cực kì hài lòng	2024-01-30 18:21:51	2026-09-29 21:37:24
tk_17022408	tiki	6874429	beauty	Miếng dán mụn giúp giảm mụn sưng viêm Acnes Clear Patch (24 Miếng)		3	dán không được dính lắm,cũng không che được mụn,mình dùng khoảng 4 tiếng là miếng dán đã có dấu hiệu muốn bong ra	2022-07-11 10:52:43	2026-09-29 21:37:27
tk_18953802	tiki	6874429	beauty	Miếng dán mụn giúp giảm mụn sưng viêm Acnes Clear Patch (24 Miếng)		5	Dùng rất tốt, dán chỗ mụn sau 12h bóc ra cả nhâm mụn luôn.	2023-03-14 07:46:51	2026-09-29 21:37:27
tk_19650712	tiki	6874429	beauty	Miếng dán mụn giúp giảm mụn sưng viêm Acnes Clear Patch (24 Miếng)		5	Cực kì hài lòng	2023-11-17 10:12:05	2026-09-29 21:37:27
tk_19608880	tiki	6874429	beauty	Miếng dán mụn giúp giảm mụn sưng viêm Acnes Clear Patch (24 Miếng)		5	Cực kì hài lòng	2023-10-24 12:57:05	2026-09-29 21:37:27
tk_19608369	tiki	6874429	beauty	Miếng dán mụn giúp giảm mụn sưng viêm Acnes Clear Patch (24 Miếng)		5	Cực kì hài lòng	2023-10-24 09:16:00	2026-09-29 21:37:27
tk_3394517	tiki	6874429	beauty	Miếng dán mụn giúp giảm mụn sưng viêm Acnes Clear Patch (24 Miếng)		5	Đây là sản phẩm dán mụn tốt, lúc trước mình xài loại dán mụn kia thấy ko tác dụng gì cả, dán để đỡ bị dơ thôi chứ ko hút mụn, nhưng giờ đã tìm thấy chân ái, Acnes hút mụn sạch sẽ, mình mà thấy mụn nó lên cồi trắng mà cứng tí là dán vô để cỡ 8h-12h gỡ ra là nguyên cái cồi mụn đc hút thẳng đứng ra luôn :)), lần nào xài cũng vậy luôn, nhìn vừa khá creepy nhưng thấy mụn ra sạch sẽ nó phê *** :)) mà mình để ý đây là quan điểm về làn da cá nhân mình thôi chứ còn tùy vào làn da mỗi người nhưng nếu thử đc thì thử nhé.	2020-04-13 20:06:33	2026-09-29 21:37:27
tk_9507997	tiki	6874429	beauty	Miếng dán mụn giúp giảm mụn sưng viêm Acnes Clear Patch (24 Miếng)		4	trừ 1 sao vì miếng dán hơi bóng và to. dán ko tiệp msuf da nhìn bóng bóng khó chịu. còn lại ok, làm khô còi mụn, hút mủ ổn.	2021-05-05 12:04:06	2026-09-29 21:37:27
tk_12381944	tiki	6874429	beauty	Miếng dán mụn giúp giảm mụn sưng viêm Acnes Clear Patch (24 Miếng)		5	miếng dán khá mỏng, dán lên da ko bị cộm. khá hài lòng. mới dùng nên ko biết hiệu quả cho vùng da bị mụn có cải thiện ko.	2021-09-30 15:48:31	2026-09-29 21:37:27
tk_19572028	tiki	6874429	beauty	Miếng dán mụn giúp giảm mụn sưng viêm Acnes Clear Patch (24 Miếng)		4	Hài lòng	2023-10-06 10:02:14	2026-09-29 21:37:27
tk_18961905	tiki	6874429	beauty	Miếng dán mụn giúp giảm mụn sưng viêm Acnes Clear Patch (24 Miếng)		3	Chất lượng không như mong muốn lắm!	2023-03-15 17:57:55	2026-09-29 21:37:27
tk_16765544	tiki	6874429	beauty	Miếng dán mụn giúp giảm mụn sưng viêm Acnes Clear Patch (24 Miếng)		5	Giao hàng nhanh chóng Đóng gói tốt Có kèm quà Sẽ mua lại	2022-06-19 14:23:32	2026-09-29 21:37:27
tk_19452232	tiki	6874429	beauty	Miếng dán mụn giúp giảm mụn sưng viêm Acnes Clear Patch (24 Miếng)		5	Cực kì hài lòng	2023-08-12 09:07:54	2026-09-29 21:37:27
tk_19436221	tiki	6874429	beauty	Miếng dán mụn giúp giảm mụn sưng viêm Acnes Clear Patch (24 Miếng)		5	Cực kì hài lòng	2023-08-06 09:44:16	2026-09-29 21:37:27
tk_18262980	tiki	6874429	beauty	Miếng dán mụn giúp giảm mụn sưng viêm Acnes Clear Patch (24 Miếng)		1	Giao nhầm hàng đặt 2 quyển sách sao giao miếng dán mụn.	2022-11-22 14:33:19	2026-09-29 21:37:27
tk_17069187	tiki	6874429	beauty	Miếng dán mụn giúp giảm mụn sưng viêm Acnes Clear Patch (24 Miếng)		4	Đã dùng thử, có vẻ ko hiệu quả lắm nhưng bảo vệ được mụn khi đeo khẩu trang.	2022-07-14 21:46:57	2026-09-29 21:37:27
tk_19401754	tiki	6874429	beauty	Miếng dán mụn giúp giảm mụn sưng viêm Acnes Clear Patch (24 Miếng)		4	Hài lòng	2023-07-23 09:10:52	2026-09-29 21:37:27
tk_18709219	tiki	6874429	beauty	Miếng dán mụn giúp giảm mụn sưng viêm Acnes Clear Patch (24 Miếng)		1	rất tệ .không bao giờ mua nữa chán	2023-01-31 13:42:52	2026-09-29 21:37:27
tk_19362075	tiki	6874429	beauty	Miếng dán mụn giúp giảm mụn sưng viêm Acnes Clear Patch (24 Miếng)		5	Cực kì hài lòng	2023-07-08 23:10:40	2026-09-29 21:37:27
tk_19315359	tiki	6874429	beauty	Miếng dán mụn giúp giảm mụn sưng viêm Acnes Clear Patch (24 Miếng)		5	Cực kì hài lòng	2023-06-21 23:02:39	2026-09-29 21:37:27
tk_18027381	tiki	6874429	beauty	Miếng dán mụn giúp giảm mụn sưng viêm Acnes Clear Patch (24 Miếng)		5	Miếng dán mụn thấy xài cũng ổn đó, mụn xẹp bớt.	2022-10-23 15:08:17	2026-09-29 21:37:27
tk_19274517	tiki	6874429	beauty	Miếng dán mụn giúp giảm mụn sưng viêm Acnes Clear Patch (24 Miếng)		5	Cực kì hài lòng	2023-06-08 20:58:51	2026-09-29 21:37:29
tk_19210039	tiki	6874429	beauty	Miếng dán mụn giúp giảm mụn sưng viêm Acnes Clear Patch (24 Miếng)		5	Cực kì hài lòng	2023-05-19 14:47:11	2026-09-29 21:37:29
tk_18241433	tiki	6874429	beauty	Miếng dán mụn giúp giảm mụn sưng viêm Acnes Clear Patch (24 Miếng)		3	Miếng dán không dính lắm. .	2022-11-19 09:32:05	2026-09-29 21:37:29
tk_18153504	tiki	6874429	beauty	Miếng dán mụn giúp giảm mụn sưng viêm Acnes Clear Patch (24 Miếng)		5	♥️	2022-11-08 18:28:54	2026-09-29 21:37:29
tk_17913333	tiki	6874429	beauty	Miếng dán mụn giúp giảm mụn sưng viêm Acnes Clear Patch (24 Miếng)		4	Xài cũng ok	2022-10-09 22:58:11	2026-09-29 21:37:29
tk_18190105	tiki	6874429	beauty	Miếng dán mụn giúp giảm mụn sưng viêm Acnes Clear Patch (24 Miếng)		5	Dán lên mụn mau khô và lên nhân mụn	2022-11-12 20:39:49	2026-09-29 21:37:29
tk_19070665	tiki	6874429	beauty	Miếng dán mụn giúp giảm mụn sưng viêm Acnes Clear Patch (24 Miếng)		4	Hài lòng	2023-04-09 12:22:18	2026-09-29 21:37:29
tk_11101240	tiki	6874429	beauty	Miếng dán mụn giúp giảm mụn sưng viêm Acnes Clear Patch (24 Miếng)		5	giao hàng nhanh, sản phẩm có tem chống giả, chưa sử dụng đợi khi nào dùng sẽ quay trở lại đánh giá	2021-07-12 14:25:36	2026-09-29 21:37:29
tk_18975850	tiki	6874429	beauty	Miếng dán mụn giúp giảm mụn sưng viêm Acnes Clear Patch (24 Miếng)		5	Cực kì hài lòng	2023-03-18 14:48:42	2026-09-29 21:37:29
tk_18952851	tiki	6874429	beauty	Miếng dán mụn giúp giảm mụn sưng viêm Acnes Clear Patch (24 Miếng)		5	Cực kì hài lòng	2023-03-13 22:12:28	2026-09-29 21:37:29
tk_18490043	tiki	6874429	beauty	Miếng dán mụn giúp giảm mụn sưng viêm Acnes Clear Patch (24 Miếng)		5	Xài cũng ok nha...!	2022-12-23 22:34:34	2026-09-29 21:37:29
tk_18935544	tiki	6874429	beauty	Miếng dán mụn giúp giảm mụn sưng viêm Acnes Clear Patch (24 Miếng)		5	Cực kì hài lòng	2023-03-10 10:59:50	2026-09-29 21:37:29
tk_18903952	tiki	6874429	beauty	Miếng dán mụn giúp giảm mụn sưng viêm Acnes Clear Patch (24 Miếng)		5	Cực kì hài lòng	2023-03-04 20:00:56	2026-09-29 21:37:29
tk_18895504	tiki	6874429	beauty	Miếng dán mụn giúp giảm mụn sưng viêm Acnes Clear Patch (24 Miếng)		5	Cực kì hài lòng	2023-03-03 12:23:52	2026-09-29 21:37:29
tk_18845082	tiki	6874429	beauty	Miếng dán mụn giúp giảm mụn sưng viêm Acnes Clear Patch (24 Miếng)		5	Cực kì hài lòng	2023-02-22 09:10:57	2026-09-29 21:37:29
tk_2385060	tiki	6874429	beauty	Miếng dán mụn giúp giảm mụn sưng viêm Acnes Clear Patch (24 Miếng)		5	mình đã sử dụng sản phẩm qua môth thời gian thấy chất lượng sản phẩm rất tốt, mình dùng miếng dán mụn khi đi chơi nhưng xong sau đó vẫn còn nguyên trên phần mụn mà không có dấu hiệu bong. Mình thường dùng để bảo vệ và làm lành vết thương mụn nên vấn đề lấy được nhân mụn hay không đối với mình không quan trọng lắm nhưng về chất lượng làm lành vết thương thì tuyệt vời	2019-08-16 15:10:54	2026-09-29 21:37:29
tk_12427217	tiki	6874429	beauty	Miếng dán mụn giúp giảm mụn sưng viêm Acnes Clear Patch (24 Miếng)		1	dùng qua some by mi mayan corx rồi thử đến acne mới thấy loại tốn tiền tốn thời gian, sản phẩm vô tích sự.	2021-10-03 22:50:18	2026-09-29 21:37:29
tk_17547356	tiki	6874429	beauty	Miếng dán mụn giúp giảm mụn sưng viêm Acnes Clear Patch (24 Miếng)		5	Ok	2022-08-29 10:17:35	2026-09-29 21:37:29
tk_18760629	tiki	6874429	beauty	Miếng dán mụn giúp giảm mụn sưng viêm Acnes Clear Patch (24 Miếng)		5	Cực kì hài lòng	2023-02-08 03:23:56	2026-09-29 21:37:29
tk_18756370	tiki	6874429	beauty	Miếng dán mụn giúp giảm mụn sưng viêm Acnes Clear Patch (24 Miếng)		5	Cực kì hài lòng	2023-02-07 12:41:17	2026-09-29 21:37:29
tk_18747785	tiki	6874429	beauty	Miếng dán mụn giúp giảm mụn sưng viêm Acnes Clear Patch (24 Miếng)		5	Cực kì hài lòng	2023-02-06 08:32:46	2026-09-29 21:37:30
tk_18729673	tiki	6874429	beauty	Miếng dán mụn giúp giảm mụn sưng viêm Acnes Clear Patch (24 Miếng)		5	Cực kì hài lòng	2023-02-03 12:13:48	2026-09-29 21:37:30
tk_9555216	tiki	6874429	beauty	Miếng dán mụn giúp giảm mụn sưng viêm Acnes Clear Patch (24 Miếng)		3	dùng chán, rất dễ bong, che phụ tạm đươc, ko có tác dụng hút mụn, được cái giá rẻ và cho cái nhíp.	2021-05-07 14:45:41	2026-09-29 21:37:30
tk_18720043	tiki	6874429	beauty	Miếng dán mụn giúp giảm mụn sưng viêm Acnes Clear Patch (24 Miếng)		5	Cực kì hài lòng	2023-02-01 23:55:19	2026-09-29 21:37:30
tk_18708493	tiki	6874429	beauty	Miếng dán mụn giúp giảm mụn sưng viêm Acnes Clear Patch (24 Miếng)		4	Hài lòng	2023-01-31 11:53:06	2026-09-29 21:37:30
tk_18631875	tiki	6874429	beauty	Miếng dán mụn giúp giảm mụn sưng viêm Acnes Clear Patch (24 Miếng)		5	Cực kì hài lòng	2023-01-13 16:37:06	2026-09-29 21:37:30
tk_18626896	tiki	6874429	beauty	Miếng dán mụn giúp giảm mụn sưng viêm Acnes Clear Patch (24 Miếng)		5	Cực kì hài lòng	2023-01-12 21:19:49	2026-09-29 21:37:30
tk_18399584	tiki	6874429	beauty	Miếng dán mụn giúp giảm mụn sưng viêm Acnes Clear Patch (24 Miếng)		5	Bdhdh	2022-12-12 12:10:27	2026-09-29 21:37:30
tk_18460628	tiki	6874429	beauty	Miếng dán mụn giúp giảm mụn sưng viêm Acnes Clear Patch (24 Miếng)		5	Cực kì hài lòng	2022-12-20 00:09:33	2026-09-29 21:37:30
tk_18087946	tiki	6874429	beauty	Miếng dán mụn giúp giảm mụn sưng viêm Acnes Clear Patch (24 Miếng)		5	xài cũng ok	2022-10-30 19:55:07	2026-09-29 21:37:30
tk_18423094	tiki	6874429	beauty	Miếng dán mụn giúp giảm mụn sưng viêm Acnes Clear Patch (24 Miếng)		5	Cực kì hài lòng	2022-12-14 23:00:08	2026-09-29 21:37:30
tk_18377343	tiki	6874429	beauty	Miếng dán mụn giúp giảm mụn sưng viêm Acnes Clear Patch (24 Miếng)		5	Cực kì hài lòng	2022-12-09 11:15:46	2026-09-29 21:37:30
tk_18367752	tiki	6874429	beauty	Miếng dán mụn giúp giảm mụn sưng viêm Acnes Clear Patch (24 Miếng)		5	Cực kì hài lòng	2022-12-07 21:56:20	2026-09-29 21:37:30
tk_18275183	tiki	6874429	beauty	Miếng dán mụn giúp giảm mụn sưng viêm Acnes Clear Patch (24 Miếng)		4	Hài lòng	2022-11-24 11:44:13	2026-09-29 21:37:30
tk_18274762	tiki	6874429	beauty	Miếng dán mụn giúp giảm mụn sưng viêm Acnes Clear Patch (24 Miếng)		5	Cực kì hài lòng	2022-11-24 10:56:40	2026-09-29 21:37:30
tk_18247826	tiki	6874429	beauty	Miếng dán mụn giúp giảm mụn sưng viêm Acnes Clear Patch (24 Miếng)		5	Cực kì hài lòng	2022-11-20 08:59:12	2026-09-29 21:37:30
tk_18224776	tiki	6874429	beauty	Miếng dán mụn giúp giảm mụn sưng viêm Acnes Clear Patch (24 Miếng)		4	Hài lòng	2022-11-16 21:07:05	2026-09-29 21:37:30
tk_18190723	tiki	6874429	beauty	Miếng dán mụn giúp giảm mụn sưng viêm Acnes Clear Patch (24 Miếng)		4	Hài lòng	2022-11-12 21:44:00	2026-09-29 21:37:30
tk_18069600	tiki	6874429	beauty	Miếng dán mụn giúp giảm mụn sưng viêm Acnes Clear Patch (24 Miếng)		4	Ổn	2022-10-28 13:56:20	2026-09-29 21:37:30
tk_18152476	tiki	6874429	beauty	Miếng dán mụn giúp giảm mụn sưng viêm Acnes Clear Patch (24 Miếng)		5	Cực kì hài lòng	2022-11-08 15:45:25	2026-09-29 21:37:30
tk_20208277	tiki	197902379	beauty	Nước tẩy trang sạch sâu dưỡng ẩm Hada Labo Micellar Water Hydrating 240ml		5	Sử dụng tốt trong tầm giá. Sử dụng thấy the mát không bị kích ứng.	2026-01-24 22:27:32	2026-09-29 21:37:35
tk_20215173	tiki	197902379	beauty	Nước tẩy trang sạch sâu dưỡng ẩm Hada Labo Micellar Water Hydrating 240ml		4	Dùng dc	2026-02-26 12:44:34	2026-09-29 21:37:35
tk_20156316	tiki	197902379	beauty	Nước tẩy trang sạch sâu dưỡng ẩm Hada Labo Micellar Water Hydrating 240ml		5	chưa sử dụng nhưng vận chuyển rất cẩn thận, hàng được đóng gói kỹ	2025-08-08 17:54:17	2026-09-29 21:37:35
tk_20178720	tiki	197902379	beauty	Nước tẩy trang sạch sâu dưỡng ẩm Hada Labo Micellar Water Hydrating 240ml		5	Cực kì hài lòng	2025-10-08 17:01:31	2026-09-29 21:37:35
tk_20176247	tiki	197902379	beauty	Nước tẩy trang sạch sâu dưỡng ẩm Hada Labo Micellar Water Hydrating 240ml		5	Cực kì hài lòng	2025-10-01 10:12:13	2026-09-29 21:37:35
tk_20164825	tiki	197902379	beauty	Nước tẩy trang sạch sâu dưỡng ẩm Hada Labo Micellar Water Hydrating 240ml		5	Cực kì hài lòng	2025-08-30 22:39:54	2026-09-29 21:37:35
tk_20157683	tiki	197902379	beauty	Nước tẩy trang sạch sâu dưỡng ẩm Hada Labo Micellar Water Hydrating 240ml		4	Hài lòng	2025-08-12 06:13:15	2026-09-29 21:37:35
tk_20136886	tiki	197902379	beauty	Nước tẩy trang sạch sâu dưỡng ẩm Hada Labo Micellar Water Hydrating 240ml		5	Cực kì hài lòng	2025-06-17 19:11:43	2026-09-29 21:37:35
tk_20046317	tiki	197902379	beauty	Nước tẩy trang sạch sâu dưỡng ẩm Hada Labo Micellar Water Hydrating 240ml		5	Cực kì hài lòng	2024-12-11 13:12:01	2026-09-29 21:37:35
tk_20008307	tiki	197902379	beauty	Nước tẩy trang sạch sâu dưỡng ẩm Hada Labo Micellar Water Hydrating 240ml		4	Hài lòng	2024-10-17 10:21:35	2026-09-29 21:37:35
tk_19980491	tiki	197902379	beauty	Nước tẩy trang sạch sâu dưỡng ẩm Hada Labo Micellar Water Hydrating 240ml		5	Perfect!	2024-09-15 08:51:02	2026-09-29 21:37:35
tk_19987485	tiki	197902379	beauty	Nước tẩy trang sạch sâu dưỡng ẩm Hada Labo Micellar Water Hydrating 240ml		5	Cực kì hài lòng	2024-09-23 11:37:56	2026-09-29 21:37:35
tk_19951445	tiki	197902379	beauty	Nước tẩy trang sạch sâu dưỡng ẩm Hada Labo Micellar Water Hydrating 240ml		5	Cực kì hài lòng	2024-08-11 14:50:23	2026-09-29 21:37:35
tk_19337774	tiki	197902379	beauty	Nước tẩy trang sạch sâu dưỡng ẩm Hada Labo Micellar Water Hydrating 240ml		5	Tẩy trang sạch, ko gây kích ứng, ko có mùi cồn	2023-06-30 10:12:47	2026-09-29 21:37:35
tk_19911629	tiki	197902379	beauty	Nước tẩy trang sạch sâu dưỡng ẩm Hada Labo Micellar Water Hydrating 240ml		5	Cực kì hài lòng	2024-06-26 11:51:06	2026-09-29 21:37:35
tk_19759074	tiki	197902379	beauty	Nước tẩy trang sạch sâu dưỡng ẩm Hada Labo Micellar Water Hydrating 240ml		5	Dùng tốt, ẩm da	2024-02-04 08:32:09	2026-09-29 21:37:35
tk_19067460	tiki	197902379	beauty	Nước tẩy trang sạch sâu dưỡng ẩm Hada Labo Micellar Water Hydrating 240ml		5	Mới sử dụng lần đầu..tẩy trang ok nhé	2023-04-08 14:05:11	2026-09-29 21:37:35
tk_19739940	tiki	197902379	beauty	Nước tẩy trang sạch sâu dưỡng ẩm Hada Labo Micellar Water Hydrating 240ml		5	Cực kì hài lòng	2024-01-22 19:11:27	2026-09-29 21:37:35
tk_19136775	tiki	197902379	beauty	Nước tẩy trang sạch sâu dưỡng ẩm Hada Labo Micellar Water Hydrating 240ml		4	Chưa sử dụng nhưng tin tưởng uy tín của nhãn hàng	2023-04-27 10:20:28	2026-09-29 21:37:35
tk_19269283	tiki	197902379	beauty	Nước tẩy trang sạch sâu dưỡng ẩm Hada Labo Micellar Water Hydrating 240ml		5	Cực kì hài lòng	2023-06-07 13:37:41	2026-09-29 21:37:35
tk_18386807	tiki	197902379	beauty	Nước tẩy trang sạch sâu dưỡng ẩm Hada Labo Micellar Water Hydrating 240ml		5	Hài lòng	2022-12-10 19:13:50	2026-09-29 21:37:37
tk_19413930	tiki	197902379	beauty	Nước tẩy trang sạch sâu dưỡng ẩm Hada Labo Micellar Water Hydrating 240ml		5	rẻ.sạch...chất	2023-07-27 21:00:35	2026-09-29 21:37:37
tk_19045869	tiki	197902379	beauty	Nước tẩy trang sạch sâu dưỡng ẩm Hada Labo Micellar Water Hydrating 240ml		4	sạch sâu, mềm da, êm dịu	2023-04-03 13:45:13	2026-09-29 21:37:37
tk_19414171	tiki	197902379	beauty	Nước tẩy trang sạch sâu dưỡng ẩm Hada Labo Micellar Water Hydrating 240ml		4	Hài lòng	2023-07-27 22:04:14	2026-09-29 21:37:37
tk_19412869	tiki	197902379	beauty	Nước tẩy trang sạch sâu dưỡng ẩm Hada Labo Micellar Water Hydrating 240ml		4	Hài lòng	2023-07-27 13:43:06	2026-09-29 21:37:37
tk_19370630	tiki	197902379	beauty	Nước tẩy trang sạch sâu dưỡng ẩm Hada Labo Micellar Water Hydrating 240ml		5	Cực kì hài lòng	2023-07-11 21:26:57	2026-09-29 21:37:37
tk_19360055	tiki	197902379	beauty	Nước tẩy trang sạch sâu dưỡng ẩm Hada Labo Micellar Water Hydrating 240ml		5	Cực kì hài lòng	2023-07-08 11:06:14	2026-09-29 21:37:37
tk_19288960	tiki	197902379	beauty	Nước tẩy trang sạch sâu dưỡng ẩm Hada Labo Micellar Water Hydrating 240ml		5	Cực kì hài lòng	2023-06-13 10:19:46	2026-09-29 21:37:37
tk_19203920	tiki	197902379	beauty	Nước tẩy trang sạch sâu dưỡng ẩm Hada Labo Micellar Water Hydrating 240ml		5	Cực kì hài lòng	2023-05-17 16:58:51	2026-09-29 21:37:37
tk_19159616	tiki	197902379	beauty	Nước tẩy trang sạch sâu dưỡng ẩm Hada Labo Micellar Water Hydrating 240ml		5	Cực kì hài lòng	2023-05-05 08:38:38	2026-09-29 21:37:37
tk_19037945	tiki	197902379	beauty	Nước tẩy trang sạch sâu dưỡng ẩm Hada Labo Micellar Water Hydrating 240ml		5	Cực kì hài lòng	2023-04-01 15:58:37	2026-09-29 21:37:37
tk_18832493	tiki	197902379	beauty	Nước tẩy trang sạch sâu dưỡng ẩm Hada Labo Micellar Water Hydrating 240ml		5	Sp rất ok	2023-02-20 06:57:24	2026-09-29 21:37:37
tk_18938632	tiki	197902379	beauty	Nước tẩy trang sạch sâu dưỡng ẩm Hada Labo Micellar Water Hydrating 240ml		4	Hài lòng	2023-03-10 21:44:08	2026-09-29 21:37:37
tk_18933399	tiki	197902379	beauty	Nước tẩy trang sạch sâu dưỡng ẩm Hada Labo Micellar Water Hydrating 240ml		5	Cực kì hài lòng	2023-03-09 21:13:09	2026-09-29 21:37:37
tk_18930876	tiki	197902379	beauty	Nước tẩy trang sạch sâu dưỡng ẩm Hada Labo Micellar Water Hydrating 240ml		4	Hài lòng	2023-03-09 13:29:23	2026-09-29 21:37:37
tk_18908581	tiki	197902379	beauty	Nước tẩy trang sạch sâu dưỡng ẩm Hada Labo Micellar Water Hydrating 240ml		4	Hài lòng	2023-03-05 16:06:28	2026-09-29 21:37:37
tk_18832940	tiki	197902379	beauty	Nước tẩy trang sạch sâu dưỡng ẩm Hada Labo Micellar Water Hydrating 240ml		4	Hài lòng	2023-02-20 08:55:10	2026-09-29 21:37:37
tk_18795655	tiki	197902379	beauty	Nước tẩy trang sạch sâu dưỡng ẩm Hada Labo Micellar Water Hydrating 240ml		5	Cực kì hài lòng	2023-02-13 21:30:47	2026-09-29 21:37:37
tk_18740213	tiki	197902379	beauty	Nước tẩy trang sạch sâu dưỡng ẩm Hada Labo Micellar Water Hydrating 240ml		5	Cực kì hài lòng	2023-02-04 22:41:02	2026-09-29 21:37:37
tk_18697791	tiki	197902379	beauty	Nước tẩy trang sạch sâu dưỡng ẩm Hada Labo Micellar Water Hydrating 240ml		5	Cực kì hài lòng	2023-01-29 17:06:30	2026-09-29 21:37:37
tk_18669981	tiki	197902379	beauty	Nước tẩy trang sạch sâu dưỡng ẩm Hada Labo Micellar Water Hydrating 240ml		4	Hài lòng	2023-01-20 23:49:37	2026-09-29 21:37:38
tk_18634620	tiki	197902379	beauty	Nước tẩy trang sạch sâu dưỡng ẩm Hada Labo Micellar Water Hydrating 240ml		5	Cực kì hài lòng	2023-01-14 02:32:28	2026-09-29 21:37:38
tk_18608784	tiki	197902379	beauty	Nước tẩy trang sạch sâu dưỡng ẩm Hada Labo Micellar Water Hydrating 240ml		5	Cực kì hài lòng	2023-01-10 09:19:50	2026-09-29 21:37:38
tk_18390260	tiki	197902379	beauty	Nước tẩy trang sạch sâu dưỡng ẩm Hada Labo Micellar Water Hydrating 240ml		5	Cực kì hài lòng	2022-12-11 11:24:42	2026-09-29 21:37:38
tk_18370103	tiki	197902379	beauty	Nước tẩy trang sạch sâu dưỡng ẩm Hada Labo Micellar Water Hydrating 240ml		4	Hài lòng	2022-12-08 10:11:07	2026-09-29 21:37:38
tk_18315338	tiki	197902379	beauty	Nước tẩy trang sạch sâu dưỡng ẩm Hada Labo Micellar Water Hydrating 240ml		5	Cực kì hài lòng	2022-11-29 20:55:28	2026-09-29 21:37:38
tk_18294646	tiki	197902379	beauty	Nước tẩy trang sạch sâu dưỡng ẩm Hada Labo Micellar Water Hydrating 240ml		5	Cực kì hài lòng	2022-11-26 21:11:15	2026-09-29 21:37:38
tk_18276337	tiki	197902379	beauty	Nước tẩy trang sạch sâu dưỡng ẩm Hada Labo Micellar Water Hydrating 240ml		5	Cực kì hài lòng	2022-11-24 14:40:34	2026-09-29 21:37:38
tk_18274823	tiki	197902379	beauty	Nước tẩy trang sạch sâu dưỡng ẩm Hada Labo Micellar Water Hydrating 240ml		5	Cực kì hài lòng	2022-11-24 11:02:20	2026-09-29 21:37:38
tk_18053257	tiki	197902379	beauty	Nước tẩy trang sạch sâu dưỡng ẩm Hada Labo Micellar Water Hydrating 240ml		5	Cực kì hài lòng	2022-10-26 14:47:10	2026-09-29 21:37:38
tk_20205666	tiki	174071718	beauty	Sữa rửa mặt Hada Labo cho da dầu mụn, da nhạy cảm Hada Labo Acne Care Calming Cleanser 80g		1	Tôi ko biết tại sao khi tôi đặt lúc đó còn chương trình tặng 1 chai dung dịch nhưng giờ lại ko giao và chai sữa rữa mặt của tôi còn chàng 1 tí ra ngoài ko có tem niên phong miện tuýt cảm giác khá ít nữa tôi có video và hình ảnh	2026-01-14 12:01:25	2026-09-29 21:37:44
tk_19977869	tiki	174071718	beauty	Sữa rửa mặt Hada Labo cho da dầu mụn, da nhạy cảm Hada Labo Acne Care Calming Cleanser 80g		5	Sữa rửa mặt làm sạch sâu không hề gây kích ứng da khi rửa mặt xong cảm giác rất dễ chịu và thoải mái đúng là Tiki và Hadalabo chưa bao giờ làm tui thất vọng 😆 shop 5 ⭐ , anh shipper thân thiện 🥰 , chúc shop buôn bán đắt hàng	2024-09-12 11:32:51	2026-09-29 21:37:44
tk_20134453	tiki	174071718	beauty	Sữa rửa mặt Hada Labo cho da dầu mụn, da nhạy cảm Hada Labo Acne Care Calming Cleanser 80g		5	Mik chx dùng nên chx nêu rõ nhưng hãng này nổi tiếng nha mik săn sale chai màu xanh lá với đỏ 157k kèm gấu bông xinh như hình nên mua nhé	2025-06-11 16:20:08	2026-09-29 21:37:44
tk_20202034	tiki	174071718	beauty	Sữa rửa mặt Hada Labo cho da dầu mụn, da nhạy cảm Hada Labo Acne Care Calming Cleanser 80g		1	muốn hoàn trả tiền ,chất lượng ko đúng	2025-12-30 11:56:23	2026-09-29 21:37:44
tk_20146774	tiki	174071718	beauty	Sữa rửa mặt Hada Labo cho da dầu mụn, da nhạy cảm Hada Labo Acne Care Calming Cleanser 80g		5	Giao hàng siêu nhanh, được tặng kèm dưỡng ẩm và nước tẩy trang	2025-07-14 21:40:27	2026-09-29 21:37:44
tk_20236060	tiki	174071718	beauty	Sữa rửa mặt Hada Labo cho da dầu mụn, da nhạy cảm Hada Labo Acne Care Calming Cleanser 80g		5	Cực kì hài lòng	2026-05-25 19:35:47	2026-09-29 21:37:44
tk_19222481	tiki	174071718	beauty	Sữa rửa mặt Hada Labo cho da dầu mụn, da nhạy cảm Hada Labo Acne Care Calming Cleanser 80g		5	Giao hàng nhanh, mình đặt 1 tuyp mà tiki vẫn đóng gói tốt. Về sản phẩm thì cái mùi hơi khó chịu xíu, có tinh chất cây gì đó làm mát da, dịu nhẹ. Sản phẩm có công dụng làm sạch thôi nên ko đánh giá dc gì nhiều hơn.	2023-05-23 16:55:23	2026-09-29 21:37:44
tk_20211495	tiki	174071718	beauty	Sữa rửa mặt Hada Labo cho da dầu mụn, da nhạy cảm Hada Labo Acne Care Calming Cleanser 80g		5	Cực kì hài lòng	2026-02-07 17:19:48	2026-09-29 21:37:44
tk_20177204	tiki	174071718	beauty	Sữa rửa mặt Hada Labo cho da dầu mụn, da nhạy cảm Hada Labo Acne Care Calming Cleanser 80g		5	Cực kì hài lòng	2025-10-04 06:09:06	2026-09-29 21:37:44
tk_20171613	tiki	174071718	beauty	Sữa rửa mặt Hada Labo cho da dầu mụn, da nhạy cảm Hada Labo Acne Care Calming Cleanser 80g		5	Cực kì hài lòng	2025-09-18 11:05:02	2026-09-29 21:37:44
tk_20161700	tiki	174071718	beauty	Sữa rửa mặt Hada Labo cho da dầu mụn, da nhạy cảm Hada Labo Acne Care Calming Cleanser 80g		5	Cực kì hài lòng	2025-08-22 17:35:37	2026-09-29 21:37:44
tk_20155723	tiki	174071718	beauty	Sữa rửa mặt Hada Labo cho da dầu mụn, da nhạy cảm Hada Labo Acne Care Calming Cleanser 80g		4	Hài lòng	2025-08-07 12:32:10	2026-09-29 21:37:44
tk_20155445	tiki	174071718	beauty	Sữa rửa mặt Hada Labo cho da dầu mụn, da nhạy cảm Hada Labo Acne Care Calming Cleanser 80g		5	Cực kì hài lòng	2025-08-06 18:15:16	2026-09-29 21:37:44
tk_19998020	tiki	174071718	beauty	Sữa rửa mặt Hada Labo cho da dầu mụn, da nhạy cảm Hada Labo Acne Care Calming Cleanser 80g		4	Làm sạch sâu mùi dễ chịu	2024-10-06 09:58:23	2026-09-29 21:37:44
tk_20074812	tiki	174071718	beauty	Sữa rửa mặt Hada Labo cho da dầu mụn, da nhạy cảm Hada Labo Acne Care Calming Cleanser 80g		5	Cực kì hài lòng	2025-02-03 16:03:47	2026-09-29 21:37:44
tk_20070365	tiki	174071718	beauty	Sữa rửa mặt Hada Labo cho da dầu mụn, da nhạy cảm Hada Labo Acne Care Calming Cleanser 80g		5	Cực kì hài lòng	2025-01-21 12:52:26	2026-09-29 21:37:44
tk_20027699	tiki	174071718	beauty	Sữa rửa mặt Hada Labo cho da dầu mụn, da nhạy cảm Hada Labo Acne Care Calming Cleanser 80g		5	Cực kì hài lòng	2024-11-10 20:21:12	2026-09-29 21:37:44
tk_20001630	tiki	174071718	beauty	Sữa rửa mặt Hada Labo cho da dầu mụn, da nhạy cảm Hada Labo Acne Care Calming Cleanser 80g		5	Cực kì hài lòng	2024-10-10 12:15:34	2026-09-29 21:37:44
tk_20000994	tiki	174071718	beauty	Sữa rửa mặt Hada Labo cho da dầu mụn, da nhạy cảm Hada Labo Acne Care Calming Cleanser 80g		5	Cực kì hài lòng	2024-10-09 19:05:21	2026-09-29 21:37:44
tk_17527320	tiki	174071718	beauty	Sữa rửa mặt Hada Labo cho da dầu mụn, da nhạy cảm Hada Labo Acne Care Calming Cleanser 80g		5	Làm sạch dịu nhẹ, mát cho làn da. Dùng xong ko bị khô hay kích ứng. Hada ko làm mình thất vọng💯	2022-08-26 17:29:38	2026-09-29 21:37:44
tk_19988829	tiki	174071718	beauty	Sữa rửa mặt Hada Labo cho da dầu mụn, da nhạy cảm Hada Labo Acne Care Calming Cleanser 80g		5	Cực kì hài lòng	2024-09-24 23:06:34	2026-09-29 21:37:45
tk_19925710	tiki	174071718	beauty	Sữa rửa mặt Hada Labo cho da dầu mụn, da nhạy cảm Hada Labo Acne Care Calming Cleanser 80g		4	Hài lòng	2024-07-12 17:29:51	2026-09-29 21:37:45
tk_19337778	tiki	174071718	beauty	Sữa rửa mặt Hada Labo cho da dầu mụn, da nhạy cảm Hada Labo Acne Care Calming Cleanser 80g		5	Làm sạch sâu, không gấy kích ứng da	2023-06-30 10:13:21	2026-09-29 21:37:45
tk_18698556	tiki	174071718	beauty	Sữa rửa mặt Hada Labo cho da dầu mụn, da nhạy cảm Hada Labo Acne Care Calming Cleanser 80g		5	Dùng ok cho da nhạy cảm	2023-01-29 20:01:24	2026-09-29 21:37:45
tk_19639227	tiki	174071718	beauty	Sữa rửa mặt Hada Labo cho da dầu mụn, da nhạy cảm Hada Labo Acne Care Calming Cleanser 80g		5	Cực kì hài lòng	2023-11-10 18:21:57	2026-09-29 21:37:45
tk_19615680	tiki	174071718	beauty	Sữa rửa mặt Hada Labo cho da dầu mụn, da nhạy cảm Hada Labo Acne Care Calming Cleanser 80g		5	Cực kì hài lòng	2023-10-28 08:41:56	2026-09-29 21:37:45
tk_19592684	tiki	174071718	beauty	Sữa rửa mặt Hada Labo cho da dầu mụn, da nhạy cảm Hada Labo Acne Care Calming Cleanser 80g		4	Hài lòng	2023-10-16 11:07:10	2026-09-29 21:37:45
tk_19521416	tiki	174071718	beauty	Sữa rửa mặt Hada Labo cho da dầu mụn, da nhạy cảm Hada Labo Acne Care Calming Cleanser 80g		5	Cực kì hài lòng	2023-09-11 11:00:15	2026-09-29 21:37:45
tk_19411001	tiki	174071718	beauty	Sữa rửa mặt Hada Labo cho da dầu mụn, da nhạy cảm Hada Labo Acne Care Calming Cleanser 80g		5	Cực kì hài lòng	2023-07-26 18:19:49	2026-09-29 21:37:45
tk_19368892	tiki	174071718	beauty	Sữa rửa mặt Hada Labo cho da dầu mụn, da nhạy cảm Hada Labo Acne Care Calming Cleanser 80g		4	Hài lòng	2023-07-11 12:07:14	2026-09-29 21:37:45
tk_19367495	tiki	174071718	beauty	Sữa rửa mặt Hada Labo cho da dầu mụn, da nhạy cảm Hada Labo Acne Care Calming Cleanser 80g		5	Cực kì hài lòng	2023-07-10 21:31:34	2026-09-29 21:37:45
tk_19345009	tiki	174071718	beauty	Sữa rửa mặt Hada Labo cho da dầu mụn, da nhạy cảm Hada Labo Acne Care Calming Cleanser 80g		5	Cực kì hài lòng	2023-07-02 22:39:56	2026-09-29 21:37:45
tk_18125696	tiki	174071718	beauty	Sữa rửa mặt Hada Labo cho da dầu mụn, da nhạy cảm Hada Labo Acne Care Calming Cleanser 80g		4	Mới sử dụng lần đầu nên chưa bt hiệu quả ra sao	2022-11-04 21:15:42	2026-09-29 21:37:45
tk_17424773	tiki	174071718	beauty	Sữa rửa mặt Hada Labo cho da dầu mụn, da nhạy cảm Hada Labo Acne Care Calming Cleanser 80g		2	Sản phẩm hơi khô da sau khi rửa song còn hiệu quả thì chưa rõ	2022-08-15 22:13:30	2026-09-29 21:37:45
tk_19143501	tiki	174071718	beauty	Sữa rửa mặt Hada Labo cho da dầu mụn, da nhạy cảm Hada Labo Acne Care Calming Cleanser 80g		4	Hài lòng	2023-04-29 12:26:54	2026-09-29 21:37:45
tk_19077703	tiki	174071718	beauty	Sữa rửa mặt Hada Labo cho da dầu mụn, da nhạy cảm Hada Labo Acne Care Calming Cleanser 80g		5	Cực kì hài lòng	2023-04-11 10:25:28	2026-09-29 21:37:45
tk_18363281	tiki	174071718	beauty	Sữa rửa mặt Hada Labo cho da dầu mụn, da nhạy cảm Hada Labo Acne Care Calming Cleanser 80g		4	Chưa dùng chưa biết ntn	2022-12-07 10:48:24	2026-09-29 21:37:45
tk_18835899	tiki	174071718	beauty	Sữa rửa mặt Hada Labo cho da dầu mụn, da nhạy cảm Hada Labo Acne Care Calming Cleanser 80g		5	Cực kì hài lòng	2023-02-20 16:30:45	2026-09-29 21:37:45
tk_18753217	tiki	174071718	beauty	Sữa rửa mặt Hada Labo cho da dầu mụn, da nhạy cảm Hada Labo Acne Care Calming Cleanser 80g		5	Cực kì hài lòng	2023-02-06 21:56:42	2026-09-29 21:37:45
tk_18716221	tiki	174071718	beauty	Sữa rửa mặt Hada Labo cho da dầu mụn, da nhạy cảm Hada Labo Acne Care Calming Cleanser 80g		5	Cực kì hài lòng	2023-02-01 13:58:11	2026-09-29 21:37:45
tk_18693141	tiki	174071718	beauty	Sữa rửa mặt Hada Labo cho da dầu mụn, da nhạy cảm Hada Labo Acne Care Calming Cleanser 80g		5	Cực kì hài lòng	2023-01-28 20:23:53	2026-09-29 21:37:46
tk_18566159	tiki	174071718	beauty	Sữa rửa mặt Hada Labo cho da dầu mụn, da nhạy cảm Hada Labo Acne Care Calming Cleanser 80g		5	Cực kì hài lòng	2023-01-04 10:09:01	2026-09-29 21:37:46
tk_18555878	tiki	174071718	beauty	Sữa rửa mặt Hada Labo cho da dầu mụn, da nhạy cảm Hada Labo Acne Care Calming Cleanser 80g		5	Cực kì hài lòng	2023-01-02 15:23:53	2026-09-29 21:37:46
tk_18419180	tiki	174071718	beauty	Sữa rửa mặt Hada Labo cho da dầu mụn, da nhạy cảm Hada Labo Acne Care Calming Cleanser 80g		5	good	2022-12-14 19:20:44	2026-09-29 21:37:46
tk_18355683	tiki	174071718	beauty	Sữa rửa mặt Hada Labo cho da dầu mụn, da nhạy cảm Hada Labo Acne Care Calming Cleanser 80g		5	Cực kì hài lòng	2022-12-06 05:51:33	2026-09-29 21:37:46
tk_18275237	tiki	174071718	beauty	Sữa rửa mặt Hada Labo cho da dầu mụn, da nhạy cảm Hada Labo Acne Care Calming Cleanser 80g		5	Cực kì hài lòng	2022-11-24 11:51:58	2026-09-29 21:37:46
tk_18073798	tiki	174071718	beauty	Sữa rửa mặt Hada Labo cho da dầu mụn, da nhạy cảm Hada Labo Acne Care Calming Cleanser 80g		5	Ggg	2022-10-28 23:35:37	2026-09-29 21:37:46
tk_18029871	tiki	174071718	beauty	Sữa rửa mặt Hada Labo cho da dầu mụn, da nhạy cảm Hada Labo Acne Care Calming Cleanser 80g		5	Cực kì hài lòng	2022-10-23 20:34:51	2026-09-29 21:37:46
tk_18027374	tiki	174071718	beauty	Sữa rửa mặt Hada Labo cho da dầu mụn, da nhạy cảm Hada Labo Acne Care Calming Cleanser 80g		5	Cực kì hài lòng	2022-10-23 15:07:38	2026-09-29 21:37:46
tk_17821658	tiki	174071718	beauty	Sữa rửa mặt Hada Labo cho da dầu mụn, da nhạy cảm Hada Labo Acne Care Calming Cleanser 80g		4	Hài lòng	2022-09-28 21:44:37	2026-09-29 21:37:46
tk_20261190	tiki	197902381	beauty	Nước tẩy trang sạch sâu dưỡng trắng Hada Labo Micellar Water Whitening 240ml		5	Cực kì hài lòng	2026-09-16 09:02:57	2026-09-29 21:37:51
tk_20252138	tiki	197902381	beauty	Nước tẩy trang sạch sâu dưỡng trắng Hada Labo Micellar Water Whitening 240ml		5	Cực kì hài lòng	2026-08-08 19:07:03	2026-09-29 21:37:51
tk_20247951	tiki	197902381	beauty	Nước tẩy trang sạch sâu dưỡng trắng Hada Labo Micellar Water Whitening 240ml		5	Cực kì hài lòng	2026-07-18 20:16:46	2026-09-29 21:37:51
tk_20224331	tiki	197902381	beauty	Nước tẩy trang sạch sâu dưỡng trắng Hada Labo Micellar Water Whitening 240ml		5	Cực kì hài lòng	2026-04-06 07:33:07	2026-09-29 21:37:51
tk_20170841	tiki	197902381	beauty	Nước tẩy trang sạch sâu dưỡng trắng Hada Labo Micellar Water Whitening 240ml		5	Cực kì hài lòng	2025-09-16 11:28:31	2026-09-29 21:37:51
tk_20151355	tiki	197902381	beauty	Nước tẩy trang sạch sâu dưỡng trắng Hada Labo Micellar Water Whitening 240ml		5	Cực kì hài lòng	2025-07-26 18:22:06	2026-09-29 21:37:51
tk_20087334	tiki	197902381	beauty	Nước tẩy trang sạch sâu dưỡng trắng Hada Labo Micellar Water Whitening 240ml		5	Cực kì hài lòng	2025-02-25 14:24:40	2026-09-29 21:37:51
tk_19971653	tiki	197902381	beauty	Nước tẩy trang sạch sâu dưỡng trắng Hada Labo Micellar Water Whitening 240ml		5	Shop giao nhanh hơn báo trước dó .	2024-09-05 13:31:40	2026-09-29 21:37:51
tk_20027701	tiki	197902381	beauty	Nước tẩy trang sạch sâu dưỡng trắng Hada Labo Micellar Water Whitening 240ml		5	Cực kì hài lòng	2024-11-10 20:21:24	2026-09-29 21:37:51
tk_20001629	tiki	197902381	beauty	Nước tẩy trang sạch sâu dưỡng trắng Hada Labo Micellar Water Whitening 240ml		5	Cực kì hài lòng	2024-10-10 12:15:26	2026-09-29 21:37:51
tk_19971797	tiki	197902381	beauty	Nước tẩy trang sạch sâu dưỡng trắng Hada Labo Micellar Water Whitening 240ml		5	Cực kì hài lòng	2024-09-05 15:52:17	2026-09-29 21:37:51
tk_19963597	tiki	197902381	beauty	Nước tẩy trang sạch sâu dưỡng trắng Hada Labo Micellar Water Whitening 240ml		5	Cực kì hài lòng	2024-08-25 21:23:56	2026-09-29 21:37:51
tk_19864707	tiki	197902381	beauty	Nước tẩy trang sạch sâu dưỡng trắng Hada Labo Micellar Water Whitening 240ml		5	Cực kì hài lòng	2024-05-06 15:16:07	2026-09-29 21:37:51
tk_19527820	tiki	197902381	beauty	Nước tẩy trang sạch sâu dưỡng trắng Hada Labo Micellar Water Whitening 240ml		4	Hài lòng	2023-09-13 22:31:31	2026-09-29 21:37:51
tk_19414169	tiki	197902381	beauty	Nước tẩy trang sạch sâu dưỡng trắng Hada Labo Micellar Water Whitening 240ml		4	Hài lòng	2023-07-27 22:04:00	2026-09-29 21:37:51
tk_18244965	tiki	197902381	beauty	Nước tẩy trang sạch sâu dưỡng trắng Hada Labo Micellar Water Whitening 240ml		1	Chưa nhận được sản phẩm nhưng đã có *** đã giao	2022-11-19 18:39:30	2026-09-29 21:37:51
tk_19370633	tiki	197902381	beauty	Nước tẩy trang sạch sâu dưỡng trắng Hada Labo Micellar Water Whitening 240ml		5	Cực kì hài lòng	2023-07-11 21:27:10	2026-09-29 21:37:51
tk_19365077	tiki	197902381	beauty	Nước tẩy trang sạch sâu dưỡng trắng Hada Labo Micellar Water Whitening 240ml		5	Cực kì hài lòng	2023-07-10 07:07:11	2026-09-29 21:37:51
tk_19338685	tiki	197902381	beauty	Nước tẩy trang sạch sâu dưỡng trắng Hada Labo Micellar Water Whitening 240ml		4	Ok	2023-06-30 15:22:03	2026-09-29 21:37:51
tk_19283077	tiki	197902381	beauty	Nước tẩy trang sạch sâu dưỡng trắng Hada Labo Micellar Water Whitening 240ml		4	Hài lòng	2023-06-11 12:01:19	2026-09-29 21:37:51
tk_19017819	tiki	197902381	beauty	Nước tẩy trang sạch sâu dưỡng trắng Hada Labo Micellar Water Whitening 240ml		5	Cực kì hài lòng	2023-03-27 19:57:14	2026-09-29 21:37:53
tk_18234447	tiki	197902381	beauty	Nước tẩy trang sạch sâu dưỡng trắng Hada Labo Micellar Water Whitening 240ml		5	Đóq gói rất chắc chắn🥰	2022-11-18 08:30:35	2026-09-29 21:37:53
tk_18922445	tiki	197902381	beauty	Nước tẩy trang sạch sâu dưỡng trắng Hada Labo Micellar Water Whitening 240ml		5	Cực kì hài lòng	2023-03-07 21:38:20	2026-09-29 21:37:53
tk_18893207	tiki	197902381	beauty	Nước tẩy trang sạch sâu dưỡng trắng Hada Labo Micellar Water Whitening 240ml		5	Cực kì hài lòng	2023-03-03 00:57:23	2026-09-29 21:37:53
tk_18883219	tiki	197902381	beauty	Nước tẩy trang sạch sâu dưỡng trắng Hada Labo Micellar Water Whitening 240ml		5	Cực kì hài lòng	2023-03-01 07:58:58	2026-09-29 21:37:53
tk_18230399	tiki	197902381	beauty	Nước tẩy trang sạch sâu dưỡng trắng Hada Labo Micellar Water Whitening 240ml		5	xài ổn không rát dạ	2022-11-17 16:39:59	2026-09-29 21:37:53
tk_18829781	tiki	197902381	beauty	Nước tẩy trang sạch sâu dưỡng trắng Hada Labo Micellar Water Whitening 240ml		4	Hài lòng	2023-02-19 15:54:37	2026-09-29 21:37:53
tk_18827805	tiki	197902381	beauty	Nước tẩy trang sạch sâu dưỡng trắng Hada Labo Micellar Water Whitening 240ml		5	Cực kì hài lòng	2023-02-19 09:45:47	2026-09-29 21:37:53
tk_18568484	tiki	197902381	beauty	Nước tẩy trang sạch sâu dưỡng trắng Hada Labo Micellar Water Whitening 240ml		5	Cực kì hài lòng	2023-01-04 15:52:47	2026-09-29 21:37:53
tk_18518436	tiki	197902381	beauty	Nước tẩy trang sạch sâu dưỡng trắng Hada Labo Micellar Water Whitening 240ml		5	Cực kì hài lòng	2022-12-27 18:45:27	2026-09-29 21:37:53
