review_id	platform	item_id	item_category	product_name	product_variant	rating_star	raw_comment	created_at	crawled_at
tk_18558689	tiki	134757633	fashion	Áo Sơ Mi Form Rộng GIẤU NÚT Tay Dài Hàn Quốc Áo Unisex Nam Nữ Vải Lụa Mềm Mịn Thoáng Mát Ít Nhăn - SMD02		1	Shop bán size quá ẩu. Không phản hồi khách hàng 👎👎👎👎👎👎	2023-01-02 23:42:46	2026-09-29 21:48:20
tk_17883553	tiki	134757633	fashion	Áo Sơ Mi Form Rộng GIẤU NÚT Tay Dài Hàn Quốc Áo Unisex Nam Nữ Vải Lụa Mềm Mịn Thoáng Mát Ít Nhăn - SMD02		5	Mua có 3 cái áo shop cho hẳn chai nước hoa 🌹	2022-10-06 12:29:49	2026-09-29 21:48:20
tk_18558690	tiki	134757633	fashion	Áo Sơ Mi Form Rộng GIẤU NÚT Tay Dài Hàn Quốc Áo Unisex Nam Nữ Vải Lụa Mềm Mịn Thoáng Mát Ít Nhăn - SMD02		1	Shop k phản hồi tin nhắn 👎 Bán hàng ẩu	2023-01-02 23:43:17	2026-09-29 21:48:20
tk_18953313	tiki	134757633	fashion	Áo Sơ Mi Form Rộng GIẤU NÚT Tay Dài Hàn Quốc Áo Unisex Nam Nữ Vải Lụa Mềm Mịn Thoáng Mát Ít Nhăn - SMD02		4	Ổn	2023-03-14 01:02:50	2026-09-29 21:48:20
tk_17714553	tiki	134757633	fashion	Áo Sơ Mi Form Rộng GIẤU NÚT Tay Dài Hàn Quốc Áo Unisex Nam Nữ Vải Lụa Mềm Mịn Thoáng Mát Ít Nhăn - SMD02		3	áo sao ko có giấu nút vậy hơi *** nha	2022-09-16 22:34:28	2026-09-29 21:48:20
tk_15993427	tiki	134757633	fashion	Áo Sơ Mi Form Rộng GIẤU NÚT Tay Dài Hàn Quốc Áo Unisex Nam Nữ Vải Lụa Mềm Mịn Thoáng Mát Ít Nhăn - SMD02		5	hài lòng	2022-04-19 11:44:22	2026-09-29 21:48:20
tk_15497588	tiki	134757633	fashion	Áo Sơ Mi Form Rộng GIẤU NÚT Tay Dài Hàn Quốc Áo Unisex Nam Nữ Vải Lụa Mềm Mịn Thoáng Mát Ít Nhăn - SMD02		3	ghi hơn 80kg mà có 72kg mặc đc thôi k lớn lắm	2022-03-19 13:09:23	2026-09-29 21:48:20
tk_17009993	tiki	134757633	fashion	Áo Sơ Mi Form Rộng GIẤU NÚT Tay Dài Hàn Quốc Áo Unisex Nam Nữ Vải Lụa Mềm Mịn Thoáng Mát Ít Nhăn - SMD02		5	Hàng rất tốt	2022-07-10 11:02:17	2026-09-29 21:48:20
tk_16786062	tiki	134757633	fashion	Áo Sơ Mi Form Rộng GIẤU NÚT Tay Dài Hàn Quốc Áo Unisex Nam Nữ Vải Lụa Mềm Mịn Thoáng Mát Ít Nhăn - SMD02		5	hàng nên thữ nha	2022-06-21 11:40:20	2026-09-29 21:48:20
tk_15369471	tiki	134757633	fashion	Áo Sơ Mi Form Rộng GIẤU NÚT Tay Dài Hàn Quốc Áo Unisex Nam Nữ Vải Lụa Mềm Mịn Thoáng Mát Ít Nhăn - SMD02		4	tôi thích hãng sản phẩm của shop simle	2022-03-11 20:07:30	2026-09-29 21:48:20
tk_15432390	tiki	134757633	fashion	Áo Sơ Mi Form Rộng GIẤU NÚT Tay Dài Hàn Quốc Áo Unisex Nam Nữ Vải Lụa Mềm Mịn Thoáng Mát Ít Nhăn - SMD02		4	mặt hợp vải tốt nhìn đẹp mắt	2022-03-15 15:28:17	2026-09-29 21:48:20
tk_17355948	tiki	134757633	fashion	Áo Sơ Mi Form Rộng GIẤU NÚT Tay Dài Hàn Quốc Áo Unisex Nam Nữ Vải Lụa Mềm Mịn Thoáng Mát Ít Nhăn - SMD02		5	Cực kì hài lòng	2022-08-09 17:43:20	2026-09-29 21:48:20
tk_17344739	tiki	134757633	fashion	Áo Sơ Mi Form Rộng GIẤU NÚT Tay Dài Hàn Quốc Áo Unisex Nam Nữ Vải Lụa Mềm Mịn Thoáng Mát Ít Nhăn - SMD02		5	Cực kì hài lòng	2022-08-08 20:13:35	2026-09-29 21:48:20
tk_16622903	tiki	134757633	fashion	Áo Sơ Mi Form Rộng GIẤU NÚT Tay Dài Hàn Quốc Áo Unisex Nam Nữ Vải Lụa Mềm Mịn Thoáng Mát Ít Nhăn - SMD02		5	đẹp lắm ạ	2022-06-08 13:10:04	2026-09-29 21:48:20
tk_16906867	tiki	134757633	fashion	Áo Sơ Mi Form Rộng GIẤU NÚT Tay Dài Hàn Quốc Áo Unisex Nam Nữ Vải Lụa Mềm Mịn Thoáng Mát Ít Nhăn - SMD02		5	Okiii	2022-07-01 21:04:30	2026-09-29 21:48:20
tk_15844120	tiki	134757633	fashion	Áo Sơ Mi Form Rộng GIẤU NÚT Tay Dài Hàn Quốc Áo Unisex Nam Nữ Vải Lụa Mềm Mịn Thoáng Mát Ít Nhăn - SMD02		4	đồ ok, ko bị gì hết	2022-04-09 10:22:15	2026-09-29 21:48:20
tk_16733734	tiki	134757633	fashion	Áo Sơ Mi Form Rộng GIẤU NÚT Tay Dài Hàn Quốc Áo Unisex Nam Nữ Vải Lụa Mềm Mịn Thoáng Mát Ít Nhăn - SMD02		5	Ưng nha	2022-06-16 17:08:33	2026-09-29 21:48:20
tk_17074188	tiki	134757633	fashion	Áo Sơ Mi Form Rộng GIẤU NÚT Tay Dài Hàn Quốc Áo Unisex Nam Nữ Vải Lụa Mềm Mịn Thoáng Mát Ít Nhăn - SMD02		5	Cực kì hài lòng	2022-07-15 11:51:21	2026-09-29 21:48:20
tk_17058905	tiki	134757633	fashion	Áo Sơ Mi Form Rộng GIẤU NÚT Tay Dài Hàn Quốc Áo Unisex Nam Nữ Vải Lụa Mềm Mịn Thoáng Mát Ít Nhăn - SMD02		5	Cực kì hài lòng	2022-07-14 07:50:49	2026-09-29 21:48:20
tk_15143242	tiki	134757633	fashion	Áo Sơ Mi Form Rộng GIẤU NÚT Tay Dài Hàn Quốc Áo Unisex Nam Nữ Vải Lụa Mềm Mịn Thoáng Mát Ít Nhăn - SMD02		5	áo vải đẹp giao hàng nhanh	2022-02-25 20:42:59	2026-09-29 21:48:20
tk_14453114	tiki	134757633	fashion	Áo Sơ Mi Form Rộng GIẤU NÚT Tay Dài Hàn Quốc Áo Unisex Nam Nữ Vải Lụa Mềm Mịn Thoáng Mát Ít Nhăn - SMD02		5	Chỉ giao hàng hơi chậm còn lại ok	2022-01-14 15:41:21	2026-09-29 21:48:21
tk_16622465	tiki	134757633	fashion	Áo Sơ Mi Form Rộng GIẤU NÚT Tay Dài Hàn Quốc Áo Unisex Nam Nữ Vải Lụa Mềm Mịn Thoáng Mát Ít Nhăn - SMD02		5	Cực kì hài lòng	2022-06-08 12:40:18	2026-09-29 21:48:21
tk_15488650	tiki	134757633	fashion	Áo Sơ Mi Form Rộng GIẤU NÚT Tay Dài Hàn Quốc Áo Unisex Nam Nữ Vải Lụa Mềm Mịn Thoáng Mát Ít Nhăn - SMD02		4	ok lắm shop vừa ng	2022-03-18 21:13:31	2026-09-29 21:48:21
tk_16069575	tiki	134757633	fashion	Áo Sơ Mi Form Rộng GIẤU NÚT Tay Dài Hàn Quốc Áo Unisex Nam Nữ Vải Lụa Mềm Mịn Thoáng Mát Ít Nhăn - SMD02		5	Áo đẹp	2022-04-24 16:28:45	2026-09-29 21:48:21
tk_16411018	tiki	134757633	fashion	Áo Sơ Mi Form Rộng GIẤU NÚT Tay Dài Hàn Quốc Áo Unisex Nam Nữ Vải Lụa Mềm Mịn Thoáng Mát Ít Nhăn - SMD02		5	ok	2022-05-21 19:07:55	2026-09-29 21:48:21
tk_15514745	tiki	134757633	fashion	Áo Sơ Mi Form Rộng GIẤU NÚT Tay Dài Hàn Quốc Áo Unisex Nam Nữ Vải Lụa Mềm Mịn Thoáng Mát Ít Nhăn - SMD02		5	đẹp vậy thôi	2022-03-20 14:19:05	2026-09-29 21:48:21
tk_16327808	tiki	134757633	fashion	Áo Sơ Mi Form Rộng GIẤU NÚT Tay Dài Hàn Quốc Áo Unisex Nam Nữ Vải Lụa Mềm Mịn Thoáng Mát Ít Nhăn - SMD02		4	Hài lòng	2022-05-14 20:44:59	2026-09-29 21:48:21
tk_16134299	tiki	134757633	fashion	Áo Sơ Mi Form Rộng GIẤU NÚT Tay Dài Hàn Quốc Áo Unisex Nam Nữ Vải Lụa Mềm Mịn Thoáng Mát Ít Nhăn - SMD02		5	Cực kì hài lòng	2022-04-29 13:24:43	2026-09-29 21:48:21
tk_14633348	tiki	134757633	fashion	Áo Sơ Mi Form Rộng GIẤU NÚT Tay Dài Hàn Quốc Áo Unisex Nam Nữ Vải Lụa Mềm Mịn Thoáng Mát Ít Nhăn - SMD02		5	mặc thoải mái mát	2022-01-22 20:54:00	2026-09-29 21:48:21
tk_15809247	tiki	134757633	fashion	Áo Sơ Mi Form Rộng GIẤU NÚT Tay Dài Hàn Quốc Áo Unisex Nam Nữ Vải Lụa Mềm Mịn Thoáng Mát Ít Nhăn - SMD02		5	ok	2022-04-07 09:39:42	2026-09-29 21:48:21
tk_15811776	tiki	134757633	fashion	Áo Sơ Mi Form Rộng GIẤU NÚT Tay Dài Hàn Quốc Áo Unisex Nam Nữ Vải Lụa Mềm Mịn Thoáng Mát Ít Nhăn - SMD02		4	Hài lòng	2022-04-07 11:12:26	2026-09-29 21:48:21
tk_15563425	tiki	134757633	fashion	Áo Sơ Mi Form Rộng GIẤU NÚT Tay Dài Hàn Quốc Áo Unisex Nam Nữ Vải Lụa Mềm Mịn Thoáng Mát Ít Nhăn - SMD02		5	Cực kì hài lòng	2022-03-23 15:35:55	2026-09-29 21:48:21
tk_15563426	tiki	134757633	fashion	Áo Sơ Mi Form Rộng GIẤU NÚT Tay Dài Hàn Quốc Áo Unisex Nam Nữ Vải Lụa Mềm Mịn Thoáng Mát Ít Nhăn - SMD02		5	Cực kì hài lòng	2022-03-23 15:35:59	2026-09-29 21:48:21
tk_14694928	tiki	134757633	fashion	Áo Sơ Mi Form Rộng GIẤU NÚT Tay Dài Hàn Quốc Áo Unisex Nam Nữ Vải Lụa Mềm Mịn Thoáng Mát Ít Nhăn - SMD02		5	Cực kì hài lòng	2022-01-26 07:07:01	2026-09-29 21:48:21
tk_14479599	tiki	134757633	fashion	Áo Sơ Mi Form Rộng GIẤU NÚT Tay Dài Hàn Quốc Áo Unisex Nam Nữ Vải Lụa Mềm Mịn Thoáng Mát Ít Nhăn - SMD02		5	Cực kì hài lòng	2022-01-15 19:43:31	2026-09-29 21:48:21
tk_14432683	tiki	134757633	fashion	Áo Sơ Mi Form Rộng GIẤU NÚT Tay Dài Hàn Quốc Áo Unisex Nam Nữ Vải Lụa Mềm Mịn Thoáng Mát Ít Nhăn - SMD02		5	Cực kì hài lòng	2022-01-13 17:05:43	2026-09-29 21:48:21
tk_14118467	tiki	134757633	fashion	Áo Sơ Mi Form Rộng GIẤU NÚT Tay Dài Hàn Quốc Áo Unisex Nam Nữ Vải Lụa Mềm Mịn Thoáng Mát Ít Nhăn - SMD02		5	Cực kì hài lòng	2021-12-28 11:29:33	2026-09-29 21:48:21
tk_13928263	tiki	134757633	fashion	Áo Sơ Mi Form Rộng GIẤU NÚT Tay Dài Hàn Quốc Áo Unisex Nam Nữ Vải Lụa Mềm Mịn Thoáng Mát Ít Nhăn - SMD02		5	Cực kì hài lòng	2021-12-19 12:08:13	2026-09-29 21:48:21
tk_18594077	tiki	134757633	fashion	Áo Sơ Mi Form Rộng GIẤU NÚT Tay Dài Hàn Quốc Áo Unisex Nam Nữ Vải Lụa Mềm Mịn Thoáng Mát Ít Nhăn - SMD02		2	(*) Đánh giá không tính điểm giao hàng thái độ,nạt nộ.... nói chung là *** như *** đell hiểu kiểu j.	2023-01-08 08:17:20	2026-09-29 21:48:21
tk_19960685	tiki	134750203	fashion	Áo Sơ Mi Trắng Form Rộng Unisex Nam Nữ Tay Dài Hàn Quốc Kiểu Cổ Bẻ Vải Lụa Nhiều Màu - SMD01		4	Hoi nhắn	2024-08-22 11:43:00	2026-09-29 21:48:28
tk_16518579	tiki	134750203	fashion	Áo Sơ Mi Trắng Form Rộng Unisex Nam Nữ Tay Dài Hàn Quốc Kiểu Cổ Bẻ Vải Lụa Nhiều Màu - SMD01		5	sorry vì đánh giá muộn, áo rất đẹp phù hợp với giá tiền kiểu dáng giống hình mọi người mua ủng hộ shop nha 😘😘😘	2022-05-30 22:39:56	2026-09-29 21:48:28
tk_17883545	tiki	134750203	fashion	Áo Sơ Mi Trắng Form Rộng Unisex Nam Nữ Tay Dài Hàn Quốc Kiểu Cổ Bẻ Vải Lụa Nhiều Màu - SMD01		5	Mua có 3 cái áo shop cho hẳn chai nước hoa 🌹	2022-10-06 12:29:28	2026-09-29 21:48:28
tk_19509092	tiki	134750203	fashion	Áo Sơ Mi Trắng Form Rộng Unisex Nam Nữ Tay Dài Hàn Quốc Kiểu Cổ Bẻ Vải Lụa Nhiều Màu - SMD01		5	Cực kì hài lòng	2023-09-06 11:06:48	2026-09-29 21:48:28
tk_19436935	tiki	134750203	fashion	Áo Sơ Mi Trắng Form Rộng Unisex Nam Nữ Tay Dài Hàn Quốc Kiểu Cổ Bẻ Vải Lụa Nhiều Màu - SMD01		5	Đỉnh	2023-08-06 14:03:59	2026-09-29 21:48:28
tk_19497470	tiki	134750203	fashion	Áo Sơ Mi Trắng Form Rộng Unisex Nam Nữ Tay Dài Hàn Quốc Kiểu Cổ Bẻ Vải Lụa Nhiều Màu - SMD01		5	Cực kì hài lòng	2023-08-30 21:55:47	2026-09-29 21:48:28
tk_14587006	tiki	134750203	fashion	Áo Sơ Mi Trắng Form Rộng Unisex Nam Nữ Tay Dài Hàn Quốc Kiểu Cổ Bẻ Vải Lụa Nhiều Màu - SMD01		5	áo vải mịn mát , mặc cực xịn , cực chất, lên form rất chất, cam rơn shop nhiều	2022-01-20 14:49:01	2026-09-29 21:48:28
tk_17362121	tiki	134750203	fashion	Áo Sơ Mi Trắng Form Rộng Unisex Nam Nữ Tay Dài Hàn Quốc Kiểu Cổ Bẻ Vải Lụa Nhiều Màu - SMD01		5	Cực kì hài lòng	2022-08-10 09:13:25	2026-09-29 21:48:28
tk_14133523	tiki	134750203	fashion	Áo Sơ Mi Trắng Form Rộng Unisex Nam Nữ Tay Dài Hàn Quốc Kiểu Cổ Bẻ Vải Lụa Nhiều Màu - SMD01		5	Áo vải mịn, mềm, mặc mát, shop thân thiện, ship rất nhanh và thân thiện	2021-12-28 22:56:10	2026-09-29 21:48:28
tk_16613185	tiki	134750203	fashion	Áo Sơ Mi Trắng Form Rộng Unisex Nam Nữ Tay Dài Hàn Quốc Kiểu Cổ Bẻ Vải Lụa Nhiều Màu - SMD01		5	áo đẹp, đúng mẫu mã, vì mua tặng nên chưa biết mặc có đẹp hay ko	2022-06-07 17:03:40	2026-09-29 21:48:28
tk_15515142	tiki	134750203	fashion	Áo Sơ Mi Trắng Form Rộng Unisex Nam Nữ Tay Dài Hàn Quốc Kiểu Cổ Bẻ Vải Lụa Nhiều Màu - SMD01		5	gói kỹ shop còn có lời cảm ơn dễ thương, chất vải cũng khá ổn so với giá	2022-03-20 14:34:55	2026-09-29 21:48:28
tk_18643608	tiki	134750203	fashion	Áo Sơ Mi Trắng Form Rộng Unisex Nam Nữ Tay Dài Hàn Quốc Kiểu Cổ Bẻ Vải Lụa Nhiều Màu - SMD01		4	Hài lòng	2023-01-15 15:06:57	2026-09-29 21:48:28
tk_18487675	tiki	134750203	fashion	Áo Sơ Mi Trắng Form Rộng Unisex Nam Nữ Tay Dài Hàn Quốc Kiểu Cổ Bẻ Vải Lụa Nhiều Màu - SMD01		5	Cực kì hài lòng	2022-12-23 16:24:41	2026-09-29 21:48:28
tk_18241129	tiki	134750203	fashion	Áo Sơ Mi Trắng Form Rộng Unisex Nam Nữ Tay Dài Hàn Quốc Kiểu Cổ Bẻ Vải Lụa Nhiều Màu - SMD01		5	Cực kì hài lòng	2022-11-19 08:44:21	2026-09-29 21:48:28
tk_16483479	tiki	134750203	fashion	Áo Sơ Mi Trắng Form Rộng Unisex Nam Nữ Tay Dài Hàn Quốc Kiểu Cổ Bẻ Vải Lụa Nhiều Màu - SMD01		2	Áo mất khuy, không hài lòng :)	2022-05-27 19:49:12	2026-09-29 21:48:28
tk_17003071	tiki	134750203	fashion	Áo Sơ Mi Trắng Form Rộng Unisex Nam Nữ Tay Dài Hàn Quốc Kiểu Cổ Bẻ Vải Lụa Nhiều Màu - SMD01		5	Đỉnh nhắm shop ơi	2022-07-09 18:27:51	2026-09-29 21:48:28
tk_15873254	tiki	134750203	fashion	Áo Sơ Mi Trắng Form Rộng Unisex Nam Nữ Tay Dài Hàn Quốc Kiểu Cổ Bẻ Vải Lụa Nhiều Màu - SMD01		1	áo hk mặc vừa shop làm ăn kì quá	2022-04-11 12:22:15	2026-09-29 21:48:28
tk_14084138	tiki	134750203	fashion	Áo Sơ Mi Trắng Form Rộng Unisex Nam Nữ Tay Dài Hàn Quốc Kiểu Cổ Bẻ Vải Lụa Nhiều Màu - SMD01		4	màu xanh hơi đậm nói chung hàng ok nêm mua shop này	2021-12-26 16:20:02	2026-09-29 21:48:28
tk_17224628	tiki	134750203	fashion	Áo Sơ Mi Trắng Form Rộng Unisex Nam Nữ Tay Dài Hàn Quốc Kiểu Cổ Bẻ Vải Lụa Nhiều Màu - SMD01		5	Cực kì hài lòng	2022-07-28 09:29:46	2026-09-29 21:48:28
tk_17126064	tiki	134750203	fashion	Áo Sơ Mi Trắng Form Rộng Unisex Nam Nữ Tay Dài Hàn Quốc Kiểu Cổ Bẻ Vải Lụa Nhiều Màu - SMD01		5	ok	2022-07-19 17:45:35	2026-09-29 21:48:28
tk_17202927	tiki	134750203	fashion	Áo Sơ Mi Trắng Form Rộng Unisex Nam Nữ Tay Dài Hàn Quốc Kiểu Cổ Bẻ Vải Lụa Nhiều Màu - SMD01		5	Cực kì hài lòng	2022-07-26 06:52:02	2026-09-29 21:48:30
tk_17169025	tiki	134750203	fashion	Áo Sơ Mi Trắng Form Rộng Unisex Nam Nữ Tay Dài Hàn Quốc Kiểu Cổ Bẻ Vải Lụa Nhiều Màu - SMD01		5	Cực kì hài lòng	2022-07-22 22:16:59	2026-09-29 21:48:30
tk_16886733	tiki	134750203	fashion	Áo Sơ Mi Trắng Form Rộng Unisex Nam Nữ Tay Dài Hàn Quốc Kiểu Cổ Bẻ Vải Lụa Nhiều Màu - SMD01		5	tốt	2022-06-29 22:31:30	2026-09-29 21:48:30
tk_16904266	tiki	134750203	fashion	Áo Sơ Mi Trắng Form Rộng Unisex Nam Nữ Tay Dài Hàn Quốc Kiểu Cổ Bẻ Vải Lụa Nhiều Màu - SMD01		4	Hài lòng	2022-07-01 16:28:41	2026-09-29 21:48:30
tk_16853608	tiki	134750203	fashion	Áo Sơ Mi Trắng Form Rộng Unisex Nam Nữ Tay Dài Hàn Quốc Kiểu Cổ Bẻ Vải Lụa Nhiều Màu - SMD01		5	Cực kì hài lòng	2022-06-27 08:42:46	2026-09-29 21:48:30
tk_16706338	tiki	134750203	fashion	Áo Sơ Mi Trắng Form Rộng Unisex Nam Nữ Tay Dài Hàn Quốc Kiểu Cổ Bẻ Vải Lụa Nhiều Màu - SMD01		4	Cực kì hài lòng	2022-06-14 12:46:15	2026-09-29 21:48:30
tk_15209926	tiki	134750203	fashion	Áo Sơ Mi Trắng Form Rộng Unisex Nam Nữ Tay Dài Hàn Quốc Kiểu Cổ Bẻ Vải Lụa Nhiều Màu - SMD01		5	sản phẩm rất ok đẹp	2022-03-01 21:16:18	2026-09-29 21:48:30
tk_16675146	tiki	134750203	fashion	Áo Sơ Mi Trắng Form Rộng Unisex Nam Nữ Tay Dài Hàn Quốc Kiểu Cổ Bẻ Vải Lụa Nhiều Màu - SMD01		5	Cực kì hài lòng	2022-06-11 20:08:30	2026-09-29 21:48:30
tk_16366720	tiki	134750203	fashion	Áo Sơ Mi Trắng Form Rộng Unisex Nam Nữ Tay Dài Hàn Quốc Kiểu Cổ Bẻ Vải Lụa Nhiều Màu - SMD01		5	Cực kì hài lòng	2022-05-18 05:59:55	2026-09-29 21:48:30
tk_16319396	tiki	134750203	fashion	Áo Sơ Mi Trắng Form Rộng Unisex Nam Nữ Tay Dài Hàn Quốc Kiểu Cổ Bẻ Vải Lụa Nhiều Màu - SMD01		5	Cực kì hài lòng	2022-05-14 08:55:43	2026-09-29 21:48:30
tk_16114379	tiki	134750203	fashion	Áo Sơ Mi Trắng Form Rộng Unisex Nam Nữ Tay Dài Hàn Quốc Kiểu Cổ Bẻ Vải Lụa Nhiều Màu - SMD01		4	Hài lòng	2022-04-27 19:46:48	2026-09-29 21:48:30
tk_16090489	tiki	134750203	fashion	Áo Sơ Mi Trắng Form Rộng Unisex Nam Nữ Tay Dài Hàn Quốc Kiểu Cổ Bẻ Vải Lụa Nhiều Màu - SMD01		5	Cực kì hài lòng	2022-04-25 23:50:32	2026-09-29 21:48:30
tk_15763362	tiki	134750203	fashion	Áo Sơ Mi Trắng Form Rộng Unisex Nam Nữ Tay Dài Hàn Quốc Kiểu Cổ Bẻ Vải Lụa Nhiều Màu - SMD01		5	Cực kì hài lòng	2022-04-04 11:43:36	2026-09-29 21:48:30
tk_15593405	tiki	134750203	fashion	Áo Sơ Mi Trắng Form Rộng Unisex Nam Nữ Tay Dài Hàn Quốc Kiểu Cổ Bẻ Vải Lụa Nhiều Màu - SMD01		5	Cực kì hài lòng	2022-03-25 14:31:41	2026-09-29 21:48:30
tk_15209928	tiki	134750203	fashion	Áo Sơ Mi Trắng Form Rộng Unisex Nam Nữ Tay Dài Hàn Quốc Kiểu Cổ Bẻ Vải Lụa Nhiều Màu - SMD01		5	đẹp	2022-03-01 21:16:26	2026-09-29 21:48:30
tk_15406808	tiki	134750203	fashion	Áo Sơ Mi Trắng Form Rộng Unisex Nam Nữ Tay Dài Hàn Quốc Kiểu Cổ Bẻ Vải Lụa Nhiều Màu - SMD01		5	Cực kì hài lòng	2022-03-14 09:16:20	2026-09-29 21:48:30
tk_15340829	tiki	134750203	fashion	Áo Sơ Mi Trắng Form Rộng Unisex Nam Nữ Tay Dài Hàn Quốc Kiểu Cổ Bẻ Vải Lụa Nhiều Màu - SMD01		5	Cực kì hài lòng	2022-03-09 23:03:49	2026-09-29 21:48:30
tk_14643889	tiki	134750203	fashion	Áo Sơ Mi Trắng Form Rộng Unisex Nam Nữ Tay Dài Hàn Quốc Kiểu Cổ Bẻ Vải Lụa Nhiều Màu - SMD01		5	áo đẹp	2022-01-23 13:27:26	2026-09-29 21:48:30
tk_15040474	tiki	134750203	fashion	Áo Sơ Mi Trắng Form Rộng Unisex Nam Nữ Tay Dài Hàn Quốc Kiểu Cổ Bẻ Vải Lụa Nhiều Màu - SMD01		5	Cực kì hài lòng	2022-02-19 19:28:53	2026-09-29 21:48:30
tk_15017303	tiki	134750203	fashion	Áo Sơ Mi Trắng Form Rộng Unisex Nam Nữ Tay Dài Hàn Quốc Kiểu Cổ Bẻ Vải Lụa Nhiều Màu - SMD01		5	Cực kì hài lòng	2022-02-18 11:19:01	2026-09-29 21:48:30
tk_14454959	tiki	134750203	fashion	Áo Sơ Mi Trắng Form Rộng Unisex Nam Nữ Tay Dài Hàn Quốc Kiểu Cổ Bẻ Vải Lụa Nhiều Màu - SMD01		5	rất ok	2022-01-14 17:10:45	2026-09-29 21:48:31
tk_14842458	tiki	134750203	fashion	Áo Sơ Mi Trắng Form Rộng Unisex Nam Nữ Tay Dài Hàn Quốc Kiểu Cổ Bẻ Vải Lụa Nhiều Màu - SMD01		4	Hài lòng	2022-02-08 13:18:03	2026-09-29 21:48:31
tk_14785990	tiki	134750203	fashion	Áo Sơ Mi Trắng Form Rộng Unisex Nam Nữ Tay Dài Hàn Quốc Kiểu Cổ Bẻ Vải Lụa Nhiều Màu - SMD01		4	Hài lòng	2022-02-04 12:03:21	2026-09-29 21:48:31
tk_14498548	tiki	134750203	fashion	Áo Sơ Mi Trắng Form Rộng Unisex Nam Nữ Tay Dài Hàn Quốc Kiểu Cổ Bẻ Vải Lụa Nhiều Màu - SMD01		4	ok	2022-01-16 16:25:02	2026-09-29 21:48:31
tk_14496142	tiki	134750203	fashion	Áo Sơ Mi Trắng Form Rộng Unisex Nam Nữ Tay Dài Hàn Quốc Kiểu Cổ Bẻ Vải Lụa Nhiều Màu - SMD01		5	Cực kì hài lòng	2022-01-16 14:48:27	2026-09-29 21:48:31
tk_14158148	tiki	134750203	fashion	Áo Sơ Mi Trắng Form Rộng Unisex Nam Nữ Tay Dài Hàn Quốc Kiểu Cổ Bẻ Vải Lụa Nhiều Màu - SMD01		5	Cực kì hài lòng	2021-12-30 10:13:20	2026-09-29 21:48:31
tk_14146066	tiki	134750203	fashion	Áo Sơ Mi Trắng Form Rộng Unisex Nam Nữ Tay Dài Hàn Quốc Kiểu Cổ Bẻ Vải Lụa Nhiều Màu - SMD01		5	Cực kì hài lòng	2021-12-29 15:50:55	2026-09-29 21:48:31
tk_19895004	tiki	176250783	fashion	Áo thun nam Cotton Compact Premium trẻ trung năng động thấm hút mồ hôi co giãn 4 chiều MRM Manlywear		5	Áo phim đẹp, vải tốt, mặc rất mát và thoải mái. Mình mua nhiều lần rồi. Tiki 2h giao hàng nhanh. Ok luôn 💐	2024-06-07 11:53:53	2026-09-29 21:48:37
tk_16309325	tiki	176250783	fashion	Áo thun nam Cotton Compact Premium trẻ trung năng động thấm hút mồ hôi co giãn 4 chiều MRM Manlywear		5	Cực kì hài lòng khi nhận được hàng. Áo thun đẹp , cao cấp từ Logo, thông tin Brand rõ ràng. chất cotton co dãn tốt và mùa hè mặc mát thoải mái và thấm mồ hôi tốt. Dịch vụ tikinow 2h đi kèm, nhận hàng luôn mà chi phí ship cực rẻ, giá không quá đắt nhưng bù lại mọi thứ khác 10/10.	2022-05-13 11:49:25	2026-09-29 21:48:37
tk_16269139	tiki	176250783	fashion	Áo thun nam Cotton Compact Premium trẻ trung năng động thấm hút mồ hôi co giãn 4 chiều MRM Manlywear		5	Giao hàng 2h quá nhanh luôn ạ, sáng đặt chiều có liền, chất lượng áo khỏi bàn luôn ạ, từng mua quần tất của shop , mua thêm áo. Mặc rất vừa , rất hài lòng ạ, thấy chất lượng, đóng gói dịch vụ tốt hơn các lần trước á . 5*, sẽ tiếp tục ủng hộ a.	2022-05-10 10:57:10	2026-09-29 21:48:37
tk_20213980	tiki	176250783	fashion	Áo thun nam Cotton Compact Premium trẻ trung năng động thấm hút mồ hôi co giãn 4 chiều MRM Manlywear		5	Rất hài lòng nha	2026-02-22 09:47:31	2026-09-29 21:48:37
tk_20229419	tiki	176250783	fashion	Áo thun nam Cotton Compact Premium trẻ trung năng động thấm hút mồ hôi co giãn 4 chiều MRM Manlywear		5	Cực kì hài lòng	2026-04-27 11:11:17	2026-09-29 21:48:37
tk_20216128	tiki	176250783	fashion	Áo thun nam Cotton Compact Premium trẻ trung năng động thấm hút mồ hôi co giãn 4 chiều MRM Manlywear		5	Cực kì hài lòng	2026-03-01 12:23:28	2026-09-29 21:48:37
tk_20203712	tiki	176250783	fashion	Áo thun nam Cotton Compact Premium trẻ trung năng động thấm hút mồ hôi co giãn 4 chiều MRM Manlywear		5	Cực kì hài lòng	2026-01-06 17:06:05	2026-09-29 21:48:37
tk_20191063	tiki	176250783	fashion	Áo thun nam Cotton Compact Premium trẻ trung năng động thấm hút mồ hôi co giãn 4 chiều MRM Manlywear		4	Hài lòng	2025-11-16 11:45:19	2026-09-29 21:48:37
tk_20149803	tiki	176250783	fashion	Áo thun nam Cotton Compact Premium trẻ trung năng động thấm hút mồ hôi co giãn 4 chiều MRM Manlywear		5	shop rất nhiệt tình	2025-07-22 16:41:27	2026-09-29 21:48:37
tk_16214351	tiki	176250783	fashion	Áo thun nam Cotton Compact Premium trẻ trung năng động thấm hút mồ hôi co giãn 4 chiều MRM Manlywear		5	Màu sắc giống như ảnh, lựa theo bảng size của shop rất vừa, mặc đẹp. sờ chất vải mềm mịn mặc mát. Giặt được 2 lần , áo không bị phai màu, cũng không bị nhăn. giá tiền và chất lượng dịch vụ tương xứng. 5* ủng hộ nên mua nhé	2022-05-06 11:56:42	2026-09-29 21:48:37
tk_16202320	tiki	176250783	fashion	Áo thun nam Cotton Compact Premium trẻ trung năng động thấm hút mồ hôi co giãn 4 chiều MRM Manlywear		5	Cực kì hài lòng, áo chất lượng mặc vừa vặn, nhận hàng mặc luôn mà chưa kịp giặt. Shop đóng gói đẹp và giao hàng cực nhanh. Trải nghiệm thêm 1 thời gian xem có bai dão không, dùng tốt chắc chắn sẽ quay lại mua thêm các màu khác ạ .,v.v	2022-05-05 14:31:12	2026-09-29 21:48:37
tk_20123430	tiki	176250783	fashion	Áo thun nam Cotton Compact Premium trẻ trung năng động thấm hút mồ hôi co giãn 4 chiều MRM Manlywear		5	Giống mô tả, mặc khá thoáng mát	2025-05-14 13:46:02	2026-09-29 21:48:37
tk_20122016	tiki	176250783	fashion	Áo thun nam Cotton Compact Premium trẻ trung năng động thấm hút mồ hôi co giãn 4 chiều MRM Manlywear		5	Chất liệu vải đẹp, màu sắc OK	2025-05-11 06:18:20	2026-09-29 21:48:37
tk_20176927	tiki	176250783	fashion	Áo thun nam Cotton Compact Premium trẻ trung năng động thấm hút mồ hôi co giãn 4 chiều MRM Manlywear		4	Hài lòng	2025-10-03 11:00:01	2026-09-29 21:48:37
tk_16287033	tiki	176250783	fashion	Áo thun nam Cotton Compact Premium trẻ trung năng động thấm hút mồ hôi co giãn 4 chiều MRM Manlywear		5	Đóng gói đẹp, 2 áo đựng trong 2 hộp, thông tin rất rõ ràng. Hàng thương hiệu, giá bình ổn. Chat cho shop nhờ tư vấn và được phản hồi rất nhanh, thân thiện, chất lượng đến dịch vụ mình đều rất hài lòng, vote 5 * cho Shopp	2022-05-11 15:35:00	2026-09-29 21:48:37
tk_16136696	tiki	176250783	fashion	Áo thun nam Cotton Compact Premium trẻ trung năng động thấm hút mồ hôi co giãn 4 chiều MRM Manlywear		5	Áo rất đẹp ạ, mình chọn theo bảng size là chuẩn 68 kg mặc L rất vừa . Kiểu dáng Basic nên rất dễ mặc, áo mặc mát chất co giãn tốt mặc mấy hôm rồi thấy không bị nhăn. rất hài lòng 5* (^-^	2022-04-29 17:25:41	2026-09-29 21:48:37
tk_20151357	tiki	176250783	fashion	Áo thun nam Cotton Compact Premium trẻ trung năng động thấm hút mồ hôi co giãn 4 chiều MRM Manlywear		4	Hài lòng	2025-07-26 18:22:22	2026-09-29 21:48:37
tk_19964469	tiki	176250783	fashion	Áo thun nam Cotton Compact Premium trẻ trung năng động thấm hút mồ hôi co giãn 4 chiều MRM Manlywear		3	Mịn mát chưa mặc nên chưa biết độ bền thế nào. Ship hàng khá nhanh	2024-08-26 21:39:15	2026-09-29 21:48:37
tk_19964468	tiki	176250783	fashion	Áo thun nam Cotton Compact Premium trẻ trung năng động thấm hút mồ hôi co giãn 4 chiều MRM Manlywear		4	Mịn mát chưa mặc nên chưa biết độ bền thế nào. Ship hàng khá nhanh	2024-08-26 21:38:29	2026-09-29 21:48:37
tk_16300149	tiki	176250783	fashion	Áo thun nam Cotton Compact Premium trẻ trung năng động thấm hút mồ hôi co giãn 4 chiều MRM Manlywear		5	Rất hài lòng , mua của shop 5 đơn rồi, trước đã dùng tất, quần lót quần đùi. giờ mua thêm áo thun luôn ạ. Hàng đẹp, đóng gói tốt. Giao hàng nhanh số 1 luôn ạ, em toàn chọn tikinow 2h nên cần là có ngay, 5/5 * luôn,.	2022-05-12 16:07:58	2026-09-29 21:48:37
tk_20121456	tiki	176250783	fashion	Áo thun nam Cotton Compact Premium trẻ trung năng động thấm hút mồ hôi co giãn 4 chiều MRM Manlywear		5	Cực kì hài lòng	2025-05-09 19:01:19	2026-09-29 21:48:38
tk_19411284	tiki	176250783	fashion	Áo thun nam Cotton Compact Premium trẻ trung năng động thấm hút mồ hôi co giãn 4 chiều MRM Manlywear		5	Sản phẩm rất OK 👍👍👍👍👍	2023-07-26 20:11:21	2026-09-29 21:48:38
tk_16112160	tiki	176250783	fashion	Áo thun nam Cotton Compact Premium trẻ trung năng động thấm hút mồ hôi co giãn 4 chiều MRM Manlywear		5	Chất áo đẹp, thun cotton 95% mềm mịn, sờ mát. co giãn khá tốt. mặc mùa hè mát. Shop đóng gói đẹp, Tiki giao hàng thì siêu nhanh rồi.	2022-04-27 16:13:29	2026-09-29 21:48:38
tk_20115181	tiki	176250783	fashion	Áo thun nam Cotton Compact Premium trẻ trung năng động thấm hút mồ hôi co giãn 4 chiều MRM Manlywear		5	Cực kì hài lòng	2025-04-24 17:00:27	2026-09-29 21:48:38
tk_20084265	tiki	176250783	fashion	Áo thun nam Cotton Compact Premium trẻ trung năng động thấm hút mồ hôi co giãn 4 chiều MRM Manlywear		5	Đẹp tốt	2025-02-19 13:15:38	2026-09-29 21:48:38
tk_20089668	tiki	176250783	fashion	Áo thun nam Cotton Compact Premium trẻ trung năng động thấm hút mồ hôi co giãn 4 chiều MRM Manlywear		5	Ok.	2025-03-02 10:41:12	2026-09-29 21:48:38
tk_20088824	tiki	176250783	fashion	Áo thun nam Cotton Compact Premium trẻ trung năng động thấm hút mồ hôi co giãn 4 chiều MRM Manlywear		5	Cực kì hài lòng	2025-02-28 14:08:02	2026-09-29 21:48:38
tk_19799400	tiki	176250783	fashion	Áo thun nam Cotton Compact Premium trẻ trung năng động thấm hút mồ hôi co giãn 4 chiều MRM Manlywear		5	Okie	2024-03-09 13:14:47	2026-09-29 21:48:38
tk_19411280	tiki	176250783	fashion	Áo thun nam Cotton Compact Premium trẻ trung năng động thấm hút mồ hôi co giãn 4 chiều MRM Manlywear		5	Hàng rất đẹp	2023-07-26 20:10:31	2026-09-29 21:48:38
tk_19799402	tiki	176250783	fashion	Áo thun nam Cotton Compact Premium trẻ trung năng động thấm hút mồ hôi co giãn 4 chiều MRM Manlywear		5	Cực kì hài lòng	2024-03-09 13:15:14	2026-09-29 21:48:38
tk_19982221	tiki	176250783	fashion	Áo thun nam Cotton Compact Premium trẻ trung năng động thấm hút mồ hôi co giãn 4 chiều MRM Manlywear		5	Vải tốt. Nên mua to hơn 1 size.	2024-09-17 00:44:16	2026-09-29 21:48:38
tk_18603722	tiki	176250783	fashion	Áo thun nam Cotton Compact Premium trẻ trung năng động thấm hút mồ hôi co giãn 4 chiều MRM Manlywear		5	Mình mua lần 2 . Chất lượng tốt Tiki giao hàng nhanh. Ok	2023-01-09 14:47:53	2026-09-29 21:48:38
tk_20064185	tiki	176250783	fashion	Áo thun nam Cotton Compact Premium trẻ trung năng động thấm hút mồ hôi co giãn 4 chiều MRM Manlywear		4	Hài lòng	2025-01-11 13:26:28	2026-09-29 21:48:38
tk_16308993	tiki	176250783	fashion	Áo thun nam Cotton Compact Premium trẻ trung năng động thấm hút mồ hôi co giãn 4 chiều MRM Manlywear		5	Vừa nhận hàng ạ, hộp bên ngoài hơi óp do vận chuyển, còn sản phẩm bên trong còn có hộp của shop, bọc cẩn thận. rất hài lòng, chất lượng chắc để ông xã mặc xem thế nào, sp tốt em sẽ ủng hộ tiếp ạ.	2022-05-13 11:27:39	2026-09-29 21:48:38
tk_20038779	tiki	176250783	fashion	Áo thun nam Cotton Compact Premium trẻ trung năng động thấm hút mồ hôi co giãn 4 chiều MRM Manlywear		5	Cực kì hài lòng	2024-11-28 14:29:18	2026-09-29 21:48:38
tk_19626532	tiki	176250783	fashion	Áo thun nam Cotton Compact Premium trẻ trung năng động thấm hút mồ hôi co giãn 4 chiều MRM Manlywear		5	Rất ưng ý. Chúc shop luôn nhiều đơn!	2023-11-03 10:02:39	2026-09-29 21:48:38
tk_19986940	tiki	176250783	fashion	Áo thun nam Cotton Compact Premium trẻ trung năng động thấm hút mồ hôi co giãn 4 chiều MRM Manlywear		5	Cực kì hài lòng	2024-09-22 16:31:36	2026-09-29 21:48:38
tk_19962493	tiki	176250783	fashion	Áo thun nam Cotton Compact Premium trẻ trung năng động thấm hút mồ hôi co giãn 4 chiều MRM Manlywear		5	Cực kì hài lòng	2024-08-24 15:21:31	2026-09-29 21:48:38
tk_19941276	tiki	176250783	fashion	Áo thun nam Cotton Compact Premium trẻ trung năng động thấm hút mồ hôi co giãn 4 chiều MRM Manlywear		5	Cực kì hài lòng	2024-07-31 13:56:36	2026-09-29 21:48:38
tk_19917666	tiki	176250783	fashion	Áo thun nam Cotton Compact Premium trẻ trung năng động thấm hút mồ hôi co giãn 4 chiều MRM Manlywear		5	Cực kì hài lòng	2024-07-03 20:36:59	2026-09-29 21:48:38
tk_16758529	tiki	176250783	fashion	Áo thun nam Cotton Compact Premium trẻ trung năng động thấm hút mồ hôi co giãn 4 chiều MRM Manlywear		4	cũng dc, nam 65kg size L hơi chật nha, giặt máy xong thấy hơi nhăn, cổ hơi giãn 1 tí, mua mặc cũng được nhưng đừng kì vọng quá	2022-06-18 20:48:22	2026-09-29 21:48:40
tk_16573283	tiki	176250783	fashion	Áo thun nam Cotton Compact Premium trẻ trung năng động thấm hút mồ hôi co giãn 4 chiều MRM Manlywear		5	Mặc 1 tuần rồi, đánh giá chất lượng ổn, mặc thoải mái, vải mát, co giãn tốt. giặt không bị ra màu, không bị nhăn sau vài lần dùng. Sẽ mua lại, hài lòng !!	2022-06-04 14:20:39	2026-09-29 21:48:40
tk_19876564	tiki	176250783	fashion	Áo thun nam Cotton Compact Premium trẻ trung năng động thấm hút mồ hôi co giãn 4 chiều MRM Manlywear		5	Tốt	2024-05-18 14:54:13	2026-09-29 21:48:40
tk_19865781	tiki	176250783	fashion	Áo thun nam Cotton Compact Premium trẻ trung năng động thấm hút mồ hôi co giãn 4 chiều MRM Manlywear		5	Tốt	2024-05-07 14:22:48	2026-09-29 21:48:40
tk_19873403	tiki	176250783	fashion	Áo thun nam Cotton Compact Premium trẻ trung năng động thấm hút mồ hôi co giãn 4 chiều MRM Manlywear		5	Cực kì hài lòng	2024-05-14 22:50:27	2026-09-29 21:48:40
tk_19861373	tiki	176250783	fashion	Áo thun nam Cotton Compact Premium trẻ trung năng động thấm hút mồ hôi co giãn 4 chiều MRM Manlywear		5	Cực kì hài lòng	2024-05-03 20:41:15	2026-09-29 21:48:40
tk_19860701	tiki	176250783	fashion	Áo thun nam Cotton Compact Premium trẻ trung năng động thấm hút mồ hôi co giãn 4 chiều MRM Manlywear		5	Cực kì hài lòng	2024-05-03 10:30:28	2026-09-29 21:48:40
tk_19650894	tiki	176250783	fashion	Áo thun nam Cotton Compact Premium trẻ trung năng động thấm hút mồ hôi co giãn 4 chiều MRM Manlywear		5	Cực kì hài lòng	2023-11-17 12:33:04	2026-09-29 21:48:40
tk_19856583	tiki	176250783	fashion	Áo thun nam Cotton Compact Premium trẻ trung năng động thấm hút mồ hôi co giãn 4 chiều MRM Manlywear		5	Cực kì hài lòng	2024-04-28 10:11:39	2026-09-29 21:48:40
tk_19856584	tiki	176250783	fashion	Áo thun nam Cotton Compact Premium trẻ trung năng động thấm hút mồ hôi co giãn 4 chiều MRM Manlywear		5	Cực kì hài lòng	2024-04-28 10:11:53	2026-09-29 21:48:40
tk_19853522	tiki	176250783	fashion	Áo thun nam Cotton Compact Premium trẻ trung năng động thấm hút mồ hôi co giãn 4 chiều MRM Manlywear		5	Cực kì hài lòng	2024-04-24 22:30:47	2026-09-29 21:48:40
tk_19626531	tiki	176250783	fashion	Áo thun nam Cotton Compact Premium trẻ trung năng động thấm hút mồ hôi co giãn 4 chiều MRM Manlywear		5	Rất ưng ý. Chúc shop luôn nhiều đơn!	2023-11-03 10:02:39	2026-09-29 21:48:40
tk_19626533	tiki	176250783	fashion	Áo thun nam Cotton Compact Premium trẻ trung năng động thấm hút mồ hôi co giãn 4 chiều MRM Manlywear		5	Rất ưng ý. Chúc shop luôn nhiều đơn!	2023-11-03 10:02:40	2026-09-29 21:48:40
tk_18841085	tiki	176250783	fashion	Áo thun nam Cotton Compact Premium trẻ trung năng động thấm hút mồ hôi co giãn 4 chiều MRM Manlywear		4	Mình đặt màu trắng với màu đen,Shop giao 2 màu trắng.	2023-02-21 14:04:59	2026-09-29 21:48:40
tk_16313290	tiki	176250783	fashion	Áo thun nam Cotton Compact Premium trẻ trung năng động thấm hút mồ hôi co giãn 4 chiều MRM Manlywear		5	Thun cotton mềm mịn, sờ mát. Áo đem giặt lần đầu không bị ra màu, Form rộng, chồng mình 68kg mặc L rộng rãi thoải mái. Áo đẹp thấy mặc suốt à :))	2022-05-13 16:58:25	2026-09-29 21:48:40
tk_19636028	tiki	176250783	fashion	Áo thun nam Cotton Compact Premium trẻ trung năng động thấm hút mồ hôi co giãn 4 chiều MRM Manlywear		4	Sản phẩm tinh tế trong tầm giá	2023-11-08 22:41:38	2026-09-29 21:48:40
tk_19259442	tiki	176250783	fashion	Áo thun nam Cotton Compact Premium trẻ trung năng động thấm hút mồ hôi co giãn 4 chiều MRM Manlywear		5	Chất liệu vải đẹp áo đẹp	2023-06-04 15:06:20	2026-09-29 21:48:40
tk_19259897	tiki	176250783	fashion	Áo thun nam Cotton Compact Premium trẻ trung năng động thấm hút mồ hôi co giãn 4 chiều MRM Manlywear		4	Chất liệu cũng ổn nhưng lúc giặt có ra nhiều tơ nhỏ màu đen	2023-06-04 18:01:38	2026-09-29 21:48:40
tk_16825626	tiki	176250783	fashion	Áo thun nam Cotton Compact Premium trẻ trung năng động thấm hút mồ hôi co giãn 4 chiều MRM Manlywear		5	mua cho bố ạ, áo rất đẹp bố em rất thích. cảm ơn shop, món quà tuyệt vời dành tặng bố dịp sinh nhật. sẽ tiếp tục ủng hộ shop ạ	2022-06-24 17:36:38	2026-09-29 21:48:40
tk_16439208	tiki	176250783	fashion	Áo thun nam Cotton Compact Premium trẻ trung năng động thấm hút mồ hôi co giãn 4 chiều MRM Manlywear		4	Mình 58kg (mua size L) nhưng mặc vào vẫn thấy hơi bó. lúc đầu cứ nghĩ là hàng slim fit. xem đi xem lại thì không phải. Đề nghị shop xem lại size.	2022-05-24 09:21:07	2026-09-29 21:48:40
tk_19451858	tiki	176250783	fashion	Áo thun nam Cotton Compact Premium trẻ trung năng động thấm hút mồ hôi co giãn 4 chiều MRM Manlywear		5	Chất liệu vải tốt, áo đẹp, thấm hút tốt.	2023-08-11 23:23:59	2026-09-29 21:48:41
tk_16824343	tiki	176250783	fashion	Áo thun nam Cotton Compact Premium trẻ trung năng động thấm hút mồ hôi co giãn 4 chiều MRM Manlywear		5	sản phẩm chất lượng, mình toàn mua đồ cho ong xã ở đây. rất hài lòng về chất lượng cũng như bao bì đóng gói đẹp, cẩn thận	2022-06-24 15:22:22	2026-09-29 21:48:41
tk_19757009	tiki	176250783	fashion	Áo thun nam Cotton Compact Premium trẻ trung năng động thấm hút mồ hôi co giãn 4 chiều MRM Manlywear		5	Cực kì hài lòng	2024-02-02 16:02:35	2026-09-29 21:48:41
tk_16205130	tiki	176250783	fashion	Áo thun nam Cotton Compact Premium trẻ trung năng động thấm hút mồ hôi co giãn 4 chiều MRM Manlywear		5	Đóng gói đẹp, mua tặng quà sinh nhật ạ, Bạn mình mặc rất vừa áo của shop. Shop giao hàng nhanh nhận đúng dịp SNhat. 5* tuyệt vời luôn ạ	2022-05-05 17:54:27	2026-09-29 21:48:41
tk_19686621	tiki	176250783	fashion	Áo thun nam Cotton Compact Premium trẻ trung năng động thấm hút mồ hôi co giãn 4 chiều MRM Manlywear		5	Xin. Luôn	2023-12-18 15:09:43	2026-09-29 21:48:41
tk_19740663	tiki	176250783	fashion	Áo thun nam Cotton Compact Premium trẻ trung năng động thấm hút mồ hôi co giãn 4 chiều MRM Manlywear		5	Cực kì hài lòng	2024-01-23 09:42:17	2026-09-29 21:48:41
tk_19735333	tiki	176250783	fashion	Áo thun nam Cotton Compact Premium trẻ trung năng động thấm hút mồ hôi co giãn 4 chiều MRM Manlywear		5	Cực kì hài lòng	2024-01-19 21:01:10	2026-09-29 21:48:41
tk_19732614	tiki	176250783	fashion	Áo thun nam Cotton Compact Premium trẻ trung năng động thấm hút mồ hôi co giãn 4 chiều MRM Manlywear		5	Cực kì hài lòng	2024-01-18 07:33:18	2026-09-29 21:48:41
tk_19727333	tiki	176250783	fashion	Áo thun nam Cotton Compact Premium trẻ trung năng động thấm hút mồ hôi co giãn 4 chiều MRM Manlywear		5	Cực kì hài lòng	2024-01-15 02:57:47	2026-09-29 21:48:41
tk_19711978	tiki	176250783	fashion	Áo thun nam Cotton Compact Premium trẻ trung năng động thấm hút mồ hôi co giãn 4 chiều MRM Manlywear		5	Cực kì hài lòng	2024-01-05 15:57:57	2026-09-29 21:48:41
tk_19711882	tiki	176250783	fashion	Áo thun nam Cotton Compact Premium trẻ trung năng động thấm hút mồ hôi co giãn 4 chiều MRM Manlywear		4	Hài lòng	2024-01-05 14:54:05	2026-09-29 21:48:41
tk_19694733	tiki	176250783	fashion	Áo thun nam Cotton Compact Premium trẻ trung năng động thấm hút mồ hôi co giãn 4 chiều MRM Manlywear		5	Cực kì hài lòng	2023-12-25 12:49:14	2026-09-29 21:48:41
tk_19690186	tiki	176250783	fashion	Áo thun nam Cotton Compact Premium trẻ trung năng động thấm hút mồ hôi co giãn 4 chiều MRM Manlywear		5	Cực kì hài lòng	2023-12-22 00:32:11	2026-09-29 21:48:41
tk_19690188	tiki	176250783	fashion	Áo thun nam Cotton Compact Premium trẻ trung năng động thấm hút mồ hôi co giãn 4 chiều MRM Manlywear		5	Cực kì hài lòng	2023-12-22 00:32:25	2026-09-29 21:48:41
tk_16786789	tiki	176250783	fashion	Áo thun nam Cotton Compact Premium trẻ trung năng động thấm hút mồ hôi co giãn 4 chiều MRM Manlywear		5	Rất hài lòng, chất lượng tốt trong tầm giá, có now2h đặt hàng có ngay, lại còn được hỗ trợ phí vận chuyển 5*	2022-06-21 12:30:37	2026-09-29 21:48:41
tk_16786839	tiki	176250783	fashion	Áo thun nam Cotton Compact Premium trẻ trung năng động thấm hút mồ hôi co giãn 4 chiều MRM Manlywear		5	mua lần 2, chất lượng vẫn được được đảm bảo như trước, áo co giãn tốt, vải mát, thấm hút mồ hôi tốt.	2022-06-21 12:34:22	2026-09-29 21:48:41
tk_19652359	tiki	176250783	fashion	Áo thun nam Cotton Compact Premium trẻ trung năng động thấm hút mồ hôi co giãn 4 chiều MRM Manlywear		5	Cực kì hài lòng	2023-11-18 13:28:09	2026-09-29 21:48:41
tk_19652353	tiki	176250783	fashion	Áo thun nam Cotton Compact Premium trẻ trung năng động thấm hút mồ hôi co giãn 4 chiều MRM Manlywear		5	Cực kì hài lòng	2023-11-18 13:27:46	2026-09-29 21:48:41
tk_19652357	tiki	176250783	fashion	Áo thun nam Cotton Compact Premium trẻ trung năng động thấm hút mồ hôi co giãn 4 chiều MRM Manlywear		5	Cực kì hài lòng	2023-11-18 13:28:03	2026-09-29 21:48:41
tk_19636029	tiki	176250783	fashion	Áo thun nam Cotton Compact Premium trẻ trung năng động thấm hút mồ hôi co giãn 4 chiều MRM Manlywear		4	Hài lòng	2023-11-08 22:41:54	2026-09-29 21:48:41
tk_19514438	tiki	176250783	fashion	Áo thun nam Cotton Compact Premium trẻ trung năng động thấm hút mồ hôi co giãn 4 chiều MRM Manlywear		5	Thấy tốt	2023-09-08 15:43:10	2026-09-29 21:48:43
tk_19514439	tiki	176250783	fashion	Áo thun nam Cotton Compact Premium trẻ trung năng động thấm hút mồ hôi co giãn 4 chiều MRM Manlywear		5	Thấy ổn	2023-09-08 15:43:35	2026-09-29 21:48:43
tk_19594299	tiki	176250783	fashion	Áo thun nam Cotton Compact Premium trẻ trung năng động thấm hút mồ hôi co giãn 4 chiều MRM Manlywear		5	Cực kì hài lòng	2023-10-16 23:42:35	2026-09-29 21:48:43
tk_16284063	tiki	176250783	fashion	Áo thun nam Cotton Compact Premium trẻ trung năng động thấm hút mồ hôi co giãn 4 chiều MRM Manlywear		5	Rất chất lượng, sản phẩm chất lượng tương đương mình chọn cho ông xã ngoài tiệm không có giá tốt vậy ạ. !	2022-05-11 11:53:03	2026-09-29 21:48:43
tk_19154292	tiki	176250783	fashion	Áo thun nam Cotton Compact Premium trẻ trung năng động thấm hút mồ hôi co giãn 4 chiều MRM Manlywear		5	Áo rất đẹp và chuẩn Form, thun mềm	2023-05-03 18:18:22	2026-09-29 21:48:43
tk_19567159	tiki	176250783	fashion	Áo thun nam Cotton Compact Premium trẻ trung năng động thấm hút mồ hôi co giãn 4 chiều MRM Manlywear		5	Cực kì hài lòng	2023-10-03 19:52:23	2026-09-29 21:48:43
tk_19564509	tiki	176250783	fashion	Áo thun nam Cotton Compact Premium trẻ trung năng động thấm hút mồ hôi co giãn 4 chiều MRM Manlywear		5	Cực kì hài lòng	2023-10-02 13:41:16	2026-09-29 21:48:43
tk_19560595	tiki	176250783	fashion	Áo thun nam Cotton Compact Premium trẻ trung năng động thấm hút mồ hôi co giãn 4 chiều MRM Manlywear		5	Cực kì hài lòng	2023-09-30 14:28:30	2026-09-29 21:48:43
tk_19089391	tiki	176250783	fashion	Áo thun nam Cotton Compact Premium trẻ trung năng động thấm hút mồ hôi co giãn 4 chiều MRM Manlywear		5	Vải đẹp , chất liệu co giãn tốt	2023-04-14 10:50:48	2026-09-29 21:48:43
tk_19522834	tiki	176250783	fashion	Áo thun nam Cotton Compact Premium trẻ trung năng động thấm hút mồ hôi co giãn 4 chiều MRM Manlywear		5	Cực kì hài lòng	2023-09-11 20:43:29	2026-09-29 21:48:43
tk_19344005	tiki	176250783	fashion	Áo thun nam Cotton Compact Premium trẻ trung năng động thấm hút mồ hôi co giãn 4 chiều MRM Manlywear		5	Đẹp. Vải tốt	2023-07-02 14:50:08	2026-09-29 21:48:43
tk_19507100	tiki	176250783	fashion	Áo thun nam Cotton Compact Premium trẻ trung năng động thấm hút mồ hôi co giãn 4 chiều MRM Manlywear		4	Hài lòng	2023-09-05 12:41:51	2026-09-29 21:48:43
tk_19115507	tiki	176250783	fashion	Áo thun nam Cotton Compact Premium trẻ trung năng động thấm hút mồ hôi co giãn 4 chiều MRM Manlywear		5	Chất đẹp, mặc mát rất oke	2023-04-21 10:33:01	2026-09-29 21:48:43
tk_16727679	tiki	176250783	fashion	Áo thun nam Cotton Compact Premium trẻ trung năng động thấm hút mồ hôi co giãn 4 chiều MRM Manlywear		5	áo form mặc rộng thoải mái, hơi ít màu để chọn, mong shop có thêm các màu khác để thay đổi.	2022-06-16 09:58:37	2026-09-29 21:48:43
tk_16255536	tiki	176250783	fashion	Áo thun nam Cotton Compact Premium trẻ trung năng động thấm hút mồ hôi co giãn 4 chiều MRM Manlywear		5	Áo rất vừa, đẹp. mặc rất thoải mái. mua 5 6 đơn của shop này rồi, sản phẩm nào cũng rất hài lòng	2022-05-09 11:30:04	2026-09-29 21:48:43
tk_19153092	tiki	176250783	fashion	Áo thun nam Cotton Compact Premium trẻ trung năng động thấm hút mồ hôi co giãn 4 chiều MRM Manlywear		5	vải đẹp và form chuẩn	2023-05-03 12:13:26	2026-09-29 21:48:43
tk_19261386	tiki	176250783	fashion	Áo thun nam Cotton Compact Premium trẻ trung năng động thấm hút mồ hôi co giãn 4 chiều MRM Manlywear		4	Kiểu dáng đẹp	2023-06-05 09:53:02	2026-09-29 21:48:43
tk_19454170	tiki	176250783	fashion	Áo thun nam Cotton Compact Premium trẻ trung năng động thấm hút mồ hôi co giãn 4 chiều MRM Manlywear		5	Cực kì hài lòng	2023-08-12 22:01:24	2026-09-29 21:48:43
tk_16707449	tiki	176250783	fashion	Áo thun nam Cotton Compact Premium trẻ trung năng động thấm hút mồ hôi co giãn 4 chiều MRM Manlywear		5	hài lòng, mình rất thích dùng đồ của hãng MRM này. chất lượng dịch vụ đều rất hài lòng	2022-06-14 14:17:53	2026-09-29 21:48:43
tk_16789482	tiki	176250783	fashion	Áo thun nam Cotton Compact Premium trẻ trung năng động thấm hút mồ hôi co giãn 4 chiều MRM Manlywear		5	áo thun đẹp, hộp đóng gói rất cẩn thận, nhận hàng rất hài lòng, sẽ tiếp tục ủng hộ	2022-06-21 16:12:18	2026-09-29 21:48:43
tk_20188129	tiki	176251118	fashion	Combo 2 Áo thun nam Cotton Compact Premium trẻ trung thấm hút mồ hôi, co giãn 4 chiều MRM Manlywear		5	Mình mua nhiều lần rồi. Áo vải đẹp phom đẹp có giãn rất mặt.TIKI giao hàng nhanh. Ok	2025-11-06 15:45:59	2026-09-29 21:48:49
tk_18408900	tiki	176251118	fashion	Combo 2 Áo thun nam Cotton Compact Premium trẻ trung thấm hút mồ hôi, co giãn 4 chiều MRM Manlywear		5	Vải dày dặn, mặc mát thấm hút mồ hôi, phom dáng đẹp trẻ trung, gọn gàng.Tiki giao hàng nhanh. Tuyệt vời. Sẽ mua lại khi có nhu cầu.	2022-12-13 13:13:12	2026-09-29 21:48:49
tk_16309324	tiki	176251118	fashion	Combo 2 Áo thun nam Cotton Compact Premium trẻ trung thấm hút mồ hôi, co giãn 4 chiều MRM Manlywear		5	Cực kì hài lòng khi nhận được hàng. Áo thun đẹp , cao cấp từ Logo, thông tin Brand rõ ràng. chất cotton co dãn tốt và mùa hè mặc mát thoải mái và thấm mồ hôi tốt. Dịch vụ tikinow 2h đi kèm, nhận hàng luôn mà chi phí ship cực rẻ, giá không quá đắt nhưng bù lại mọi thứ khác 10/10.	2022-05-13 11:49:20	2026-09-29 21:48:49
tk_16202430	tiki	176251118	fashion	Combo 2 Áo thun nam Cotton Compact Premium trẻ trung thấm hút mồ hôi, co giãn 4 chiều MRM Manlywear		5	Áo quá đẹp, vải dày dặn co dãn tốt nhưng mặc lại mát và rất thoải mái. Cũng xứng đáng so với giá tiền bỏ ra. Hàng Brand nên giá cũng ko quá rẻ, bù lại chất lượng tốt, đóng gói và giao hàng cực nhanh ạ, mặc 1 thời gian xem sao, tốt mình sẽ mua thêm vài chiếc thay đổi.	2022-05-05 14:37:14	2026-09-29 21:48:49
tk_20158329	tiki	176251118	fashion	Combo 2 Áo thun nam Cotton Compact Premium trẻ trung thấm hút mồ hôi, co giãn 4 chiều MRM Manlywear		5	Vải mặc mát, mềm, mịn, trơn tay. Rất đáng mua	2025-08-13 17:44:35	2026-09-29 21:48:49
tk_16136692	tiki	176251118	fashion	Combo 2 Áo thun nam Cotton Compact Premium trẻ trung thấm hút mồ hôi, co giãn 4 chiều MRM Manlywear		5	Áo rất đẹp ạ, mình chọn theo bảng size là chuẩn 68 kg mặc L rất vừa . Kiểu dáng Basic nên rất dễ mặc, áo mặc mát chất co giãn tốt mặc mấy hôm rồi thấy không bị nhăn. rất hài lòng 5* (^-^	2022-04-29 17:25:27	2026-09-29 21:48:49
tk_17805306	tiki	176251118	fashion	Combo 2 Áo thun nam Cotton Compact Premium trẻ trung thấm hút mồ hôi, co giãn 4 chiều MRM Manlywear		5	Áo đẹp nguyên box thật tiện lợi. Áo thun cơ bản của shop vải mịn mặc mát. Đợt trước mình có mua áo của hãng CoolMate thì thấy chất lượng đi xuống mà giá của bên đấy không tốt như shop.	2022-09-27 00:39:01	2026-09-29 21:48:49
tk_16269111	tiki	176251118	fashion	Combo 2 Áo thun nam Cotton Compact Premium trẻ trung thấm hút mồ hôi, co giãn 4 chiều MRM Manlywear		5	Giao hàng 2h quá nhanh luôn ạ, sáng đặt chiều có liền, chất lượng áo khỏi bàn luôn ạ, từng mua quần tất của shop , mua thêm áo. Mặc rất vừa , rất hài lòng ạ, thấy chất lượng, đóng gói dịch vụ tốt hơn các lần trước á . 5*, sẽ tiếp tục ủng hộ a.	2022-05-10 10:55:29	2026-09-29 21:48:49
tk_16214356	tiki	176251118	fashion	Combo 2 Áo thun nam Cotton Compact Premium trẻ trung thấm hút mồ hôi, co giãn 4 chiều MRM Manlywear		5	Màu sắc giống như ảnh, lựa theo bảng size của shop rất vừa, mặc đẹp. sờ chất vải mềm mịn mặc mát. Giặt được 2 lần , áo không bị phai màu, cũng không bị nhăn. giá tiền và chất lượng dịch vụ tương xứng. 5* ủng hộ nên mua nhé	2022-05-06 11:56:53	2026-09-29 21:48:49
tk_20174074	tiki	176251118	fashion	Combo 2 Áo thun nam Cotton Compact Premium trẻ trung thấm hút mồ hôi, co giãn 4 chiều MRM Manlywear		4	Hài lòng	2025-09-24 21:57:16	2026-09-29 21:48:49
tk_16287030	tiki	176251118	fashion	Combo 2 Áo thun nam Cotton Compact Premium trẻ trung thấm hút mồ hôi, co giãn 4 chiều MRM Manlywear		5	Đóng gói đẹp, 2 áo đựng trong 2 hộp, thông tin rất rõ ràng. Hàng thương hiệu, giá bình ổn. Chat cho shop nhờ tư vấn và được phản hồi rất nhanh, thân thiện, chất lượng đến dịch vụ mình đều rất hài lòng, vote 5 * cho Shopp	2022-05-11 15:34:38	2026-09-29 21:48:49
tk_19490631	tiki	176251118	fashion	Combo 2 Áo thun nam Cotton Compact Premium trẻ trung thấm hút mồ hôi, co giãn 4 chiều MRM Manlywear		5	Mua lại lần 2 nhưng vẫn rất ưng, đóng gói cẩn thận, sản phẩm tốt so với giá tiền	2023-08-27 19:43:26	2026-09-29 21:48:49
tk_16300151	tiki	176251118	fashion	Combo 2 Áo thun nam Cotton Compact Premium trẻ trung thấm hút mồ hôi, co giãn 4 chiều MRM Manlywear		5	Rất hài lòng , mua của shop 5 đơn rồi, trước đã dùng tất, quần lót quần đùi. giờ mua thêm áo thun luôn ạ. Hàng đẹp, đóng gói tốt. Giao hàng nhanh số 1 luôn ạ, em toàn chọn tikinow 2h nên cần là có ngay, 5/5 * luôn,.	2022-05-12 16:08:09	2026-09-29 21:48:49
tk_16112156	tiki	176251118	fashion	Combo 2 Áo thun nam Cotton Compact Premium trẻ trung thấm hút mồ hôi, co giãn 4 chiều MRM Manlywear		5	Chất áo đẹp, thun cotton 95% mềm mịn, sờ mát. co giãn khá tốt. mặc mùa hè mát. Shop đóng gói đẹp, Tiki giao hàng thì siêu nhanh rồi.	2022-04-27 16:13:13	2026-09-29 21:48:49
tk_20103542	tiki	176251118	fashion	Combo 2 Áo thun nam Cotton Compact Premium trẻ trung thấm hút mồ hôi, co giãn 4 chiều MRM Manlywear		4	Hài lòng	2025-03-29 19:01:48	2026-09-29 21:48:49
tk_20000056	tiki	176251118	fashion	Combo 2 Áo thun nam Cotton Compact Premium trẻ trung thấm hút mồ hôi, co giãn 4 chiều MRM Manlywear		5	Chất liệu. Kiểu dáng ok trong tầm giá	2024-10-08 18:45:29	2026-09-29 21:48:49
tk_20094533	tiki	176251118	fashion	Combo 2 Áo thun nam Cotton Compact Premium trẻ trung thấm hút mồ hôi, co giãn 4 chiều MRM Manlywear		5	Cực kì hài lòng	2025-03-11 19:55:03	2026-09-29 21:48:49
tk_20066698	tiki	176251118	fashion	Combo 2 Áo thun nam Cotton Compact Premium trẻ trung thấm hút mồ hôi, co giãn 4 chiều MRM Manlywear		5	Cực kì hài lòng	2025-01-15 14:28:00	2026-09-29 21:48:49
tk_19976544	tiki	176251118	fashion	Combo 2 Áo thun nam Cotton Compact Premium trẻ trung thấm hút mồ hôi, co giãn 4 chiều MRM Manlywear		5	Hơi chật nhẹ đối với tui	2024-09-10 21:38:24	2026-09-29 21:48:49
tk_19096873	tiki	176251118	fashion	Combo 2 Áo thun nam Cotton Compact Premium trẻ trung thấm hút mồ hôi, co giãn 4 chiều MRM Manlywear		4	Giao hàng nhanh Đúng sản phẩm	2023-04-16 11:16:43	2026-09-29 21:48:49
tk_16308998	tiki	176251118	fashion	Combo 2 Áo thun nam Cotton Compact Premium trẻ trung thấm hút mồ hôi, co giãn 4 chiều MRM Manlywear		5	Vừa nhận hàng ạ, hộp bên ngoài hơi óp do vận chuyển, còn sản phẩm bên trong còn có hộp của shop, bọc cẩn thận. rất hài lòng, chất lượng chắc để ông xã mặc xem thế nào, sp tốt em sẽ ủng hộ tiếp ạ.	2022-05-13 11:27:44	2026-09-29 21:48:51
tk_20044385	tiki	176251118	fashion	Combo 2 Áo thun nam Cotton Compact Premium trẻ trung thấm hút mồ hôi, co giãn 4 chiều MRM Manlywear		5	oke	2024-12-07 23:13:08	2026-09-29 21:48:51
tk_20039311	tiki	176251118	fashion	Combo 2 Áo thun nam Cotton Compact Premium trẻ trung thấm hút mồ hôi, co giãn 4 chiều MRM Manlywear		5	Cực kì hài lòng	2024-11-29 12:39:52	2026-09-29 21:48:51
tk_20019084	tiki	176251118	fashion	Combo 2 Áo thun nam Cotton Compact Premium trẻ trung thấm hút mồ hôi, co giãn 4 chiều MRM Manlywear		5	Cực kì hài lòng	2024-10-29 17:29:59	2026-09-29 21:48:51
tk_19889980	tiki	176251118	fashion	Combo 2 Áo thun nam Cotton Compact Premium trẻ trung thấm hút mồ hôi, co giãn 4 chiều MRM Manlywear		4	Chất liệu vải không giống QC	2024-06-02 15:34:57	2026-09-29 21:48:51
tk_20002220	tiki	176251118	fashion	Combo 2 Áo thun nam Cotton Compact Premium trẻ trung thấm hút mồ hôi, co giãn 4 chiều MRM Manlywear		5	Cực kì hài lòng	2024-10-10 21:22:55	2026-09-29 21:48:51
tk_19800775	tiki	176251118	fashion	Combo 2 Áo thun nam Cotton Compact Premium trẻ trung thấm hút mồ hôi, co giãn 4 chiều MRM Manlywear		4	Áo thun trắng không có logo dập trên ngực áo?	2024-03-10 16:45:09	2026-09-29 21:48:51
tk_19721681	tiki	176251118	fashion	Combo 2 Áo thun nam Cotton Compact Premium trẻ trung thấm hút mồ hôi, co giãn 4 chiều MRM Manlywear		5	Áo Đẹp tuyet vời	2024-01-11 18:23:35	2026-09-29 21:48:51
tk_19476959	tiki	176251118	fashion	Combo 2 Áo thun nam Cotton Compact Premium trẻ trung thấm hút mồ hôi, co giãn 4 chiều MRM Manlywear		5	Áo khá đẹp. Chất vải trơn. Shop tư vând nhiệt tình. Nc là sẽ ủng hộ thêm	2023-08-22 09:40:29	2026-09-29 21:48:51
tk_19935069	tiki	176251118	fashion	Combo 2 Áo thun nam Cotton Compact Premium trẻ trung thấm hút mồ hôi, co giãn 4 chiều MRM Manlywear		5	Cực kì hài lòng	2024-07-23 22:59:11	2026-09-29 21:48:51
tk_19472937	tiki	176251118	fashion	Combo 2 Áo thun nam Cotton Compact Premium trẻ trung thấm hút mồ hôi, co giãn 4 chiều MRM Manlywear		5	Cực kì hài lòng	2023-08-20 17:23:17	2026-09-29 21:48:51
tk_19912121	tiki	176251118	fashion	Combo 2 Áo thun nam Cotton Compact Premium trẻ trung thấm hút mồ hôi, co giãn 4 chiều MRM Manlywear		4	Hài lòng	2024-06-26 22:20:59	2026-09-29 21:48:51
tk_19652042	tiki	176251118	fashion	Combo 2 Áo thun nam Cotton Compact Premium trẻ trung thấm hút mồ hôi, co giãn 4 chiều MRM Manlywear		5	Chất liệu mềm, mặc thích, đóng gói cẩn thận.	2023-11-18 09:47:56	2026-09-29 21:48:51
tk_18575493	tiki	176251118	fashion	Combo 2 Áo thun nam Cotton Compact Premium trẻ trung thấm hút mồ hôi, co giãn 4 chiều MRM Manlywear		1	Shop quảng cáo size xl cho người 78kg mà người nhà mình 72 kg, cao 1m72 mặc chật như bó giò chả. Shop bán hàng ko có tâm.	2023-01-05 15:09:38	2026-09-29 21:48:51
tk_16573282	tiki	176251118	fashion	Combo 2 Áo thun nam Cotton Compact Premium trẻ trung thấm hút mồ hôi, co giãn 4 chiều MRM Manlywear		5	Mặc 1 tuần rồi, đánh giá chất lượng ổn, mặc thoải mái, vải mát, co giãn tốt. giặt không bị ra màu, không bị nhăn sau vài lần dùng. Sẽ mua lại, hài lòng !!	2022-06-04 14:20:34	2026-09-29 21:48:51
tk_19863410	tiki	176251118	fashion	Combo 2 Áo thun nam Cotton Compact Premium trẻ trung thấm hút mồ hôi, co giãn 4 chiều MRM Manlywear		5	Cực kì hài lòng	2024-05-05 13:37:25	2026-09-29 21:48:51
tk_19744081	tiki	176251118	fashion	Combo 2 Áo thun nam Cotton Compact Premium trẻ trung thấm hút mồ hôi, co giãn 4 chiều MRM Manlywear		5	thoáng mát, co dãn tốt	2024-01-25 07:21:23	2026-09-29 21:48:51
tk_19431281	tiki	176251118	fashion	Combo 2 Áo thun nam Cotton Compact Premium trẻ trung thấm hút mồ hôi, co giãn 4 chiều MRM Manlywear		2	Shop cho đổi lại size L đc ko? Size M mà s nhỏ quá🥶🥶🥶	2023-08-04 07:28:05	2026-09-29 21:48:51
tk_16313293	tiki	176251118	fashion	Combo 2 Áo thun nam Cotton Compact Premium trẻ trung thấm hút mồ hôi, co giãn 4 chiều MRM Manlywear		5	Thun cotton mềm mịn, sờ mát. Áo đem giặt lần đầu không bị ra màu, Form rộng, chồng mình 68kg mặc L rộng rãi thoải mái. Áo đẹp thấy mặc suốt à :))	2022-05-13 16:58:30	2026-09-29 21:48:51
tk_19829587	tiki	176251118	fashion	Combo 2 Áo thun nam Cotton Compact Premium trẻ trung thấm hút mồ hôi, co giãn 4 chiều MRM Manlywear		4	Hài lòng	2024-04-03 02:46:12	2026-09-29 21:48:51
tk_19808760	tiki	176251118	fashion	Combo 2 Áo thun nam Cotton Compact Premium trẻ trung thấm hút mồ hôi, co giãn 4 chiều MRM Manlywear		5	Cực kì hài lòng	2024-03-16 20:19:26	2026-09-29 21:48:53
tk_16825624	tiki	176251118	fashion	Combo 2 Áo thun nam Cotton Compact Premium trẻ trung thấm hút mồ hôi, co giãn 4 chiều MRM Manlywear		5	Mua cho bố ạ, áo rất đẹp bố em rất thích. cảm ơn shop, món quà tuyệt vời dành tặng bố dịp sinh nhật. sẽ tiếp tục ủng hộ shop ạ	2022-06-24 17:36:32	2026-09-29 21:48:53
tk_18503963	tiki	176251118	fashion	Combo 2 Áo thun nam Cotton Compact Premium trẻ trung thấm hút mồ hôi, co giãn 4 chiều MRM Manlywear		5	Vải đẹp co giãn tốt, bao bì đóng gói sang. Ủng hộ Shop 👍	2022-12-25 21:18:08	2026-09-29 21:48:53
tk_19785249	tiki	176251118	fashion	Combo 2 Áo thun nam Cotton Compact Premium trẻ trung thấm hút mồ hôi, co giãn 4 chiều MRM Manlywear		5	Cực kì hài lòng	2024-02-27 12:50:40	2026-09-29 21:48:53
tk_16824341	tiki	176251118	fashion	Combo 2 Áo thun nam Cotton Compact Premium trẻ trung thấm hút mồ hôi, co giãn 4 chiều MRM Manlywear		5	sản phẩm chất lượng, mình toàn mua đồ cho ong xã ở đây. rất hài lòng về chất lượng cũng như bao bì đóng gói đẹp, cẩn thận	2022-06-24 15:22:17	2026-09-29 21:48:53
tk_19762257	tiki	176251118	fashion	Combo 2 Áo thun nam Cotton Compact Premium trẻ trung thấm hút mồ hôi, co giãn 4 chiều MRM Manlywear		5	Cực kì hài lòng	2024-02-06 16:59:46	2026-09-29 21:48:53
tk_16205128	tiki	176251118	fashion	Combo 2 Áo thun nam Cotton Compact Premium trẻ trung thấm hút mồ hôi, co giãn 4 chiều MRM Manlywear		5	Đóng gói đẹp, mua tặng quà sinh nhật ạ, Bạn mình mặc rất vừa áo của shop. Shop giao hàng nhanh nhận đúng dịp SNhat. 5* tuyệt vời luôn ạ	2022-05-05 17:54:16	2026-09-29 21:48:53
tk_19732916	tiki	176251118	fashion	Combo 2 Áo thun nam Cotton Compact Premium trẻ trung thấm hút mồ hôi, co giãn 4 chiều MRM Manlywear		5	Cực kì hài lòng	2024-01-18 10:50:09	2026-09-29 21:48:53
tk_19727183	tiki	176251118	fashion	Combo 2 Áo thun nam Cotton Compact Premium trẻ trung thấm hút mồ hôi, co giãn 4 chiều MRM Manlywear		5	Cực kì hài lòng	2024-01-14 22:29:43	2026-09-29 21:48:53
tk_19705715	tiki	176251118	fashion	Combo 2 Áo thun nam Cotton Compact Premium trẻ trung thấm hút mồ hôi, co giãn 4 chiều MRM Manlywear		5	ok	2024-01-01 11:54:07	2026-09-29 21:48:53
tk_19708217	tiki	176251118	fashion	Combo 2 Áo thun nam Cotton Compact Premium trẻ trung thấm hút mồ hôi, co giãn 4 chiều MRM Manlywear		5	Cực kì hài lòng	2024-01-03 10:50:08	2026-09-29 21:48:53
tk_19682418	tiki	176251118	fashion	Combo 2 Áo thun nam Cotton Compact Premium trẻ trung thấm hút mồ hôi, co giãn 4 chiều MRM Manlywear		5	..	2023-12-14 15:59:16	2026-09-29 21:48:53
tk_19681770	tiki	176251118	fashion	Combo 2 Áo thun nam Cotton Compact Premium trẻ trung thấm hút mồ hôi, co giãn 4 chiều MRM Manlywear		5	Cực kì hài lòng	2023-12-14 07:59:55	2026-09-29 21:48:53
tk_16786787	tiki	176251118	fashion	Combo 2 Áo thun nam Cotton Compact Premium trẻ trung thấm hút mồ hôi, co giãn 4 chiều MRM Manlywear		5	Rất hài lòng, chất lượng tốt trong tầm giá, có now2h đặt hàng có ngay, lại còn được hỗ trợ phí vận chuyển 5*	2022-06-21 12:30:30	2026-09-29 21:48:53
tk_18741320	tiki	176251118	fashion	Combo 2 Áo thun nam Cotton Compact Premium trẻ trung thấm hút mồ hôi, co giãn 4 chiều MRM Manlywear		4	Vải ổn, không nên giặt máy	2023-02-05 06:23:54	2026-09-29 21:48:53
tk_16786841	tiki	176251118	fashion	Combo 2 Áo thun nam Cotton Compact Premium trẻ trung thấm hút mồ hôi, co giãn 4 chiều MRM Manlywear		5	mua lần 2, chất lượng vẫn được được đảm bảo như trước, áo co giãn tốt, vải mát, thấm hút mồ hôi tốt.	2022-06-21 12:34:27	2026-09-29 21:48:53
tk_19651181	tiki	176251118	fashion	Combo 2 Áo thun nam Cotton Compact Premium trẻ trung thấm hút mồ hôi, co giãn 4 chiều MRM Manlywear		5	Cực kì hài lòng	2023-11-17 16:10:11	2026-09-29 21:48:53
tk_19499271	tiki	176251118	fashion	Combo 2 Áo thun nam Cotton Compact Premium trẻ trung thấm hút mồ hôi, co giãn 4 chiều MRM Manlywear		4	Kiểu dáng đẹp	2023-08-31 20:02:40	2026-09-29 21:48:53
tk_18353971	tiki	176251118	fashion	Combo 2 Áo thun nam Cotton Compact Premium trẻ trung thấm hút mồ hôi, co giãn 4 chiều MRM Manlywear		5	Giao hàng nhanh, đóng gói cũng đẹp. Áo thì tốt đúng quảng cáo 🦊🦊🦊	2022-12-05 19:48:39	2026-09-29 21:48:53
tk_16815988	tiki	176251118	fashion	Combo 2 Áo thun nam Cotton Compact Premium trẻ trung thấm hút mồ hôi, co giãn 4 chiều MRM Manlywear		1	Mình tin tưởng shop và ủng hộ hàng Vn. Nhưng hàng chất lượng kém quá. Nhẹ cái là rách luôn. Quá thất vọng	2022-06-23 20:49:56	2026-09-29 21:48:53
tk_18260598	tiki	176251118	fashion	Combo 2 Áo thun nam Cotton Compact Premium trẻ trung thấm hút mồ hôi, co giãn 4 chiều MRM Manlywear		5	Hài lòng về sản phẩm Giao hàng nhanh	2022-11-22 08:56:25	2026-09-29 21:48:54
tk_16284068	tiki	176251118	fashion	Combo 2 Áo thun nam Cotton Compact Premium trẻ trung thấm hút mồ hôi, co giãn 4 chiều MRM Manlywear		5	Rất chất lượng, sản phẩm chất lượng tương đương mình chọn cho ông xã ngoài tiệm không có giá tốt vậy ạ. !	2022-05-11 11:53:07	2026-09-29 21:48:54
tk_19562989	tiki	176251118	fashion	Combo 2 Áo thun nam Cotton Compact Premium trẻ trung thấm hút mồ hôi, co giãn 4 chiều MRM Manlywear		5	Cực kì hài lòng	2023-10-01 17:12:17	2026-09-29 21:48:54
tk_19562255	tiki	176251118	fashion	Combo 2 Áo thun nam Cotton Compact Premium trẻ trung thấm hút mồ hôi, co giãn 4 chiều MRM Manlywear		5	Cực kì hài lòng	2023-10-01 11:03:35	2026-09-29 21:48:54
tk_18782505	tiki	176251118	fashion	Combo 2 Áo thun nam Cotton Compact Premium trẻ trung thấm hút mồ hôi, co giãn 4 chiều MRM Manlywear		5	Đẹp, mặc mát	2023-02-11 15:06:32	2026-09-29 21:48:54
tk_16727680	tiki	176251118	fashion	Combo 2 Áo thun nam Cotton Compact Premium trẻ trung thấm hút mồ hôi, co giãn 4 chiều MRM Manlywear		5	áo form mặc rộng thoải mái, hơi ít màu để chọn, mong shop có thêm các màu khác để thay đổi.	2022-06-16 09:58:42	2026-09-29 21:48:54
tk_16255538	tiki	176251118	fashion	Combo 2 Áo thun nam Cotton Compact Premium trẻ trung thấm hút mồ hôi, co giãn 4 chiều MRM Manlywear		5	Áo rất vừa, đẹp. mặc rất thoải mái. mua 5 6 đơn của shop này rồi, sản phẩm nào cũng rất hài lòng	2022-05-09 11:30:08	2026-09-29 21:48:54
tk_16707451	tiki	176251118	fashion	Combo 2 Áo thun nam Cotton Compact Premium trẻ trung thấm hút mồ hôi, co giãn 4 chiều MRM Manlywear		5	hài lòng, mình rất thích dùng đồ của hãng MRM này. chất lượng dịch vụ đều rất hài lòng	2022-06-14 14:17:58	2026-09-29 21:48:54
tk_16789483	tiki	176251118	fashion	Combo 2 Áo thun nam Cotton Compact Premium trẻ trung thấm hút mồ hôi, co giãn 4 chiều MRM Manlywear		5	áo thun đẹp, hộp đóng gói rất cẩn thận, nhận hàng rất hài lòng, sẽ tiếp tục ủng hộ	2022-06-21 16:12:24	2026-09-29 21:48:54
tk_19437295	tiki	176251118	fashion	Combo 2 Áo thun nam Cotton Compact Premium trẻ trung thấm hút mồ hôi, co giãn 4 chiều MRM Manlywear		4	Hài lòng	2023-08-06 15:37:49	2026-09-29 21:48:54
tk_19436448	tiki	176251118	fashion	Combo 2 Áo thun nam Cotton Compact Premium trẻ trung thấm hút mồ hôi, co giãn 4 chiều MRM Manlywear		5	Cực kì hài lòng	2023-08-06 11:08:28	2026-09-29 21:48:54
tk_16721171	tiki	176251118	fashion	Combo 2 Áo thun nam Cotton Compact Premium trẻ trung thấm hút mồ hôi, co giãn 4 chiều MRM Manlywear		5	Shop chất lượng, giao nhanh, đúng size mẫu mã. áo đẹp, 57kg mặc size M rất vừa, cảm ơn	2022-06-15 16:59:58	2026-09-29 21:48:54
tk_16573215	tiki	176251118	fashion	Combo 2 Áo thun nam Cotton Compact Premium trẻ trung thấm hút mồ hôi, co giãn 4 chiều MRM Manlywear		5	Áo đẹp, chuẩn. Mih 75kg mặc XL vừa thoải mái, 3 màu chứ nhiều màu nữa là cũng mua thêm.	2022-06-04 14:15:04	2026-09-29 21:48:54
tk_18278890	tiki	176251118	fashion	Combo 2 Áo thun nam Cotton Compact Premium trẻ trung thấm hút mồ hôi, co giãn 4 chiều MRM Manlywear		5	Mặc đẹp, mát	2022-11-24 21:12:43	2026-09-29 21:48:54
tk_16393933	tiki	176251118	fashion	Combo 2 Áo thun nam Cotton Compact Premium trẻ trung thấm hút mồ hôi, co giãn 4 chiều MRM Manlywear		5	Áo thun đẹp , mặc không bị nóng. Đường chỉ may tốt ít chỉ thừa, sp cao cấp đáng tiền	2022-05-20 10:49:19	2026-09-29 21:48:54
tk_16707478	tiki	176251118	fashion	Combo 2 Áo thun nam Cotton Compact Premium trẻ trung thấm hút mồ hôi, co giãn 4 chiều MRM Manlywear		5	Đẹp, chất lượng - dịch vụ 5*. hàng việt nam nên mua , giá mềm, giao tiki2h siêu nhanh.	2022-06-14 14:20:35	2026-09-29 21:48:54
tk_17330366	tiki	176251118	fashion	Combo 2 Áo thun nam Cotton Compact Premium trẻ trung thấm hút mồ hôi, co giãn 4 chiều MRM Manlywear		5	Vừa vặn, áo mặc mát, độ dãn tốt	2022-08-07 17:22:00	2026-09-29 21:48:54
tk_19181492	tiki	176251118	fashion	Combo 2 Áo thun nam Cotton Compact Premium trẻ trung thấm hút mồ hôi, co giãn 4 chiều MRM Manlywear		5	Rẻ và tốt	2023-05-11 05:17:04	2026-09-29 21:48:54
tk_19310627	tiki	176251118	fashion	Combo 2 Áo thun nam Cotton Compact Premium trẻ trung thấm hút mồ hôi, co giãn 4 chiều MRM Manlywear		5	Cực kì hài lòng	2023-06-20 12:58:53	2026-09-29 21:48:54
tk_16176867	tiki	176251118	fashion	Combo 2 Áo thun nam Cotton Compact Premium trẻ trung thấm hút mồ hôi, co giãn 4 chiều MRM Manlywear		5	Hài lòng, Form size rất vừa mình 75kg mặc XL khá vừa thoải mái. Áo chất thun mềm, mặc mát	2022-05-03 17:06:22	2026-09-29 21:48:54
tk_18202536	tiki	176251118	fashion	Combo 2 Áo thun nam Cotton Compact Premium trẻ trung thấm hút mồ hôi, co giãn 4 chiều MRM Manlywear		3	Bình thường. Thqams mồ hôi, nhưng ủ mùi nhiều	2022-11-14 11:01:18	2026-09-29 21:48:56
tk_19280748	tiki	176251118	fashion	Combo 2 Áo thun nam Cotton Compact Premium trẻ trung thấm hút mồ hôi, co giãn 4 chiều MRM Manlywear		5	Cực kì hài lòng	2023-06-10 16:20:10	2026-09-29 21:48:56
tk_19256350	tiki	176251118	fashion	Combo 2 Áo thun nam Cotton Compact Premium trẻ trung thấm hút mồ hôi, co giãn 4 chiều MRM Manlywear		5	Cực kì hài lòng	2023-06-03 12:48:06	2026-09-29 21:48:56
tk_16824323	tiki	176251118	fashion	Combo 2 Áo thun nam Cotton Compact Premium trẻ trung thấm hút mồ hôi, co giãn 4 chiều MRM Manlywear		5	Áo rất đẹp, đúng như mình kì vọng, sẽ tiếp tục ủng hộ Brand việt	2022-06-24 15:20:01	2026-09-29 21:48:56
tk_16767589	tiki	176251118	fashion	Combo 2 Áo thun nam Cotton Compact Premium trẻ trung thấm hút mồ hôi, co giãn 4 chiều MRM Manlywear		5	áo tuyệt vời so với giá. mình mang size M. vải mịn thoải mái. gọn đẹp	2022-06-19 18:04:12	2026-09-29 21:48:56
tk_19194784	tiki	176251118	fashion	Combo 2 Áo thun nam Cotton Compact Premium trẻ trung thấm hút mồ hôi, co giãn 4 chiều MRM Manlywear		5	Cực kì hài lòng	2023-05-14 23:53:38	2026-09-29 21:48:56
tk_19163214	tiki	176251118	fashion	Combo 2 Áo thun nam Cotton Compact Premium trẻ trung thấm hút mồ hôi, co giãn 4 chiều MRM Manlywear		5	Cực kì hài lòng	2023-05-06 00:25:42	2026-09-29 21:48:56
tk_19131397	tiki	176251118	fashion	Combo 2 Áo thun nam Cotton Compact Premium trẻ trung thấm hút mồ hôi, co giãn 4 chiều MRM Manlywear		5	Cực kì hài lòng	2023-04-25 18:36:17	2026-09-29 21:48:56
tk_18845856	tiki	176251118	fashion	Combo 2 Áo thun nam Cotton Compact Premium trẻ trung thấm hút mồ hôi, co giãn 4 chiều MRM Manlywear		5	Cuc ki hai long	2023-02-22 11:09:59	2026-09-29 21:48:56
tk_17585304	tiki	176251118	fashion	Combo 2 Áo thun nam Cotton Compact Premium trẻ trung thấm hút mồ hôi, co giãn 4 chiều MRM Manlywear		5	Chất vải đẹp.đóng gói cẩn thận.giao hàng nhanh.	2022-09-02 21:47:20	2026-09-29 21:48:56
tk_16708376	tiki	176251118	fashion	Combo 2 Áo thun nam Cotton Compact Premium trẻ trung thấm hút mồ hôi, co giãn 4 chiều MRM Manlywear		5	Giao nhanh, đặt sáng, chiều nhận được luôn. mặc tốt sẽ mua thêm	2022-06-14 15:39:34	2026-09-29 21:48:56
tk_19045189	tiki	176251118	fashion	Combo 2 Áo thun nam Cotton Compact Premium trẻ trung thấm hút mồ hôi, co giãn 4 chiều MRM Manlywear		5	Cực kì hài lòng	2023-04-03 11:11:39	2026-09-29 21:48:56
tk_19016042	tiki	176251118	fashion	Combo 2 Áo thun nam Cotton Compact Premium trẻ trung thấm hút mồ hôi, co giãn 4 chiều MRM Manlywear		4	Hài lòng	2023-03-27 12:31:51	2026-09-29 21:48:56
tk_16940636	tiki	176251118	fashion	Combo 2 Áo thun nam Cotton Compact Premium trẻ trung thấm hút mồ hôi, co giãn 4 chiều MRM Manlywear		5	áo này slim fit nên có nhờ shop đổi lại size áo, thanks shop	2022-07-04 21:58:48	2026-09-29 21:48:56
tk_18988461	tiki	176251118	fashion	Combo 2 Áo thun nam Cotton Compact Premium trẻ trung thấm hút mồ hôi, co giãn 4 chiều MRM Manlywear		5	Cực kì hài lòng	2023-03-21 09:13:09	2026-09-29 21:48:56
tk_16625918	tiki	176251118	fashion	Combo 2 Áo thun nam Cotton Compact Premium trẻ trung thấm hút mồ hôi, co giãn 4 chiều MRM Manlywear		5	Uy tín, chất lượng. mẫu mã rất đẹp. toàn dùng đồ của shop	2022-06-08 16:49:11	2026-09-29 21:48:56
tk_18947392	tiki	176251118	fashion	Combo 2 Áo thun nam Cotton Compact Premium trẻ trung thấm hút mồ hôi, co giãn 4 chiều MRM Manlywear		4	Hài lòng	2023-03-12 21:06:32	2026-09-29 21:48:56
tk_16295555	tiki	176251118	fashion	Combo 2 Áo thun nam Cotton Compact Premium trẻ trung thấm hút mồ hôi, co giãn 4 chiều MRM Manlywear		5	Tikinow 2h siêu nhanh, ny em mặc rất đẹp shop ạ. Đóng gói cẩn thận	2022-05-12 10:15:08	2026-09-29 21:48:56
tk_18936196	tiki	176251118	fashion	Combo 2 Áo thun nam Cotton Compact Premium trẻ trung thấm hút mồ hôi, co giãn 4 chiều MRM Manlywear		5	Cực kì hài lòng	2023-03-10 12:56:24	2026-09-29 21:48:56
tk_16407780	tiki	176251118	fashion	Combo 2 Áo thun nam Cotton Compact Premium trẻ trung thấm hút mồ hôi, co giãn 4 chiều MRM Manlywear		5	Hài lòng - dịch vụ giao hàng đóng gói, chất lượng sp đều tốt	2022-05-21 13:38:35	2026-09-29 21:48:56
tk_16186140	tiki	4382605	fashion	Quần Dài Jogger Nam Phối Sọc 1041		1	chú ý chất lượng khi gửi cho khách hàng nha shop , quần thì phù hợp với giá tiền đó nhưng không được sạch nha , may mắn là tôi làm việc tại nơi xử lý quần áo dơ , những khách hàng khác không phải ai cũng biết xử lý , shop nên chú ý vào nha	2022-05-04 12:27:19	2026-09-29 21:49:00
tk_20109880	tiki	4382605	fashion	Quần Dài Jogger Nam Phối Sọc 1041		5	Cực kì hài lòng	2025-04-12 21:31:06	2026-09-29 21:49:00
tk_19925008	tiki	4382605	fashion	Quần Dài Jogger Nam Phối Sọc 1041		4	Hài lòng	2024-07-11 20:02:15	2026-09-29 21:49:00
tk_19761657	tiki	4382605	fashion	Quần Dài Jogger Nam Phối Sọc 1041		4	Hài lòng	2024-02-06 09:43:14	2026-09-29 21:49:00
tk_2658452	tiki	4382605	fashion	Quần Dài Jogger Nam Phối Sọc 1041		5	Mình đã order 2 lần, rất tuyệt, giao hàng nhanh, sản phẩm thì đúng với tiền bỏ ra, chat vải ổn, đúng hình ảnh mẫu, sẽ ủng hộ tiếp nhe shop ^^	2019-11-20 10:31:09	2026-09-29 21:49:00
tk_18016879	tiki	4382605	fashion	Quần Dài Jogger Nam Phối Sọc 1041		2	Sai quá nhỏ so với mô tả của tiệm	2022-10-22 08:20:51	2026-09-29 21:49:00
tk_18815462	tiki	4382605	fashion	Quần Dài Jogger Nam Phối Sọc 1041		5	Cực kì hài lòng	2023-02-17 01:03:20	2026-09-29 21:49:00
tk_17637000	tiki	4382605	fashion	Quần Dài Jogger Nam Phối Sọc 1041		5	Ok. Đẹp. Giao nhanh nên rất thích	2022-09-09 00:57:02	2026-09-29 21:49:00
tk_18688737	tiki	4382605	fashion	Quần Dài Jogger Nam Phối Sọc 1041		5	Cực kì hài lòng	2023-01-28 07:18:20	2026-09-29 21:49:00
tk_4637099	tiki	4382605	fashion	Quần Dài Jogger Nam Phối Sọc 1041		4	Mặc dù chất vải hơi nóng, nhưng đó cũng là ưu điểm vì như vậy form rất đứng và Ox mình mặc vào rất đẹp. Nên chọn hơn size thì sẽ mặc vừa nhé, Form sẽ hơi Slim tý	2020-08-27 11:27:55	2026-09-29 21:49:00
tk_17368020	tiki	4382605	fashion	Quần Dài Jogger Nam Phối Sọc 1041		5	Tốt 👌	2022-08-10 16:36:43	2026-09-29 21:49:00
tk_16663693	tiki	4382605	fashion	Quần Dài Jogger Nam Phối Sọc 1041		5	Cực kì hài lòng	2022-06-10 20:13:17	2026-09-29 21:49:00
tk_16449661	tiki	4382605	fashion	Quần Dài Jogger Nam Phối Sọc 1041		5	Cực kì hài lòng	2022-05-25 00:19:04	2026-09-29 21:49:00
tk_16449660	tiki	4382605	fashion	Quần Dài Jogger Nam Phối Sọc 1041		5	Cực kì hài lòng	2022-05-25 00:18:58	2026-09-29 21:49:00
tk_16185779	tiki	4382605	fashion	Quần Dài Jogger Nam Phối Sọc 1041		4	Hài lòng	2022-05-04 12:02:11	2026-09-29 21:49:00
tk_2895458	tiki	4382605	fashion	Quần Dài Jogger Nam Phối Sọc 1041		3	Show ơi, quần may đến chỗ này hết chỉ r. Đổi hàng mới giúp mình bạn nhé. Size có vấn đềđề thật sự	2020-01-18 20:45:15	2026-09-29 21:49:00
tk_15858414	tiki	4382605	fashion	Quần Dài Jogger Nam Phối Sọc 1041		5	Cực kì hài lòng	2022-04-10 11:47:32	2026-09-29 21:49:00
tk_15856229	tiki	4382605	fashion	Quần Dài Jogger Nam Phối Sọc 1041		4	Hài lòng	2022-04-10 09:11:41	2026-09-29 21:49:00
tk_2837028	tiki	4382605	fashion	Quần Dài Jogger Nam Phối Sọc 1041		3	Chất vải tốt. Tuy nhiên các bạn nên cân nhắc việc chọn size vì mình đã chọn size theo hướng dẫn thì khi nhận được quần khá chật và ngắn nên đã phải trả hàng.	2020-01-07 10:53:35	2026-09-29 21:49:00
tk_3044410	tiki	4382605	fashion	Quần Dài Jogger Nam Phối Sọc 1041		4	Tiki Đóng gói giao hàng nhanh, hàng đẹp vải ok tuy nhiên mình đặt size L nhưng mặc vẫn chật dù đã tham khảo bảng size mong tiki đổi trả lại.	2020-02-22 16:32:59	2026-09-29 21:49:00
tk_2858641	tiki	4382605	fashion	Quần Dài Jogger Nam Phối Sọc 1041		5	Sản phẩm giống ảnh. Vải mịn, thoải mái. Size XL phù hợp với những bạn tầm 1m7 thôi, còn những bạn cao hơn thì không phù hợp (ý kiến của mình)	2020-01-11 10:17:14	2026-09-29 21:49:02
tk_6676736	tiki	4382605	fashion	Quần Dài Jogger Nam Phối Sọc 1041		4	quần hơi chật so với lần mưa trước	2021-01-02 14:48:55	2026-09-29 21:49:02
tk_3211093	tiki	4382605	fashion	Quần Dài Jogger Nam Phối Sọc 1041		1	dù mình đã lựa size lớn hơn 1 bậc mà vẫn không vừa làm sao để đổi trả hàng ạ !	2020-03-20 16:42:23	2026-09-29 21:49:02
tk_3165565	tiki	4382605	fashion	Quần Dài Jogger Nam Phối Sọc 1041		2	nhận được hàng rồi . nhưng xL này con vái mặt chứ con trai size XL như size S vậy hic hic	2020-03-15 12:23:57	2026-09-29 21:49:02
tk_6026900	tiki	4382605	fashion	Quần Dài Jogger Nam Phối Sọc 1041		1	Sọc khác với hình ảnh oke	2020-12-08 12:41:21	2026-09-29 21:49:02
tk_2511594	tiki	4382605	fashion	Quần Dài Jogger Nam Phối Sọc 1041		3	size có chút vấn đề. Mình đủ chuẩn size M như không vừa. Mình nghĩ chắc phải xem xét lại về vấn đề chọn size nha	2019-10-09 19:02:16	2026-09-29 21:49:02
tk_3149083	tiki	4382605	fashion	Quần Dài Jogger Nam Phối Sọc 1041		4	về chất liệu thì tốt nhưng phần trên hơi bị rộng nhé, cần cân nhắc lại	2020-03-13 12:25:35	2026-09-29 21:49:02
tk_7283289	tiki	4382605	fashion	Quần Dài Jogger Nam Phối Sọc 1041		5	Cực kì hài lòng	2021-01-27 09:56:38	2026-09-29 21:49:02
tk_7162956	tiki	4382605	fashion	Quần Dài Jogger Nam Phối Sọc 1041		4	Hài lòng	2021-01-22 16:38:12	2026-09-29 21:49:02
tk_6534233	tiki	4382605	fashion	Quần Dài Jogger Nam Phối Sọc 1041		5	Cực kì hài lòng	2020-12-27 11:35:00	2026-09-29 21:49:02
tk_5241451	tiki	4382605	fashion	Quần Dài Jogger Nam Phối Sọc 1041		5	Chất lượng ok	2020-10-16 14:49:01	2026-09-29 21:49:02
tk_6374462	tiki	4382605	fashion	Quần Dài Jogger Nam Phối Sọc 1041		3	Bình thường	2020-12-21 08:06:10	2026-09-29 21:49:02
tk_2663791	tiki	4382605	fashion	Quần Dài Jogger Nam Phối Sọc 1041		3	Mình mua size M theo thông số nhưng bị chật mông và đùi, có thể đổi size ko vậy shop?	2019-11-21 21:33:42	2026-09-29 21:49:02
tk_2575171	tiki	4382605	fashion	Quần Dài Jogger Nam Phối Sọc 1041		5	vải khá dày dặn nhưng co dãn không tốt lắm. Nhưng nói chung sản phẩm tốt với giá tiền.	2019-10-30 09:16:09	2026-09-29 21:49:02
tk_2585255	tiki	4382605	fashion	Quần Dài Jogger Nam Phối Sọc 1041		1	Cỡ M nhưng nhỏ như cỡ S, còn bị loang màu (như hình)	2019-11-01 15:30:42	2026-09-29 21:49:02
tk_3899407	tiki	4382605	fashion	Quần Dài Jogger Nam Phối Sọc 1041		5	Quần mặc rất thoải mái , form đẹp	2020-06-24 15:59:12	2026-09-29 21:49:02
tk_5082919	tiki	4382605	fashion	Quần Dài Jogger Nam Phối Sọc 1041		5	rất hài lòng	2020-10-05 10:49:26	2026-09-29 21:49:02
tk_5691586	tiki	4382605	fashion	Quần Dài Jogger Nam Phối Sọc 1041		5	Cực kì hài lòng	2020-11-20 23:56:51	2026-09-29 21:49:02
tk_5622732	tiki	4382605	fashion	Quần Dài Jogger Nam Phối Sọc 1041		5	Cực kì hài lòng	2020-11-15 20:20:47	2026-09-29 21:49:02
tk_2998388	tiki	4382605	fashion	Quần Dài Jogger Nam Phối Sọc 1041		3	cho mình đổi sang size XL đc ko , tại mặc size L hơi chật	2020-02-14 13:00:03	2026-09-29 21:49:02
tk_3538130	tiki	4382605	fashion	Quần Dài Jogger Nam Phối Sọc 1041		3	Chất lượng tạm ổn trong tầm giá	2020-05-10 10:54:03	2026-09-29 21:49:04
tk_2667680	tiki	4382605	fashion	Quần Dài Jogger Nam Phối Sọc 1041		2	quần size xl mà bé quá 1m75 có 60kg mà mặt ngắn hõn.. bó quá không đẹp	2019-11-23 08:11:05	2026-09-29 21:49:04
tk_5149814	tiki	4382605	fashion	Quần Dài Jogger Nam Phối Sọc 1041		4	Hài lòng	2020-10-10 13:01:41	2026-09-29 21:49:04
tk_5142669	tiki	4382605	fashion	Quần Dài Jogger Nam Phối Sọc 1041		4	Hài lòng	2020-10-09 23:08:11	2026-09-29 21:49:04
tk_3079762	tiki	4382605	fashion	Quần Dài Jogger Nam Phối Sọc 1041		4	quần như hình size lấy rộng hơn 1 size thì vừa	2020-02-29 11:01:22	2026-09-29 21:49:04
tk_2032195	tiki	4382605	fashion	Quần Dài Jogger Nam Phối Sọc 1041		5	quần dày dặn, rất đẹp, giá rẻ, từ nay chuyển qua mua hàng tiki vì chất lượng và giao hàng nhanh *** như shoppe giao hàng như ***	2019-01-26 09:46:41	2026-09-29 21:49:04
tk_2288638	tiki	4382605	fashion	Quần Dài Jogger Nam Phối Sọc 1041		4	Một bên túi chưa may. Chất lượng có vẻ ổn. Đủ 50 ký tự.	2019-07-01 10:00:28	2026-09-29 21:49:04
tk_2643270	tiki	4382605	fashion	Quần Dài Jogger Nam Phối Sọc 1041		4	Quần vải tương đối ổn so với mức giá 145k, thoải mái dễ chịu	2019-11-15 14:46:04	2026-09-29 21:49:04
tk_4796055	tiki	4382605	fashion	Quần Dài Jogger Nam Phối Sọc 1041		5	Cực kì hài lòng	2020-09-10 06:27:51	2026-09-29 21:49:04
tk_4752405	tiki	4382605	fashion	Quần Dài Jogger Nam Phối Sọc 1041		5	Cực kì hài lòng	2020-09-06 12:01:43	2026-09-29 21:49:04
tk_4686162	tiki	4382605	fashion	Quần Dài Jogger Nam Phối Sọc 1041		4	Hài lòng	2020-08-30 22:54:54	2026-09-29 21:49:04
tk_3240297	tiki	4382605	fashion	Quần Dài Jogger Nam Phối Sọc 1041		5	vải dày đẹp ok, rất hài lòng	2020-03-24 13:35:47	2026-09-29 21:49:04
tk_4318736	tiki	4382605	fashion	Quần Dài Jogger Nam Phối Sọc 1041		5	Cực kì hài lòng	2020-08-04 10:57:44	2026-09-29 21:49:04
tk_4166638	tiki	4382605	fashion	Quần Dài Jogger Nam Phối Sọc 1041		4	Hài lòng	2020-07-22 16:04:33	2026-09-29 21:49:04
tk_4133261	tiki	4382605	fashion	Quần Dài Jogger Nam Phối Sọc 1041		5	Cực kì hài lòng	2020-07-20 06:56:50	2026-09-29 21:49:04
tk_2488708	tiki	4382605	fashion	Quần Dài Jogger Nam Phối Sọc 1041		5	chất lượng khá ok, mặc vừa vặn, tiki đóng gói luôn luôn đẹp	2019-09-30 22:35:04	2026-09-29 21:49:04
tk_4080219	tiki	4382605	fashion	Quần Dài Jogger Nam Phối Sọc 1041		3	Bình thường	2020-07-15 12:13:11	2026-09-29 21:49:04
tk_4058672	tiki	4382605	fashion	Quần Dài Jogger Nam Phối Sọc 1041		2	Không hài lòng	2020-07-13 01:55:32	2026-09-29 21:49:04
tk_2598590	tiki	4382605	fashion	Quần Dài Jogger Nam Phối Sọc 1041		5	giao nhanh, đúng size, chất liệu vải ok. hợp giá tiền	2019-11-05 07:31:31	2026-09-29 21:49:04
tk_2855779	tiki	4382605	fashion	Quần Dài Jogger Nam Phối Sọc 1041		4	quần đc vl ra. đẹp. thoáng mát. tốt.	2020-01-10 16:51:55	2026-09-29 21:49:04
tk_3901504	tiki	4382605	fashion	Quần Dài Jogger Nam Phối Sọc 1041		5	Cực kì hài lòng	2020-06-24 19:57:58	2026-09-29 21:49:05
tk_2115567	tiki	4382605	fashion	Quần Dài Jogger Nam Phối Sọc 1041		4	sản phẩm giống với hình. vừa vặn. thoải mái có sự co giãn tốt. Tiki luôn là lựa chọn của tôi	2019-03-27 09:23:10	2026-09-29 21:49:05
tk_2315690	tiki	4382605	fashion	Quần Dài Jogger Nam Phối Sọc 1041		1	tư vấn size quá tào lao. mua 2 cái theo tư vấn quần bé tí	2019-07-16 13:08:58	2026-09-29 21:49:05
tk_2054681	tiki	4382605	fashion	Quần Dài Jogger Nam Phối Sọc 1041		5	cho em hỏi đổi size của quần đc không ạ em mua size M mà không vừa muốn đổi size L	2019-02-19 18:39:31	2026-09-29 21:49:05
tk_2095105	tiki	4382605	fashion	Quần Dài Jogger Nam Phối Sọc 1041		2	Quần mặc ổn, nhưng chất lượng k cao, bị dính bụi sau thời gian sử dụng ngắn	2019-03-17 18:19:19	2026-09-29 21:49:05
tk_2341578	tiki	4382605	fashion	Quần Dài Jogger Nam Phối Sọc 1041		3	Nhỏ quá , mặc ôm quá không đẹp lắm...........,,,,,,	2019-07-28 22:03:05	2026-09-29 21:49:05
tk_2130263	tiki	4382605	fashion	Quần Dài Jogger Nam Phối Sọc 1041		5	Sản phẩm có chất lượng tốt, giống với ảnh mô tả, đóng gói cẩn thận.	2019-04-03 12:41:16	2026-09-29 21:49:05
tk_2047951	tiki	4382605	fashion	Quần Dài Jogger Nam Phối Sọc 1041		4	Chất liệu vải dày dặn, mặc thoải mái, co dãn tốt, form dáng trẻ trung. Đáng mua.	2019-02-14 18:39:20	2026-09-29 21:49:05
tk_2206580	tiki	4382605	fashion	Quần Dài Jogger Nam Phối Sọc 1041		5	. Quần mặc rất ấm và vừa vặn đối với học sinh như em	2019-05-18 12:52:23	2026-09-29 21:49:05
tk_2112833	tiki	4382605	fashion	Quần Dài Jogger Nam Phối Sọc 1041		5	quần rất giống hình sản phẩm giao sớm hơn dự định rất tốt	2019-03-25 21:26:03	2026-09-29 21:49:05
tk_2073888	tiki	4382605	fashion	Quần Dài Jogger Nam Phối Sọc 1041		4	Sp như hình, quần hơi co giãn, trời nóng mặc hơi hầm, giao hàng chậm	2019-03-04 17:51:44	2026-09-29 21:49:05
tk_2042459	tiki	4382605	fashion	Quần Dài Jogger Nam Phối Sọc 1041		5	Sản phẩm đẹp, chất vải dày dặn, giống với ảnh. Mình rất hài lòng	2019-02-10 00:36:41	2026-09-29 21:49:05
tk_2051803	tiki	4382605	fashion	Quần Dài Jogger Nam Phối Sọc 1041		4	Sản phẩm tốt. Chất liệu vải dày dặn, mặc thoải mái, co dãn tốt.	2019-02-17 19:34:54	2026-09-29 21:49:05
tk_2161399	tiki	4382605	fashion	Quần Dài Jogger Nam Phối Sọc 1041		5	Quần mặt khá tốt, vừa vặn, giao hàng cung nhanh nữa	2019-04-21 18:10:49	2026-09-29 21:49:05
tk_2054441	tiki	4382605	fashion	Quần Dài Jogger Nam Phối Sọc 1041		5	Sẽ mua thêm vài cái nữa ............................................	2019-02-19 16:18:05	2026-09-29 21:49:05
tk_2056525	tiki	4382605	fashion	Quần Dài Jogger Nam Phối Sọc 1041		5	Quan6f đẹp dễ phối đồ, tiki sẽ luôn là lựa chọn của mk	2019-02-20 21:14:36	2026-09-29 21:49:05
tk_1948260	tiki	4382605	fashion	Quần Dài Jogger Nam Phối Sọc 1041		4	quần trẻ trung.hơi giãn một chút.nói chung đẹp.màu sắc hài hoà	2018-11-26 14:03:41	2026-09-29 21:49:05
tk_2282793	tiki	4382605	fashion	Quần Dài Jogger Nam Phối Sọc 1041		5	Tốt trong tầm giá	2019-06-27 16:32:23	2026-09-29 21:49:05
tk_2018058	tiki	4382605	fashion	Quần Dài Jogger Nam Phối Sọc 1041		5	hàng còn mới, giao hàng nhanh nhân viên thân thiện	2019-01-14 18:20:25	2026-09-29 21:49:05
tk_2698069	tiki	4382605	fashion	Quần Dài Jogger Nam Phối Sọc 1041		5	Quần rất chất lượng, vải dày mỏng thích hợp, ôm chân, mình lựa đúng size của mình nên mặt zô rất vừa vặn, rất đáng đồng tiền nha, Tiki giao hàng cũng rất nhanh nữa, mới đặt tối hôm qua sáng hôm nay đã có, nói chung là cực kì hài lòng	2019-12-03 08:49:44	2026-09-29 21:49:05
tk_2141301	tiki	4382605	fashion	Quần Dài Jogger Nam Phối Sọc 1041		3	cũng OK , tiki đóng gói cẩn thận và tỉ mỉ trong từng bước	2019-04-09 12:23:25	2026-09-29 21:49:06
tk_20216561	tiki	99968881	fashion	Set 2 quần đùi nam, quần Short Gió nam thể thao Basic trẻ trung năng động, thoáng mát co giãn 4 chiều MRM Manlywear		5	Đúng như mô tả Ảnh chỉ mang tính kiếm su	2026-03-03 11:02:09	2026-09-29 21:49:12
tk_20192743	tiki	99968881	fashion	Set 2 quần đùi nam, quần Short Gió nam thể thao Basic trẻ trung năng động, thoáng mát co giãn 4 chiều MRM Manlywear		5	Cực kì hài lòng	2025-11-23 10:30:20	2026-09-29 21:49:12
tk_20098076	tiki	99968881	fashion	Set 2 quần đùi nam, quần Short Gió nam thể thao Basic trẻ trung năng động, thoáng mát co giãn 4 chiều MRM Manlywear		5	Quần đẹp, giao nhanh, đường chỉ gọn gàng ko chỉ thừa, đóng gói cẩn thận, quá chất lượng so với giá tiền	2025-03-18 10:18:42	2026-09-29 21:49:12
tk_20240218	tiki	99968881	fashion	Set 2 quần đùi nam, quần Short Gió nam thể thao Basic trẻ trung năng động, thoáng mát co giãn 4 chiều MRM Manlywear		4	Tạm ổn	2026-06-14 15:39:35	2026-09-29 21:49:12
tk_16810753	tiki	99968881	fashion	Set 2 quần đùi nam, quần Short Gió nam thể thao Basic trẻ trung năng động, thoáng mát co giãn 4 chiều MRM Manlywear		5	Đặt L mà giao M. Khả năng cao đây là lỗi của app Tiki nữa, đề nghị shop check lại với Tiki để fix bug ngay. Người mua họ không nhầm đâu, mấy cái thao tác chọn size đơn giản thì nhầm sao được. Cũng may là chỉ hơi chật một chút, vẫn cố mặc được, hy vọng nó sẽ giãn dần ra.	2022-06-23 12:53:52	2026-09-29 21:49:12
tk_20186406	tiki	99968881	fashion	Set 2 quần đùi nam, quần Short Gió nam thể thao Basic trẻ trung năng động, thoáng mát co giãn 4 chiều MRM Manlywear		5	Đường chỉ sắc xảo vải mượt và chắc.	2025-10-30 23:43:01	2026-09-29 21:49:12
tk_20217937	tiki	99968881	fashion	Set 2 quần đùi nam, quần Short Gió nam thể thao Basic trẻ trung năng động, thoáng mát co giãn 4 chiều MRM Manlywear		5	Cực kì hài lòng	2026-03-08 13:48:06	2026-09-29 21:49:12
tk_20209922	tiki	99968881	fashion	Set 2 quần đùi nam, quần Short Gió nam thể thao Basic trẻ trung năng động, thoáng mát co giãn 4 chiều MRM Manlywear		5	Cực kì hài lòng	2026-02-01 09:35:40	2026-09-29 21:49:12
tk_20207177	tiki	99968881	fashion	Set 2 quần đùi nam, quần Short Gió nam thể thao Basic trẻ trung năng động, thoáng mát co giãn 4 chiều MRM Manlywear		5	Cực kì hài lòng	2026-01-20 08:41:28	2026-09-29 21:49:12
tk_19895059	tiki	99968881	fashion	Set 2 quần đùi nam, quần Short Gió nam thể thao Basic trẻ trung năng động, thoáng mát co giãn 4 chiều MRM Manlywear		5	Quần mặc thoải mái, vải chắc mát. Để trãi nghiệm thực tế mới đánh giá đc. Shop đóng gói rất cẩn thận, giao hàng nhanh.	2024-06-07 12:47:35	2026-09-29 21:49:12
tk_20196581	tiki	99968881	fashion	Set 2 quần đùi nam, quần Short Gió nam thể thao Basic trẻ trung năng động, thoáng mát co giãn 4 chiều MRM Manlywear		5	Cực kì hài lòng	2025-12-09 20:27:07	2026-09-29 21:49:12
tk_10517187	tiki	99968881	fashion	Set 2 quần đùi nam, quần Short Gió nam thể thao Basic trẻ trung năng động, thoáng mát co giãn 4 chiều MRM Manlywear		5	Mình dân chuyên marathon, nên khi lựa đồ rất kĩ tính, đã dùng sản phẩm của nhiều thương hiệu khá nổi, lần này lên tiki chọn mua hàng Brand, giá khá mềm so với các hãng lớn nhưng quần mặc rất thoải mái, thoáng mát , co giãn cực tốt. chắc chắn sẽ còn mua thêm trong tương lai, thấy shop bán cả tất thể thao, khi nào cần mình lên tiki order ngay 5* tuyệt vời.	2021-06-19 05:13:18	2026-09-29 21:49:12
tk_20189006	tiki	99968881	fashion	Set 2 quần đùi nam, quần Short Gió nam thể thao Basic trẻ trung năng động, thoáng mát co giãn 4 chiều MRM Manlywear		5	Cực kì hài lòng	2025-11-09 20:20:20	2026-09-29 21:49:12
tk_16818900	tiki	99968881	fashion	Set 2 quần đùi nam, quần Short Gió nam thể thao Basic trẻ trung năng động, thoáng mát co giãn 4 chiều MRM Manlywear		5	Tôi đã mua 20 cái mà Shop ko tặng gì cả…. 😅😅😅. Mua từ hồi còn mùa đông. Nên thấy chất liệu bình thường. Đến mùa hè mới cảm nhận dc độ xịn của chất liệu may quần….	2022-06-24 08:21:03	2026-09-29 21:49:12
tk_19848720	tiki	99968881	fashion	Set 2 quần đùi nam, quần Short Gió nam thể thao Basic trẻ trung năng động, thoáng mát co giãn 4 chiều MRM Manlywear		5	Mặc rất thoải mái. Chất vải có vẻ mềm mại thoáng mát	2024-04-20 12:13:42	2026-09-29 21:49:12
tk_14481087	tiki	99968881	fashion	Set 2 quần đùi nam, quần Short Gió nam thể thao Basic trẻ trung năng động, thoáng mát co giãn 4 chiều MRM Manlywear		4	Hàng tốt, mặt mát. Bao bì đẹp, đóng gói cẩn thận. Gia chấp nhận được. Tuy nhiên đã là shop uy tín, hàng chất lượng phải quan tâm đến sản phẩm dù chỉ là cái nhãn: thành phần chất liệu trên tem treo và trên nhãn sản phẩm khác nhau!	2022-01-15 20:45:08	2026-09-29 21:49:12
tk_20134592	tiki	99968881	fashion	Set 2 quần đùi nam, quần Short Gió nam thể thao Basic trẻ trung năng động, thoáng mát co giãn 4 chiều MRM Manlywear		5	Cực kì hài lòng	2025-06-11 23:17:39	2026-09-29 21:49:12
tk_20132595	tiki	99968881	fashion	Set 2 quần đùi nam, quần Short Gió nam thể thao Basic trẻ trung năng động, thoáng mát co giãn 4 chiều MRM Manlywear		5	Cực kì hài lòng	2025-06-07 08:16:00	2026-09-29 21:49:12
tk_20130962	tiki	99968881	fashion	Set 2 quần đùi nam, quần Short Gió nam thể thao Basic trẻ trung năng động, thoáng mát co giãn 4 chiều MRM Manlywear		5	Cực kì hài lòng	2025-06-03 09:11:18	2026-09-29 21:49:12
tk_20129230	tiki	99968881	fashion	Set 2 quần đùi nam, quần Short Gió nam thể thao Basic trẻ trung năng động, thoáng mát co giãn 4 chiều MRM Manlywear		5	Cực kì hài lòng	2025-05-29 12:42:50	2026-09-29 21:49:12
tk_20126073	tiki	99968881	fashion	Set 2 quần đùi nam, quần Short Gió nam thể thao Basic trẻ trung năng động, thoáng mát co giãn 4 chiều MRM Manlywear		4	Hài lòng	2025-05-20 20:41:14	2026-09-29 21:49:13
tk_20119202	tiki	99968881	fashion	Set 2 quần đùi nam, quần Short Gió nam thể thao Basic trẻ trung năng động, thoáng mát co giãn 4 chiều MRM Manlywear		4	Hài lòng	2025-05-04 21:18:01	2026-09-29 21:49:13
tk_20113170	tiki	99968881	fashion	Set 2 quần đùi nam, quần Short Gió nam thể thao Basic trẻ trung năng động, thoáng mát co giãn 4 chiều MRM Manlywear		5	Cực kì hài lòng	2025-04-20 07:46:47	2026-09-29 21:49:13
tk_20112334	tiki	99968881	fashion	Set 2 quần đùi nam, quần Short Gió nam thể thao Basic trẻ trung năng động, thoáng mát co giãn 4 chiều MRM Manlywear		5	Cực kì hài lòng	2025-04-18 09:57:13	2026-09-29 21:49:13
tk_19922714	tiki	99968881	fashion	Set 2 quần đùi nam, quần Short Gió nam thể thao Basic trẻ trung năng động, thoáng mát co giãn 4 chiều MRM Manlywear		5	Chất lượng tốt. May ngay ngắn. Chất liệu mặc vào dễ chịu.	2024-07-09 14:09:33	2026-09-29 21:49:13
tk_19991047	tiki	99968881	fashion	Set 2 quần đùi nam, quần Short Gió nam thể thao Basic trẻ trung năng động, thoáng mát co giãn 4 chiều MRM Manlywear		4	quần mặc nhà,mát mẻ , thoải mái, size chẩn	2024-09-27 15:55:43	2026-09-29 21:49:13
tk_20097063	tiki	99968881	fashion	Set 2 quần đùi nam, quần Short Gió nam thể thao Basic trẻ trung năng động, thoáng mát co giãn 4 chiều MRM Manlywear		4	Hài lòng	2025-03-16 11:08:33	2026-09-29 21:49:13
tk_10111525	tiki	99968881	fashion	Set 2 quần đùi nam, quần Short Gió nam thể thao Basic trẻ trung năng động, thoáng mát co giãn 4 chiều MRM Manlywear		5	Trước mua 1 lần rồi, ưng nên mua tiếp 2 chiếc cho ông xã mặc thay đổi. Chất gió mát, đẹp đáng tiền, hàng chính hãng giá phù hợp. Quần co giãn tốt nên ai chọn size cứ đúng bảng size mà chọn. 5* và sẽ còn lưa thêm đồ cho gia đình.	2021-06-02 12:20:21	2026-09-29 21:49:13
tk_19799401	tiki	99968881	fashion	Set 2 quần đùi nam, quần Short Gió nam thể thao Basic trẻ trung năng động, thoáng mát co giãn 4 chiều MRM Manlywear		5	Cực kì hài lòng	2024-03-09 13:15:01	2026-09-29 21:49:13
tk_11209366	tiki	99968881	fashion	Set 2 quần đùi nam, quần Short Gió nam thể thao Basic trẻ trung năng động, thoáng mát co giãn 4 chiều MRM Manlywear		5	Mua được quần short thể thao đẹp tính đi chạy thể thao ngoài trời mà bị hạn chế chỗ đông người, thôi đành tập quanh nhà, Hàng chính hãng - tốt- giá hợp lí, đợi hết dịch sẽ mua thêm vài chiếc để thay đổi. 5*	2021-07-16 10:35:06	2026-09-29 21:49:13
tk_20052214	tiki	99968881	fashion	Set 2 quần đùi nam, quần Short Gió nam thể thao Basic trẻ trung năng động, thoáng mát co giãn 4 chiều MRM Manlywear		5	Cực kì hài lòng	2024-12-19 22:05:02	2026-09-29 21:49:13
tk_20039522	tiki	99968881	fashion	Set 2 quần đùi nam, quần Short Gió nam thể thao Basic trẻ trung năng động, thoáng mát co giãn 4 chiều MRM Manlywear		5	Good	2024-11-29 17:50:24	2026-09-29 21:49:13
tk_10449007	tiki	99968881	fashion	Set 2 quần đùi nam, quần Short Gió nam thể thao Basic trẻ trung năng động, thoáng mát co giãn 4 chiều MRM Manlywear		5	Full bộ đồ cả áo, quần đều mua của shop. Đẹp, mặc thoải mái, cả bộ tính ra có hơn 200k thật sự quá rẻ, mua ngoài cửa hàng thật sự không có giá này. Sẽ mua thêm trong tương lai 5*	2021-06-16 07:02:08	2026-09-29 21:49:13
tk_20030497	tiki	99968881	fashion	Set 2 quần đùi nam, quần Short Gió nam thể thao Basic trẻ trung năng động, thoáng mát co giãn 4 chiều MRM Manlywear		4	Hài lòng	2024-11-14 13:51:50	2026-09-29 21:49:13
tk_20029670	tiki	99968881	fashion	Set 2 quần đùi nam, quần Short Gió nam thể thao Basic trẻ trung năng động, thoáng mát co giãn 4 chiều MRM Manlywear		5	Cực kì hài lòng	2024-11-13 09:41:29	2026-09-29 21:49:13
tk_10097969	tiki	99968881	fashion	Set 2 quần đùi nam, quần Short Gió nam thể thao Basic trẻ trung năng động, thoáng mát co giãn 4 chiều MRM Manlywear		5	Quần mặc rất thoải mái, vải mát, mặc đi chơi, thể thao,ở nhà đều được. Chất lượng khỏi bàn, giá rẻ hơn nhiều so với thực tế. So với các hãng lớn thì chất lượng same same, dùng tốt sẽ còn mua theemm.	2021-06-01 18:29:52	2026-09-29 21:49:13
tk_10131257	tiki	99968881	fashion	Set 2 quần đùi nam, quần Short Gió nam thể thao Basic trẻ trung năng động, thoáng mát co giãn 4 chiều MRM Manlywear		5	Giao hàng nhanh, shop đóng gói rất cẩn thận, chất lượng cảm quan tốt so với giá thấy phù hợp. Me mua cho con trai nên cũng biết cháu nó mặc có thoải mái không, để cháu nó mặc 1 thời gian, thích thì tôi sẽ mua thêm cho cháu. Cảm ơn tiki và shop	2021-06-03 11:25:09	2026-09-29 21:49:13
tk_19992721	tiki	99968881	fashion	Set 2 quần đùi nam, quần Short Gió nam thể thao Basic trẻ trung năng động, thoáng mát co giãn 4 chiều MRM Manlywear		5	Cực kì hài lòng	2024-09-29 18:45:25	2026-09-29 21:49:13
tk_17955760	tiki	99968881	fashion	Set 2 quần đùi nam, quần Short Gió nam thể thao Basic trẻ trung năng động, thoáng mát co giãn 4 chiều MRM Manlywear		5	giao hàng nhanh sp như web,mặc thoáng mát,bao co giãn	2022-10-14 11:33:15	2026-09-29 21:49:13
tk_19951833	tiki	99968881	fashion	Set 2 quần đùi nam, quần Short Gió nam thể thao Basic trẻ trung năng động, thoáng mát co giãn 4 chiều MRM Manlywear		4	Hàng OK	2024-08-11 22:44:26	2026-09-29 21:49:13
tk_15765815	tiki	99968881	fashion	Set 2 quần đùi nam, quần Short Gió nam thể thao Basic trẻ trung năng động, thoáng mát co giãn 4 chiều MRM Manlywear		5	Ban đầu mua nhầm size, được shop hỗ trợ đổi trả rất nhanh chóng và đơn giản. quần chất liệu tốt, thoáng mát co giãn tốt, chạy bộ hay tập tạ đều tuyệt vời, sẽ mua thêm trong tương lai	2022-04-04 14:05:11	2026-09-29 21:49:15
tk_19965309	tiki	99968881	fashion	Set 2 quần đùi nam, quần Short Gió nam thể thao Basic trẻ trung năng động, thoáng mát co giãn 4 chiều MRM Manlywear		5	Cực kì hài lòng	2024-08-27 20:23:10	2026-09-29 21:49:15
tk_10658763	tiki	99968881	fashion	Set 2 quần đùi nam, quần Short Gió nam thể thao Basic trẻ trung năng động, thoáng mát co giãn 4 chiều MRM Manlywear		5	Dịch bệnh phức tạp nên giao hàng trễ xíu so với thông báo, và tiki chủ động liên hệ khách hàng nên mình không trách tiki. Nhà bán đóng gói hàng tốt, mở hộp mà còn như mới, mặc thử thì vừa đẹp, vải mềm sờ mát tay	2021-06-25 18:00:08	2026-09-29 21:49:15
tk_19766228	tiki	99968881	fashion	Set 2 quần đùi nam, quần Short Gió nam thể thao Basic trẻ trung năng động, thoáng mát co giãn 4 chiều MRM Manlywear		3	Quần khong như quảng cáo, tụt chỉ	2024-02-13 12:19:00	2026-09-29 21:49:15
tk_19930460	tiki	99968881	fashion	Set 2 quần đùi nam, quần Short Gió nam thể thao Basic trẻ trung năng động, thoáng mát co giãn 4 chiều MRM Manlywear		5	Cực kì hài lòng	2024-07-18 13:07:22	2026-09-29 21:49:15
tk_10269553	tiki	99968881	fashion	Set 2 quần đùi nam, quần Short Gió nam thể thao Basic trẻ trung năng động, thoáng mát co giãn 4 chiều MRM Manlywear		5	Qần chun co giãn rất tốt, sản phẩm chính hãng nên chất lượng may tốt, chun co kéo thoải mái không bị dãn, tiền nào của nấy.	2021-06-08 20:51:50	2026-09-29 21:49:15
tk_15946147	tiki	99968881	fashion	Set 2 quần đùi nam, quần Short Gió nam thể thao Basic trẻ trung năng động, thoáng mát co giãn 4 chiều MRM Manlywear		5	Quần đẹp, nhận hàng rất hài lòng vì sản phẩm được đóng gói bọc túi cẩn thận. Chất liệu vải mát , co giãn tốt. Có luôn giao hàng 2h nhận luôn. 5* chắc chắn sẽ mua lại ^-^	2022-04-16 11:00:04	2026-09-29 21:49:15
tk_19925538	tiki	99968881	fashion	Set 2 quần đùi nam, quần Short Gió nam thể thao Basic trẻ trung năng động, thoáng mát co giãn 4 chiều MRM Manlywear		5	Cực kì hài lòng	2024-07-12 14:04:09	2026-09-29 21:49:15
tk_15906595	tiki	99968881	fashion	Set 2 quần đùi nam, quần Short Gió nam thể thao Basic trẻ trung năng động, thoáng mát co giãn 4 chiều MRM Manlywear		5	Quần vải co giãn tốt, Shop đóng gói rất cẩn thận. Lần đầu mua hàng tại shop nhưng cực kì hài lòng, mua cho ông xã 2 chiếc size XL rất vừa, chắc chắn sẽ tiếp tục ủng hộ Sop	2022-04-13 17:52:28	2026-09-29 21:49:15
tk_19468592	tiki	99968881	fashion	Set 2 quần đùi nam, quần Short Gió nam thể thao Basic trẻ trung năng động, thoáng mát co giãn 4 chiều MRM Manlywear		4	Giao hàng nhanh Sp ổn trong tầm giá	2023-08-18 20:39:32	2026-09-29 21:49:15
tk_19841930	tiki	99968881	fashion	Set 2 quần đùi nam, quần Short Gió nam thể thao Basic trẻ trung năng động, thoáng mát co giãn 4 chiều MRM Manlywear		4	Lần sau ủng hộ	2024-04-13 19:10:28	2026-09-29 21:49:15
tk_19907625	tiki	99968881	fashion	Set 2 quần đùi nam, quần Short Gió nam thể thao Basic trẻ trung năng động, thoáng mát co giãn 4 chiều MRM Manlywear		5	Cực kì hài lòng	2024-06-21 15:46:49	2026-09-29 21:49:15
tk_19902697	tiki	99968881	fashion	Set 2 quần đùi nam, quần Short Gió nam thể thao Basic trẻ trung năng động, thoáng mát co giãn 4 chiều MRM Manlywear		5	Cực kì hài lòng	2024-06-15 16:25:40	2026-09-29 21:49:15
tk_19898636	tiki	99968881	fashion	Set 2 quần đùi nam, quần Short Gió nam thể thao Basic trẻ trung năng động, thoáng mát co giãn 4 chiều MRM Manlywear		5	Cực kì hài lòng	2024-06-11 06:03:15	2026-09-29 21:49:15
tk_19830808	tiki	99968881	fashion	Set 2 quần đùi nam, quần Short Gió nam thể thao Basic trẻ trung năng động, thoáng mát co giãn 4 chiều MRM Manlywear		5	Chưa mặc thử.	2024-04-04 06:20:26	2026-09-29 21:49:15
tk_19893832	tiki	99968881	fashion	Set 2 quần đùi nam, quần Short Gió nam thể thao Basic trẻ trung năng động, thoáng mát co giãn 4 chiều MRM Manlywear		4	Hài lòng	2024-06-06 11:36:56	2026-09-29 21:49:15
tk_19893705	tiki	99968881	fashion	Set 2 quần đùi nam, quần Short Gió nam thể thao Basic trẻ trung năng động, thoáng mát co giãn 4 chiều MRM Manlywear		4	Hài lòng	2024-06-06 10:03:27	2026-09-29 21:49:15
tk_19892943	tiki	99968881	fashion	Set 2 quần đùi nam, quần Short Gió nam thể thao Basic trẻ trung năng động, thoáng mát co giãn 4 chiều MRM Manlywear		5	Cực kì hài lòng	2024-06-05 16:06:10	2026-09-29 21:49:15
tk_10397024	tiki	99968881	fashion	Set 2 quần đùi nam, quần Short Gió nam thể thao Basic trẻ trung năng động, thoáng mát co giãn 4 chiều MRM Manlywear		5	Đóng gói siêu đẹp, cẩn thận bọc trong bọc ngoài rất cẩn thận, 2 chiếc mà đựng tận trong 2 hộp lận. Quần đẹp, mặc rất vừa shop nhé, mặc rất thoải mái. đáng tiền lắm !!!	2021-06-13 21:53:12	2026-09-29 21:49:15
tk_15436332	tiki	99968881	fashion	Set 2 quần đùi nam, quần Short Gió nam thể thao Basic trẻ trung năng động, thoáng mát co giãn 4 chiều MRM Manlywear		5	Rất 5 sao như mn nhận xét. Vải đẹp. May kỹ và chắc. Hơi mỏng so với tưởng tượng cho quần thể thao.	2022-03-15 19:44:54	2026-09-29 21:49:15
tk_10330408	tiki	99968881	fashion	Set 2 quần đùi nam, quần Short Gió nam thể thao Basic trẻ trung năng động, thoáng mát co giãn 4 chiều MRM Manlywear		5	Quần đẹp, có khóa khá tiện lợi, bỏ đồ không lo rơi, Giá so với các shop khác thì cũng không rẻ lắm nhưng gian chính hãng nên cũng rất yên tâm mua.	2021-06-10 23:21:53	2026-09-29 21:49:16
tk_19876523	tiki	99968881	fashion	Set 2 quần đùi nam, quần Short Gió nam thể thao Basic trẻ trung năng động, thoáng mát co giãn 4 chiều MRM Manlywear		5	Cực kì hài lòng	2024-05-18 14:01:16	2026-09-29 21:49:16
tk_13150340	tiki	99968881	fashion	Set 2 quần đùi nam, quần Short Gió nam thể thao Basic trẻ trung năng động, thoáng mát co giãn 4 chiều MRM Manlywear		5	Mình có đặt thử vì thấy đánh giá khá tốt. khi nhận được hàng thì mình khá ưng ý. Màu quần đẹp, đường may chắc chắn và chất liệu mềm mượt. highly recommend	2021-11-12 18:15:00	2026-09-29 21:49:16
tk_19419661	tiki	99968881	fashion	Set 2 quần đùi nam, quần Short Gió nam thể thao Basic trẻ trung năng động, thoáng mát co giãn 4 chiều MRM Manlywear		4	Vải đẹp tuy nhiên hay ra màu khi giặt (giặt 2 lần vẫn còn màu)	2023-07-30 09:56:26	2026-09-29 21:49:16
tk_19869625	tiki	99968881	fashion	Set 2 quần đùi nam, quần Short Gió nam thể thao Basic trẻ trung năng động, thoáng mát co giãn 4 chiều MRM Manlywear		5	Cực kì hài lòng	2024-05-11 08:53:02	2026-09-29 21:49:16
tk_19732824	tiki	99968881	fashion	Set 2 quần đùi nam, quần Short Gió nam thể thao Basic trẻ trung năng động, thoáng mát co giãn 4 chiều MRM Manlywear		4	Chất vải nhẹ, hơi mỏng	2024-01-18 10:02:51	2026-09-29 21:49:16
tk_19857323	tiki	99968881	fashion	Set 2 quần đùi nam, quần Short Gió nam thể thao Basic trẻ trung năng động, thoáng mát co giãn 4 chiều MRM Manlywear		5	Cực kì hài lòng	2024-04-29 10:48:14	2026-09-29 21:49:16
tk_18713833	tiki	99968881	fashion	Set 2 quần đùi nam, quần Short Gió nam thể thao Basic trẻ trung năng động, thoáng mát co giãn 4 chiều MRM Manlywear		5	Quần vải đẹp, đường may chắc chắn, hai bên túi có dây kéo tiện bỏ đồ,giá rẻ...rất đáng mua	2023-02-01 08:48:18	2026-09-29 21:49:16
tk_19744084	tiki	99968881	fashion	Set 2 quần đùi nam, quần Short Gió nam thể thao Basic trẻ trung năng động, thoáng mát co giãn 4 chiều MRM Manlywear		4	thoáng mát, dễ chịu	2024-01-25 07:21:49	2026-09-29 21:49:16
tk_19760120	tiki	99968881	fashion	Set 2 quần đùi nam, quần Short Gió nam thể thao Basic trẻ trung năng động, thoáng mát co giãn 4 chiều MRM Manlywear		5	Vừa vặn hài lòng	2024-02-04 22:04:32	2026-09-29 21:49:16
tk_19846864	tiki	99968881	fashion	Set 2 quần đùi nam, quần Short Gió nam thể thao Basic trẻ trung năng động, thoáng mát co giãn 4 chiều MRM Manlywear		4	Hài lòng	2024-04-18 14:52:36	2026-09-29 21:49:16
tk_19843347	tiki	99968881	fashion	Set 2 quần đùi nam, quần Short Gió nam thể thao Basic trẻ trung năng động, thoáng mát co giãn 4 chiều MRM Manlywear		5	Cực kì hài lòng	2024-04-15 11:49:27	2026-09-29 21:49:16
tk_14679064	tiki	99968881	fashion	Set 2 quần đùi nam, quần Short Gió nam thể thao Basic trẻ trung năng động, thoáng mát co giãn 4 chiều MRM Manlywear		5	Quần chất lượng tuyệt vời. Mặc chạy thể dục rất thoải mái, Có điều mình không biết liệu thun lưng quần sẽ hư trước không vì nó hơi dãn và phải cột dây thêm khi chạy.	2022-01-25 10:09:51	2026-09-29 21:49:16
tk_19764026	tiki	99968881	fashion	Set 2 quần đùi nam, quần Short Gió nam thể thao Basic trẻ trung năng động, thoáng mát co giãn 4 chiều MRM Manlywear		5	Ngon xịn tuyệt	2024-02-08 15:28:54	2026-09-29 21:49:16
tk_19836215	tiki	99968881	fashion	Set 2 quần đùi nam, quần Short Gió nam thể thao Basic trẻ trung năng động, thoáng mát co giãn 4 chiều MRM Manlywear		4	Hài lòng	2024-04-08 19:46:38	2026-09-29 21:49:16
tk_16891536	tiki	99968881	fashion	Set 2 quần đùi nam, quần Short Gió nam thể thao Basic trẻ trung năng động, thoáng mát co giãn 4 chiều MRM Manlywear		5	Vải hơi mỏng nhưng thoáng mát co giãn tốt, chồng mình cũng ưng ý. Đây là lần mua hàng thứ 2 ở shop rồi.	2022-06-30 12:49:15	2026-09-29 21:49:16
tk_19826331	tiki	99968881	fashion	Set 2 quần đùi nam, quần Short Gió nam thể thao Basic trẻ trung năng động, thoáng mát co giãn 4 chiều MRM Manlywear		5	Cực kì hài lòng	2024-03-31 10:04:01	2026-09-29 21:49:16
tk_19822618	tiki	99968881	fashion	Set 2 quần đùi nam, quần Short Gió nam thể thao Basic trẻ trung năng động, thoáng mát co giãn 4 chiều MRM Manlywear		5	Cực kì hài lòng	2024-03-27 21:36:13	2026-09-29 21:49:16
tk_16913622	tiki	99968881	fashion	Set 2 quần đùi nam, quần Short Gió nam thể thao Basic trẻ trung năng động, thoáng mát co giãn 4 chiều MRM Manlywear		5	chất lượng tốt, chất vải mát, giao hàng nhanh, đúng như mô tả	2022-07-02 14:05:20	2026-09-29 21:49:16
tk_16621601	tiki	99968881	fashion	Set 2 quần đùi nam, quần Short Gió nam thể thao Basic trẻ trung năng động, thoáng mát co giãn 4 chiều MRM Manlywear		5	Sản phẩm như mô tả, nên mua 😊	2022-06-08 11:42:13	2026-09-29 21:49:16
tk_19798505	tiki	99968881	fashion	Set 2 quần đùi nam, quần Short Gió nam thể thao Basic trẻ trung năng động, thoáng mát co giãn 4 chiều MRM Manlywear		5	Cực kì hài lòng	2024-03-08 15:50:05	2026-09-29 21:49:18
tk_17872399	tiki	99968881	fashion	Set 2 quần đùi nam, quần Short Gió nam thể thao Basic trẻ trung năng động, thoáng mát co giãn 4 chiều MRM Manlywear		4	hàng bình thường, vải mỏng, size không chuẩn, mình thường mặc size L mà quần này chắc phải mua lên XXL mới vừa	2022-10-05 05:36:27	2026-09-29 21:49:18
tk_19779953	tiki	99968881	fashion	Set 2 quần đùi nam, quần Short Gió nam thể thao Basic trẻ trung năng động, thoáng mát co giãn 4 chiều MRM Manlywear		5	Cực kì hài lòng	2024-02-23 11:39:11	2026-09-29 21:49:18
tk_15741823	tiki	99968881	fashion	Set 2 quần đùi nam, quần Short Gió nam thể thao Basic trẻ trung năng động, thoáng mát co giãn 4 chiều MRM Manlywear		3	Thất vọng vì logo được in mà không phải được thêu. Sau một thời gian logo bong tróc hết. Nhìn nó như một chiếc quần không thương hiệu.	2022-04-03 01:06:44	2026-09-29 21:49:18
tk_19540589	tiki	99968881	fashion	Set 2 quần đùi nam, quần Short Gió nam thể thao Basic trẻ trung năng động, thoáng mát co giãn 4 chiều MRM Manlywear		5	O fibf jfa jyr ịcr ige jwyi ký kjfr kgc	2023-09-19 21:30:09	2026-09-29 21:49:18
tk_17330059	tiki	99968881	fashion	Set 2 quần đùi nam, quần Short Gió nam thể thao Basic trẻ trung năng động, thoáng mát co giãn 4 chiều MRM Manlywear		4	Không co giãn nhiều như mình mong đợi nhưng vừa đủ. Thoáng mát. Khoá túi tốt, nhẹ nhàng ko dễ kẹt như hàng rẻ tiền hơn	2022-08-07 16:51:02	2026-09-29 21:49:18
tk_19769890	tiki	99968881	fashion	Set 2 quần đùi nam, quần Short Gió nam thể thao Basic trẻ trung năng động, thoáng mát co giãn 4 chiều MRM Manlywear		5	Cực kì hài lòng	2024-02-16 19:35:37	2026-09-29 21:49:18
tk_19747536	tiki	99968881	fashion	Set 2 quần đùi nam, quần Short Gió nam thể thao Basic trẻ trung năng động, thoáng mát co giãn 4 chiều MRM Manlywear		5	Cực kì hài lòng	2024-01-27 11:46:57	2026-09-29 21:49:18
tk_16761973	tiki	99968881	fashion	Set 2 quần đùi nam, quần Short Gió nam thể thao Basic trẻ trung năng động, thoáng mát co giãn 4 chiều MRM Manlywear		5	Hàng khá ổn. Mấy hôm đi vòng quanh siêu thị mua quần mà ko ưng 😂😂 đặt trên này ưng ghê	2022-06-19 09:44:21	2026-09-29 21:49:18
tk_19740885	tiki	99968881	fashion	Set 2 quần đùi nam, quần Short Gió nam thể thao Basic trẻ trung năng động, thoáng mát co giãn 4 chiều MRM Manlywear		5	Cực kì hài lòng	2024-01-23 11:46:20	2026-09-29 21:49:18
tk_19341808	tiki	99968881	fashion	Set 2 quần đùi nam, quần Short Gió nam thể thao Basic trẻ trung năng động, thoáng mát co giãn 4 chiều MRM Manlywear		5	Quần đẹp, như quảng cáo, có giãn và mát	2023-07-01 18:14:03	2026-09-29 21:49:18
tk_19711883	tiki	99968881	fashion	Set 2 quần đùi nam, quần Short Gió nam thể thao Basic trẻ trung năng động, thoáng mát co giãn 4 chiều MRM Manlywear		4	Hài lòng	2024-01-05 14:54:10	2026-09-29 21:49:18
tk_15604457	tiki	99968881	fashion	Set 2 quần đùi nam, quần Short Gió nam thể thao Basic trẻ trung năng động, thoáng mát co giãn 4 chiều MRM Manlywear		5	Quần đẹp, giặt nhanh khô, đã mua 5 quần bên shop! Shop tư vấn rất nhiệt tình! sẽ mua ủng hộ lần sau ^^	2022-03-26 10:20:40	2026-09-29 21:49:18
tk_19695965	tiki	99968881	fashion	Set 2 quần đùi nam, quần Short Gió nam thể thao Basic trẻ trung năng động, thoáng mát co giãn 4 chiều MRM Manlywear		5	Cực kì hài lòng	2023-12-26 09:56:49	2026-09-29 21:49:18
tk_19694305	tiki	99968881	fashion	Set 2 quần đùi nam, quần Short Gió nam thể thao Basic trẻ trung năng động, thoáng mát co giãn 4 chiều MRM Manlywear		5	Cực kì hài lòng	2023-12-25 08:25:54	2026-09-29 21:49:18
tk_11027770	tiki	99968881	fashion	Set 2 quần đùi nam, quần Short Gió nam thể thao Basic trẻ trung năng động, thoáng mát co giãn 4 chiều MRM Manlywear		4	sản phẩm đóng gói đẹp..nhưng giao hàng đến 4 ngày mới nhận dc..nếu có thêm túi hậu nữa thì đẹp quá.nói chung tạm ổn	2021-07-10 06:13:30	2026-09-29 21:49:18
tk_19348702	tiki	99968881	fashion	Set 2 quần đùi nam, quần Short Gió nam thể thao Basic trẻ trung năng động, thoáng mát co giãn 4 chiều MRM Manlywear		5	Cực kì hài lòng	2023-07-04 11:58:46	2026-09-29 21:49:18
tk_19682419	tiki	99968881	fashion	Set 2 quần đùi nam, quần Short Gió nam thể thao Basic trẻ trung năng động, thoáng mát co giãn 4 chiều MRM Manlywear		5	Cực kì hài lòng	2023-12-14 15:59:20	2026-09-29 21:49:18
tk_18537941	tiki	99968881	fashion	Set 2 quần đùi nam, quần Short Gió nam thể thao Basic trẻ trung năng động, thoáng mát co giãn 4 chiều MRM Manlywear		5	Đóng gói cẩn thận và chất lượng sản phẩm rất tốt, hài lòng lắm luôn!	2022-12-30 11:26:35	2026-09-29 21:49:18
tk_19262835	tiki	99968881	fashion	Set 2 quần đùi nam, quần Short Gió nam thể thao Basic trẻ trung năng động, thoáng mát co giãn 4 chiều MRM Manlywear		5	Hàng đẹp chất lượng tốt, giá hợp lý	2023-06-05 17:35:51	2026-09-29 21:49:18
tk_20086430	tiki	154298071	fashion	Combo 2 quần đùi nam, quần Short Gió nam thể thao Họa Tiết Rằn Ri trẻ trung năng động, thoáng mát co giãn 4 chiều MRM Manlywear		5	Tôi đã đặt hàng nhiều lần trên tiki và luôn hài lòng. Sản phẩm chất lượng đúng như giới thiệu. Tiki đóng gói cẩn thận và giao hàng nhanh. Mua sắm trên tiki tôi an tâm về chất lượng của hàng hoá. Chúc cho shop và Tiki luôn phát triểm và là điểm mua sắm đáng tin cậy của người dân!	2025-02-23 18:54:07	2026-09-29 21:49:23
tk_20059793	tiki	154298071	fashion	Combo 2 quần đùi nam, quần Short Gió nam thể thao Họa Tiết Rằn Ri trẻ trung năng động, thoáng mát co giãn 4 chiều MRM Manlywear		2	Đổi sz M. 5 ngày sau ship hang lại đổi vẫn sz M .đề nghi shop Đổi hàng hoặc trả hàng	2025-01-03 13:58:10	2026-09-29 21:49:23
tk_20203227	tiki	154298071	fashion	Combo 2 quần đùi nam, quần Short Gió nam thể thao Họa Tiết Rằn Ri trẻ trung năng động, thoáng mát co giãn 4 chiều MRM Manlywear		5	Tôi đã mua lần thứ hai của shop.	2026-01-04 15:05:23	2026-09-29 21:49:23
tk_20233858	tiki	154298071	fashion	Combo 2 quần đùi nam, quần Short Gió nam thể thao Họa Tiết Rằn Ri trẻ trung năng động, thoáng mát co giãn 4 chiều MRM Manlywear		5	Cực kì hài lòng	2026-05-15 15:24:53	2026-09-29 21:49:23
tk_20226714	tiki	154298071	fashion	Combo 2 quần đùi nam, quần Short Gió nam thể thao Họa Tiết Rằn Ri trẻ trung năng động, thoáng mát co giãn 4 chiều MRM Manlywear		5	Cực kì hài lòng	2026-04-14 18:34:47	2026-09-29 21:49:23
tk_20197363	tiki	154298071	fashion	Combo 2 quần đùi nam, quần Short Gió nam thể thao Họa Tiết Rằn Ri trẻ trung năng động, thoáng mát co giãn 4 chiều MRM Manlywear		5	Mỏng nhẹ mặc mát dái	2025-12-12 16:53:31	2026-09-29 21:49:23
tk_15552683	tiki	154298071	fashion	Combo 2 quần đùi nam, quần Short Gió nam thể thao Họa Tiết Rằn Ri trẻ trung năng động, thoáng mát co giãn 4 chiều MRM Manlywear		5	Giá cả hợp lý. Quần may kỹ, chắc chắn. Cắt chỉ thừa, vệ sinh sạch sẽ. Tuy nhiên hoạ tiết rằn ri không thật rõ ràng.	2022-03-22 21:29:09	2026-09-29 21:49:23
tk_14783326	tiki	154298071	fashion	Combo 2 quần đùi nam, quần Short Gió nam thể thao Họa Tiết Rằn Ri trẻ trung năng động, thoáng mát co giãn 4 chiều MRM Manlywear		5	Sản phẩm quá tuyệt vời, giao hàng nhanh đóng gói siêu cẩn thận, nhận hàng bọc kĩ càng. mua rất nhiều hàng trên tiki nhưng có lẽ đây là lần đầu hài lòng từ a -z như zậy. tks shop	2022-02-03 22:11:15	2026-09-29 21:49:23
tk_15832833	tiki	154298071	fashion	Combo 2 quần đùi nam, quần Short Gió nam thể thao Họa Tiết Rằn Ri trẻ trung năng động, thoáng mát co giãn 4 chiều MRM Manlywear		5	Tiki giao 2h Siêu nhanh, kịp nhận quần để tham gia giải chạy Marathon . Chất lượng quá tốt, vải co dãn rất thoải mái khi vận động mạnh, Hàng chất lượng uy tín. Sẽ mua lại trong tương lai. Tuyệt vời !!	2022-04-08 13:44:10	2026-09-29 21:49:23
tk_14568598	tiki	154298071	fashion	Combo 2 quần đùi nam, quần Short Gió nam thể thao Họa Tiết Rằn Ri trẻ trung năng động, thoáng mát co giãn 4 chiều MRM Manlywear		5	hàng cực kì chất lượng,kiểu dáng màu sắc đẹp. Hộp gói hàng cẩn thận logo brand nổi bật dễ nhận diện, giá hợp lí, sẽ mua lại trong tương lai	2022-01-19 17:01:13	2026-09-29 21:49:23
tk_20164787	tiki	154298071	fashion	Combo 2 quần đùi nam, quần Short Gió nam thể thao Họa Tiết Rằn Ri trẻ trung năng động, thoáng mát co giãn 4 chiều MRM Manlywear		5	Cực kì hài lòng	2025-08-30 20:43:21	2026-09-29 21:49:23
tk_17320610	tiki	154298071	fashion	Combo 2 quần đùi nam, quần Short Gió nam thể thao Họa Tiết Rằn Ri trẻ trung năng động, thoáng mát co giãn 4 chiều MRM Manlywear		5	Tiki giao hàng đúng hạn. Đóng gói đẹp, cẩn thận. Hàng giao đúng loại. Mặc thử thấy cũng OK đánh giá 5*. Chất lượng thực sự sản phẩm phải dùng 1 thời gian mới biết.	2022-08-06 18:47:06	2026-09-29 21:49:23
tk_20162213	tiki	154298071	fashion	Combo 2 quần đùi nam, quần Short Gió nam thể thao Họa Tiết Rằn Ri trẻ trung năng động, thoáng mát co giãn 4 chiều MRM Manlywear		4	Hài lòng	2025-08-24 09:44:33	2026-09-29 21:49:23
tk_20134589	tiki	154298071	fashion	Combo 2 quần đùi nam, quần Short Gió nam thể thao Họa Tiết Rằn Ri trẻ trung năng động, thoáng mát co giãn 4 chiều MRM Manlywear		5	Cực kì hài lòng	2025-06-11 23:17:01	2026-09-29 21:49:23
tk_20121909	tiki	154298071	fashion	Combo 2 quần đùi nam, quần Short Gió nam thể thao Họa Tiết Rằn Ri trẻ trung năng động, thoáng mát co giãn 4 chiều MRM Manlywear		5	Cực kì hài lòng	2025-05-10 20:15:27	2026-09-29 21:49:23
tk_19929405	tiki	154298071	fashion	Combo 2 quần đùi nam, quần Short Gió nam thể thao Họa Tiết Rằn Ri trẻ trung năng động, thoáng mát co giãn 4 chiều MRM Manlywear		3	2 cái thì 1 cái bị thủng túi	2024-07-17 10:29:43	2026-09-29 21:49:23
tk_20118396	tiki	154298071	fashion	Combo 2 quần đùi nam, quần Short Gió nam thể thao Họa Tiết Rằn Ri trẻ trung năng động, thoáng mát co giãn 4 chiều MRM Manlywear		4	Hài lòng	2025-05-03 06:04:55	2026-09-29 21:49:23
tk_20094532	tiki	154298071	fashion	Combo 2 quần đùi nam, quần Short Gió nam thể thao Họa Tiết Rằn Ri trẻ trung năng động, thoáng mát co giãn 4 chiều MRM Manlywear		5	Cực kì hài lòng	2025-03-11 19:54:59	2026-09-29 21:49:23
tk_20093128	tiki	154298071	fashion	Combo 2 quần đùi nam, quần Short Gió nam thể thao Họa Tiết Rằn Ri trẻ trung năng động, thoáng mát co giãn 4 chiều MRM Manlywear		5	Cực kì hài lòng	2025-03-09 08:11:32	2026-09-29 21:49:23
tk_20087450	tiki	154298071	fashion	Combo 2 quần đùi nam, quần Short Gió nam thể thao Họa Tiết Rằn Ri trẻ trung năng động, thoáng mát co giãn 4 chiều MRM Manlywear		5	Cực kì hài lòng	2025-02-25 17:22:25	2026-09-29 21:49:23
tk_15222857	tiki	154298071	fashion	Combo 2 quần đùi nam, quần Short Gió nam thể thao Họa Tiết Rằn Ri trẻ trung năng động, thoáng mát co giãn 4 chiều MRM Manlywear		5	Quần mặc rất thoải mái, vải mát, mặc đi chơi, thể thao,ở nhà đều được. Chất lượng khỏi bàn, giá rẻ hơn nhiều so với thực tế. So với các hãng lớn thì chất lượng same same, dùng tốt sẽ còn mua theemm.	2022-03-02 17:21:10	2026-09-29 21:49:26
tk_14813875	tiki	154298071	fashion	Combo 2 quần đùi nam, quần Short Gió nam thể thao Họa Tiết Rằn Ri trẻ trung năng động, thoáng mát co giãn 4 chiều MRM Manlywear		5	Giao hàng nhanh, hàng đẹp gói hàng kĩ. mỗi quần 1 hộp sịn sò. xứng đáng vote 5, mua rất rất nhiều lần của shop đều hài lòng	2022-02-06 21:46:52	2026-09-29 21:49:26
tk_20056859	tiki	154298071	fashion	Combo 2 quần đùi nam, quần Short Gió nam thể thao Họa Tiết Rằn Ri trẻ trung năng động, thoáng mát co giãn 4 chiều MRM Manlywear		5	Cực kì hài lòng	2024-12-28 13:07:32	2026-09-29 21:49:26
tk_17895898	tiki	154298071	fashion	Combo 2 quần đùi nam, quần Short Gió nam thể thao Họa Tiết Rằn Ri trẻ trung năng động, thoáng mát co giãn 4 chiều MRM Manlywear		5	Mỏng nhưng chắc chắn chứ không phải loại tệ. Thoáng mát, vệ sinh chỉ sạch sẽ. Tiki đừng buộc khách hàng phải có hình ảnh sản phẩm nữa. Thích thì thêm không thì thôi.	2022-10-07 21:00:25	2026-09-29 21:49:26
tk_19833977	tiki	154298071	fashion	Combo 2 quần đùi nam, quần Short Gió nam thể thao Họa Tiết Rằn Ri trẻ trung năng động, thoáng mát co giãn 4 chiều MRM Manlywear		5	Màu sắc,thiết kế đẹp chất liệu tốt.hài lòng!	2024-04-06 16:16:19	2026-09-29 21:49:26
tk_20025491	tiki	154298071	fashion	Combo 2 quần đùi nam, quần Short Gió nam thể thao Họa Tiết Rằn Ri trẻ trung năng động, thoáng mát co giãn 4 chiều MRM Manlywear		5	Cực kì hài lòng	2024-11-07 12:23:26	2026-09-29 21:49:26
tk_19996122	tiki	154298071	fashion	Combo 2 quần đùi nam, quần Short Gió nam thể thao Họa Tiết Rằn Ri trẻ trung năng động, thoáng mát co giãn 4 chiều MRM Manlywear		5	Cực kì hài lòng	2024-10-03 18:40:21	2026-09-29 21:49:26
tk_15595055	tiki	154298071	fashion	Combo 2 quần đùi nam, quần Short Gió nam thể thao Họa Tiết Rằn Ri trẻ trung năng động, thoáng mát co giãn 4 chiều MRM Manlywear		5	mặc được 2 hôm đi chạy bộ, rất thoải mái. trong tương lai không biết quần có bị bai chun ko, nhưng sờ thì co giãn rất tốt. Dùng bền thì mình sẽ order thêm,. Tim hoài mới được quần Gu mình thích !.!	2022-03-25 16:16:32	2026-09-29 21:49:26
tk_19982977	tiki	154298071	fashion	Combo 2 quần đùi nam, quần Short Gió nam thể thao Họa Tiết Rằn Ri trẻ trung năng động, thoáng mát co giãn 4 chiều MRM Manlywear		5	Cực kì hài lòng	2024-09-17 22:44:30	2026-09-29 21:49:26
tk_16511350	tiki	154298071	fashion	Combo 2 quần đùi nam, quần Short Gió nam thể thao Họa Tiết Rằn Ri trẻ trung năng động, thoáng mát co giãn 4 chiều MRM Manlywear		5	Sản phẩm giống mô tả, size vừa, đóng gói cẩn thận, giao hàng đúng hẹn, đã trãi nghiệm chất liệu bền mát. Sẽ ủng hộ tiếp khi có nhu cầu.	2022-05-30 12:18:26	2026-09-29 21:49:26
tk_19790710	tiki	154298071	fashion	Combo 2 quần đùi nam, quần Short Gió nam thể thao Họa Tiết Rằn Ri trẻ trung năng động, thoáng mát co giãn 4 chiều MRM Manlywear		5	Chất lượng quá tốt, sẽ ủng hộ tiếp	2024-03-02 21:13:39	2026-09-29 21:49:26
tk_19967924	tiki	154298071	fashion	Combo 2 quần đùi nam, quần Short Gió nam thể thao Họa Tiết Rằn Ri trẻ trung năng động, thoáng mát co giãn 4 chiều MRM Manlywear		5	Cực kì hài lòng	2024-08-31 09:14:49	2026-09-29 21:49:26
tk_19963729	tiki	154298071	fashion	Combo 2 quần đùi nam, quần Short Gió nam thể thao Họa Tiết Rằn Ri trẻ trung năng động, thoáng mát co giãn 4 chiều MRM Manlywear		5	Cực kì hài lòng	2024-08-26 06:22:14	2026-09-29 21:49:26
tk_19951047	tiki	154298071	fashion	Combo 2 quần đùi nam, quần Short Gió nam thể thao Họa Tiết Rằn Ri trẻ trung năng động, thoáng mát co giãn 4 chiều MRM Manlywear		5	Cực kì hài lòng	2024-08-11 04:43:21	2026-09-29 21:49:26
tk_19941275	tiki	154298071	fashion	Combo 2 quần đùi nam, quần Short Gió nam thể thao Họa Tiết Rằn Ri trẻ trung năng động, thoáng mát co giãn 4 chiều MRM Manlywear		5	Cực kì hài lòng	2024-07-31 13:56:27	2026-09-29 21:49:26
tk_16797506	tiki	154298071	fashion	Combo 2 quần đùi nam, quần Short Gió nam thể thao Họa Tiết Rằn Ri trẻ trung năng động, thoáng mát co giãn 4 chiều MRM Manlywear		4	Quần chất đẹp, đường may kỹ. Mỗi tội form hơi bé so size. Chồng mình 65kg mặc sz M bị chật	2022-06-22 10:46:55	2026-09-29 21:49:26
tk_17738806	tiki	154298071	fashion	Combo 2 quần đùi nam, quần Short Gió nam thể thao Họa Tiết Rằn Ri trẻ trung năng động, thoáng mát co giãn 4 chiều MRM Manlywear		4	Size L dành cho người từ 62 - 67kg mà hơi nhỏ, nhờ shop hỗ trợ đổi size XL	2022-09-19 16:15:27	2026-09-29 21:49:26
tk_19930112	tiki	154298071	fashion	Combo 2 quần đùi nam, quần Short Gió nam thể thao Họa Tiết Rằn Ri trẻ trung năng động, thoáng mát co giãn 4 chiều MRM Manlywear		5	Cực kì hài lòng	2024-07-18 00:07:19	2026-09-29 21:49:26
tk_19346011	tiki	154298071	fashion	Combo 2 quần đùi nam, quần Short Gió nam thể thao Họa Tiết Rằn Ri trẻ trung năng động, thoáng mát co giãn 4 chiều MRM Manlywear		5	ok . fom quần nhỏ mua hơn một size mặc mới vừa	2023-07-03 11:48:46	2026-09-29 21:49:26
tk_15023642	tiki	154298071	fashion	Combo 2 quần đùi nam, quần Short Gió nam thể thao Họa Tiết Rằn Ri trẻ trung năng động, thoáng mát co giãn 4 chiều MRM Manlywear		5	Quần ok, giá tốt, mặc thoải mái. Giao nhanh cực kì hài lòng, hơi ít màu để chọn	2022-02-18 17:37:30	2026-09-29 21:49:26
tk_19465768	tiki	154298071	fashion	Combo 2 quần đùi nam, quần Short Gió nam thể thao Họa Tiết Rằn Ri trẻ trung năng động, thoáng mát co giãn 4 chiều MRM Manlywear		5	Đóng gói kỹ giao hàng nhanh. Đúng sản phẩm . Lần sau ủng hộ tiếp	2023-08-17 19:12:42	2026-09-29 21:49:28
tk_19905654	tiki	154298071	fashion	Combo 2 quần đùi nam, quần Short Gió nam thể thao Họa Tiết Rằn Ri trẻ trung năng động, thoáng mát co giãn 4 chiều MRM Manlywear		5	Cực kì hài lòng	2024-06-19 10:47:44	2026-09-29 21:49:28
tk_19902637	tiki	154298071	fashion	Combo 2 quần đùi nam, quần Short Gió nam thể thao Họa Tiết Rằn Ri trẻ trung năng động, thoáng mát co giãn 4 chiều MRM Manlywear		5	Cực kì hài lòng	2024-06-15 15:22:30	2026-09-29 21:49:28
tk_19898564	tiki	154298071	fashion	Combo 2 quần đùi nam, quần Short Gió nam thể thao Họa Tiết Rằn Ri trẻ trung năng động, thoáng mát co giãn 4 chiều MRM Manlywear		5	Cực kì hài lòng	2024-06-10 22:30:11	2026-09-29 21:49:28
tk_19886169	tiki	154298071	fashion	Combo 2 quần đùi nam, quần Short Gió nam thể thao Họa Tiết Rằn Ri trẻ trung năng động, thoáng mát co giãn 4 chiều MRM Manlywear		5	Cực kì hài lòng	2024-05-29 15:53:10	2026-09-29 21:49:28
tk_19878339	tiki	154298071	fashion	Combo 2 quần đùi nam, quần Short Gió nam thể thao Họa Tiết Rằn Ri trẻ trung năng động, thoáng mát co giãn 4 chiều MRM Manlywear		5	Cực kì hài lòng	2024-05-20 15:06:18	2026-09-29 21:49:28
tk_19875309	tiki	154298071	fashion	Combo 2 quần đùi nam, quần Short Gió nam thể thao Họa Tiết Rằn Ri trẻ trung năng động, thoáng mát co giãn 4 chiều MRM Manlywear		4	Hài lòng	2024-05-16 23:39:41	2026-09-29 21:49:28
tk_19866240	tiki	154298071	fashion	Combo 2 quần đùi nam, quần Short Gió nam thể thao Họa Tiết Rằn Ri trẻ trung năng động, thoáng mát co giãn 4 chiều MRM Manlywear		4	Ok	2024-05-07 21:12:24	2026-09-29 21:49:28
tk_19873402	tiki	154298071	fashion	Combo 2 quần đùi nam, quần Short Gió nam thể thao Họa Tiết Rằn Ri trẻ trung năng động, thoáng mát co giãn 4 chiều MRM Manlywear		5	Cực kì hài lòng	2024-05-14 22:50:25	2026-09-29 21:49:28
tk_19869624	tiki	154298071	fashion	Combo 2 quần đùi nam, quần Short Gió nam thể thao Họa Tiết Rằn Ri trẻ trung năng động, thoáng mát co giãn 4 chiều MRM Manlywear		5	Cực kì hài lòng	2024-05-11 08:52:57	2026-09-29 21:49:28
tk_19859611	tiki	154298071	fashion	Combo 2 quần đùi nam, quần Short Gió nam thể thao Họa Tiết Rằn Ri trẻ trung năng động, thoáng mát co giãn 4 chiều MRM Manlywear		4	Hài lòng	2024-05-02 07:52:27	2026-09-29 21:49:28
tk_18011121	tiki	154298071	fashion	Combo 2 quần đùi nam, quần Short Gió nam thể thao Họa Tiết Rằn Ri trẻ trung năng động, thoáng mát co giãn 4 chiều MRM Manlywear		4	Vải hơi mỏng nên nhăn, tuy nhiên giá tạm chấp nhận. Đóng gói cẩn thận, vc cực nhanh	2022-10-21 12:36:57	2026-09-29 21:49:28
tk_19840283	tiki	154298071	fashion	Combo 2 quần đùi nam, quần Short Gió nam thể thao Họa Tiết Rằn Ri trẻ trung năng động, thoáng mát co giãn 4 chiều MRM Manlywear		4	Hài lòng	2024-04-12 10:47:03	2026-09-29 21:49:28
tk_19838036	tiki	154298071	fashion	Combo 2 quần đùi nam, quần Short Gió nam thể thao Họa Tiết Rằn Ri trẻ trung năng động, thoáng mát co giãn 4 chiều MRM Manlywear		5	Cực kì hài lòng	2024-04-10 12:40:12	2026-09-29 21:49:28
tk_19835333	tiki	154298071	fashion	Combo 2 quần đùi nam, quần Short Gió nam thể thao Họa Tiết Rằn Ri trẻ trung năng động, thoáng mát co giãn 4 chiều MRM Manlywear		5	Cực kì hài lòng	2024-04-08 01:10:01	2026-09-29 21:49:28
tk_19831810	tiki	154298071	fashion	Combo 2 quần đùi nam, quần Short Gió nam thể thao Họa Tiết Rằn Ri trẻ trung năng động, thoáng mát co giãn 4 chiều MRM Manlywear		5	Cực kì hài lòng	2024-04-04 20:58:09	2026-09-29 21:49:28
tk_19830757	tiki	154298071	fashion	Combo 2 quần đùi nam, quần Short Gió nam thể thao Họa Tiết Rằn Ri trẻ trung năng động, thoáng mát co giãn 4 chiều MRM Manlywear		5	Cực kì hài lòng	2024-04-04 02:15:55	2026-09-29 21:49:28
tk_19830248	tiki	154298071	fashion	Combo 2 quần đùi nam, quần Short Gió nam thể thao Họa Tiết Rằn Ri trẻ trung năng động, thoáng mát co giãn 4 chiều MRM Manlywear		5	Cực kì hài lòng	2024-04-03 16:57:16	2026-09-29 21:49:28
tk_19825432	tiki	154298071	fashion	Combo 2 quần đùi nam, quần Short Gió nam thể thao Họa Tiết Rằn Ri trẻ trung năng động, thoáng mát co giãn 4 chiều MRM Manlywear		5	Cực kì hài lòng	2024-03-30 13:45:20	2026-09-29 21:49:28
tk_19479228	tiki	154298071	fashion	Combo 2 quần đùi nam, quần Short Gió nam thể thao Họa Tiết Rằn Ri trẻ trung năng động, thoáng mát co giãn 4 chiều MRM Manlywear		5	Hàng chất lượng tốt, giá hợp lý giao hàng nhanh	2023-08-23 06:43:38	2026-09-29 21:49:28
tk_19813689	tiki	154298071	fashion	Combo 2 quần đùi nam, quần Short Gió nam thể thao Họa Tiết Rằn Ri trẻ trung năng động, thoáng mát co giãn 4 chiều MRM Manlywear		5	Cực kì hài lòng	2024-03-20 15:47:43	2026-09-29 21:49:30
tk_17684561	tiki	154298071	fashion	Combo 2 quần đùi nam, quần Short Gió nam thể thao Họa Tiết Rằn Ri trẻ trung năng động, thoáng mát co giãn 4 chiều MRM Manlywear		5	mặc rất thoải mái, dễ chịu, chất vải thoáng mát, có dây kéo túi nên để ví và điện thoại yên tâm không lo bị rớt!	2022-09-13 19:56:46	2026-09-29 21:49:30
tk_19138265	tiki	154298071	fashion	Combo 2 quần đùi nam, quần Short Gió nam thể thao Họa Tiết Rằn Ri trẻ trung năng động, thoáng mát co giãn 4 chiều MRM Manlywear		5	Giao hàng nhanh, chất vải được...	2023-04-27 17:41:36	2026-09-29 21:49:30
tk_16520919	tiki	154298071	fashion	Combo 2 quần đùi nam, quần Short Gió nam thể thao Họa Tiết Rằn Ri trẻ trung năng động, thoáng mát co giãn 4 chiều MRM Manlywear		5	Vải nhẹ, chất vải ít bị bám bẩn. Giặt mau khô lắm. Đường may chắc chắn. Giá cũng phù hợp. Nên mua hơn 1 size so vói số kg thực tế nhé.	2022-05-31 09:40:57	2026-09-29 21:49:30
tk_19789466	tiki	154298071	fashion	Combo 2 quần đùi nam, quần Short Gió nam thể thao Họa Tiết Rằn Ri trẻ trung năng động, thoáng mát co giãn 4 chiều MRM Manlywear		4	Hài lòng	2024-03-01 13:43:13	2026-09-29 21:49:30
tk_19786967	tiki	154298071	fashion	Combo 2 quần đùi nam, quần Short Gió nam thể thao Họa Tiết Rằn Ri trẻ trung năng động, thoáng mát co giãn 4 chiều MRM Manlywear		5	Cực kì hài lòng	2024-02-28 16:12:58	2026-09-29 21:49:30
tk_19640742	tiki	154298071	fashion	Combo 2 quần đùi nam, quần Short Gió nam thể thao Họa Tiết Rằn Ri trẻ trung năng động, thoáng mát co giãn 4 chiều MRM Manlywear		5	Hàng tốt, chất con giãn	2023-11-11 13:15:38	2026-09-29 21:49:30
tk_16789620	tiki	154298071	fashion	Combo 2 quần đùi nam, quần Short Gió nam thể thao Họa Tiết Rằn Ri trẻ trung năng động, thoáng mát co giãn 4 chiều MRM Manlywear		5	Rất đẹp. Rất hài lòng. Giao hàng đúng hẹn. Trong vòng 2 giờ. Bao bì cực đẹp. Chất như nước cất. Phải ủng hộ shop. Ủng hộ TIKI.	2022-06-21 16:27:35	2026-09-29 21:49:30
tk_19762871	tiki	154298071	fashion	Combo 2 quần đùi nam, quần Short Gió nam thể thao Họa Tiết Rằn Ri trẻ trung năng động, thoáng mát co giãn 4 chiều MRM Manlywear		5	Cực kì hài lòng	2024-02-07 09:24:48	2026-09-29 21:49:30
tk_19729131	tiki	154298071	fashion	Combo 2 quần đùi nam, quần Short Gió nam thể thao Họa Tiết Rằn Ri trẻ trung năng động, thoáng mát co giãn 4 chiều MRM Manlywear		5	Tốt	2024-01-16 08:39:34	2026-09-29 21:49:30
tk_17285422	tiki	154298071	fashion	Combo 2 quần đùi nam, quần Short Gió nam thể thao Họa Tiết Rằn Ri trẻ trung năng động, thoáng mát co giãn 4 chiều MRM Manlywear		5	mình đặt tikinow, shop giao hàng rất nhanh, chất lượng khá ổn, sản phẩm đúng size. sau sẽ thường xuyên ủng hộ shop.	2022-08-03 10:30:39	2026-09-29 21:49:30
tk_19516183	tiki	154298071	fashion	Combo 2 quần đùi nam, quần Short Gió nam thể thao Họa Tiết Rằn Ri trẻ trung năng động, thoáng mát co giãn 4 chiều MRM Manlywear		5	Đẹp như q cáo.hài lòng!	2023-09-09 09:54:32	2026-09-29 21:49:30
tk_19694303	tiki	154298071	fashion	Combo 2 quần đùi nam, quần Short Gió nam thể thao Họa Tiết Rằn Ri trẻ trung năng động, thoáng mát co giãn 4 chiều MRM Manlywear		5	Cực kì hài lòng	2023-12-25 08:25:38	2026-09-29 21:49:30
tk_19690187	tiki	154298071	fashion	Combo 2 quần đùi nam, quần Short Gió nam thể thao Họa Tiết Rằn Ri trẻ trung năng động, thoáng mát co giãn 4 chiều MRM Manlywear		5	Cực kì hài lòng	2023-12-22 00:32:18	2026-09-29 21:49:30
tk_19685544	tiki	154298071	fashion	Combo 2 quần đùi nam, quần Short Gió nam thể thao Họa Tiết Rằn Ri trẻ trung năng động, thoáng mát co giãn 4 chiều MRM Manlywear		5	Cực kì hài lòng	2023-12-17 11:21:40	2026-09-29 21:49:30
tk_19684150	tiki	154298071	fashion	Combo 2 quần đùi nam, quần Short Gió nam thể thao Họa Tiết Rằn Ri trẻ trung năng động, thoáng mát co giãn 4 chiều MRM Manlywear		4	Hài lòng	2023-12-16 06:26:13	2026-09-29 21:49:30
tk_15306907	tiki	154298071	fashion	Combo 2 quần đùi nam, quần Short Gió nam thể thao Họa Tiết Rằn Ri trẻ trung năng động, thoáng mát co giãn 4 chiều MRM Manlywear		4	Chất lượng tốt, Giao hàng nhanh, hàng mua tặng nhưng hộp hơi bị móp xíu, chắc do vận chuyển, mong lần sau mua hàng tiki giao cẩn thận hơn nhé.	2022-03-07 21:30:29	2026-09-29 21:49:30
tk_15604470	tiki	154298071	fashion	Combo 2 quần đùi nam, quần Short Gió nam thể thao Họa Tiết Rằn Ri trẻ trung năng động, thoáng mát co giãn 4 chiều MRM Manlywear		5	Quần may đẹp, vải giặt nhanh khô và không bị nhăn! Shop tư vấn rất nhiệt tình! Sẽ mua thêm lần sau	2022-03-26 10:21:34	2026-09-29 21:49:30
tk_19638606	tiki	154298071	fashion	Combo 2 quần đùi nam, quần Short Gió nam thể thao Họa Tiết Rằn Ri trẻ trung năng động, thoáng mát co giãn 4 chiều MRM Manlywear		5	Cực kì hài lòng	2023-11-10 12:09:30	2026-09-29 21:49:30
tk_19597941	tiki	154298071	fashion	Combo 2 quần đùi nam, quần Short Gió nam thể thao Họa Tiết Rằn Ri trẻ trung năng động, thoáng mát co giãn 4 chiều MRM Manlywear		5	Cực kì hài lòng	2023-10-18 16:46:56	2026-09-29 21:49:30
tk_19564508	tiki	154298071	fashion	Combo 2 quần đùi nam, quần Short Gió nam thể thao Họa Tiết Rằn Ri trẻ trung năng động, thoáng mát co giãn 4 chiều MRM Manlywear		5	Cực kì hài lòng	2023-10-02 13:41:12	2026-09-29 21:49:31
tk_19070865	tiki	154298071	fashion	Combo 2 quần đùi nam, quần Short Gió nam thể thao Họa Tiết Rằn Ri trẻ trung năng động, thoáng mát co giãn 4 chiều MRM Manlywear		5	OK.	2023-04-09 13:07:27	2026-09-29 21:49:31
tk_19535216	tiki	154298071	fashion	Combo 2 quần đùi nam, quần Short Gió nam thể thao Họa Tiết Rằn Ri trẻ trung năng động, thoáng mát co giãn 4 chiều MRM Manlywear		5	Cực kì hài lòng	2023-09-17 13:39:37	2026-09-29 21:49:31
tk_19532560	tiki	154298071	fashion	Combo 2 quần đùi nam, quần Short Gió nam thể thao Họa Tiết Rằn Ri trẻ trung năng động, thoáng mát co giãn 4 chiều MRM Manlywear		5	Cực kì hài lòng	2023-09-16 08:06:49	2026-09-29 21:49:31
tk_18667536	tiki	154298071	fashion	Combo 2 quần đùi nam, quần Short Gió nam thể thao Họa Tiết Rằn Ri trẻ trung năng động, thoáng mát co giãn 4 chiều MRM Manlywear		5	Chồng mình mặc thích lắm, vải nhẹ mềm không ngứa	2023-01-20 08:23:58	2026-09-29 21:49:31
tk_15502236	tiki	154298071	fashion	Combo 2 quần đùi nam, quần Short Gió nam thể thao Họa Tiết Rằn Ri trẻ trung năng động, thoáng mát co giãn 4 chiều MRM Manlywear		5	rất ưng shop ạ, quần đẹp lắm, co giãn thoải mái, m rất thích chất này, sờ trơn mềm mặc mát. C/ơn shopp..	2022-03-19 17:55:56	2026-09-29 21:49:31
tk_19373379	tiki	154298071	fashion	Combo 2 quần đùi nam, quần Short Gió nam thể thao Họa Tiết Rằn Ri trẻ trung năng động, thoáng mát co giãn 4 chiều MRM Manlywear		5	Cuc ki hai long	2023-07-12 19:38:52	2026-09-29 21:49:31
tk_19346416	tiki	154298071	fashion	Combo 2 quần đùi nam, quần Short Gió nam thể thao Họa Tiết Rằn Ri trẻ trung năng động, thoáng mát co giãn 4 chiều MRM Manlywear		4	Chất vải ổn	2023-07-03 13:58:17	2026-09-29 21:49:31
tk_18811782	tiki	154298071	fashion	Combo 2 quần đùi nam, quần Short Gió nam thể thao Họa Tiết Rằn Ri trẻ trung năng động, thoáng mát co giãn 4 chiều MRM Manlywear		5	ok lắm	2023-02-16 13:22:44	2026-09-29 21:49:31
tk_19490152	tiki	154298071	fashion	Combo 2 quần đùi nam, quần Short Gió nam thể thao Họa Tiết Rằn Ri trẻ trung năng động, thoáng mát co giãn 4 chiều MRM Manlywear		4	Hài lòng	2023-08-27 15:29:21	2026-09-29 21:49:31
tk_17736760	tiki	154298071	fashion	Combo 2 quần đùi nam, quần Short Gió nam thể thao Họa Tiết Rằn Ri trẻ trung năng động, thoáng mát co giãn 4 chiều MRM Manlywear		4	Vải hơi mỏng, nhưng mặc thoáng mát, phù hợp với mức giá của sản phẩm	2022-09-19 12:55:52	2026-09-29 21:49:31
tk_16368900	tiki	154298071	fashion	Combo 2 quần đùi nam, quần Short Gió nam thể thao Họa Tiết Rằn Ri trẻ trung năng động, thoáng mát co giãn 4 chiều MRM Manlywear		5	Rất thích nha, hàng ok lắm, k 1 cọng chỉ thừa, sẽ còn ủng hộ	2022-05-18 10:33:34	2026-09-29 21:49:31
tk_18537937	tiki	154298071	fashion	Combo 2 quần đùi nam, quần Short Gió nam thể thao Họa Tiết Rằn Ri trẻ trung năng động, thoáng mát co giãn 4 chiều MRM Manlywear		5	Chất liệu tốt, mặc thoáng mát và rất hài lòng!	2022-12-30 11:26:00	2026-09-29 21:49:31
tk_18353998	tiki	154298071	fashion	Combo 2 quần đùi nam, quần Short Gió nam thể thao Họa Tiết Rằn Ri trẻ trung năng động, thoáng mát co giãn 4 chiều MRM Manlywear		5	Quần này mặc mát mẻ và đẹp. Sẽ ủng hộ shop nữa.	2022-12-05 19:52:04	2026-09-29 21:49:31
tk_19428671	tiki	154298071	fashion	Combo 2 quần đùi nam, quần Short Gió nam thể thao Họa Tiết Rằn Ri trẻ trung năng động, thoáng mát co giãn 4 chiều MRM Manlywear		5	Cực kì hài lòng	2023-08-03 03:27:55	2026-09-29 21:49:31
tk_16946123	tiki	154298071	fashion	Combo 2 quần đùi nam, quần Short Gió nam thể thao Họa Tiết Rằn Ri trẻ trung năng động, thoáng mát co giãn 4 chiều MRM Manlywear		5	quan rất đẹp	2022-07-05 12:37:41	2026-09-29 21:49:31
tk_19411770	tiki	154298071	fashion	Combo 2 quần đùi nam, quần Short Gió nam thể thao Họa Tiết Rằn Ri trẻ trung năng động, thoáng mát co giãn 4 chiều MRM Manlywear		5	Cực kì hài lòng	2023-07-27 01:34:35	2026-09-29 21:49:31
tk_14935703	tiki	154298071	fashion	Combo 2 quần đùi nam, quần Short Gió nam thể thao Họa Tiết Rằn Ri trẻ trung năng động, thoáng mát co giãn 4 chiều MRM Manlywear		5	cực kì hài lòng, shop phản hồi nhiệt tình hướng dẫn chọn size . cảm ơn shop, quần đẹp lắm, mặc vừa thoải mái	2022-02-13 14:17:03	2026-09-29 21:49:31
tk_15355696	tiki	154298071	fashion	Combo 2 quần đùi nam, quần Short Gió nam thể thao Họa Tiết Rằn Ri trẻ trung năng động, thoáng mát co giãn 4 chiều MRM Manlywear		5	Chất vải đẹp, đóng gói cẩn thận !	2022-03-10 22:02:16	2026-09-29 21:49:31
tk_14822797	tiki	154298071	fashion	Combo 2 quần đùi nam, quần Short Gió nam thể thao Họa Tiết Rằn Ri trẻ trung năng động, thoáng mát co giãn 4 chiều MRM Manlywear		5	Đẹp như mô tả , hàng chính hãng giá tốt 5*	2022-02-07 12:50:12	2026-09-29 21:49:31
tk_19666687	tiki	95052893	fashion	Quần short nam big size quần sọt nam thể thao chống nóng quần đùi nam mặc nhà quần thun nam cotton 4 chiều co giãn cao cấp WSB2		2	Mua 2 sp cùng size, khác màu. Nhận hàng bốc ra 1 cái để thử, thấy ok vì nhãn ghi size như vậy. Zè đâu cùng size mà cái to cái nhỏ. SP áo khoác nếu ai có số đo, cân nặng 3xl thì lấy thêm 1 số nữa nhá.	2023-11-29 18:10:17	2026-09-29 21:49:37
tk_20260336	tiki	95052893	fashion	Quần short nam big size quần sọt nam thể thao chống nóng quần đùi nam mặc nhà quần thun nam cotton 4 chiều co giãn cao cấp WSB2		5	Cực kì hài lòng	2026-09-12 09:54:34	2026-09-29 21:49:37
tk_20260337	tiki	95052893	fashion	Quần short nam big size quần sọt nam thể thao chống nóng quần đùi nam mặc nhà quần thun nam cotton 4 chiều co giãn cao cấp WSB2		5	Cực kì hài lòng	2026-09-12 09:54:42	2026-09-29 21:49:37
tk_20115712	tiki	95052893	fashion	Quần short nam big size quần sọt nam thể thao chống nóng quần đùi nam mặc nhà quần thun nam cotton 4 chiều co giãn cao cấp WSB2		5	Vừa vặn vải co giãn tốt	2025-04-25 21:46:16	2026-09-29 21:49:37
tk_20243962	tiki	95052893	fashion	Quần short nam big size quần sọt nam thể thao chống nóng quần đùi nam mặc nhà quần thun nam cotton 4 chiều co giãn cao cấp WSB2		5	Cực kì hài lòng	2026-07-02 10:41:22	2026-09-29 21:49:37
tk_19472024	tiki	95052893	fashion	Quần short nam big size quần sọt nam thể thao chống nóng quần đùi nam mặc nhà quần thun nam cotton 4 chiều co giãn cao cấp WSB2		5	Hơi dày nhưng rất thoáng mát & thấm mồ hôi tốt. Có tí chỉ thừa nhưng ko phải vấn đề , lấy kéo cắt đi là xong	2023-08-20 11:19:47	2026-09-29 21:49:37
tk_19997656	tiki	95052893	fashion	Quần short nam big size quần sọt nam thể thao chống nóng quần đùi nam mặc nhà quần thun nam cotton 4 chiều co giãn cao cấp WSB2		1	Giao không đúng màu . Tôi chọn xanh đe nhưng giaomg đen	2024-10-05 17:15:18	2026-09-29 21:49:37
tk_20184563	tiki	95052893	fashion	Quần short nam big size quần sọt nam thể thao chống nóng quần đùi nam mặc nhà quần thun nam cotton 4 chiều co giãn cao cấp WSB2		5	Cực kì hài lòng	2025-10-24 14:25:26	2026-09-29 21:49:37
tk_20183960	tiki	95052893	fashion	Quần short nam big size quần sọt nam thể thao chống nóng quần đùi nam mặc nhà quần thun nam cotton 4 chiều co giãn cao cấp WSB2		5	Cực kì hài lòng	2025-10-22 16:57:56	2026-09-29 21:49:37
tk_20179614	tiki	95052893	fashion	Quần short nam big size quần sọt nam thể thao chống nóng quần đùi nam mặc nhà quần thun nam cotton 4 chiều co giãn cao cấp WSB2		5	Cực kì hài lòng	2025-10-10 19:19:45	2026-09-29 21:49:37
tk_20179615	tiki	95052893	fashion	Quần short nam big size quần sọt nam thể thao chống nóng quần đùi nam mặc nhà quần thun nam cotton 4 chiều co giãn cao cấp WSB2		5	Cực kì hài lòng	2025-10-10 19:19:54	2026-09-29 21:49:37
tk_14150735	tiki	95052893	fashion	Quần short nam big size quần sọt nam thể thao chống nóng quần đùi nam mặc nhà quần thun nam cotton 4 chiều co giãn cao cấp WSB2		1	Xin phép chưa thể đánh giá sản phẩm vì mình chưa nhận được hàng. Đơn hàng mình thanh toán trước. Mình có lỡ hẹn vs shipper 2 lần vì mình về quê và lần 2 là vì mình chạy xe ngoài đường bị nhỡ, mình có gọi lại thì không gặp được shipper. 2-3 bữa nay mình lại tiếp tục liên hệ lại shipper thì không bắt máy. Mong Tiki và shop hỗ trợ liên hệ shipper để giao hàng cho mình nha. Đơn hàng được đánh dấu giao thành công trên hệ thống nhưng mình chưa nhận được. Cảm ơn!	2021-12-29 20:12:23	2026-09-29 21:49:37
tk_19912004	tiki	95052893	fashion	Quần short nam big size quần sọt nam thể thao chống nóng quần đùi nam mặc nhà quần thun nam cotton 4 chiều co giãn cao cấp WSB2		4	Mua 2 quần short 1 cái mặc vừa.1 cái nhỏ hơn, yêu cầu đổi 1 quần	2024-06-26 19:27:36	2026-09-29 21:49:37
tk_20108050	tiki	95052893	fashion	Quần short nam big size quần sọt nam thể thao chống nóng quần đùi nam mặc nhà quần thun nam cotton 4 chiều co giãn cao cấp WSB2		5	Cực kì hài lòng	2025-04-09 00:20:25	2026-09-29 21:49:37
tk_20108049	tiki	95052893	fashion	Quần short nam big size quần sọt nam thể thao chống nóng quần đùi nam mặc nhà quần thun nam cotton 4 chiều co giãn cao cấp WSB2		5	Cực kì hài lòng	2025-04-09 00:20:14	2026-09-29 21:49:37
tk_19912002	tiki	95052893	fashion	Quần short nam big size quần sọt nam thể thao chống nóng quần đùi nam mặc nhà quần thun nam cotton 4 chiều co giãn cao cấp WSB2		4	2 quần short 1quan mặc vừa 1 cái bé hơn có đổi cho không shop	2024-06-26 19:24:20	2026-09-29 21:49:37
tk_20090511	tiki	95052893	fashion	Quần short nam big size quần sọt nam thể thao chống nóng quần đùi nam mặc nhà quần thun nam cotton 4 chiều co giãn cao cấp WSB2		5	Cực kì hài lòng	2025-03-03 19:06:46	2026-09-29 21:49:37
tk_15492562	tiki	95052893	fashion	Quần short nam big size quần sọt nam thể thao chống nóng quần đùi nam mặc nhà quần thun nam cotton 4 chiều co giãn cao cấp WSB2		3	Vải chất lượng tương đối mát cho mùa hè, tuy nhiên khóa quần 2 bên chất lượng rất tệ, dùng được 1 lần kéo ra kéo vào là bị hỏng luôn. Nếu không cần khóa thì mua cũng được, nếu cần túi kéo khóa đựng đồ thì không nên mua.	2022-03-19 08:39:16	2026-09-29 21:49:37
tk_15396440	tiki	95052893	fashion	Quần short nam big size quần sọt nam thể thao chống nóng quần đùi nam mặc nhà quần thun nam cotton 4 chiều co giãn cao cấp WSB2		3	Chất liệu vải thì đủ tốt với mùa hè, nhưng chất lượng khóa rất kém. Mới dùng 1,2 lần đã hỏng khóa rồi, cả 2 bên khóa đều hỏng. Nếu xác định sử dụng quần không cần khóa thì Okay. Nếu muốn có khóa thì nên mua quần khác.	2022-03-13 14:40:35	2026-09-29 21:49:37
tk_20009403	tiki	95052893	fashion	Quần short nam big size quần sọt nam thể thao chống nóng quần đùi nam mặc nhà quần thun nam cotton 4 chiều co giãn cao cấp WSB2		5	san pham rat tot nen mua	2024-10-18 14:45:38	2026-09-29 21:49:37
tk_20064108	tiki	95052893	fashion	Quần short nam big size quần sọt nam thể thao chống nóng quần đùi nam mặc nhà quần thun nam cotton 4 chiều co giãn cao cấp WSB2		5	Cực kì hài lòng	2025-01-11 11:13:07	2026-09-29 21:49:38
tk_19574522	tiki	95052893	fashion	Quần short nam big size quần sọt nam thể thao chống nóng quần đùi nam mặc nhà quần thun nam cotton 4 chiều co giãn cao cấp WSB2		3	Đặt trắng giao xanh… shop sau cẩn thận về mặt xác nhận đơn hàng để gói hàng cho khách	2023-10-07 15:00:29	2026-09-29 21:49:38
tk_18345067	tiki	95052893	fashion	Quần short nam big size quần sọt nam thể thao chống nóng quần đùi nam mặc nhà quần thun nam cotton 4 chiều co giãn cao cấp WSB2		1	Nhìn ở ngoài 59K nhưng vào sản phẩm giá mắc hơn nhiều. Quần chất vải thô ráp mặc nóng, chỉ thưa nhiều, dây kéo dỏm. Ko xứng đáng 1 sao	2022-12-04 13:58:55	2026-09-29 21:49:38
tk_19372568	tiki	95052893	fashion	Quần short nam big size quần sọt nam thể thao chống nóng quần đùi nam mặc nhà quần thun nam cotton 4 chiều co giãn cao cấp WSB2		5	Mẫu mã giống với hình ảnh, vải tốt, không chỗ chê	2023-07-12 15:25:51	2026-09-29 21:49:38
tk_19962683	tiki	95052893	fashion	Quần short nam big size quần sọt nam thể thao chống nóng quần đùi nam mặc nhà quần thun nam cotton 4 chiều co giãn cao cấp WSB2		5	Cực kì hài lòng	2024-08-24 18:10:24	2026-09-29 21:49:38
tk_19493348	tiki	95052893	fashion	Quần short nam big size quần sọt nam thể thao chống nóng quần đùi nam mặc nhà quần thun nam cotton 4 chiều co giãn cao cấp WSB2		4	Ko có ảnh cơ mà chất oke Khoá thì cẩn thận nhẹ nhàng kéo mạnh là hỏng đó	2023-08-29 00:59:49	2026-09-29 21:49:38
tk_19916090	tiki	95052893	fashion	Quần short nam big size quần sọt nam thể thao chống nóng quần đùi nam mặc nhà quần thun nam cotton 4 chiều co giãn cao cấp WSB2		4	Khá ổn	2024-07-01 22:14:20	2026-09-29 21:49:38
tk_19372572	tiki	95052893	fashion	Quần short nam big size quần sọt nam thể thao chống nóng quần đùi nam mặc nhà quần thun nam cotton 4 chiều co giãn cao cấp WSB2		5	Mọi thứ đều ổn không có gì để phê phán	2023-07-12 15:27:24	2026-09-29 21:49:38
tk_19912069	tiki	95052893	fashion	Quần short nam big size quần sọt nam thể thao chống nóng quần đùi nam mặc nhà quần thun nam cotton 4 chiều co giãn cao cấp WSB2		5	Cực kì hài lòng	2024-06-26 21:12:43	2026-09-29 21:49:38
tk_19912070	tiki	95052893	fashion	Quần short nam big size quần sọt nam thể thao chống nóng quần đùi nam mặc nhà quần thun nam cotton 4 chiều co giãn cao cấp WSB2		5	Cực kì hài lòng	2024-06-26 21:12:49	2026-09-29 21:49:38
tk_19247770	tiki	95052893	fashion	Quần short nam big size quần sọt nam thể thao chống nóng quần đùi nam mặc nhà quần thun nam cotton 4 chiều co giãn cao cấp WSB2		2	Túi quá tệ, bỏ điện thoại vào 2 túi thì rớt cả 2. May là không vỡ màn đấy nhé	2023-05-31 17:44:35	2026-09-29 21:49:38
tk_19112194	tiki	95052893	fashion	Quần short nam big size quần sọt nam thể thao chống nóng quần đùi nam mặc nhà quần thun nam cotton 4 chiều co giãn cao cấp WSB2		5	Hàng rất đẹp trong tầm giá. Đợt sau sẽ ủng hộ tiếp	2023-04-20 11:53:00	2026-09-29 21:49:38
tk_15331606	tiki	95052893	fashion	Quần short nam big size quần sọt nam thể thao chống nóng quần đùi nam mặc nhà quần thun nam cotton 4 chiều co giãn cao cấp WSB2		2	không hài lòng, quần giao k giống hình, đường chỉ may và gấu quần không may lại như vậy dễ tuân hết chỉ	2022-03-09 13:52:40	2026-09-29 21:49:38
tk_19241873	tiki	95052893	fashion	Quần short nam big size quần sọt nam thể thao chống nóng quần đùi nam mặc nhà quần thun nam cotton 4 chiều co giãn cao cấp WSB2		4	Quần có form nhỏ. Mọi người nên đặt dư 1 size. Shop cũng nên lưu ý cái này.	2023-05-29 20:59:29	2026-09-29 21:49:38
tk_19837493	tiki	95052893	fashion	Quần short nam big size quần sọt nam thể thao chống nóng quần đùi nam mặc nhà quần thun nam cotton 4 chiều co giãn cao cấp WSB2		5	Cực kì hài lòng	2024-04-09 21:49:54	2026-09-29 21:49:38
tk_19715180	tiki	95052893	fashion	Quần short nam big size quần sọt nam thể thao chống nóng quần đùi nam mặc nhà quần thun nam cotton 4 chiều co giãn cao cấp WSB2		5	Vừa vặn thoải mái	2024-01-07 18:39:47	2026-09-29 21:49:38
tk_19827143	tiki	95052893	fashion	Quần short nam big size quần sọt nam thể thao chống nóng quần đùi nam mặc nhà quần thun nam cotton 4 chiều co giãn cao cấp WSB2		5	Cực kì hài lòng	2024-03-31 23:20:10	2026-09-29 21:49:38
tk_18862728	tiki	95052893	fashion	Quần short nam big size quần sọt nam thể thao chống nóng quần đùi nam mặc nhà quần thun nam cotton 4 chiều co giãn cao cấp WSB2		1	Hoàn toàn sai màu so với màu trên hình được chọn	2023-02-25 08:12:13	2026-09-29 21:49:38
tk_19801108	tiki	95052893	fashion	Quần short nam big size quần sọt nam thể thao chống nóng quần đùi nam mặc nhà quần thun nam cotton 4 chiều co giãn cao cấp WSB2		5	Cực kì hài lòng	2024-03-10 22:20:56	2026-09-29 21:49:38
tk_19562718	tiki	95052893	fashion	Quần short nam big size quần sọt nam thể thao chống nóng quần đùi nam mặc nhà quần thun nam cotton 4 chiều co giãn cao cấp WSB2		3	Nhanh giơ quá nhen người bán hàng	2023-10-01 14:46:52	2026-09-29 21:49:38
tk_18334364	tiki	95052893	fashion	Quần short nam big size quần sọt nam thể thao chống nóng quần đùi nam mặc nhà quần thun nam cotton 4 chiều co giãn cao cấp WSB2		1	Quần may ẩu tả, chỉ bung hết phần đáy, quần ra màu quá nhiều, dây kéo vừa kéo đã hỏng.	2022-12-02 17:38:59	2026-09-29 21:49:39
tk_19714019	tiki	95052893	fashion	Quần short nam big size quần sọt nam thể thao chống nóng quần đùi nam mặc nhà quần thun nam cotton 4 chiều co giãn cao cấp WSB2		5	Cực kì hài lòng	2024-01-06 23:43:44	2026-09-29 21:49:39
tk_19694850	tiki	95052893	fashion	Quần short nam big size quần sọt nam thể thao chống nóng quần đùi nam mặc nhà quần thun nam cotton 4 chiều co giãn cao cấp WSB2		5	Cực kì hài lòng	2023-12-25 14:11:03	2026-09-29 21:49:39
tk_19694851	tiki	95052893	fashion	Quần short nam big size quần sọt nam thể thao chống nóng quần đùi nam mặc nhà quần thun nam cotton 4 chiều co giãn cao cấp WSB2		5	Cực kì hài lòng	2023-12-25 14:11:06	2026-09-29 21:49:39
tk_19626151	tiki	95052893	fashion	Quần short nam big size quần sọt nam thể thao chống nóng quần đùi nam mặc nhà quần thun nam cotton 4 chiều co giãn cao cấp WSB2		5	Co giãn tốt	2023-11-03 06:15:00	2026-09-29 21:49:39
tk_19692764	tiki	95052893	fashion	Quần short nam big size quần sọt nam thể thao chống nóng quần đùi nam mặc nhà quần thun nam cotton 4 chiều co giãn cao cấp WSB2		5	Cực kì hài lòng	2023-12-23 23:30:05	2026-09-29 21:49:39
tk_19611627	tiki	95052893	fashion	Quần short nam big size quần sọt nam thể thao chống nóng quần đùi nam mặc nhà quần thun nam cotton 4 chiều co giãn cao cấp WSB2		5	Cực kì hài lòng	2023-10-25 20:37:43	2026-09-29 21:49:39
tk_19599917	tiki	95052893	fashion	Quần short nam big size quần sọt nam thể thao chống nóng quần đùi nam mặc nhà quần thun nam cotton 4 chiều co giãn cao cấp WSB2		5	Cực kì hài lòng	2023-10-19 16:08:24	2026-09-29 21:49:39
tk_13171933	tiki	95052893	fashion	Quần short nam big size quần sọt nam thể thao chống nóng quần đùi nam mặc nhà quần thun nam cotton 4 chiều co giãn cao cấp WSB2		5	Hàng đẹp, nên mua. Chỉ có điều cái phần dây kéo khi ngồi lên ngồi xuống nó bị cấn bên trong, không thoải mái lắm	2021-11-13 15:47:39	2026-09-29 21:49:39
tk_12876150	tiki	95052893	fashion	Quần short nam big size quần sọt nam thể thao chống nóng quần đùi nam mặc nhà quần thun nam cotton 4 chiều co giãn cao cấp WSB2		1	Túi quần quá nhỏ bỏ không vừa điện thoại iphone,, vải khô cứng mặc nóng, co giãn có 2 chiều mà bảo 4 chiều, lần đầu mua kiểu chấp nhận may rủi thôi,	2021-10-28 11:57:59	2026-09-29 21:49:39
tk_19574519	tiki	95052893	fashion	Quần short nam big size quần sọt nam thể thao chống nóng quần đùi nam mặc nhà quần thun nam cotton 4 chiều co giãn cao cấp WSB2		5	Cực kì hài lòng	2023-10-07 14:59:21	2026-09-29 21:49:39
tk_19554606	tiki	95052893	fashion	Quần short nam big size quần sọt nam thể thao chống nóng quần đùi nam mặc nhà quần thun nam cotton 4 chiều co giãn cao cấp WSB2		4	Ok	2023-09-27 10:27:19	2026-09-29 21:49:39
tk_19239974	tiki	95052893	fashion	Quần short nam big size quần sọt nam thể thao chống nóng quần đùi nam mặc nhà quần thun nam cotton 4 chiều co giãn cao cấp WSB2		5	Chất liệu mát hàng đẹp	2023-05-29 10:39:27	2026-09-29 21:49:39
tk_19493349	tiki	95052893	fashion	Quần short nam big size quần sọt nam thể thao chống nóng quần đùi nam mặc nhà quần thun nam cotton 4 chiều co giãn cao cấp WSB2		4	Ọke	2023-08-29 01:00:03	2026-09-29 21:49:39
tk_19525957	tiki	95052893	fashion	Quần short nam big size quần sọt nam thể thao chống nóng quần đùi nam mặc nhà quần thun nam cotton 4 chiều co giãn cao cấp WSB2		5	Cực kì hài lòng	2023-09-13 09:09:08	2026-09-29 21:49:39
tk_18471171	tiki	95052893	fashion	Quần short nam big size quần sọt nam thể thao chống nóng quần đùi nam mặc nhà quần thun nam cotton 4 chiều co giãn cao cấp WSB2		4	vải bình thường, nhưng đóng gói cẩn thận, giao hàng nhanh	2022-12-21 13:52:34	2026-09-29 21:49:39
tk_19488485	tiki	95052893	fashion	Quần short nam big size quần sọt nam thể thao chống nóng quần đùi nam mặc nhà quần thun nam cotton 4 chiều co giãn cao cấp WSB2		5	Cực kì hài lòng	2023-08-26 20:06:52	2026-09-29 21:49:39
tk_19473254	tiki	95052893	fashion	Quần short nam big size quần sọt nam thể thao chống nóng quần đùi nam mặc nhà quần thun nam cotton 4 chiều co giãn cao cấp WSB2		5	Cực kì hài lòng	2023-08-20 20:08:37	2026-09-29 21:49:39
tk_19368545	tiki	95052893	fashion	Quần short nam big size quần sọt nam thể thao chống nóng quần đùi nam mặc nhà quần thun nam cotton 4 chiều co giãn cao cấp WSB2		4	Xài ổn	2023-07-11 10:54:28	2026-09-29 21:49:39
tk_19199336	tiki	95052893	fashion	Quần short nam big size quần sọt nam thể thao chống nóng quần đùi nam mặc nhà quần thun nam cotton 4 chiều co giãn cao cấp WSB2		5	shipper giao hàng nhanh	2023-05-16 11:59:25	2026-09-29 21:49:39
tk_19440637	tiki	95052893	fashion	Quần short nam big size quần sọt nam thể thao chống nóng quần đùi nam mặc nhà quần thun nam cotton 4 chiều co giãn cao cấp WSB2		4	Hài lòng	2023-08-07 22:33:46	2026-09-29 21:49:41
tk_19261381	tiki	95052893	fashion	Quần short nam big size quần sọt nam thể thao chống nóng quần đùi nam mặc nhà quần thun nam cotton 4 chiều co giãn cao cấp WSB2		4	Khá thoáng mât	2023-06-05 09:52:19	2026-09-29 21:49:41
tk_19429403	tiki	95052893	fashion	Quần short nam big size quần sọt nam thể thao chống nóng quần đùi nam mặc nhà quần thun nam cotton 4 chiều co giãn cao cấp WSB2		5	Cực kì hài lòng	2023-08-03 11:29:41	2026-09-29 21:49:41
tk_19380684	tiki	95052893	fashion	Quần short nam big size quần sọt nam thể thao chống nóng quần đùi nam mặc nhà quần thun nam cotton 4 chiều co giãn cao cấp WSB2		4	Hài lòng	2023-07-15 11:05:30	2026-09-29 21:49:41
tk_19377173	tiki	95052893	fashion	Quần short nam big size quần sọt nam thể thao chống nóng quần đùi nam mặc nhà quần thun nam cotton 4 chiều co giãn cao cấp WSB2		4	Hài lòng	2023-07-14 06:17:02	2026-09-29 21:49:41
tk_19255679	tiki	95052893	fashion	Quần short nam big size quần sọt nam thể thao chống nóng quần đùi nam mặc nhà quần thun nam cotton 4 chiều co giãn cao cấp WSB2		5	Cực kì hài lòng	2023-06-03 09:50:08	2026-09-29 21:49:41
tk_19231956	tiki	95052893	fashion	Quần short nam big size quần sọt nam thể thao chống nóng quần đùi nam mặc nhà quần thun nam cotton 4 chiều co giãn cao cấp WSB2		5	Cực kì hài lòng	2023-05-26 15:33:53	2026-09-29 21:49:41
tk_19224453	tiki	95052893	fashion	Quần short nam big size quần sọt nam thể thao chống nóng quần đùi nam mặc nhà quần thun nam cotton 4 chiều co giãn cao cấp WSB2		5	Cực kì hài lòng	2023-05-24 10:28:10	2026-09-29 21:49:41
tk_19192876	tiki	95052893	fashion	Quần short nam big size quần sọt nam thể thao chống nóng quần đùi nam mặc nhà quần thun nam cotton 4 chiều co giãn cao cấp WSB2		4	Hài lòng	2023-05-14 12:27:03	2026-09-29 21:49:41
tk_16752894	tiki	95052893	fashion	Quần short nam big size quần sọt nam thể thao chống nóng quần đùi nam mặc nhà quần thun nam cotton 4 chiều co giãn cao cấp WSB2		1	làm ăn ***. mua 3 quần mà giao chỉ có 2 còn lại là 3 cái khẩu trang	2022-06-18 12:06:40	2026-09-29 21:49:41
tk_19171952	tiki	95052893	fashion	Quần short nam big size quần sọt nam thể thao chống nóng quần đùi nam mặc nhà quần thun nam cotton 4 chiều co giãn cao cấp WSB2		5	Cực kì hài lòng	2023-05-08 11:53:20	2026-09-29 21:49:41
tk_19165883	tiki	95052893	fashion	Quần short nam big size quần sọt nam thể thao chống nóng quần đùi nam mặc nhà quần thun nam cotton 4 chiều co giãn cao cấp WSB2		4	Hài lòng	2023-05-06 17:22:02	2026-09-29 21:49:41
tk_19071059	tiki	95052893	fashion	Quần short nam big size quần sọt nam thể thao chống nóng quần đùi nam mặc nhà quần thun nam cotton 4 chiều co giãn cao cấp WSB2		5	Cực kì hài lòng	2023-04-09 13:43:33	2026-09-29 21:49:41
tk_19046557	tiki	95052893	fashion	Quần short nam big size quần sọt nam thể thao chống nóng quần đùi nam mặc nhà quần thun nam cotton 4 chiều co giãn cao cấp WSB2		5	Cực kì hài lòng	2023-04-03 16:47:00	2026-09-29 21:49:41
tk_15345194	tiki	95052893	fashion	Quần short nam big size quần sọt nam thể thao chống nóng quần đùi nam mặc nhà quần thun nam cotton 4 chiều co giãn cao cấp WSB2		3	tạm ổn, với giá này nhưng mắc hơn quần trắng	2022-03-10 11:01:40	2026-09-29 21:49:41
tk_17779178	tiki	95052893	fashion	Quần short nam big size quần sọt nam thể thao chống nóng quần đùi nam mặc nhà quần thun nam cotton 4 chiều co giãn cao cấp WSB2		5	ok	2022-09-24 00:38:17	2026-09-29 21:49:41
tk_17779180	tiki	95052893	fashion	Quần short nam big size quần sọt nam thể thao chống nóng quần đùi nam mặc nhà quần thun nam cotton 4 chiều co giãn cao cấp WSB2		5	ok	2022-09-24 00:38:30	2026-09-29 21:49:41
tk_18908347	tiki	95052893	fashion	Quần short nam big size quần sọt nam thể thao chống nóng quần đùi nam mặc nhà quần thun nam cotton 4 chiều co giãn cao cấp WSB2		5	Cực kì hài lòng	2023-03-05 15:19:16	2026-09-29 21:49:41
tk_18818475	tiki	95052893	fashion	Quần short nam big size quần sọt nam thể thao chống nóng quần đùi nam mặc nhà quần thun nam cotton 4 chiều co giãn cao cấp WSB2		5	Ok	2023-02-17 15:13:26	2026-09-29 21:49:41
tk_12612586	tiki	95052893	fashion	Quần short nam big size quần sọt nam thể thao chống nóng quần đùi nam mặc nhà quần thun nam cotton 4 chiều co giãn cao cấp WSB2		4	Vừa nhận hàng xong, chất vải OK nhưng form quần ôm nên sz XL vẫn khá chật. Mình cần được hỗ trợ đổi sz	2021-10-14 14:55:22	2026-09-29 21:49:41
tk_17030089	tiki	95052893	fashion	Quần short nam big size quần sọt nam thể thao chống nóng quần đùi nam mặc nhà quần thun nam cotton 4 chiều co giãn cao cấp WSB2		3	Túi hơi xấu.Chất vải quần tạm ổn so với giá!	2022-07-11 19:52:46	2026-09-29 21:49:43
tk_17290295	tiki	95052893	fashion	Quần short nam big size quần sọt nam thể thao chống nóng quần đùi nam mặc nhà quần thun nam cotton 4 chiều co giãn cao cấp WSB2		5	Nhân quần qa xuất sắc giờ mua thêm nữa nè	2022-08-03 19:18:58	2026-09-29 21:49:43
tk_18794862	tiki	95052893	fashion	Quần short nam big size quần sọt nam thể thao chống nóng quần đùi nam mặc nhà quần thun nam cotton 4 chiều co giãn cao cấp WSB2		5	Cực kì hài lòng	2023-02-13 19:02:21	2026-09-29 21:49:43
tk_18776128	tiki	95052893	fashion	Quần short nam big size quần sọt nam thể thao chống nóng quần đùi nam mặc nhà quần thun nam cotton 4 chiều co giãn cao cấp WSB2		5	Cực kì hài lòng	2023-02-10 14:22:34	2026-09-29 21:49:43
tk_17542517	tiki	95052893	fashion	Quần short nam big size quần sọt nam thể thao chống nóng quần đùi nam mặc nhà quần thun nam cotton 4 chiều co giãn cao cấp WSB2		3	Giặt máy giặt sẽ bị tụt chỉ	2022-08-28 15:00:25	2026-09-29 21:49:43
tk_12612585	tiki	95052893	fashion	Quần short nam big size quần sọt nam thể thao chống nóng quần đùi nam mặc nhà quần thun nam cotton 4 chiều co giãn cao cấp WSB2		4	Vừa nhận hàng, chất vải ok, tuy nhiên Form quần ôm nên65kg XL vẫn ko vừa, mình có thể đổi sz 2xL ko?	2021-10-14 14:55:16	2026-09-29 21:49:43
tk_16961496	tiki	95052893	fashion	Quần short nam big size quần sọt nam thể thao chống nóng quần đùi nam mặc nhà quần thun nam cotton 4 chiều co giãn cao cấp WSB2		3	Sản phẩm tạm đc nhưng chỉ may kh chắc	2022-07-06 16:53:16	2026-09-29 21:49:43
tk_18550549	tiki	95052893	fashion	Quần short nam big size quần sọt nam thể thao chống nóng quần đùi nam mặc nhà quần thun nam cotton 4 chiều co giãn cao cấp WSB2		4	Hài lòng	2023-01-01 15:48:26	2026-09-29 21:49:43
tk_18550097	tiki	95052893	fashion	Quần short nam big size quần sọt nam thể thao chống nóng quần đùi nam mặc nhà quần thun nam cotton 4 chiều co giãn cao cấp WSB2		5	Cực kì hài lòng	2023-01-01 13:53:55	2026-09-29 21:49:43
tk_18484748	tiki	95052893	fashion	Quần short nam big size quần sọt nam thể thao chống nóng quần đùi nam mặc nhà quần thun nam cotton 4 chiều co giãn cao cấp WSB2		5	Cực kì hài lòng	2022-12-23 09:39:00	2026-09-29 21:49:43
tk_18355685	tiki	95052893	fashion	Quần short nam big size quần sọt nam thể thao chống nóng quần đùi nam mặc nhà quần thun nam cotton 4 chiều co giãn cao cấp WSB2		5	Cực kì hài lòng	2022-12-06 05:51:53	2026-09-29 21:49:43
tk_18336773	tiki	95052893	fashion	Quần short nam big size quần sọt nam thể thao chống nóng quần đùi nam mặc nhà quần thun nam cotton 4 chiều co giãn cao cấp WSB2		5	Cực kì hài lòng	2022-12-03 03:26:38	2026-09-29 21:49:43
tk_12935913	tiki	95052893	fashion	Quần short nam big size quần sọt nam thể thao chống nóng quần đùi nam mặc nhà quần thun nam cotton 4 chiều co giãn cao cấp WSB2		5	shop nhiệt tình, có hỗ trợ đổi size. Rất ưng, sẽ ủng hộ lâu dài. Cho shop 5 sao 👍	2021-10-31 13:50:07	2026-09-29 21:49:43
tk_17446840	tiki	95052893	fashion	Quần short nam big size quần sọt nam thể thao chống nóng quần đùi nam mặc nhà quần thun nam cotton 4 chiều co giãn cao cấp WSB2		4	Túi nông, khóa hay bung	2022-08-18 03:43:02	2026-09-29 21:49:43
tk_17027008	tiki	95052893	fashion	Quần short nam big size quần sọt nam thể thao chống nóng quần đùi nam mặc nhà quần thun nam cotton 4 chiều co giãn cao cấp WSB2		3	hàng cũng khá được tạm ổn	2022-07-11 15:53:03	2026-09-29 21:49:43
tk_13381914	tiki	95052893	fashion	Quần short nam big size quần sọt nam thể thao chống nóng quần đùi nam mặc nhà quần thun nam cotton 4 chiều co giãn cao cấp WSB2		5	đẹp, chất liệu tốt, phù hợp với giá	2021-11-23 12:08:42	2026-09-29 21:49:43
tk_17517659	tiki	95052893	fashion	Quần short nam big size quần sọt nam thể thao chống nóng quần đùi nam mặc nhà quần thun nam cotton 4 chiều co giãn cao cấp WSB2		4	Chỉ may dễ bung	2022-08-25 15:59:19	2026-09-29 21:49:43
tk_16940399	tiki	95052893	fashion	Quần short nam big size quần sọt nam thể thao chống nóng quần đùi nam mặc nhà quần thun nam cotton 4 chiều co giãn cao cấp WSB2		4	chất vải ok.giao hàng nhanh.	2022-07-04 21:34:43	2026-09-29 21:49:43
tk_15132862	tiki	95052893	fashion	Quần short nam big size quần sọt nam thể thao chống nóng quần đùi nam mặc nhà quần thun nam cotton 4 chiều co giãn cao cấp WSB2		2	Túi quần cạn không để dc đt , dây kéo rất dễ hỏng	2022-02-25 09:47:03	2026-09-29 21:49:43
tk_18062959	tiki	95052893	fashion	Quần short nam big size quần sọt nam thể thao chống nóng quần đùi nam mặc nhà quần thun nam cotton 4 chiều co giãn cao cấp WSB2		5	Cực kì hài lòng	2022-10-27 17:57:59	2026-09-29 21:49:43
tk_19231988	tiki	40888663	fashion	CHÂN VÁY XÒE HOTTREND		4	tự tin thỏa mái vận đô gj	2023-05-26 15:46:20	2026-09-29 21:49:48
tk_19519609	tiki	40888663	fashion	CHÂN VÁY XÒE HOTTREND		5	Cực kì hài lòng	2023-09-10 14:06:05	2026-09-29 21:49:48
tk_19497883	tiki	40888663	fashion	CHÂN VÁY XÒE HOTTREND		4	Hài lòng	2023-08-31 08:30:56	2026-09-29 21:49:48
tk_19032164	tiki	40888663	fashion	CHÂN VÁY XÒE HOTTREND		5	vải đẹp, form cũng sang	2023-03-31 09:46:51	2026-09-29 21:49:48
tk_4078691	tiki	40888663	fashion	CHÂN VÁY XÒE HOTTREND		4	Mình cao 1m50 mặc hơi qua đầu gối một chút. Eo nhỏ muốn mặc đẹp thì nên đi may tạo nếp để tránh các nếp loạn xạ khi thắt đai.	2020-07-15 09:42:43	2026-09-29 21:49:48
tk_9423313	tiki	40888663	fashion	CHÂN VÁY XÒE HOTTREND		5	nhìn đẹp	2021-04-30 05:35:37	2026-09-29 21:49:48
tk_7972666	tiki	40888663	fashion	CHÂN VÁY XÒE HOTTREND		5	sản phẩm đúng với hình ảnh, ok	2021-02-25 10:09:40	2026-09-29 21:49:48
tk_9757723	tiki	40888663	fashion	CHÂN VÁY XÒE HOTTREND		5	Cực kì hài lòng	2021-05-16 13:37:19	2026-09-29 21:49:48
tk_3112021	tiki	40888663	fashion	CHÂN VÁY XÒE HOTTREND		5	rất hài lòng vì chân váy giống hình, may 1 lớp nhưng vải cũng vừa k dày k mỏng. sản phẩm ok.	2020-03-06 12:52:14	2026-09-29 21:49:48
tk_3532406	tiki	40888663	fashion	CHÂN VÁY XÒE HOTTREND		3	váy đẹp nhưng cộng dây lưng kg có cây gày sao gày đc.nhân viên giao hàng vui vẻ.	2020-05-08 20:43:04	2026-09-29 21:49:48
tk_8348684	tiki	40888663	fashion	CHÂN VÁY XÒE HOTTREND		4	Hài lòng	2021-03-12 11:20:29	2026-09-29 21:49:48
tk_3952950	tiki	40888663	fashion	CHÂN VÁY XÒE HOTTREND		2	Chân váy dầy cũng đc,nhưng xoè quá phải đi gọt bớt	2020-06-30 20:54:10	2026-09-29 21:49:48
tk_6325331	tiki	40888663	fashion	CHÂN VÁY XÒE HOTTREND		5	Cực kì hài lòng	2020-12-19 05:58:55	2026-09-29 21:49:48
tk_5152276	tiki	40888663	fashion	CHÂN VÁY XÒE HOTTREND		5	Cực kì hài lòng	2020-10-10 15:24:50	2026-09-29 21:49:48
tk_4698634	tiki	40888663	fashion	CHÂN VÁY XÒE HOTTREND		4	Hài lòng	2020-08-31 22:10:11	2026-09-29 21:49:48
tk_4176886	tiki	40888663	fashion	CHÂN VÁY XÒE HOTTREND		3	Bình thường	2020-07-23 12:33:57	2026-09-29 21:49:48
tk_3690428	tiki	40888663	fashion	CHÂN VÁY XÒE HOTTREND		4	Tạm đc	2020-06-02 06:21:19	2026-09-29 21:49:48
tk_3779762	tiki	40888663	fashion	CHÂN VÁY XÒE HOTTREND		3	Bình thường	2020-06-11 14:23:09	2026-09-29 21:49:48
tk_20254436	tiki	275579517	fashion	Giày thể thao nam Asia, đế kếp, bền, rẻ, dùng cho lao động và thể thao (màu trắng)		5	Cực kì hài lòng	2026-08-18 18:05:42	2026-09-29 21:49:52
tk_20254019	tiki	275579517	fashion	Giày thể thao nam Asia, đế kếp, bền, rẻ, dùng cho lao động và thể thao (màu trắng)		5	Cực kì hài lòng	2026-08-16 17:40:04	2026-09-29 21:49:52
tk_20247623	tiki	275579517	fashion	Giày thể thao nam Asia, đế kếp, bền, rẻ, dùng cho lao động và thể thao (màu trắng)		4	Hài lòng	2026-07-17 13:11:59	2026-09-29 21:49:52
tk_20231635	tiki	275579517	fashion	Giày thể thao nam Asia, đế kếp, bền, rẻ, dùng cho lao động và thể thao (màu trắng)		4	Hài lòng	2026-05-06 16:20:27	2026-09-29 21:49:52
tk_20211694	tiki	275579517	fashion	Giày thể thao nam Asia, đế kếp, bền, rẻ, dùng cho lao động và thể thao (màu trắng)		5	Cực kì hài lòng	2026-02-08 13:55:13	2026-09-29 21:49:52
tk_17816959	tiki	275579517	fashion	Giày thể thao nam Asia, đế kếp, bền, rẻ, dùng cho lao động và thể thao (màu trắng)		1	Hi Shop! Mình có đắt hàng Giầy Asia 38, khi nhận hàng thì ngoài vỏ thùng cũng ghi là Asia 38 nhưng thực tế hàng lại là Asia 37 ( mình đi không vừa, đề nghị đổi lại )	2022-09-28 12:35:31	2026-09-29 21:49:52
tk_20165987	tiki	275579517	fashion	Giày thể thao nam Asia, đế kếp, bền, rẻ, dùng cho lao động và thể thao (màu trắng)		4	Hài lòng	2025-09-03 21:00:59	2026-09-29 21:49:52
tk_20147199	tiki	275579517	fashion	Giày thể thao nam Asia, đế kếp, bền, rẻ, dùng cho lao động và thể thao (màu trắng)		5	Cực kì hài lòng	2025-07-16 04:35:50	2026-09-29 21:49:52
tk_20114004	tiki	275579517	fashion	Giày thể thao nam Asia, đế kếp, bền, rẻ, dùng cho lao động và thể thao (màu trắng)		4	Hài lòng	2025-04-21 22:03:00	2026-09-29 21:49:52
tk_20086429	tiki	275579517	fashion	Giày thể thao nam Asia, đế kếp, bền, rẻ, dùng cho lao động và thể thao (màu trắng)		5	Cực kì hài lòng	2025-02-23 18:45:40	2026-09-29 21:49:52
tk_20085241	tiki	275579517	fashion	Giày thể thao nam Asia, đế kếp, bền, rẻ, dùng cho lao động và thể thao (màu trắng)		5	Cực kì hài lòng	2025-02-21 09:14:59	2026-09-29 21:49:52
tk_20085240	tiki	275579517	fashion	Giày thể thao nam Asia, đế kếp, bền, rẻ, dùng cho lao động và thể thao (màu trắng)		5	Cực kì hài lòng	2025-02-21 09:14:50	2026-09-29 21:49:52
tk_20067114	tiki	275579517	fashion	Giày thể thao nam Asia, đế kếp, bền, rẻ, dùng cho lao động và thể thao (màu trắng)		5	Cực kì hài lòng	2025-01-16 01:53:35	2026-09-29 21:49:52
tk_20055064	tiki	275579517	fashion	Giày thể thao nam Asia, đế kếp, bền, rẻ, dùng cho lao động và thể thao (màu trắng)		5	Cực kì hài lòng	2024-12-25 05:51:30	2026-09-29 21:49:52
tk_20031243	tiki	275579517	fashion	Giày thể thao nam Asia, đế kếp, bền, rẻ, dùng cho lao động và thể thao (màu trắng)		5	Cực kì hài lòng	2024-11-15 17:14:19	2026-09-29 21:49:52
tk_14316671	tiki	275579517	fashion	Giày thể thao nam Asia, đế kếp, bền, rẻ, dùng cho lao động và thể thao (màu trắng)		1	mình đăt size 44 mà shop gửi về size 39. mình hi vọng shop liên hệ vs mình để cho mình đổi hàng hoặc có cách nào đó khác để giải quyết vấn đề , chứ size đó nhỏ quá mình k mạng dc ạ. xin cảm ơn shop.	2022-01-08 00:03:46	2026-09-29 21:49:52
tk_12166292	tiki	275579517	fashion	Giày thể thao nam Asia, đế kếp, bền, rẻ, dùng cho lao động và thể thao (màu trắng)		5	rất đẹp, rất vừa chân mình, chân minh chơi to lên rất khó tìm đc giày hợp lí, cảm ơn shop giao hàng nhanh đóng gói cẩn thận, cho shop 5 sao	2021-09-11 19:42:00	2026-09-29 21:49:52
tk_18720877	tiki	275579517	fashion	Giày thể thao nam Asia, đế kếp, bền, rẻ, dùng cho lao động và thể thao (màu trắng)		5	giày đẹp, rẻ, phù hợp vận động hoặc chạy bộ buổi sáng	2023-02-02 08:25:28	2026-09-29 21:49:52
tk_14244738	tiki	275579517	fashion	Giày thể thao nam Asia, đế kếp, bền, rẻ, dùng cho lao động và thể thao (màu trắng)		5	Sản phẩm đẹp, chắc chắn và giá cả rất tốt, giao hàng nhanh.	2022-01-04 10:03:34	2026-09-29 21:49:52
tk_15073515	tiki	275579517	fashion	Giày thể thao nam Asia, đế kếp, bền, rẻ, dùng cho lao động và thể thao (màu trắng)		5	hàng đẹp. chất lượng tốt. sài 1 tuần rồi mà chưa chụp được ảnh để gửi shop. nói chung rất đáng tiền	2022-02-21 20:58:45	2026-09-29 21:49:52
tk_17347334	tiki	275579517	fashion	Giày thể thao nam Asia, đế kếp, bền, rẻ, dùng cho lao động và thể thao (màu trắng)		5	Chất lượng rất tốt với giá tiền	2022-08-08 23:54:13	2026-09-29 21:49:55
tk_16054500	tiki	275579517	fashion	Giày thể thao nam Asia, đế kếp, bền, rẻ, dùng cho lao động và thể thao (màu trắng)		5	Hàng đẹp chất lượng tốt.shop uy tín lần sau ghé mua tiếp	2022-04-23 13:13:42	2026-09-29 21:49:55
tk_17818063	tiki	275579517	fashion	Giày thể thao nam Asia, đế kếp, bền, rẻ, dùng cho lao động và thể thao (màu trắng)		4	Tạm ổn trong tầm giá	2022-09-28 14:40:11	2026-09-29 21:49:55
tk_13635947	tiki	275579517	fashion	Giày thể thao nam Asia, đế kếp, bền, rẻ, dùng cho lao động và thể thao (màu trắng)		2	đường mai tinh tế tỉ mỉ chưa sử dụng từ khi mua . mình sử dụng thử nếu chất lượng OK thì sẽ ủng hộ tiếp	2021-12-05 21:54:14	2026-09-29 21:49:55
tk_18064359	tiki	275579517	fashion	Giày thể thao nam Asia, đế kếp, bền, rẻ, dùng cho lao động và thể thao (màu trắng)		4	Hài lòng	2022-10-27 21:02:02	2026-09-29 21:49:55
tk_15655445	tiki	275579517	fashion	Giày thể thao nam Asia, đế kếp, bền, rẻ, dùng cho lao động và thể thao (màu trắng)		1	Ủa shop e đặt 41 shop giao 42 shop có học cấp 1 k mà k có khả năng đọc hiểu v ạ ?	2022-03-29 10:03:31	2026-09-29 21:49:55
tk_17686361	tiki	275579517	fashion	Giày thể thao nam Asia, đế kếp, bền, rẻ, dùng cho lao động và thể thao (màu trắng)		5	Hàng nói chung cũng ok, rất vừa Chân khá ổn	2022-09-13 22:47:06	2026-09-29 21:49:55
tk_16085213	tiki	275579517	fashion	Giày thể thao nam Asia, đế kếp, bền, rẻ, dùng cho lao động và thể thao (màu trắng)		5	Giầy đẹp và giá rẻ hơn cửa hàng	2022-04-25 17:16:23	2026-09-29 21:49:55
tk_12495079	tiki	275579517	fashion	Giày thể thao nam Asia, đế kếp, bền, rẻ, dùng cho lao động và thể thao (màu trắng)		5	giày tốt, giao nhanh. Có dịp tôi sẽ giới thiệu các cháu tôi mua giày này	2021-10-08 13:32:01	2026-09-29 21:49:55
tk_15046364	tiki	275579517	fashion	Giày thể thao nam Asia, đế kếp, bền, rẻ, dùng cho lao động và thể thao (màu trắng)		5	giao hàng nhanh, dịch vụ tốt. Trong kiện hàng có 1 thư cảm ơn rất hay.	2022-02-20 10:10:06	2026-09-29 21:49:55
tk_13487285	tiki	275579517	fashion	Giày thể thao nam Asia, đế kếp, bền, rẻ, dùng cho lao động và thể thao (màu trắng)		4	Giày nhỏ hơn số của giày, đi mãi không rộng được tý nào so với các loại giày khác.	2021-11-28 12:23:21	2026-09-29 21:49:55
tk_14113288	tiki	275579517	fashion	Giày thể thao nam Asia, đế kếp, bền, rẻ, dùng cho lao động và thể thao (màu trắng)		5	Sản phẩm giá bình dân. Hợp túi tiền. Chất lượng tốt. Chạy bộ rất phù hợp	2021-12-28 07:21:20	2026-09-29 21:49:55
tk_14839001	tiki	275579517	fashion	Giày thể thao nam Asia, đế kếp, bền, rẻ, dùng cho lao động và thể thao (màu trắng)		5	bền, đẹp. giày asia dùng để chạy bộ hằng ngày thì quá tuyệt vời.	2022-02-08 10:52:49	2026-09-29 21:49:55
tk_15776484	tiki	275579517	fashion	Giày thể thao nam Asia, đế kếp, bền, rẻ, dùng cho lao động và thể thao (màu trắng)		5	xịn, m thích nó. 10*	2022-04-05 09:26:22	2026-09-29 21:49:55
tk_17006972	tiki	275579517	fashion	Giày thể thao nam Asia, đế kếp, bền, rẻ, dùng cho lao động và thể thao (màu trắng)		5	Giày rất chắc chắn và đẹp !	2022-07-10 00:31:35	2026-09-29 21:49:55
tk_14466219	tiki	275579517	fashion	Giày thể thao nam Asia, đế kếp, bền, rẻ, dùng cho lao động và thể thao (màu trắng)		5	Hàng giống quảng cáo, nhìn chắc chắn. Hy vọng chất lượng tốt 😊	2022-01-15 09:35:36	2026-09-29 21:49:55
tk_18064211	tiki	275579517	fashion	Giày thể thao nam Asia, đế kếp, bền, rẻ, dùng cho lao động và thể thao (màu trắng)		4	Hài lòng	2022-10-27 20:46:07	2026-09-29 21:49:55
tk_15829965	tiki	275579517	fashion	Giày thể thao nam Asia, đế kếp, bền, rẻ, dùng cho lao động và thể thao (màu trắng)		3	sản phẩm chất lượng tốt giá cả hợp lý	2022-04-08 10:58:17	2026-09-29 21:49:55
tk_16076073	tiki	275579517	fashion	Giày thể thao nam Asia, đế kếp, bền, rẻ, dùng cho lao động và thể thao (màu trắng)		5	Giày ngon bổ rẻ, phù hợp cho học sinh.	2022-04-25 09:03:36	2026-09-29 21:49:55
tk_13220260	tiki	275579517	fashion	Giày thể thao nam Asia, đế kếp, bền, rẻ, dùng cho lao động và thể thao (màu trắng)		5	Giày không giống hình lắm, nhưng chất liệu có vẻ bền, vừa túi tiền	2021-11-15 13:09:34	2026-09-29 21:49:55
tk_17834511	tiki	275579517	fashion	Giày thể thao nam Asia, đế kếp, bền, rẻ, dùng cho lao động và thể thao (màu trắng)		5	Cực kì hài lòng	2022-09-30 13:59:32	2026-09-29 21:49:58
tk_14983501	tiki	275579517	fashion	Giày thể thao nam Asia, đế kếp, bền, rẻ, dùng cho lao động và thể thao (màu trắng)		5	hàng rất ổn	2022-02-16 11:00:38	2026-09-29 21:49:58
tk_17751548	tiki	275579517	fashion	Giày thể thao nam Asia, đế kếp, bền, rẻ, dùng cho lao động và thể thao (màu trắng)		5	Cực kì hài lòng	2022-09-20 23:02:27	2026-09-29 21:49:58
tk_17661981	tiki	275579517	fashion	Giày thể thao nam Asia, đế kếp, bền, rẻ, dùng cho lao động và thể thao (màu trắng)		4	Hài lòng	2022-09-11 15:31:28	2026-09-29 21:49:58
tk_17639070	tiki	275579517	fashion	Giày thể thao nam Asia, đế kếp, bền, rẻ, dùng cho lao động và thể thao (màu trắng)		5	Cực kì hài lòng	2022-09-09 10:02:30	2026-09-29 21:49:58
tk_16689447	tiki	275579517	fashion	Giày thể thao nam Asia, đế kếp, bền, rẻ, dùng cho lao động và thể thao (màu trắng)		5	Hàng chuẩn như hình	2022-06-12 23:47:34	2026-09-29 21:49:58
tk_15084244	tiki	275579517	fashion	Giày thể thao nam Asia, đế kếp, bền, rẻ, dùng cho lao động và thể thao (màu trắng)		5	Sản phẩm đúng như hình ảnh, giao hàng nhanh	2022-02-22 15:01:11	2026-09-29 21:49:58
tk_15829938	tiki	275579517	fashion	Giày thể thao nam Asia, đế kếp, bền, rẻ, dùng cho lao động và thể thao (màu trắng)		3	sp chất lượng tốt giao hàng nhah	2022-04-08 10:56:13	2026-09-29 21:49:58
tk_17543718	tiki	275579517	fashion	Giày thể thao nam Asia, đế kếp, bền, rẻ, dùng cho lao động và thể thao (màu trắng)		5	Cực kì hài lòng	2022-08-28 18:01:59	2026-09-29 21:49:58
tk_15909901	tiki	275579517	fashion	Giày thể thao nam Asia, đế kếp, bền, rẻ, dùng cho lao động và thể thao (màu trắng)		3	hàng tạm ổn với giá bán rẻ	2022-04-13 21:45:11	2026-09-29 21:49:58
tk_17471596	tiki	275579517	fashion	Giày thể thao nam Asia, đế kếp, bền, rẻ, dùng cho lao động và thể thao (màu trắng)		5	Cực kì hài lòng	2022-08-20 14:27:54	2026-09-29 21:49:58
tk_15628706	tiki	275579517	fashion	Giày thể thao nam Asia, đế kếp, bền, rẻ, dùng cho lao động và thể thao (màu trắng)		5	giao hàng nhanh, đúng mã hàng	2022-03-27 16:40:50	2026-09-29 21:49:58
tk_16162536	tiki	275579517	fashion	Giày thể thao nam Asia, đế kếp, bền, rẻ, dùng cho lao động và thể thao (màu trắng)		5	đẹp, đúng mô tả	2022-05-02 12:09:37	2026-09-29 21:49:58
tk_17160427	tiki	275579517	fashion	Giày thể thao nam Asia, đế kếp, bền, rẻ, dùng cho lao động và thể thao (màu trắng)		5	Cực kì hài lòng	2022-07-22 11:39:45	2026-09-29 21:49:58
tk_13594608	tiki	275579517	fashion	Giày thể thao nam Asia, đế kếp, bền, rẻ, dùng cho lao động và thể thao (màu trắng)		5	sp rất tốt. giao hàng nhanh. Nv hỗ trợ nhiệt tình !	2021-12-03 16:41:52	2026-09-29 21:49:58
tk_17133477	tiki	275579517	fashion	Giày thể thao nam Asia, đế kếp, bền, rẻ, dùng cho lao động và thể thao (màu trắng)		5	Cực kì hài lòng	2022-07-20 10:47:40	2026-09-29 21:49:58
tk_16860998	tiki	275579517	fashion	Giày thể thao nam Asia, đế kếp, bền, rẻ, dùng cho lao động và thể thao (màu trắng)		4	tốt	2022-06-27 19:04:07	2026-09-29 21:49:58
tk_15943612	tiki	275579517	fashion	Giày thể thao nam Asia, đế kếp, bền, rẻ, dùng cho lao động và thể thao (màu trắng)		4	Chờ nhìu ngày quá	2022-04-16 07:54:53	2026-09-29 21:49:58
tk_16907967	tiki	275579517	fashion	Giày thể thao nam Asia, đế kếp, bền, rẻ, dùng cho lao động và thể thao (màu trắng)		5	Cực kì hài lòng	2022-07-01 22:31:12	2026-09-29 21:49:58
tk_16435949	tiki	275579517	fashion	Giày thể thao nam Asia, đế kếp, bền, rẻ, dùng cho lao động và thể thao (màu trắng)		5	Tốt	2022-05-23 21:17:39	2026-09-29 21:49:58
tk_12609793	tiki	275579517	fashion	Giày thể thao nam Asia, đế kếp, bền, rẻ, dùng cho lao động và thể thao (màu trắng)		5	Đường chỉ may	2021-10-14 12:38:28	2026-09-29 21:50:00
tk_16326233	tiki	275579517	fashion	Giày thể thao nam Asia, đế kếp, bền, rẻ, dùng cho lao động và thể thao (màu trắng)		5	bến	2022-05-14 18:19:52	2026-09-29 21:50:00
tk_14345960	tiki	275579517	fashion	Giày thể thao nam Asia, đế kếp, bền, rẻ, dùng cho lao động và thể thao (màu trắng)		5	sp ok ạ chất lượng ko cần bàn	2022-01-09 16:07:08	2026-09-29 21:50:00
tk_15915427	tiki	275579517	fashion	Giày thể thao nam Asia, đế kếp, bền, rẻ, dùng cho lao động và thể thao (màu trắng)		5	tốt đẹp	2022-04-14 10:58:25	2026-09-29 21:50:00
tk_16197161	tiki	275579517	fashion	Giày thể thao nam Asia, đế kếp, bền, rẻ, dùng cho lao động và thể thao (màu trắng)		4	Hài lòng	2022-05-05 08:57:54	2026-09-29 21:50:00
tk_16194515	tiki	275579517	fashion	Giày thể thao nam Asia, đế kếp, bền, rẻ, dùng cho lao động và thể thao (màu trắng)		5	Cực kì hài lòng	2022-05-04 23:05:23	2026-09-29 21:50:00
tk_12619672	tiki	275579517	fashion	Giày thể thao nam Asia, đế kếp, bền, rẻ, dùng cho lao động và thể thao (màu trắng)		5	rất êm	2021-10-14 21:04:52	2026-09-29 21:50:00
tk_15333802	tiki	275579517	fashion	Giày thể thao nam Asia, đế kếp, bền, rẻ, dùng cho lao động và thể thao (màu trắng)		5	rất vừa ý	2022-03-09 16:00:46	2026-09-29 21:50:00
tk_16122670	tiki	275579517	fashion	Giày thể thao nam Asia, đế kếp, bền, rẻ, dùng cho lao động và thể thao (màu trắng)		5	Cực kì hài lòng	2022-04-28 13:53:01	2026-09-29 21:50:00
tk_15418317	tiki	275579517	fashion	Giày thể thao nam Asia, đế kếp, bền, rẻ, dùng cho lao động và thể thao (màu trắng)		5	Rất tốt	2022-03-14 19:51:46	2026-09-29 21:50:00
tk_16049594	tiki	275579517	fashion	Giày thể thao nam Asia, đế kếp, bền, rẻ, dùng cho lao động và thể thao (màu trắng)		4	Hài lòng	2022-04-23 05:52:22	2026-09-29 21:50:00
tk_13076063	tiki	275579517	fashion	Giày thể thao nam Asia, đế kếp, bền, rẻ, dùng cho lao động và thể thao (màu trắng)		5	Cực kì hài lòng	2021-11-08 17:17:42	2026-09-29 21:50:00
tk_16001039	tiki	275579517	fashion	Giày thể thao nam Asia, đế kếp, bền, rẻ, dùng cho lao động và thể thao (màu trắng)		5	Cực kì hài lòng	2022-04-19 18:52:21	2026-09-29 21:50:00
tk_15710282	tiki	275579517	fashion	Giày thể thao nam Asia, đế kếp, bền, rẻ, dùng cho lao động và thể thao (màu trắng)		5	Tốt	2022-04-01 10:27:41	2026-09-29 21:50:00
tk_15710287	tiki	275579517	fashion	Giày thể thao nam Asia, đế kếp, bền, rẻ, dùng cho lao động và thể thao (màu trắng)		5	tốt	2022-04-01 10:27:51	2026-09-29 21:50:00
tk_15793909	tiki	275579517	fashion	Giày thể thao nam Asia, đế kếp, bền, rẻ, dùng cho lao động và thể thao (màu trắng)		5	Ok	2022-04-06 10:26:13	2026-09-29 21:50:00
tk_13162043	tiki	275579517	fashion	Giày thể thao nam Asia, đế kếp, bền, rẻ, dùng cho lao động và thể thao (màu trắng)		5	dày bền đẹp . giá phải chăng	2021-11-13 09:46:21	2026-09-29 21:50:00
tk_15557851	tiki	275579517	fashion	Giày thể thao nam Asia, đế kếp, bền, rẻ, dùng cho lao động và thể thao (màu trắng)		5	Cực kì hài lòng	2022-03-23 10:31:30	2026-09-29 21:50:00
tk_15401674	tiki	275579517	fashion	Giày thể thao nam Asia, đế kếp, bền, rẻ, dùng cho lao động và thể thao (màu trắng)		5	ok	2022-03-13 20:17:40	2026-09-29 21:50:00
tk_15515041	tiki	275579517	fashion	Giày thể thao nam Asia, đế kếp, bền, rẻ, dùng cho lao động và thể thao (màu trắng)		5	Cực kì hài lòng	2022-03-20 14:30:22	2026-09-29 21:50:00
tk_13121284	tiki	275579517	fashion	Giày thể thao nam Asia, đế kếp, bền, rẻ, dùng cho lao động và thể thao (màu trắng)		4	Dùng ổn, phù hợp giá tiền	2021-11-11 09:14:34	2026-09-29 21:50:02
tk_15335408	tiki	275579517	fashion	Giày thể thao nam Asia, đế kếp, bền, rẻ, dùng cho lao động và thể thao (màu trắng)		5	Cực kì hài lòng	2022-03-09 17:48:46	2026-09-29 21:50:02
tk_13558376	tiki	275579517	fashion	Giày thể thao nam Asia, đế kếp, bền, rẻ, dùng cho lao động và thể thao (màu trắng)		5	sản phẩm rất tốt !	2021-12-01 19:16:20	2026-09-29 21:50:02
tk_13932325	tiki	275579517	fashion	Giày thể thao nam Asia, đế kếp, bền, rẻ, dùng cho lao động và thể thao (màu trắng)		5	Tốt so với giá	2021-12-19 14:46:16	2026-09-29 21:50:02
tk_15155643	tiki	275579517	fashion	Giày thể thao nam Asia, đế kếp, bền, rẻ, dùng cho lao động và thể thao (màu trắng)		5	Cực kì hài lòng	2022-02-26 16:13:37	2026-09-29 21:50:02
tk_15111374	tiki	275579517	fashion	Giày thể thao nam Asia, đế kếp, bền, rẻ, dùng cho lao động và thể thao (màu trắng)		5	Cực kì hài lòng	2022-02-23 21:03:08	2026-09-29 21:50:02
tk_14947138	tiki	275579517	fashion	Giày thể thao nam Asia, đế kếp, bền, rẻ, dùng cho lao động và thể thao (màu trắng)		5	Cực kì hài lòng	2022-02-14 08:32:06	2026-09-29 21:50:02
tk_12405619	tiki	275579517	fashion	Giày thể thao nam Asia, đế kếp, bền, rẻ, dùng cho lao động và thể thao (màu trắng)		1	Giầy đặt xanh,đưa mầu đen	2021-10-02 14:34:04	2026-09-29 21:50:02
tk_14704789	tiki	275579517	fashion	Giày thể thao nam Asia, đế kếp, bền, rẻ, dùng cho lao động và thể thao (màu trắng)		5	huu	2022-01-26 16:22:41	2026-09-29 21:50:02
tk_12657079	tiki	275579517	fashion	Giày thể thao nam Asia, đế kếp, bền, rẻ, dùng cho lao động và thể thao (màu trắng)		3	Bt Bt	2021-10-16 21:55:36	2026-09-29 21:50:02
tk_13097787	tiki	275579517	fashion	Giày thể thao nam Asia, đế kếp, bền, rẻ, dùng cho lao động và thể thao (màu trắng)		5	giày tốt đáng mua	2021-11-09 21:00:14	2026-09-29 21:50:02
tk_14370671	tiki	275579517	fashion	Giày thể thao nam Asia, đế kếp, bền, rẻ, dùng cho lao động và thể thao (màu trắng)		5	tốt	2022-01-10 21:52:32	2026-09-29 21:50:02
tk_14621131	tiki	275579517	fashion	Giày thể thao nam Asia, đế kếp, bền, rẻ, dùng cho lao động và thể thao (màu trắng)		4	Hài lòng	2022-01-22 10:24:29	2026-09-29 21:50:02
tk_14449833	tiki	275579517	fashion	Giày thể thao nam Asia, đế kếp, bền, rẻ, dùng cho lao động và thể thao (màu trắng)		5	ok	2022-01-14 13:24:26	2026-09-29 21:50:02
tk_14487387	tiki	275579517	fashion	Giày thể thao nam Asia, đế kếp, bền, rẻ, dùng cho lao động và thể thao (màu trắng)		5	Cực kì hài lòng	2022-01-16 09:03:27	2026-09-29 21:50:02
tk_14415774	tiki	275579517	fashion	Giày thể thao nam Asia, đế kếp, bền, rẻ, dùng cho lao động và thể thao (màu trắng)		5	Cực kì hài lòng	2022-01-12 21:40:24	2026-09-29 21:50:02
tk_13667726	tiki	275579517	fashion	Giày thể thao nam Asia, đế kếp, bền, rẻ, dùng cho lao động và thể thao (màu trắng)		5	Giày êm	2021-12-07 16:44:17	2026-09-29 21:50:02
tk_13787511	tiki	275579517	fashion	Giày thể thao nam Asia, đế kếp, bền, rẻ, dùng cho lao động và thể thao (màu trắng)		5	Tốt	2021-12-13 10:05:10	2026-09-29 21:50:02
tk_13650827	tiki	275579517	fashion	Giày thể thao nam Asia, đế kếp, bền, rẻ, dùng cho lao động và thể thao (màu trắng)		5	good	2021-12-06 19:18:15	2026-09-29 21:50:02
tk_13323932	tiki	275579517	fashion	Giày thể thao nam Asia, đế kếp, bền, rẻ, dùng cho lao động và thể thao (màu trắng)		4	hàng ok	2021-11-20 14:18:51	2026-09-29 21:50:02
tk_20143177	tiki	126874773	fashion	Balo nam thời trang cao cấp phong cách mới		4	Kích thước không giống quảng cáo. Shop do nơi rộng nhất bỏ ko vừa máy tính xách tay. Buồn	2025-07-05 20:48:57	2026-09-29 21:50:06
tk_19228452	tiki	126874773	fashion	Balo nam thời trang cao cấp phong cách mới		5	Chất lượng tuyệt vời so vs giá thành. Mình đặt thêm một cái màu đen nữa nha shop, shop kiểm tra cẩn thận giúp mình để mình làm quà tặng ạ. Cám ơn shop. Cho shop 5 sao 🌟🌟🌟🌟🌟	2023-05-25 14:26:51	2026-09-29 21:50:06
tk_20120682	tiki	126874773	fashion	Balo nam thời trang cao cấp phong cách mới		4	Tôi thấy dubgf khá tốt	2025-05-08 09:01:05	2026-09-29 21:50:06
tk_20032068	tiki	126874773	fashion	Balo nam thời trang cao cấp phong cách mới		4	Hài lòng	2024-11-16 19:27:15	2026-09-29 21:50:06
tk_19229624	tiki	126874773	fashion	Balo nam thời trang cao cấp phong cách mới		3	M đặt màu xám lại giao màu đen , chỉ khâu balo bị bung chỗ ngăn kéo	2023-05-25 20:46:23	2026-09-29 21:50:06
tk_19506020	tiki	126874773	fashion	Balo nam thời trang cao cấp phong cách mới		5	Cực kì hài lòng	2023-09-04 21:36:52	2026-09-29 21:50:06
tk_19376047	tiki	126874773	fashion	Balo nam thời trang cao cấp phong cách mới		5	Cực kì hài lòng	2023-07-13 17:32:48	2026-09-29 21:50:06
tk_19364477	tiki	126874773	fashion	Balo nam thời trang cao cấp phong cách mới		5	Cực kì hài lòng	2023-07-09 21:37:53	2026-09-29 21:50:06
tk_18117351	tiki	126874773	fashion	Balo nam thời trang cao cấp phong cách mới		5	Nhiều ngăn tiện lợi, đóng hàng cẩn thận, đẹp	2022-11-03 18:49:53	2026-09-29 21:50:06
tk_19190282	tiki	126874773	fashion	Balo nam thời trang cao cấp phong cách mới		5	Hàng Ok	2023-05-13 16:33:47	2026-09-29 21:50:06
tk_19244090	tiki	126874773	fashion	Balo nam thời trang cao cấp phong cách mới		5	Cực kì hài lòng	2023-05-30 15:22:37	2026-09-29 21:50:06
tk_19102214	tiki	126874773	fashion	Balo nam thời trang cao cấp phong cách mới		5	Cực kì hài lòng	2023-04-17 19:47:53	2026-09-29 21:50:06
tk_18843934	tiki	126874773	fashion	Balo nam thời trang cao cấp phong cách mới		5	Cực kì hài lòng	2023-02-21 22:44:47	2026-09-29 21:50:06
tk_18792446	tiki	126874773	fashion	Balo nam thời trang cao cấp phong cách mới		5	Cực kì hài lòng	2023-02-13 11:59:34	2026-09-29 21:50:06
tk_15149208	tiki	126874773	fashion	Balo nam thời trang cao cấp phong cách mới		5	Tốt, chất liệu đúng như quảng cáo, màu sắc đúng như ảnh giới thiệu	2022-02-26 10:33:39	2026-09-29 21:50:06
tk_18223884	tiki	126874773	fashion	Balo nam thời trang cao cấp phong cách mới		5	Rất hài lòng!	2022-11-16 19:10:39	2026-09-29 21:50:06
tk_18563621	tiki	126874773	fashion	Balo nam thời trang cao cấp phong cách mới		5	Cực kì hài lòng	2023-01-03 20:04:15	2026-09-29 21:50:06
tk_18395399	tiki	126874773	fashion	Balo nam thời trang cao cấp phong cách mới		5	Ok	2022-12-11 22:42:12	2026-09-29 21:50:06
tk_18418396	tiki	126874773	fashion	Balo nam thời trang cao cấp phong cách mới		5	Cực kì hài lòng	2022-12-14 17:32:08	2026-09-29 21:50:06
tk_17382266	tiki	126874773	fashion	Balo nam thời trang cao cấp phong cách mới		5	Chất lượng đẹp như hình	2022-08-11 20:58:06	2026-09-29 21:50:06
tk_18203409	tiki	126874773	fashion	Balo nam thời trang cao cấp phong cách mới		4	Hài lòng	2022-11-14 12:23:47	2026-09-29 21:50:08
tk_17569601	tiki	126874773	fashion	Balo nam thời trang cao cấp phong cách mới		5	Hàng rất đẹp	2022-08-31 19:28:06	2026-09-29 21:50:08
tk_16605013	tiki	126874773	fashion	Balo nam thời trang cao cấp phong cách mới		1	nhìn không ưng mắt như trên shop	2022-06-07 01:18:28	2026-09-29 21:50:08
tk_17955081	tiki	126874773	fashion	Balo nam thời trang cao cấp phong cách mới		5	Cực kì hài lòng	2022-10-14 10:29:45	2026-09-29 21:50:08
tk_17913610	tiki	126874773	fashion	Balo nam thời trang cao cấp phong cách mới		5	Cực kì hài lòng	2022-10-09 23:43:06	2026-09-29 21:50:08
tk_17902650	tiki	126874773	fashion	Balo nam thời trang cao cấp phong cách mới		5	Cực kì hài lòng	2022-10-08 19:15:21	2026-09-29 21:50:08
tk_17817009	tiki	126874773	fashion	Balo nam thời trang cao cấp phong cách mới		5	Cực kì hài lòng	2022-09-28 12:41:53	2026-09-29 21:50:08
tk_16830216	tiki	126874773	fashion	Balo nam thời trang cao cấp phong cách mới		4	chất lượng như hình	2022-06-25 06:39:23	2026-09-29 21:50:08
tk_17319650	tiki	126874773	fashion	Balo nam thời trang cao cấp phong cách mới		5	Đẹp	2022-08-06 16:56:02	2026-09-29 21:50:08
tk_17312119	tiki	126874773	fashion	Balo nam thời trang cao cấp phong cách mới		4	Hài lòng	2022-08-05 22:10:06	2026-09-29 21:50:08
tk_17082409	tiki	126874773	fashion	Balo nam thời trang cao cấp phong cách mới		5	Cực kì hài lòng	2022-07-15 23:31:45	2026-09-29 21:50:08
tk_16984578	tiki	126874773	fashion	Balo nam thời trang cao cấp phong cách mới		5	Cực kì hài lòng	2022-07-08 11:22:00	2026-09-29 21:50:08
tk_15216193	tiki	126874773	fashion	Balo nam thời trang cao cấp phong cách mới		5	Hàng ok	2022-03-02 10:57:07	2026-09-29 21:50:08
tk_13626287	tiki	126874773	fashion	Balo nam thời trang cao cấp phong cách mới		1	ba lô rách chỉ vẫn giao@@	2021-12-05 13:47:43	2026-09-29 21:50:08
tk_15237897	tiki	126874773	fashion	Balo nam thời trang cao cấp phong cách mới		5	Cực kì hài lòng	2022-03-03 15:48:03	2026-09-29 21:50:08
tk_13280671	tiki	126874773	fashion	Balo nam thời trang cao cấp phong cách mới		4	giống hình quảng cáo	2021-11-18 11:27:55	2026-09-29 21:50:08
tk_14758702	tiki	126874773	fashion	Balo nam thời trang cao cấp phong cách mới		4	tốt	2022-01-30 11:20:18	2026-09-29 21:50:08
tk_14967881	tiki	126874773	fashion	Balo nam thời trang cao cấp phong cách mới		5	Cực kì hài lòng	2022-02-15 12:07:24	2026-09-29 21:50:08
tk_14911151	tiki	126874773	fashion	Balo nam thời trang cao cấp phong cách mới		4	Hài lòng	2022-02-12 08:53:20	2026-09-29 21:50:08
tk_14258076	tiki	126874773	fashion	Balo nam thời trang cao cấp phong cách mới		4	Oki	2022-01-04 21:18:33	2026-09-29 21:50:08
tk_13463659	tiki	126874773	fashion	Balo nam thời trang cao cấp phong cách mới		5	Hàng đẹp	2021-11-27 10:14:34	2026-09-29 21:50:09
tk_13853757	tiki	126874773	fashion	Balo nam thời trang cao cấp phong cách mới		4	tot	2021-12-15 21:27:38	2026-09-29 21:50:09
tk_13717530	tiki	126874773	fashion	Balo nam thời trang cao cấp phong cách mới		4	Hài lòng	2021-12-10 10:39:07	2026-09-29 21:50:09
tk_20086608	tiki	89135102	fashion	túi xách ,túi đeo vai, đeo chéo nữ vải canvas cao cấp phong cách mới		5	kiểu dáng đẹp hợp ý mình, đựng được nhiều đồ, mình rất hài lòng.	2025-02-24 06:30:59	2026-09-29 21:50:15
tk_20141267	tiki	89135102	fashion	túi xách ,túi đeo vai, đeo chéo nữ vải canvas cao cấp phong cách mới		5	Chất lượng tốt, nên mua nhé	2025-06-30 07:47:16	2026-09-29 21:50:15
tk_18415730	tiki	89135102	fashion	túi xách ,túi đeo vai, đeo chéo nữ vải canvas cao cấp phong cách mới		5	Túi như mẫu chất vải rất đẹp nhiều ngăn rất ưng ý mình cảm ơn shop đã trả lời nhiệt tình	2022-12-14 12:07:59	2026-09-29 21:50:15
tk_16549065	tiki	89135102	fashion	túi xách ,túi đeo vai, đeo chéo nữ vải canvas cao cấp phong cách mới		5	Thích ghê luon nha, đeo đi làm mục đích đựng cafe, trà.. nhỏ nhỏ vài thứ khác đi làm cty -vp rat vừa ý. Chắc, dây đeo đẹp khoá tốt giá quá mềm. Túi nhiều ngăn, đáy rộng, có ngăn nhỏ dây kéo an toàn	2022-06-02 11:29:57	2026-09-29 21:50:15
tk_19868871	tiki	89135102	fashion	túi xách ,túi đeo vai, đeo chéo nữ vải canvas cao cấp phong cách mới		5	Túi đẹp. Shop rất chịu chơi…..	2024-05-10 11:32:54	2026-09-29 21:50:15
tk_19787340	tiki	89135102	fashion	túi xách ,túi đeo vai, đeo chéo nữ vải canvas cao cấp phong cách mới		5	Túi đẹp, nhìu ngăn đựng đồ.	2024-02-28 21:28:23	2026-09-29 21:50:15
tk_19867678	tiki	89135102	fashion	túi xách ,túi đeo vai, đeo chéo nữ vải canvas cao cấp phong cách mới		5	Cực kì hài lòng	2024-05-09 10:26:18	2026-09-29 21:50:15
tk_18343883	tiki	89135102	fashion	túi xách ,túi đeo vai, đeo chéo nữ vải canvas cao cấp phong cách mới		5	Mua dc gần 1 năm mà bền quá, để nhiều đồ mà dây quai da nó ko hề đứt	2022-12-04 10:12:38	2026-09-29 21:50:15
tk_16736265	tiki	89135102	fashion	túi xách ,túi đeo vai, đeo chéo nữ vải canvas cao cấp phong cách mới		3	Chất bình thường ko được mượt và đẹp như mong đợi và giá	2022-06-16 21:21:04	2026-09-29 21:50:15
tk_16615642	tiki	89135102	fashion	túi xách ,túi đeo vai, đeo chéo nữ vải canvas cao cấp phong cách mới		4	màu tối hơn so với hình ảnh,vải đẹp , đường may chắc chắn. tạm chấp nhận	2022-06-07 20:52:48	2026-09-29 21:50:15
tk_13525216	tiki	89135102	fashion	túi xách ,túi đeo vai, đeo chéo nữ vải canvas cao cấp phong cách mới		5	rất ưng, đường may chắc chắn, khóa kéo nhìn cứng cáp, đã đặt thêm 2 cái.	2021-11-30 08:34:00	2026-09-29 21:50:15
tk_17981254	tiki	89135102	fashion	túi xách ,túi đeo vai, đeo chéo nữ vải canvas cao cấp phong cách mới		1	Sản phẩm cũ,Dây đeo bị rỉ sét	2022-10-17 14:59:39	2026-09-29 21:50:15
tk_18547575	tiki	89135102	fashion	túi xách ,túi đeo vai, đeo chéo nữ vải canvas cao cấp phong cách mới		5	Cực kì hài lòng	2022-12-31 22:43:40	2026-09-29 21:50:15
tk_18345517	tiki	89135102	fashion	túi xách ,túi đeo vai, đeo chéo nữ vải canvas cao cấp phong cách mới		4	Hài lòng	2022-12-04 15:15:20	2026-09-29 21:50:15
tk_16914887	tiki	89135102	fashion	túi xách ,túi đeo vai, đeo chéo nữ vải canvas cao cấp phong cách mới		5	Đã sử dụng,hàng đẹp y hình	2022-07-02 15:58:19	2026-09-29 21:50:15
tk_17057896	tiki	89135102	fashion	túi xách ,túi đeo vai, đeo chéo nữ vải canvas cao cấp phong cách mới		5	Đẹp nha các bạn	2022-07-14 00:06:05	2026-09-29 21:50:15
tk_17785719	tiki	89135102	fashion	túi xách ,túi đeo vai, đeo chéo nữ vải canvas cao cấp phong cách mới		5	Cực kì hài lòng	2022-09-24 20:04:36	2026-09-29 21:50:15
tk_17548644	tiki	89135102	fashion	túi xách ,túi đeo vai, đeo chéo nữ vải canvas cao cấp phong cách mới		5	Cực kì hài lòng	2022-08-29 12:28:23	2026-09-29 21:50:15
tk_10951070	tiki	89135102	fashion	túi xách ,túi đeo vai, đeo chéo nữ vải canvas cao cấp phong cách mới		4	Chất vải dày dặn, không có chỉ thừa, đường may đẹp. Bớt 1 sao vì mùi thuốc nhuộm quá!	2021-07-07 15:23:30	2026-09-29 21:50:15
tk_17514662	tiki	89135102	fashion	túi xách ,túi đeo vai, đeo chéo nữ vải canvas cao cấp phong cách mới		5	Cực kì hài lòng	2022-08-25 10:29:50	2026-09-29 21:50:15
tk_17514658	tiki	89135102	fashion	túi xách ,túi đeo vai, đeo chéo nữ vải canvas cao cấp phong cách mới		5	Cực kì hài lòng	2022-08-25 10:29:18	2026-09-29 21:50:16
tk_17404508	tiki	89135102	fashion	túi xách ,túi đeo vai, đeo chéo nữ vải canvas cao cấp phong cách mới		4	Hài lòng	2022-08-13 21:18:54	2026-09-29 21:50:16
tk_17045841	tiki	89135102	fashion	túi xách ,túi đeo vai, đeo chéo nữ vải canvas cao cấp phong cách mới		5	tốt	2022-07-13 01:29:55	2026-09-29 21:50:16
tk_16644214	tiki	89135102	fashion	túi xách ,túi đeo vai, đeo chéo nữ vải canvas cao cấp phong cách mới		5	Hàng khá ok	2022-06-09 11:40:48	2026-09-29 21:50:16
tk_17192341	tiki	89135102	fashion	túi xách ,túi đeo vai, đeo chéo nữ vải canvas cao cấp phong cách mới		5	Cực kì hài lòng	2022-07-25 06:27:06	2026-09-29 21:50:16
tk_13666610	tiki	89135102	fashion	túi xách ,túi đeo vai, đeo chéo nữ vải canvas cao cấp phong cách mới		1	mình vừa nhận được hàng xong.đẹp và y hình	2021-12-07 15:59:08	2026-09-29 21:50:16
tk_16918713	tiki	89135102	fashion	túi xách ,túi đeo vai, đeo chéo nữ vải canvas cao cấp phong cách mới		5	Cực kì hài lòng	2022-07-02 22:27:50	2026-09-29 21:50:16
tk_16771236	tiki	89135102	fashion	túi xách ,túi đeo vai, đeo chéo nữ vải canvas cao cấp phong cách mới		4	Hài lòng	2022-06-20 07:14:20	2026-09-29 21:50:16
tk_16759729	tiki	89135102	fashion	túi xách ,túi đeo vai, đeo chéo nữ vải canvas cao cấp phong cách mới		5	Cực kì hài lòng	2022-06-18 22:53:39	2026-09-29 21:50:16
tk_13369005	tiki	89135102	fashion	túi xách ,túi đeo vai, đeo chéo nữ vải canvas cao cấp phong cách mới		5	Chất liệu vải tối hàng đẹp cho shop 5 sao	2021-11-22 17:56:44	2026-09-29 21:50:16
tk_16164526	tiki	89135102	fashion	túi xách ,túi đeo vai, đeo chéo nữ vải canvas cao cấp phong cách mới		5	Sp tốt	2022-05-02 15:35:34	2026-09-29 21:50:16
tk_16345396	tiki	89135102	fashion	túi xách ,túi đeo vai, đeo chéo nữ vải canvas cao cấp phong cách mới		5	OK!	2022-05-16 11:56:41	2026-09-29 21:50:16
tk_12534507	tiki	89135102	fashion	túi xách ,túi đeo vai, đeo chéo nữ vải canvas cao cấp phong cách mới		4	Hàng ok nhưng miều thuốc nhuộm hơi nhiều	2021-10-10 15:35:05	2026-09-29 21:50:16
tk_9647900	tiki	89135102	fashion	túi xách ,túi đeo vai, đeo chéo nữ vải canvas cao cấp phong cách mới		4	Đường may được, vải chắc chắn, nhưng nhìn chưa xứng với giá lắm	2021-05-11 16:16:43	2026-09-29 21:50:16
tk_12675067	tiki	89135102	fashion	túi xách ,túi đeo vai, đeo chéo nữ vải canvas cao cấp phong cách mới		4	Cảm ơn,hàng đẹp lắm	2021-10-17 20:51:43	2026-09-29 21:50:16
tk_14323664	tiki	89135102	fashion	túi xách ,túi đeo vai, đeo chéo nữ vải canvas cao cấp phong cách mới		5	Cực kì hài lòng	2022-01-08 12:47:55	2026-09-29 21:50:16
tk_11116562	tiki	89135102	fashion	túi xách ,túi đeo vai, đeo chéo nữ vải canvas cao cấp phong cách mới		3	cũng được mà hơi lớn so với hình	2021-07-13 00:31:10	2026-09-29 21:50:16
tk_13743446	tiki	89135102	fashion	túi xách ,túi đeo vai, đeo chéo nữ vải canvas cao cấp phong cách mới		5	Cực kì hài lòng	2021-12-11 16:10:33	2026-09-29 21:50:16
tk_12502505	tiki	89135102	fashion	túi xách ,túi đeo vai, đeo chéo nữ vải canvas cao cấp phong cách mới		4	dùng được	2021-10-08 21:42:21	2026-09-29 21:50:16
tk_12719370	tiki	89135102	fashion	túi xách ,túi đeo vai, đeo chéo nữ vải canvas cao cấp phong cách mới		5	Cực kì hài lòng	2021-10-20 09:31:32	2026-09-29 21:50:16
tk_10631015	tiki	89135102	fashion	túi xách ,túi đeo vai, đeo chéo nữ vải canvas cao cấp phong cách mới		1	San pham khong dung mau yeu cau	2021-06-24 13:16:35	2026-09-29 21:50:18
tk_11453908	tiki	89135102	fashion	túi xách ,túi đeo vai, đeo chéo nữ vải canvas cao cấp phong cách mới		4	Rất hài lòng	2021-07-26 14:08:16	2026-09-29 21:50:18
tk_10661376	tiki	89135102	fashion	túi xách ,túi đeo vai, đeo chéo nữ vải canvas cao cấp phong cách mới		5	đẹp	2021-06-25 20:27:52	2026-09-29 21:50:18
tk_9376849	tiki	89135102	fashion	túi xách ,túi đeo vai, đeo chéo nữ vải canvas cao cấp phong cách mới		4	ok về bạn này	2021-04-27 19:30:18	2026-09-29 21:50:18
tk_10704345	tiki	89135102	fashion	túi xách ,túi đeo vai, đeo chéo nữ vải canvas cao cấp phong cách mới		4	Hài lòng	2021-06-27 19:22:01	2026-09-29 21:50:18
tk_10567870	tiki	89135102	fashion	túi xách ,túi đeo vai, đeo chéo nữ vải canvas cao cấp phong cách mới		4	Hài lòng	2021-06-21 14:56:23	2026-09-29 21:50:18
tk_10485860	tiki	89135102	fashion	túi xách ,túi đeo vai, đeo chéo nữ vải canvas cao cấp phong cách mới		5	Cực kì hài lòng	2021-06-17 16:36:17	2026-09-29 21:50:18
tk_10376010	tiki	89135102	fashion	túi xách ,túi đeo vai, đeo chéo nữ vải canvas cao cấp phong cách mới		4	Hài lòng	2021-06-12 21:37:57	2026-09-29 21:50:18
tk_10106218	tiki	89135102	fashion	túi xách ,túi đeo vai, đeo chéo nữ vải canvas cao cấp phong cách mới		5	Cực kì hài lòng	2021-06-02 08:27:14	2026-09-29 21:50:18
tk_9876776	tiki	89135102	fashion	túi xách ,túi đeo vai, đeo chéo nữ vải canvas cao cấp phong cách mới		5	Cực kì hài lòng	2021-05-21 21:11:06	2026-09-29 21:50:18
tk_20243778	tiki	42899542	fashion	Áo ba lỗ nam/ 3 lỗ nam cao cấp, sợi cotton mềm mịn siêu thoáng mát, thấm hút mồ hôi cực tốt, co dãn 4 chiều MRM FASHION		5	Sản phẩm áo 3 lỗ đúng như hình ảnh, giao hàng nhanh!	2026-07-01 12:50:29	2026-09-29 21:50:24
tk_19990042	tiki	42899542	fashion	Áo ba lỗ nam/ 3 lỗ nam cao cấp, sợi cotton mềm mịn siêu thoáng mát, thấm hút mồ hôi cực tốt, co dãn 4 chiều MRM FASHION		5	3XL cho nguoi cao 1.8m nặng 90kg tập gym nhưng áo rất ôm, tuy thun dày co giãn 4 chiều Nói chung là ổn và đẹp, nếu có mua nên nâng lên 1size so se tuyet hơn	2024-09-26 11:48:07	2026-09-29 21:50:24
tk_8255330	tiki	42899542	fashion	Áo ba lỗ nam/ 3 lỗ nam cao cấp, sợi cotton mềm mịn siêu thoáng mát, thấm hút mồ hôi cực tốt, co dãn 4 chiều MRM FASHION		5	Rất đáng nên mua nhé Giao siêu nhanh, hộp tiki nhìn rất sang trọng, bên trong còn có hộp nhỏ của shop luôn, nhìn chuyên nghiệp xứng đáng giá tiền. Chất 95% cotton sờ mát, mặc rất thoải mái dễ chịu. Trước có mua của shop 3 chiếc quần rồi, lần này lần 2 cực kì hài lòng.	2021-03-08 12:09:53	2026-09-29 21:50:24
tk_8283399	tiki	42899542	fashion	Áo ba lỗ nam/ 3 lỗ nam cao cấp, sợi cotton mềm mịn siêu thoáng mát, thấm hút mồ hôi cực tốt, co dãn 4 chiều MRM FASHION		5	Sản phẩm đáng tiền, như kì vọng. Shop cũng rất đầu tư cho nghiệm khách hàng, mình có đặt 1 chiếc áo cũng được đóng gói hộp đẹp, cưng. Chất liệu cotton mát, mặc co giãn tốt, thấm hút mồ hôi khá tốt. Chỉ thừa ít nhưng cũng có. Với mức giá này hoàn toàn chấp nhận được, giặt 1 thời gian rồi cảm nhận thêm về sản phẩm sau	2021-03-09 15:01:52	2026-09-29 21:50:24
tk_19991280	tiki	42899542	fashion	Áo ba lỗ nam/ 3 lỗ nam cao cấp, sợi cotton mềm mịn siêu thoáng mát, thấm hút mồ hôi cực tốt, co dãn 4 chiều MRM FASHION		5	chất liệu vải hơi nhiều nilon hay sao ấy nma độ co giãn tốt nha 😜😜	2024-09-27 21:23:19	2026-09-29 21:50:24
tk_8326622	tiki	42899542	fashion	Áo ba lỗ nam/ 3 lỗ nam cao cấp, sợi cotton mềm mịn siêu thoáng mát, thấm hút mồ hôi cực tốt, co dãn 4 chiều MRM FASHION		5	5* Đặt 1 chiếc thôi cũng được 1 hộp đẹp, Brand khá ấn tượng trong việc đầu tư hính ảnh, tải nghiệm khách hàng. Giao hàng thì quá nhanh quá nguy hiểm .. Sẽ trải nghiệm thêm vài sản phẩm khác của brand này.	2021-03-11 11:38:43	2026-09-29 21:50:24
tk_9289808	tiki	42899542	fashion	Áo ba lỗ nam/ 3 lỗ nam cao cấp, sợi cotton mềm mịn siêu thoáng mát, thấm hút mồ hôi cực tốt, co dãn 4 chiều MRM FASHION		5	"Tiki giao hàng nhanh. Sản phẩm ""Áo ba lỗ nam"" OK, chất vải được, như giới thiệu: Chất liệu Cotton tự nhiên Thấm hút mồ hôi, thoát ẩm, thoáng khí. Kiểu dáng slimfit co giãn 4 chiều, nam tính, khỏe khoắn. Tự hào sản xuất tại Việt Nam, Thương Hiệu Việ"	2021-04-24 12:09:32	2026-09-29 21:50:24
tk_9468786	tiki	42899542	fashion	Áo ba lỗ nam/ 3 lỗ nam cao cấp, sợi cotton mềm mịn siêu thoáng mát, thấm hút mồ hôi cực tốt, co dãn 4 chiều MRM FASHION		2	Theo quảng cáo của shop thì size XL có kích thước cho người cao 1.73-1.78m, nặng 71-78kg. Tôi cao 1.67m, nặng 72kg. Nhưng khi mặc áo này thì rất chật, phải cố kéo mới tròng vào người được, bị bó sát, rất khó chịu. Như trao đổi với Tiki, thì Tiki sẽ hoàn tiền lại, sau đó tôi sẽ đặt loại XXL để có thể mặc vừa.	2021-05-03 11:10:34	2026-09-29 21:50:24
tk_9468782	tiki	42899542	fashion	Áo ba lỗ nam/ 3 lỗ nam cao cấp, sợi cotton mềm mịn siêu thoáng mát, thấm hút mồ hôi cực tốt, co dãn 4 chiều MRM FASHION		2	Theo quảng cáo của shop thì size XL có kích thước cho người cao 1.73-1.78m, nặng 71-78kg. Tôi cao 1.67m, nặng 72kg. Nhưng khi mặc áo này thì rất chật, phải cố kéo mới tròng vào người được, bị bó sát, rất khó chịu. Như trao đổi với Tiki, thì Tiki sẽ hoàn tiền lại, sau đó tôi sẽ đặt loại XXL để có thể mặc vừa.	2021-05-03 11:10:22	2026-09-29 21:50:24
tk_19974965	tiki	42899542	fashion	Áo ba lỗ nam/ 3 lỗ nam cao cấp, sợi cotton mềm mịn siêu thoáng mát, thấm hút mồ hôi cực tốt, co dãn 4 chiều MRM FASHION		5	Ok	2024-09-09 11:50:04	2026-09-29 21:50:24
tk_19945538	tiki	42899542	fashion	Áo ba lỗ nam/ 3 lỗ nam cao cấp, sợi cotton mềm mịn siêu thoáng mát, thấm hút mồ hôi cực tốt, co dãn 4 chiều MRM FASHION		5	Cực kì hài lòng	2024-08-05 11:23:37	2026-09-29 21:50:24
tk_19944340	tiki	42899542	fashion	Áo ba lỗ nam/ 3 lỗ nam cao cấp, sợi cotton mềm mịn siêu thoáng mát, thấm hút mồ hôi cực tốt, co dãn 4 chiều MRM FASHION		5	Cực kì hài lòng	2024-08-04 00:17:16	2026-09-29 21:50:24
tk_19944338	tiki	42899542	fashion	Áo ba lỗ nam/ 3 lỗ nam cao cấp, sợi cotton mềm mịn siêu thoáng mát, thấm hút mồ hôi cực tốt, co dãn 4 chiều MRM FASHION		5	Cực kì hài lòng	2024-08-04 00:16:49	2026-09-29 21:50:24
tk_17004718	tiki	42899542	fashion	Áo ba lỗ nam/ 3 lỗ nam cao cấp, sợi cotton mềm mịn siêu thoáng mát, thấm hút mồ hôi cực tốt, co dãn 4 chiều MRM FASHION		1	Không hài lòng, vì lỡ chọn SIZE M về thử hơi bé, nhưng muốn đổi lại SIZE L thì TIKI không hỗ trợ! Thành ra SP mua mà không xài được, chán luôn!	2022-07-09 20:58:29	2026-09-29 21:50:24
tk_19852214	tiki	42899542	fashion	Áo ba lỗ nam/ 3 lỗ nam cao cấp, sợi cotton mềm mịn siêu thoáng mát, thấm hút mồ hôi cực tốt, co dãn 4 chiều MRM FASHION		5	Cực kì hài lòng	2024-04-23 19:17:14	2026-09-29 21:50:24
tk_19756492	tiki	42899542	fashion	Áo ba lỗ nam/ 3 lỗ nam cao cấp, sợi cotton mềm mịn siêu thoáng mát, thấm hút mồ hôi cực tốt, co dãn 4 chiều MRM FASHION		5	Cực kì hài lòng	2024-02-02 10:13:29	2026-09-29 21:50:24
tk_8427073	tiki	42899542	fashion	Áo ba lỗ nam/ 3 lỗ nam cao cấp, sợi cotton mềm mịn siêu thoáng mát, thấm hút mồ hôi cực tốt, co dãn 4 chiều MRM FASHION		5	Áo cotton mềm, mặc đi tập thể thao chạy bộ hợp lí. khá thoải mái. Giá tiền so với chất lượng thấy xứng đáng. Giao hàng có trễ xíu nhưng nhân viên khá nhiệt tình nên tạm thời bỏ qua. Sẽ order thêm...	2021-03-15 18:12:11	2026-09-29 21:50:24
tk_19346427	tiki	42899542	fashion	Áo ba lỗ nam/ 3 lỗ nam cao cấp, sợi cotton mềm mịn siêu thoáng mát, thấm hút mồ hôi cực tốt, co dãn 4 chiều MRM FASHION		4	Giao đúng màu , size, chất lượng vải ổn	2023-07-03 14:04:14	2026-09-29 21:50:24
tk_19373739	tiki	42899542	fashion	Áo ba lỗ nam/ 3 lỗ nam cao cấp, sợi cotton mềm mịn siêu thoáng mát, thấm hút mồ hôi cực tốt, co dãn 4 chiều MRM FASHION		5	rất hài lòng vì dịch vụ của shop,	2023-07-12 21:29:44	2026-09-29 21:50:24
tk_2687469	tiki	42899542	fashion	Áo ba lỗ nam/ 3 lỗ nam cao cấp, sợi cotton mềm mịn siêu thoáng mát, thấm hút mồ hôi cực tốt, co dãn 4 chiều MRM FASHION		5	Áo rất đẹp, chất lượng tốt, có logo thương hiệu uy tín, mình đánh giá rất cao từ đường may chỉ đến logo bao bì, cẩn thận chuyên nghiệp. mua rất xứng đáng, ủng hộ shop.	2019-11-29 15:34:08	2026-09-29 21:50:24
tk_14388032	tiki	42899542	fashion	Áo ba lỗ nam/ 3 lỗ nam cao cấp, sợi cotton mềm mịn siêu thoáng mát, thấm hút mồ hôi cực tốt, co dãn 4 chiều MRM FASHION		5	vải đẹp chất lượng. Xem size theo hình này nha các bạn (càng nặng thì càng qua phải, càng cao thì càng lên trên)	2022-01-11 18:09:20	2026-09-29 21:50:26
tk_8484330	tiki	42899542	fashion	Áo ba lỗ nam/ 3 lỗ nam cao cấp, sợi cotton mềm mịn siêu thoáng mát, thấm hút mồ hôi cực tốt, co dãn 4 chiều MRM FASHION		5	Giao nhanh, hộp đẹp, cực kì sang trọng. Shop hõ trợ tư vấn nhiệt tình thấy sự chuyên nghiệp tận tâm vì khách, 1 sự lựa chọn không tồi đối với khách hàng muốn hàng chất lượng.	2021-03-18 09:30:45	2026-09-29 21:50:26
tk_17450672	tiki	42899542	fashion	Áo ba lỗ nam/ 3 lỗ nam cao cấp, sợi cotton mềm mịn siêu thoáng mát, thấm hút mồ hôi cực tốt, co dãn 4 chiều MRM FASHION		5	Đóng gói đẹp, áo thun co giãn tốt, áo mềm, mịn...	2022-08-18 12:43:19	2026-09-29 21:50:26
tk_19428674	tiki	42899542	fashion	Áo ba lỗ nam/ 3 lỗ nam cao cấp, sợi cotton mềm mịn siêu thoáng mát, thấm hút mồ hôi cực tốt, co dãn 4 chiều MRM FASHION		5	Cực kì hài lòng	2023-08-03 03:28:23	2026-09-29 21:50:26
tk_9423732	tiki	42899542	fashion	Áo ba lỗ nam/ 3 lỗ nam cao cấp, sợi cotton mềm mịn siêu thoáng mát, thấm hút mồ hôi cực tốt, co dãn 4 chiều MRM FASHION		4	Lần 1 mình mua sz L theo hướng dẫn cách chọn size của người bán thì cảm giác áo hơi ngắn chút nên lần sau mua tăng một size thì mặc vừa hơn.	2021-04-30 06:38:41	2026-09-29 21:50:26
tk_17774235	tiki	42899542	fashion	Áo ba lỗ nam/ 3 lỗ nam cao cấp, sợi cotton mềm mịn siêu thoáng mát, thấm hút mồ hôi cực tốt, co dãn 4 chiều MRM FASHION		5	Sản phẩm tốt, ôm sát người, mặc lót áo đồng phục hài lòng.	2022-09-23 14:03:15	2026-09-29 21:50:26
tk_16886288	tiki	42899542	fashion	Áo ba lỗ nam/ 3 lỗ nam cao cấp, sợi cotton mềm mịn siêu thoáng mát, thấm hút mồ hôi cực tốt, co dãn 4 chiều MRM FASHION		5	Chất rất thích, đóng gói rất chuyên nghiệp	2022-06-29 21:49:26	2026-09-29 21:50:26
tk_19328065	tiki	42899542	fashion	Áo ba lỗ nam/ 3 lỗ nam cao cấp, sợi cotton mềm mịn siêu thoáng mát, thấm hút mồ hôi cực tốt, co dãn 4 chiều MRM FASHION		5	Cực kì hài lòng	2023-06-26 18:45:15	2026-09-29 21:50:26
tk_19296301	tiki	42899542	fashion	Áo ba lỗ nam/ 3 lỗ nam cao cấp, sợi cotton mềm mịn siêu thoáng mát, thấm hút mồ hôi cực tốt, co dãn 4 chiều MRM FASHION		5	Cực kì hài lòng	2023-06-15 15:13:50	2026-09-29 21:50:26
tk_17229202	tiki	42899542	fashion	Áo ba lỗ nam/ 3 lỗ nam cao cấp, sợi cotton mềm mịn siêu thoáng mát, thấm hút mồ hôi cực tốt, co dãn 4 chiều MRM FASHION		5	giao hàng nhanh chất lượng ok đẹp	2022-07-28 15:54:39	2026-09-29 21:50:26
tk_15097845	tiki	42899542	fashion	Áo ba lỗ nam/ 3 lỗ nam cao cấp, sợi cotton mềm mịn siêu thoáng mát, thấm hút mồ hôi cực tốt, co dãn 4 chiều MRM FASHION		1	màu sắc không như mong đợi , hình ảnh chỉ mang tính chất minh họa	2022-02-23 10:37:40	2026-09-29 21:50:26
tk_19244200	tiki	42899542	fashion	Áo ba lỗ nam/ 3 lỗ nam cao cấp, sợi cotton mềm mịn siêu thoáng mát, thấm hút mồ hôi cực tốt, co dãn 4 chiều MRM FASHION		5	Cực kì hài lòng	2023-05-30 16:03:45	2026-09-29 21:50:26
tk_19119838	tiki	42899542	fashion	Áo ba lỗ nam/ 3 lỗ nam cao cấp, sợi cotton mềm mịn siêu thoáng mát, thấm hút mồ hôi cực tốt, co dãn 4 chiều MRM FASHION		5	Đẹp	2023-04-22 14:14:56	2026-09-29 21:50:26
tk_19169556	tiki	42899542	fashion	Áo ba lỗ nam/ 3 lỗ nam cao cấp, sợi cotton mềm mịn siêu thoáng mát, thấm hút mồ hôi cực tốt, co dãn 4 chiều MRM FASHION		5	Cực kì hài lòng	2023-05-07 17:30:28	2026-09-29 21:50:26
tk_19119840	tiki	42899542	fashion	Áo ba lỗ nam/ 3 lỗ nam cao cấp, sợi cotton mềm mịn siêu thoáng mát, thấm hút mồ hôi cực tốt, co dãn 4 chiều MRM FASHION		5	Ngon	2023-04-22 14:15:05	2026-09-29 21:50:26
tk_19118267	tiki	42899542	fashion	Áo ba lỗ nam/ 3 lỗ nam cao cấp, sợi cotton mềm mịn siêu thoáng mát, thấm hút mồ hôi cực tốt, co dãn 4 chiều MRM FASHION		5	Cực kì hài lòng	2023-04-22 05:44:32	2026-09-29 21:50:26
tk_9423684	tiki	42899542	fashion	Áo ba lỗ nam/ 3 lỗ nam cao cấp, sợi cotton mềm mịn siêu thoáng mát, thấm hút mồ hôi cực tốt, co dãn 4 chiều MRM FASHION		4	Hộp đựng đẹp, trông áo xịn. 95% cotton, 5% spandex nên sờ áo cảm tưởng hơi sột xoạt chứ ko mềm mại như cotton 100%	2021-04-30 06:31:40	2026-09-29 21:50:26
tk_11362577	tiki	42899542	fashion	Áo ba lỗ nam/ 3 lỗ nam cao cấp, sợi cotton mềm mịn siêu thoáng mát, thấm hút mồ hôi cực tốt, co dãn 4 chiều MRM FASHION		3	Áo chất liệu Cotton đúng như mô tả, dày dặn và form đang đẹp, mặc ôm sát nhưng không bí, giá cả mua ngay đợt khuyến mãi nên rất OK	2021-07-22 08:26:42	2026-09-29 21:50:26
tk_14574714	tiki	42899542	fashion	Áo ba lỗ nam/ 3 lỗ nam cao cấp, sợi cotton mềm mịn siêu thoáng mát, thấm hút mồ hôi cực tốt, co dãn 4 chiều MRM FASHION		5	Chất vải rất đẹp, form ôm sát, ai hơi mỡ như mình thì nên lên 1 size. Giao hàng cực kỳ nhanh	2022-01-19 22:05:40	2026-09-29 21:50:26
tk_15451099	tiki	42899542	fashion	Áo ba lỗ nam/ 3 lỗ nam cao cấp, sợi cotton mềm mịn siêu thoáng mát, thấm hút mồ hôi cực tốt, co dãn 4 chiều MRM FASHION		5	sản phẩm khá OK chất liệu vải dày dặn	2022-03-16 17:12:59	2026-09-29 21:50:26
tk_18771164	tiki	42899542	fashion	Áo ba lỗ nam/ 3 lỗ nam cao cấp, sợi cotton mềm mịn siêu thoáng mát, thấm hút mồ hôi cực tốt, co dãn 4 chiều MRM FASHION		5	Cực kì hài lòng	2023-02-09 17:19:28	2026-09-29 21:50:29
tk_16882529	tiki	42899542	fashion	Áo ba lỗ nam/ 3 lỗ nam cao cấp, sợi cotton mềm mịn siêu thoáng mát, thấm hút mồ hôi cực tốt, co dãn 4 chiều MRM FASHION		5	Áo mềm mại. Đường may ngay ngắn. Giao hàng nhanh.	2022-06-29 15:44:11	2026-09-29 21:50:29
tk_18538184	tiki	42899542	fashion	Áo ba lỗ nam/ 3 lỗ nam cao cấp, sợi cotton mềm mịn siêu thoáng mát, thấm hút mồ hôi cực tốt, co dãn 4 chiều MRM FASHION		4	Tạm	2022-12-30 12:07:23	2026-09-29 21:50:29
tk_18532669	tiki	42899542	fashion	Áo ba lỗ nam/ 3 lỗ nam cao cấp, sợi cotton mềm mịn siêu thoáng mát, thấm hút mồ hôi cực tốt, co dãn 4 chiều MRM FASHION		5	Tạm	2022-12-29 16:16:22	2026-09-29 21:50:29
tk_18538196	tiki	42899542	fashion	Áo ba lỗ nam/ 3 lỗ nam cao cấp, sợi cotton mềm mịn siêu thoáng mát, thấm hút mồ hôi cực tốt, co dãn 4 chiều MRM FASHION		4	Ok	2022-12-30 12:08:53	2026-09-29 21:50:29
tk_14191603	tiki	42899542	fashion	Áo ba lỗ nam/ 3 lỗ nam cao cấp, sợi cotton mềm mịn siêu thoáng mát, thấm hút mồ hôi cực tốt, co dãn 4 chiều MRM FASHION		4	Chất vải khá tốt, chỉ là mua size hơi nhỏ.	2021-12-31 23:11:26	2026-09-29 21:50:29
tk_18275034	tiki	42899542	fashion	Áo ba lỗ nam/ 3 lỗ nam cao cấp, sợi cotton mềm mịn siêu thoáng mát, thấm hút mồ hôi cực tốt, co dãn 4 chiều MRM FASHION		5	Cực kì hài lòng	2022-11-24 11:28:02	2026-09-29 21:50:29
tk_18245007	tiki	42899542	fashion	Áo ba lỗ nam/ 3 lỗ nam cao cấp, sợi cotton mềm mịn siêu thoáng mát, thấm hút mồ hôi cực tốt, co dãn 4 chiều MRM FASHION		5	Cực kì hài lòng	2022-11-19 18:44:39	2026-09-29 21:50:29
tk_18245008	tiki	42899542	fashion	Áo ba lỗ nam/ 3 lỗ nam cao cấp, sợi cotton mềm mịn siêu thoáng mát, thấm hút mồ hôi cực tốt, co dãn 4 chiều MRM FASHION		5	Cực kì hài lòng	2022-11-19 18:44:46	2026-09-29 21:50:29
tk_9779752	tiki	42899542	fashion	Áo ba lỗ nam/ 3 lỗ nam cao cấp, sợi cotton mềm mịn siêu thoáng mát, thấm hút mồ hôi cực tốt, co dãn 4 chiều MRM FASHION		5	Giao nhanh, đóng gói cẩn thận, để về chồng mình mặc vừa k thì đánh giá tiếp nhé	2021-05-17 12:52:21	2026-09-29 21:50:29
tk_18010858	tiki	42899542	fashion	Áo ba lỗ nam/ 3 lỗ nam cao cấp, sợi cotton mềm mịn siêu thoáng mát, thấm hút mồ hôi cực tốt, co dãn 4 chiều MRM FASHION		5	Cực kì hài lòng	2022-10-21 12:04:23	2026-09-29 21:50:29
tk_17848225	tiki	42899542	fashion	Áo ba lỗ nam/ 3 lỗ nam cao cấp, sợi cotton mềm mịn siêu thoáng mát, thấm hút mồ hôi cực tốt, co dãn 4 chiều MRM FASHION		5	Cực kì hài lòng	2022-10-02 09:29:01	2026-09-29 21:50:29
tk_17718230	tiki	42899542	fashion	Áo ba lỗ nam/ 3 lỗ nam cao cấp, sợi cotton mềm mịn siêu thoáng mát, thấm hút mồ hôi cực tốt, co dãn 4 chiều MRM FASHION		5	Cực kì hài lòng	2022-09-17 12:26:20	2026-09-29 21:50:29
tk_9403889	tiki	42899542	fashion	Áo ba lỗ nam/ 3 lỗ nam cao cấp, sợi cotton mềm mịn siêu thoáng mát, thấm hút mồ hôi cực tốt, co dãn 4 chiều MRM FASHION		4	Giao hàng nhanh, đóng gói chắc chắn, sản phẩm chất lượng ok ................	2021-04-29 07:11:18	2026-09-29 21:50:29
tk_17687406	tiki	42899542	fashion	Áo ba lỗ nam/ 3 lỗ nam cao cấp, sợi cotton mềm mịn siêu thoáng mát, thấm hút mồ hôi cực tốt, co dãn 4 chiều MRM FASHION		5	Cực kì hài lòng	2022-09-14 06:57:53	2026-09-29 21:50:29
tk_16467280	tiki	42899542	fashion	Áo ba lỗ nam/ 3 lỗ nam cao cấp, sợi cotton mềm mịn siêu thoáng mát, thấm hút mồ hôi cực tốt, co dãn 4 chiều MRM FASHION		5	sp chất lượng tốt	2022-05-26 13:37:54	2026-09-29 21:50:29
tk_8484243	tiki	42899542	fashion	Áo ba lỗ nam/ 3 lỗ nam cao cấp, sợi cotton mềm mịn siêu thoáng mát, thấm hút mồ hôi cực tốt, co dãn 4 chiều MRM FASHION		5	Giao hàng siêu nhanh trong ngày. Áo cực chất 100 % cootton thấm hút tốt mồ hôi lắm. mua 2 chiếc thay đổi	2021-03-18 09:26:37	2026-09-29 21:50:29
tk_16215775	tiki	42899542	fashion	Áo ba lỗ nam/ 3 lỗ nam cao cấp, sợi cotton mềm mịn siêu thoáng mát, thấm hút mồ hôi cực tốt, co dãn 4 chiều MRM FASHION		5	form đẹp. mặc mát.	2022-05-06 13:30:15	2026-09-29 21:50:29
tk_17250190	tiki	42899542	fashion	Áo ba lỗ nam/ 3 lỗ nam cao cấp, sợi cotton mềm mịn siêu thoáng mát, thấm hút mồ hôi cực tốt, co dãn 4 chiều MRM FASHION		5	Cực kì hài lòng	2022-07-30 18:03:34	2026-09-29 21:50:29
tk_15185447	tiki	42899542	fashion	Áo ba lỗ nam/ 3 lỗ nam cao cấp, sợi cotton mềm mịn siêu thoáng mát, thấm hút mồ hôi cực tốt, co dãn 4 chiều MRM FASHION		1	đặt mùa xám mà đi giao màu đen ?	2022-02-28 12:50:12	2026-09-29 21:50:29
tk_16423722	tiki	42899542	fashion	Áo ba lỗ nam/ 3 lỗ nam cao cấp, sợi cotton mềm mịn siêu thoáng mát, thấm hút mồ hôi cực tốt, co dãn 4 chiều MRM FASHION		5	chất đẹp quá	2022-05-22 20:23:24	2026-09-29 21:50:30
tk_14583223	tiki	42899542	fashion	Áo ba lỗ nam/ 3 lỗ nam cao cấp, sợi cotton mềm mịn siêu thoáng mát, thấm hút mồ hôi cực tốt, co dãn 4 chiều MRM FASHION		5	tốt	2022-01-20 12:01:47	2026-09-29 21:50:30
tk_16556481	tiki	42899542	fashion	Áo ba lỗ nam/ 3 lỗ nam cao cấp, sợi cotton mềm mịn siêu thoáng mát, thấm hút mồ hôi cực tốt, co dãn 4 chiều MRM FASHION		5	rẻ, đẹp	2022-06-02 23:01:29	2026-09-29 21:50:30
tk_17070071	tiki	42899542	fashion	Áo ba lỗ nam/ 3 lỗ nam cao cấp, sợi cotton mềm mịn siêu thoáng mát, thấm hút mồ hôi cực tốt, co dãn 4 chiều MRM FASHION		5	Cực kì hài lòng	2022-07-14 23:13:19	2026-09-29 21:50:30
tk_8484182	tiki	42899542	fashion	Áo ba lỗ nam/ 3 lỗ nam cao cấp, sợi cotton mềm mịn siêu thoáng mát, thấm hút mồ hôi cực tốt, co dãn 4 chiều MRM FASHION		5	Áo chất. Giao hàng chuẩn size, mặc body, đã mua nhiều lần của shop rồi. Mua cả quần,tất áo 5*	2021-03-18 09:23:58	2026-09-29 21:50:30
tk_16928184	tiki	42899542	fashion	Áo ba lỗ nam/ 3 lỗ nam cao cấp, sợi cotton mềm mịn siêu thoáng mát, thấm hút mồ hôi cực tốt, co dãn 4 chiều MRM FASHION		4	Hài lòng	2022-07-03 19:33:34	2026-09-29 21:50:30
tk_16918390	tiki	42899542	fashion	Áo ba lỗ nam/ 3 lỗ nam cao cấp, sợi cotton mềm mịn siêu thoáng mát, thấm hút mồ hôi cực tốt, co dãn 4 chiều MRM FASHION		5	Cực kì hài lòng	2022-07-02 22:01:11	2026-09-29 21:50:30
tk_16688440	tiki	42899542	fashion	Áo ba lỗ nam/ 3 lỗ nam cao cấp, sợi cotton mềm mịn siêu thoáng mát, thấm hút mồ hôi cực tốt, co dãn 4 chiều MRM FASHION		5	Good	2022-06-12 21:42:20	2026-09-29 21:50:30
tk_8421295	tiki	42899542	fashion	Áo ba lỗ nam/ 3 lỗ nam cao cấp, sợi cotton mềm mịn siêu thoáng mát, thấm hút mồ hôi cực tốt, co dãn 4 chiều MRM FASHION		5	Áo đẹp như quảng cáo. giao nhanh, đúng sản phẩm đặt, sẽ ủng hộ dài . 5* hàng chất, uy tín.	2021-03-15 13:29:52	2026-09-29 21:50:30
tk_8408381	tiki	42899542	fashion	Áo ba lỗ nam/ 3 lỗ nam cao cấp, sợi cotton mềm mịn siêu thoáng mát, thấm hút mồ hôi cực tốt, co dãn 4 chiều MRM FASHION		5	Chất lượng tốt, giá tốt. Giao hàng cực nhanh. Sẽ tham khảo thêm sản phẩm khác của brand này	2021-03-14 21:48:13	2026-09-29 21:50:30
tk_3115284	tiki	42899542	fashion	Áo ba lỗ nam/ 3 lỗ nam cao cấp, sợi cotton mềm mịn siêu thoáng mát, thấm hút mồ hôi cực tốt, co dãn 4 chiều MRM FASHION		5	áo mặc đẹp, giống mô tả, thấm hút mồ hôi tốt, vải không dão dù giặt tay hay giặt máy. mới mua thử 1 chiếc để xem có như quảng cáo không, chắc sẽ mua thêm vài chiếc thay đổi.	2020-03-07 00:39:43	2026-09-29 21:50:30
tk_16748390	tiki	42899542	fashion	Áo ba lỗ nam/ 3 lỗ nam cao cấp, sợi cotton mềm mịn siêu thoáng mát, thấm hút mồ hôi cực tốt, co dãn 4 chiều MRM FASHION		4	Hài lòng	2022-06-17 21:47:36	2026-09-29 21:50:30
tk_16493923	tiki	42899542	fashion	Áo ba lỗ nam/ 3 lỗ nam cao cấp, sợi cotton mềm mịn siêu thoáng mát, thấm hút mồ hôi cực tốt, co dãn 4 chiều MRM FASHION		5	tốt	2022-05-28 19:45:50	2026-09-29 21:50:30
tk_10675136	tiki	42899542	fashion	Áo ba lỗ nam/ 3 lỗ nam cao cấp, sợi cotton mềm mịn siêu thoáng mát, thấm hút mồ hôi cực tốt, co dãn 4 chiều MRM FASHION		1	hàng đặt từ ngày 20 mà hơn tuần chưa thấy giao tới nơi ! Mình rất khó chịu	2021-06-26 13:53:31	2026-09-29 21:50:30
tk_16674587	tiki	42899542	fashion	Áo ba lỗ nam/ 3 lỗ nam cao cấp, sợi cotton mềm mịn siêu thoáng mát, thấm hút mồ hôi cực tốt, co dãn 4 chiều MRM FASHION		5	Cực kì hài lòng	2022-06-11 19:06:49	2026-09-29 21:50:30
tk_16532200	tiki	42899542	fashion	Áo ba lỗ nam/ 3 lỗ nam cao cấp, sợi cotton mềm mịn siêu thoáng mát, thấm hút mồ hôi cực tốt, co dãn 4 chiều MRM FASHION		5	Cực kì hài lòng	2022-06-01 07:35:20	2026-09-29 21:50:30
tk_16503938	tiki	42899542	fashion	Áo ba lỗ nam/ 3 lỗ nam cao cấp, sợi cotton mềm mịn siêu thoáng mát, thấm hút mồ hôi cực tốt, co dãn 4 chiều MRM FASHION		5	Cực kì hài lòng	2022-05-29 18:03:02	2026-09-29 21:50:30
tk_13455425	tiki	42899542	fashion	Áo ba lỗ nam/ 3 lỗ nam cao cấp, sợi cotton mềm mịn siêu thoáng mát, thấm hút mồ hôi cực tốt, co dãn 4 chiều MRM FASHION		5	tốt	2021-11-26 20:37:37	2026-09-29 21:50:30
tk_9383736	tiki	42899542	fashion	Áo ba lỗ nam/ 3 lỗ nam cao cấp, sợi cotton mềm mịn siêu thoáng mát, thấm hút mồ hôi cực tốt, co dãn 4 chiều MRM FASHION		5	Sản phẩm tốt, chất liệu đẹp, co dãn thoải mái.	2021-04-28 07:22:03	2026-09-29 21:50:30
tk_9828557	tiki	42899542	fashion	Áo ba lỗ nam/ 3 lỗ nam cao cấp, sợi cotton mềm mịn siêu thoáng mát, thấm hút mồ hôi cực tốt, co dãn 4 chiều MRM FASHION		5	Giao hàng quá nhanh, mới đặt tối qua, hôm nay đã có hàng. Vải mịn, rất hài lòng.	2021-05-19 15:12:23	2026-09-29 21:50:30
tk_16345627	tiki	42899542	fashion	Áo ba lỗ nam/ 3 lỗ nam cao cấp, sợi cotton mềm mịn siêu thoáng mát, thấm hút mồ hôi cực tốt, co dãn 4 chiều MRM FASHION		5	Cực kì hài lòng	2022-05-16 12:12:29	2026-09-29 21:50:32
tk_8408288	tiki	42899542	fashion	Áo ba lỗ nam/ 3 lỗ nam cao cấp, sợi cotton mềm mịn siêu thoáng mát, thấm hút mồ hôi cực tốt, co dãn 4 chiều MRM FASHION		5	Chất lượng tốt , giao nhanh, đóng gói đẹp. Mua lần thứ 2 của shop, rất đáng tiền.	2021-03-14 21:44:17	2026-09-29 21:50:32
tk_12417550	tiki	42899542	fashion	Áo ba lỗ nam/ 3 lỗ nam cao cấp, sợi cotton mềm mịn siêu thoáng mát, thấm hút mồ hôi cực tốt, co dãn 4 chiều MRM FASHION		5	Chất liệu ok, shop nên tư vấn size theo số cân kg	2021-10-03 12:18:54	2026-09-29 21:50:32
tk_15904308	tiki	42899542	fashion	Áo ba lỗ nam/ 3 lỗ nam cao cấp, sợi cotton mềm mịn siêu thoáng mát, thấm hút mồ hôi cực tốt, co dãn 4 chiều MRM FASHION		5	Tốt.	2022-04-13 14:51:09	2026-09-29 21:50:32
tk_16063511	tiki	42899542	fashion	Áo ba lỗ nam/ 3 lỗ nam cao cấp, sợi cotton mềm mịn siêu thoáng mát, thấm hút mồ hôi cực tốt, co dãn 4 chiều MRM FASHION		5	Cực kì hài lòng	2022-04-24 09:11:35	2026-09-29 21:50:32
tk_16030480	tiki	42899542	fashion	Áo ba lỗ nam/ 3 lỗ nam cao cấp, sợi cotton mềm mịn siêu thoáng mát, thấm hút mồ hôi cực tốt, co dãn 4 chiều MRM FASHION		5	Cực kì hài lòng	2022-04-21 19:23:31	2026-09-29 21:50:32
tk_15645147	tiki	42899542	fashion	Áo ba lỗ nam/ 3 lỗ nam cao cấp, sợi cotton mềm mịn siêu thoáng mát, thấm hút mồ hôi cực tốt, co dãn 4 chiều MRM FASHION		4	Chất	2022-03-28 15:57:30	2026-09-29 21:50:32
tk_15696484	tiki	42899542	fashion	Áo ba lỗ nam/ 3 lỗ nam cao cấp, sợi cotton mềm mịn siêu thoáng mát, thấm hút mồ hôi cực tốt, co dãn 4 chiều MRM FASHION		4	Oke	2022-03-31 14:38:26	2026-09-29 21:50:32
tk_15861389	tiki	42899542	fashion	Áo ba lỗ nam/ 3 lỗ nam cao cấp, sợi cotton mềm mịn siêu thoáng mát, thấm hút mồ hôi cực tốt, co dãn 4 chiều MRM FASHION		4	Hài lòng	2022-04-10 14:31:24	2026-09-29 21:50:32
tk_9977871	tiki	42899542	fashion	Áo ba lỗ nam/ 3 lỗ nam cao cấp, sợi cotton mềm mịn siêu thoáng mát, thấm hút mồ hôi cực tốt, co dãn 4 chiều MRM FASHION		5	Áo đẹp lắm ạ, vải củng tốt, hài lòng ghê nha shop! Cám ơn shop ạ!	2021-05-26 20:15:59	2026-09-29 21:50:32
tk_12831627	tiki	42899542	fashion	Áo ba lỗ nam/ 3 lỗ nam cao cấp, sợi cotton mềm mịn siêu thoáng mát, thấm hút mồ hôi cực tốt, co dãn 4 chiều MRM FASHION		5	rất thích chất vải ko xù, mặc mát	2021-10-26 01:25:55	2026-09-29 21:50:32
tk_13134643	tiki	42899542	fashion	Áo ba lỗ nam/ 3 lỗ nam cao cấp, sợi cotton mềm mịn siêu thoáng mát, thấm hút mồ hôi cực tốt, co dãn 4 chiều MRM FASHION		5	Sản phẩm chất lượng tốt	2021-11-11 23:15:10	2026-09-29 21:50:32
tk_4929335	tiki	42899542	fashion	Áo ba lỗ nam/ 3 lỗ nam cao cấp, sợi cotton mềm mịn siêu thoáng mát, thấm hút mồ hôi cực tốt, co dãn 4 chiều MRM FASHION		5	Áo đẹp, vải có vẻ khá mát, vừa đặt tối CN sáng thứ 2 đã nhận hàng, tks shop!	2020-09-21 13:16:00	2026-09-29 21:50:32
tk_15283106	tiki	42899542	fashion	Áo ba lỗ nam/ 3 lỗ nam cao cấp, sợi cotton mềm mịn siêu thoáng mát, thấm hút mồ hôi cực tốt, co dãn 4 chiều MRM FASHION		5	Cực kì hài lòng	2022-03-06 13:00:29	2026-09-29 21:50:32
tk_9619870	tiki	42899542	fashion	Áo ba lỗ nam/ 3 lỗ nam cao cấp, sợi cotton mềm mịn siêu thoáng mát, thấm hút mồ hôi cực tốt, co dãn 4 chiều MRM FASHION		3	áo size không chính xác ghi là XL nhưng 1m75 nặng 75kg mặc rất chật	2021-05-10 12:59:56	2026-09-29 21:50:32
tk_15017804	tiki	42899542	fashion	Áo ba lỗ nam/ 3 lỗ nam cao cấp, sợi cotton mềm mịn siêu thoáng mát, thấm hút mồ hôi cực tốt, co dãn 4 chiều MRM FASHION		4	ok	2022-02-18 11:45:32	2026-09-29 21:50:32
tk_11870642	tiki	42899542	fashion	Áo ba lỗ nam/ 3 lỗ nam cao cấp, sợi cotton mềm mịn siêu thoáng mát, thấm hút mồ hôi cực tốt, co dãn 4 chiều MRM FASHION		5	Hàng y hình, vải OK dầy dặn, đáng tiền!!	2021-08-17 13:56:03	2026-09-29 21:50:32
tk_10579110	tiki	42899542	fashion	Áo ba lỗ nam/ 3 lỗ nam cao cấp, sợi cotton mềm mịn siêu thoáng mát, thấm hút mồ hôi cực tốt, co dãn 4 chiều MRM FASHION		5	dày dặn, nhưng mát lắm nha mng. ck em khen em hết lời.	2021-06-22 02:21:39	2026-09-29 21:50:32
tk_14951125	tiki	42899542	fashion	Áo ba lỗ nam/ 3 lỗ nam cao cấp, sợi cotton mềm mịn siêu thoáng mát, thấm hút mồ hôi cực tốt, co dãn 4 chiều MRM FASHION		5	Cực kì hài lòng	2022-02-14 12:16:40	2026-09-29 21:50:32
tk_10222911	tiki	42899542	fashion	Áo ba lỗ nam/ 3 lỗ nam cao cấp, sợi cotton mềm mịn siêu thoáng mát, thấm hút mồ hôi cực tốt, co dãn 4 chiều MRM FASHION		3	Không có size lớn đưa size M . Khi mua không có chọn size	2021-06-07 07:32:04	2026-09-29 21:50:32
tk_20236520	tiki	68202834	fashion	Combo 2 áo ba lỗ nam, áo sát nách nam,sợi cotton cao cấp mềm mịn, thấm hút mồ hôi, siều thoáng mát, co giãn 4 chiều Mrm Manlywear - MM		2	Ghi size là xxl nhưng đo đo thì bằng size xl. Mỗi lần mua là 1 lần kích thước khác nhau. Khó hiểu Ảnh 2 đo bằng size xl Ảnh 1 bé hơn áo cùng loại xxl mua trước đây	2026-05-27 21:56:13	2026-09-29 21:50:37
tk_20146710	tiki	68202834	fashion	Combo 2 áo ba lỗ nam, áo sát nách nam,sợi cotton cao cấp mềm mịn, thấm hút mồ hôi, siều thoáng mát, co giãn 4 chiều Mrm Manlywear - MM		4	Giao hàng lúc sáng không có nhà, chiều về thử thì chật, giờ đổi sang L được không shop. Hàng còn nguyên nhãn.	2025-07-14 19:44:22	2026-09-29 21:50:37
tk_20227221	tiki	68202834	fashion	Combo 2 áo ba lỗ nam, áo sát nách nam,sợi cotton cao cấp mềm mịn, thấm hút mồ hôi, siều thoáng mát, co giãn 4 chiều Mrm Manlywear - MM		5	Áo đẹp mát	2026-04-17 06:42:10	2026-09-29 21:50:37
tk_20236010	tiki	68202834	fashion	Combo 2 áo ba lỗ nam, áo sát nách nam,sợi cotton cao cấp mềm mịn, thấm hút mồ hôi, siều thoáng mát, co giãn 4 chiều Mrm Manlywear - MM		4	Hài lòng	2026-05-25 14:33:10	2026-09-29 21:50:37
tk_20206136	tiki	68202834	fashion	Combo 2 áo ba lỗ nam, áo sát nách nam,sợi cotton cao cấp mềm mịn, thấm hút mồ hôi, siều thoáng mát, co giãn 4 chiều Mrm Manlywear - MM		4	Hài lòng	2026-01-15 22:39:24	2026-09-29 21:50:37
tk_15007803	tiki	68202834	fashion	Combo 2 áo ba lỗ nam, áo sát nách nam,sợi cotton cao cấp mềm mịn, thấm hút mồ hôi, siều thoáng mát, co giãn 4 chiều Mrm Manlywear - MM		5	TiKi giao hàng nhanh hơn dự kiến. Chất lượng vải áo tốt, mềm và mát. có điều mình cao 1,6m, nặng 50kg mặc size M hơi ngắn nên shop đổi cho size L. Shop uy tín, nhiệt tình tư vấn đổi trả nhanh. Đánh giá shop 5 sao, lần sau ung hộ tiếp. Bán hàng rất nhiệt tình, chuyên nghiệp.	2022-02-17 18:17:11	2026-09-29 21:50:37
tk_20183774	tiki	68202834	fashion	Combo 2 áo ba lỗ nam, áo sát nách nam,sợi cotton cao cấp mềm mịn, thấm hút mồ hôi, siều thoáng mát, co giãn 4 chiều Mrm Manlywear - MM		4	Hài lòng	2025-10-22 00:04:21	2026-09-29 21:50:37
tk_20019015	tiki	68202834	fashion	Combo 2 áo ba lỗ nam, áo sát nách nam,sợi cotton cao cấp mềm mịn, thấm hút mồ hôi, siều thoáng mát, co giãn 4 chiều Mrm Manlywear - MM		2	Áo trắng tạm được, áo màu xám chất liệu rất tệ mặc vào như đeo mo lang.	2024-10-29 15:57:19	2026-09-29 21:50:37
tk_20110333	tiki	68202834	fashion	Combo 2 áo ba lỗ nam, áo sát nách nam,sợi cotton cao cấp mềm mịn, thấm hút mồ hôi, siều thoáng mát, co giãn 4 chiều Mrm Manlywear - MM		3	Size nhỏ hơn thông thường rất nhiều	2025-04-13 23:12:54	2026-09-29 21:50:37
tk_20138992	tiki	68202834	fashion	Combo 2 áo ba lỗ nam, áo sát nách nam,sợi cotton cao cấp mềm mịn, thấm hút mồ hôi, siều thoáng mát, co giãn 4 chiều Mrm Manlywear - MM		5	Cực kì hài lòng	2025-06-23 00:35:53	2026-09-29 21:50:37
tk_20134590	tiki	68202834	fashion	Combo 2 áo ba lỗ nam, áo sát nách nam,sợi cotton cao cấp mềm mịn, thấm hút mồ hôi, siều thoáng mát, co giãn 4 chiều Mrm Manlywear - MM		5	Cực kì hài lòng	2025-06-11 23:17:20	2026-09-29 21:50:37
tk_20134591	tiki	68202834	fashion	Combo 2 áo ba lỗ nam, áo sát nách nam,sợi cotton cao cấp mềm mịn, thấm hút mồ hôi, siều thoáng mát, co giãn 4 chiều Mrm Manlywear - MM		5	Cực kì hài lòng	2025-06-11 23:17:32	2026-09-29 21:50:37
tk_15939074	tiki	68202834	fashion	Combo 2 áo ba lỗ nam, áo sát nách nam,sợi cotton cao cấp mềm mịn, thấm hút mồ hôi, siều thoáng mát, co giãn 4 chiều Mrm Manlywear - MM		5	Hàng giao nhanh, đóng hộp tốt (dùng màng bọc TP mà gói hộp rất khéo) Sản phẩm tem mác logo đầy đủ, sờ qua chất vải mềm thoáng, m 1m64 nặng 64kg mặc size L thì hơi rộng 1 chút.	2022-04-15 19:55:52	2026-09-29 21:50:37
tk_19871322	tiki	68202834	fashion	Combo 2 áo ba lỗ nam, áo sát nách nam,sợi cotton cao cấp mềm mịn, thấm hút mồ hôi, siều thoáng mát, co giãn 4 chiều Mrm Manlywear - MM		5	Mua nhiều lần rồi, tiếp tục mua lại, rất ok	2024-05-12 21:17:58	2026-09-29 21:50:37
tk_18869412	tiki	68202834	fashion	Combo 2 áo ba lỗ nam, áo sát nách nam,sợi cotton cao cấp mềm mịn, thấm hút mồ hôi, siều thoáng mát, co giãn 4 chiều Mrm Manlywear - MM		5	Uy tín. Đã mua 1 lần rồi. Ủng hộ shop lần 2	2023-02-26 13:42:34	2026-09-29 21:50:37
tk_20039310	tiki	68202834	fashion	Combo 2 áo ba lỗ nam, áo sát nách nam,sợi cotton cao cấp mềm mịn, thấm hút mồ hôi, siều thoáng mát, co giãn 4 chiều Mrm Manlywear - MM		5	Cực kì hài lòng	2024-11-29 12:39:47	2026-09-29 21:50:37
tk_15016113	tiki	68202834	fashion	Combo 2 áo ba lỗ nam, áo sát nách nam,sợi cotton cao cấp mềm mịn, thấm hút mồ hôi, siều thoáng mát, co giãn 4 chiều Mrm Manlywear - MM		5	TiKi giao hàng nhanh, hàng đẹp mặc rất vừa, các bạn mua thì nhớ tăng lên 1 size nữa cho vừa vặn nhé.Chất vải cotton co giãn nên mặc rất thoải mái. cho shop 5 sao. lần sau ủng hộ tiếp.	2022-02-18 10:22:37	2026-09-29 21:50:37
tk_18011084	tiki	68202834	fashion	Combo 2 áo ba lỗ nam, áo sát nách nam,sợi cotton cao cấp mềm mịn, thấm hút mồ hôi, siều thoáng mát, co giãn 4 chiều Mrm Manlywear - MM		5	Chất liệu vải mềm mịn, đường may sắc nét, đóng gói rất cẩn thận, vc cực nhanh	2022-10-21 12:33:54	2026-09-29 21:50:37
tk_19993450	tiki	68202834	fashion	Combo 2 áo ba lỗ nam, áo sát nách nam,sợi cotton cao cấp mềm mịn, thấm hút mồ hôi, siều thoáng mát, co giãn 4 chiều Mrm Manlywear - MM		5	Cực kì hài lòng	2024-09-30 17:16:08	2026-09-29 21:50:37
tk_19955220	tiki	68202834	fashion	Combo 2 áo ba lỗ nam, áo sát nách nam,sợi cotton cao cấp mềm mịn, thấm hút mồ hôi, siều thoáng mát, co giãn 4 chiều Mrm Manlywear - MM		5	Oke nhanh	2024-08-15 14:09:25	2026-09-29 21:50:37
tk_19957822	tiki	68202834	fashion	Combo 2 áo ba lỗ nam, áo sát nách nam,sợi cotton cao cấp mềm mịn, thấm hút mồ hôi, siều thoáng mát, co giãn 4 chiều Mrm Manlywear - MM		5	Cực kì hài lòng	2024-08-18 18:07:10	2026-09-29 21:50:38
tk_19930111	tiki	68202834	fashion	Combo 2 áo ba lỗ nam, áo sát nách nam,sợi cotton cao cấp mềm mịn, thấm hút mồ hôi, siều thoáng mát, co giãn 4 chiều Mrm Manlywear - MM		5	Cực kì hài lòng	2024-07-18 00:07:11	2026-09-29 21:50:38
tk_17814408	tiki	68202834	fashion	Combo 2 áo ba lỗ nam, áo sát nách nam,sợi cotton cao cấp mềm mịn, thấm hút mồ hôi, siều thoáng mát, co giãn 4 chiều Mrm Manlywear - MM		5	vừa, đẹp, thoải mái dễ chịu	2022-09-28 07:41:49	2026-09-29 21:50:38
tk_19906328	tiki	68202834	fashion	Combo 2 áo ba lỗ nam, áo sát nách nam,sợi cotton cao cấp mềm mịn, thấm hút mồ hôi, siều thoáng mát, co giãn 4 chiều Mrm Manlywear - MM		5	Cực kì hài lòng	2024-06-20 06:20:55	2026-09-29 21:50:38
tk_19903517	tiki	68202834	fashion	Combo 2 áo ba lỗ nam, áo sát nách nam,sợi cotton cao cấp mềm mịn, thấm hút mồ hôi, siều thoáng mát, co giãn 4 chiều Mrm Manlywear - MM		5	Cực kì hài lòng	2024-06-16 15:45:40	2026-09-29 21:50:38
tk_19901852	tiki	68202834	fashion	Combo 2 áo ba lỗ nam, áo sát nách nam,sợi cotton cao cấp mềm mịn, thấm hút mồ hôi, siều thoáng mát, co giãn 4 chiều Mrm Manlywear - MM		4	Hài lòng	2024-06-14 15:34:28	2026-09-29 21:50:38
tk_19888916	tiki	68202834	fashion	Combo 2 áo ba lỗ nam, áo sát nách nam,sợi cotton cao cấp mềm mịn, thấm hút mồ hôi, siều thoáng mát, co giãn 4 chiều Mrm Manlywear - MM		4	Hài lòng	2024-06-01 12:20:19	2026-09-29 21:50:38
tk_19886211	tiki	68202834	fashion	Combo 2 áo ba lỗ nam, áo sát nách nam,sợi cotton cao cấp mềm mịn, thấm hút mồ hôi, siều thoáng mát, co giãn 4 chiều Mrm Manlywear - MM		5	Cực kì hài lòng	2024-05-29 16:43:19	2026-09-29 21:50:38
tk_19849385	tiki	68202834	fashion	Combo 2 áo ba lỗ nam, áo sát nách nam,sợi cotton cao cấp mềm mịn, thấm hút mồ hôi, siều thoáng mát, co giãn 4 chiều Mrm Manlywear - MM		5	Cực kì hài lòng	2024-04-21 00:31:29	2026-09-29 21:50:38
tk_16720789	tiki	68202834	fashion	Combo 2 áo ba lỗ nam, áo sát nách nam,sợi cotton cao cấp mềm mịn, thấm hút mồ hôi, siều thoáng mát, co giãn 4 chiều Mrm Manlywear - MM		5	áo size vừa vặn, chất mát, thấm hút tốt. Mùa hè mặc hợp lý, giá vừa phả. Khâu đóng gói vận chuyển ok.	2022-06-15 16:16:52	2026-09-29 21:50:38
tk_11718329	tiki	68202834	fashion	Combo 2 áo ba lỗ nam, áo sát nách nam,sợi cotton cao cấp mềm mịn, thấm hút mồ hôi, siều thoáng mát, co giãn 4 chiều Mrm Manlywear - MM		5	Hàng chất lượng đẹp. Mình lúc đặt size XL nhưng không hiểu sao khi đến bước thanh toán thì bị đổi thành M. Nhờ shop hỗ trợ đổi size. Update: Shop hỗ trợ nhiệt tình đổi trả. Yên tâm mua hàng.	2021-08-10 11:23:00	2026-09-29 21:50:38
tk_15944268	tiki	68202834	fashion	Combo 2 áo ba lỗ nam, áo sát nách nam,sợi cotton cao cấp mềm mịn, thấm hút mồ hôi, siều thoáng mát, co giãn 4 chiều Mrm Manlywear - MM		5	Áo dày mềm co giãn 4 chiều,mặc mát thoáng.Mọi người ơi nên mua	2022-04-16 09:00:59	2026-09-29 21:50:38
tk_7596139	tiki	68202834	fashion	Combo 2 áo ba lỗ nam, áo sát nách nam,sợi cotton cao cấp mềm mịn, thấm hút mồ hôi, siều thoáng mát, co giãn 4 chiều Mrm Manlywear - MM		5	Luôn mua hàng trên Tiki. Sản phẩm luôn chất lượng, sản phẩm này cũng không ngoại lệ hàng tốt, chất lượng, bao bì đóng gói cẩn thận, giao nhanh và dịch vụ tốt. Cực kỳ hài lòng về chất lượng và dịch vụ hàng hoá trên Tiki.	2021-02-07 10:06:48	2026-09-29 21:50:38
tk_18936920	tiki	68202834	fashion	Combo 2 áo ba lỗ nam, áo sát nách nam,sợi cotton cao cấp mềm mịn, thấm hút mồ hôi, siều thoáng mát, co giãn 4 chiều Mrm Manlywear - MM		5	Vải mát, size vừa vặn	2023-03-10 15:10:11	2026-09-29 21:50:38
tk_14978057	tiki	68202834	fashion	Combo 2 áo ba lỗ nam, áo sát nách nam,sợi cotton cao cấp mềm mịn, thấm hút mồ hôi, siều thoáng mát, co giãn 4 chiều Mrm Manlywear - MM		5	ny mk khen quá trời, vải mát, co dãn , thun lạnh ko nóng, nhìn sang trọng , gọn và ốm. hịhi cảm ơn shop nja	2022-02-15 22:03:25	2026-09-29 21:50:38
tk_19130219	tiki	68202834	fashion	Combo 2 áo ba lỗ nam, áo sát nách nam,sợi cotton cao cấp mềm mịn, thấm hút mồ hôi, siều thoáng mát, co giãn 4 chiều Mrm Manlywear - MM		5	Good ☘️	2023-04-25 13:19:18	2026-09-29 21:50:38
tk_19602804	tiki	68202834	fashion	Combo 2 áo ba lỗ nam, áo sát nách nam,sợi cotton cao cấp mềm mịn, thấm hút mồ hôi, siều thoáng mát, co giãn 4 chiều Mrm Manlywear - MM		5	Cực kì hài lòng	2023-10-21 08:00:13	2026-09-29 21:50:38
tk_15404682	tiki	68202834	fashion	Combo 2 áo ba lỗ nam, áo sát nách nam,sợi cotton cao cấp mềm mịn, thấm hút mồ hôi, siều thoáng mát, co giãn 4 chiều Mrm Manlywear - MM		5	Áo chất rất đẹp, mềm mịn mặc mát và ưng ý, đã mua 1 combo và sẽ tiếp tục unvr hộ shop	2022-03-14 00:29:38	2026-09-29 21:50:38
tk_5109005	tiki	68202834	fashion	Combo 2 áo ba lỗ nam, áo sát nách nam,sợi cotton cao cấp mềm mịn, thấm hút mồ hôi, siều thoáng mát, co giãn 4 chiều Mrm Manlywear - MM		5	Size chuẩn mặc vừa so với số đo. Áo mặc mát, thoải mái, logo trên ngực chắc là brand khá nổi. chất lượng tốt, giá cũng hợp lí, sẽ lựa thêm 1 số sp khác của sóp	2020-10-07 12:28:11	2026-09-29 21:50:38
tk_19458619	tiki	68202834	fashion	Combo 2 áo ba lỗ nam, áo sát nách nam,sợi cotton cao cấp mềm mịn, thấm hút mồ hôi, siều thoáng mát, co giãn 4 chiều Mrm Manlywear - MM		5	Cực kì hài lòng	2023-08-14 20:14:30	2026-09-29 21:50:38
tk_19013177	tiki	68202834	fashion	Combo 2 áo ba lỗ nam, áo sát nách nam,sợi cotton cao cấp mềm mịn, thấm hút mồ hôi, siều thoáng mát, co giãn 4 chiều Mrm Manlywear - MM		5	Chất liệu thoáng, kiểu dáng Ok	2023-03-26 19:25:53	2026-09-29 21:50:40
tk_11707161	tiki	68202834	fashion	Combo 2 áo ba lỗ nam, áo sát nách nam,sợi cotton cao cấp mềm mịn, thấm hút mồ hôi, siều thoáng mát, co giãn 4 chiều Mrm Manlywear - MM		5	Đã nhận và kiểm tra hàng, đúng màu, đúng cỡ, chất vải mềm, mịn tốt, co dãn 4 chiều. Nhân viên giao hàng thân thiện. Còn về độ bền cần chờ thời gian	2021-08-09 17:14:05	2026-09-29 21:50:40
tk_19310625	tiki	68202834	fashion	Combo 2 áo ba lỗ nam, áo sát nách nam,sợi cotton cao cấp mềm mịn, thấm hút mồ hôi, siều thoáng mát, co giãn 4 chiều Mrm Manlywear - MM		5	Cực kì hài lòng	2023-06-20 12:58:39	2026-09-29 21:50:40
tk_18751453	tiki	68202834	fashion	Combo 2 áo ba lỗ nam, áo sát nách nam,sợi cotton cao cấp mềm mịn, thấm hút mồ hôi, siều thoáng mát, co giãn 4 chiều Mrm Manlywear - MM		5	Chất liệu tốt, vừa vặn.	2023-02-06 17:13:10	2026-09-29 21:50:40
tk_19265069	tiki	68202834	fashion	Combo 2 áo ba lỗ nam, áo sát nách nam,sợi cotton cao cấp mềm mịn, thấm hút mồ hôi, siều thoáng mát, co giãn 4 chiều Mrm Manlywear - MM		4	Hài lòng	2023-06-06 12:01:04	2026-09-29 21:50:40
tk_19169558	tiki	68202834	fashion	Combo 2 áo ba lỗ nam, áo sát nách nam,sợi cotton cao cấp mềm mịn, thấm hút mồ hôi, siều thoáng mát, co giãn 4 chiều Mrm Manlywear - MM		5	Cực kì hài lòng	2023-05-07 17:30:43	2026-09-29 21:50:40
tk_16390256	tiki	68202834	fashion	Combo 2 áo ba lỗ nam, áo sát nách nam,sợi cotton cao cấp mềm mịn, thấm hút mồ hôi, siều thoáng mát, co giãn 4 chiều Mrm Manlywear - MM		4	Áo size xl nhưng hơi ngắn so với hãng khác	2022-05-19 22:38:09	2026-09-29 21:50:40
tk_17642977	tiki	68202834	fashion	Combo 2 áo ba lỗ nam, áo sát nách nam,sợi cotton cao cấp mềm mịn, thấm hút mồ hôi, siều thoáng mát, co giãn 4 chiều Mrm Manlywear - MM		4	Chất liệu vải ưng, thiết kế chấp nhận được	2022-09-09 15:39:32	2026-09-29 21:50:40
tk_19071043	tiki	68202834	fashion	Combo 2 áo ba lỗ nam, áo sát nách nam,sợi cotton cao cấp mềm mịn, thấm hút mồ hôi, siều thoáng mát, co giãn 4 chiều Mrm Manlywear - MM		5	Cực kì hài lòng	2023-04-09 13:39:52	2026-09-29 21:50:40
tk_19005795	tiki	68202834	fashion	Combo 2 áo ba lỗ nam, áo sát nách nam,sợi cotton cao cấp mềm mịn, thấm hút mồ hôi, siều thoáng mát, co giãn 4 chiều Mrm Manlywear - MM		4	oke	2023-03-24 20:44:03	2026-09-29 21:50:40
tk_19018049	tiki	68202834	fashion	Combo 2 áo ba lỗ nam, áo sát nách nam,sợi cotton cao cấp mềm mịn, thấm hút mồ hôi, siều thoáng mát, co giãn 4 chiều Mrm Manlywear - MM		4	Hài lòng	2023-03-27 20:50:46	2026-09-29 21:50:40
tk_17005435	tiki	68202834	fashion	Combo 2 áo ba lỗ nam, áo sát nách nam,sợi cotton cao cấp mềm mịn, thấm hút mồ hôi, siều thoáng mát, co giãn 4 chiều Mrm Manlywear - MM		5	Hài lòng sp đúng quảng cáo chất mềm sẻ ủng hộ shop.	2022-07-09 21:53:56	2026-09-29 21:50:40
tk_10762140	tiki	68202834	fashion	Combo 2 áo ba lỗ nam, áo sát nách nam,sợi cotton cao cấp mềm mịn, thấm hút mồ hôi, siều thoáng mát, co giãn 4 chiều Mrm Manlywear - MM		5	vải mịn, áo rất đẹp OK Tiki bán hàng uy tín. rất đáng mua. shipper nhiệt tình. rất tin tưởng TIKI	2021-06-30 09:43:09	2026-09-29 21:50:40
tk_10926009	tiki	68202834	fashion	Combo 2 áo ba lỗ nam, áo sát nách nam,sợi cotton cao cấp mềm mịn, thấm hút mồ hôi, siều thoáng mát, co giãn 4 chiều Mrm Manlywear - MM		4	vải dày mịn nhưng sz hơi nhỏ. bạn nào mặc ôm thì OK chứ muốn mặc thoải mái thì phải lên sz	2021-07-06 19:57:44	2026-09-29 21:50:40
tk_16181915	tiki	68202834	fashion	Combo 2 áo ba lỗ nam, áo sát nách nam,sợi cotton cao cấp mềm mịn, thấm hút mồ hôi, siều thoáng mát, co giãn 4 chiều Mrm Manlywear - MM		5	Hàng mịn mát mặc rất thích	2022-05-04 05:34:22	2026-09-29 21:50:40
tk_17134842	tiki	68202834	fashion	Combo 2 áo ba lỗ nam, áo sát nách nam,sợi cotton cao cấp mềm mịn, thấm hút mồ hôi, siều thoáng mát, co giãn 4 chiều Mrm Manlywear - MM		5	đúng mẫu	2022-07-20 12:11:57	2026-09-29 21:50:40
tk_18779393	tiki	68202834	fashion	Combo 2 áo ba lỗ nam, áo sát nách nam,sợi cotton cao cấp mềm mịn, thấm hút mồ hôi, siều thoáng mát, co giãn 4 chiều Mrm Manlywear - MM		5	Cực kì hài lòng	2023-02-11 01:39:26	2026-09-29 21:50:40
tk_15549173	tiki	68202834	fashion	Combo 2 áo ba lỗ nam, áo sát nách nam,sợi cotton cao cấp mềm mịn, thấm hút mồ hôi, siều thoáng mát, co giãn 4 chiều Mrm Manlywear - MM		5	Ok đẹp. Phù hợp giá tiền	2022-03-22 17:45:09	2026-09-29 21:50:40
tk_11841660	tiki	68202834	fashion	Combo 2 áo ba lỗ nam, áo sát nách nam,sợi cotton cao cấp mềm mịn, thấm hút mồ hôi, siều thoáng mát, co giãn 4 chiều Mrm Manlywear - MM		5	đã nhận hàng sản phẩm ok luôn nhá	2021-08-16 10:16:19	2026-09-29 21:50:40
tk_15328642	tiki	68202834	fashion	Combo 2 áo ba lỗ nam, áo sát nách nam,sợi cotton cao cấp mềm mịn, thấm hút mồ hôi, siều thoáng mát, co giãn 4 chiều Mrm Manlywear - MM		5	Đặt nhầm size nhỏ,shop hỗ trợ đổi trả nhiệt tình. Thanks shop	2022-03-09 11:13:18	2026-09-29 21:50:40
tk_18472389	tiki	68202834	fashion	Combo 2 áo ba lỗ nam, áo sát nách nam,sợi cotton cao cấp mềm mịn, thấm hút mồ hôi, siều thoáng mát, co giãn 4 chiều Mrm Manlywear - MM		5	Cực kì hài lòng	2022-12-21 16:24:30	2026-09-29 21:50:41
tk_18472383	tiki	68202834	fashion	Combo 2 áo ba lỗ nam, áo sát nách nam,sợi cotton cao cấp mềm mịn, thấm hút mồ hôi, siều thoáng mát, co giãn 4 chiều Mrm Manlywear - MM		5	Cực kì hài lòng	2022-12-21 16:24:14	2026-09-29 21:50:41
tk_16956051	tiki	68202834	fashion	Combo 2 áo ba lỗ nam, áo sát nách nam,sợi cotton cao cấp mềm mịn, thấm hút mồ hôi, siều thoáng mát, co giãn 4 chiều Mrm Manlywear - MM		3	Áo mặc nóng, không mát như quảng cáo	2022-07-06 09:35:33	2026-09-29 21:50:41
tk_5084595	tiki	68202834	fashion	Combo 2 áo ba lỗ nam, áo sát nách nam,sợi cotton cao cấp mềm mịn, thấm hút mồ hôi, siều thoáng mát, co giãn 4 chiều Mrm Manlywear - MM		5	Đã nhận áo, rất đẹp. sản phẩm chính hãng cao cấp, đường chỉ may cẩn thận, chắc chắn. Đáng tiền	2020-10-05 13:03:25	2026-09-29 21:50:41
tk_17755760	tiki	68202834	fashion	Combo 2 áo ba lỗ nam, áo sát nách nam,sợi cotton cao cấp mềm mịn, thấm hút mồ hôi, siều thoáng mát, co giãn 4 chiều Mrm Manlywear - MM		5	Hàng đẹp ok	2022-09-21 13:14:56	2026-09-29 21:50:41
tk_16441982	tiki	68202834	fashion	Combo 2 áo ba lỗ nam, áo sát nách nam,sợi cotton cao cấp mềm mịn, thấm hút mồ hôi, siều thoáng mát, co giãn 4 chiều Mrm Manlywear - MM		5	Hàng chất, giao nhanh. Sẽ còn ủng hộ	2022-05-24 12:34:09	2026-09-29 21:50:41
tk_18095162	tiki	68202834	fashion	Combo 2 áo ba lỗ nam, áo sát nách nam,sợi cotton cao cấp mềm mịn, thấm hút mồ hôi, siều thoáng mát, co giãn 4 chiều Mrm Manlywear - MM		5	Cực kì hài lòng	2022-10-31 18:26:06	2026-09-29 21:50:41
tk_12750584	tiki	68202834	fashion	Combo 2 áo ba lỗ nam, áo sát nách nam,sợi cotton cao cấp mềm mịn, thấm hút mồ hôi, siều thoáng mát, co giãn 4 chiều Mrm Manlywear - MM		3	1 cái đúng size, 1 cái size nhỏ hơn. k bik khâu đóng gói vô ý hay cố ý làm như thế	2021-10-21 19:34:38	2026-09-29 21:50:41
tk_11611698	tiki	68202834	fashion	Combo 2 áo ba lỗ nam, áo sát nách nam,sợi cotton cao cấp mềm mịn, thấm hút mồ hôi, siều thoáng mát, co giãn 4 chiều Mrm Manlywear - MM		5	Áo size L cho ng m65-m70 mà mình m65 mặc bị ngắn cũn cỡn. shop nên chỉnh lại size để khách mua đúng.	2021-08-04 22:07:38	2026-09-29 21:50:41
tk_18014265	tiki	68202834	fashion	Combo 2 áo ba lỗ nam, áo sát nách nam,sợi cotton cao cấp mềm mịn, thấm hút mồ hôi, siều thoáng mát, co giãn 4 chiều Mrm Manlywear - MM		5	Cực kì hài lòng	2022-10-21 19:27:06	2026-09-29 21:50:41
tk_10832960	tiki	68202834	fashion	Combo 2 áo ba lỗ nam, áo sát nách nam,sợi cotton cao cấp mềm mịn, thấm hút mồ hôi, siều thoáng mát, co giãn 4 chiều Mrm Manlywear - MM		5	Sản phẩm mặc thoáng mát thấm mồ hôi,nhân viên shop nhiệt tình vui vẻ chiều khách hàng rất cảm ơn shop	2021-07-03 09:07:36	2026-09-29 21:50:41
tk_15115408	tiki	68202834	fashion	Combo 2 áo ba lỗ nam, áo sát nách nam,sợi cotton cao cấp mềm mịn, thấm hút mồ hôi, siều thoáng mát, co giãn 4 chiều Mrm Manlywear - MM		5	Ok. Mặc thoải mái size XL vừa người cao 1m7 nặng 70kg	2022-02-24 08:21:08	2026-09-29 21:50:41
tk_5248765	tiki	68202834	fashion	Combo 2 áo ba lỗ nam, áo sát nách nam,sợi cotton cao cấp mềm mịn, thấm hút mồ hôi, siều thoáng mát, co giãn 4 chiều Mrm Manlywear - MM		5	Rát đáng để mua, Áo mặc đẹp, mua ngoài cửa hàng với sản phẩm chất lượng tốt như này ko có giá tốt thế này. mua đk hàng tốt ko tiếc tienf chút nào tkss.!	2020-10-16 23:25:25	2026-09-29 21:50:41
tk_15572106	tiki	68202834	fashion	Combo 2 áo ba lỗ nam, áo sát nách nam,sợi cotton cao cấp mềm mịn, thấm hút mồ hôi, siều thoáng mát, co giãn 4 chiều Mrm Manlywear - MM		5	Áo đúng như hình ảnh, đẹp mình rất thích	2022-03-24 08:26:01	2026-09-29 21:50:41
tk_16928177	tiki	68202834	fashion	Combo 2 áo ba lỗ nam, áo sát nách nam,sợi cotton cao cấp mềm mịn, thấm hút mồ hôi, siều thoáng mát, co giãn 4 chiều Mrm Manlywear - MM		5	sản phẩm giống hình	2022-07-03 19:32:59	2026-09-29 21:50:41
tk_10762056	tiki	68202834	fashion	Combo 2 áo ba lỗ nam, áo sát nách nam,sợi cotton cao cấp mềm mịn, thấm hút mồ hôi, siều thoáng mát, co giãn 4 chiều Mrm Manlywear - MM		5	áo đẹp, mua với giá tốt. thun mịn đẹp cảm ơn Tiki rất nhiều	2021-06-30 09:40:17	2026-09-29 21:50:41
tk_15817836	tiki	68202834	fashion	Combo 2 áo ba lỗ nam, áo sát nách nam,sợi cotton cao cấp mềm mịn, thấm hút mồ hôi, siều thoáng mát, co giãn 4 chiều Mrm Manlywear - MM		5	chất vải rất ok,giá hợp lý,giao nhanh	2022-04-07 15:51:49	2026-09-29 21:50:41
tk_9779788	tiki	68202834	fashion	Combo 2 áo ba lỗ nam, áo sát nách nam,sợi cotton cao cấp mềm mịn, thấm hút mồ hôi, siều thoáng mát, co giãn 4 chiều Mrm Manlywear - MM		5	Giao nhanh, đóng gói cẩn thận, còn chưa mặc nên cũng chưa biết thế nào	2021-05-17 12:53:16	2026-09-29 21:50:41
tk_15557445	tiki	68202834	fashion	Combo 2 áo ba lỗ nam, áo sát nách nam,sợi cotton cao cấp mềm mịn, thấm hút mồ hôi, siều thoáng mát, co giãn 4 chiều Mrm Manlywear - MM		3	Chất lượng sản phẩm bình thường	2022-03-23 10:12:48	2026-09-29 21:50:41
tk_17681788	tiki	68202834	fashion	Combo 2 áo ba lỗ nam, áo sát nách nam,sợi cotton cao cấp mềm mịn, thấm hút mồ hôi, siều thoáng mát, co giãn 4 chiều Mrm Manlywear - MM		5	Cực kì hài lòng	2022-09-13 14:28:13	2026-09-29 21:50:41
tk_17667256	tiki	68202834	fashion	Combo 2 áo ba lỗ nam, áo sát nách nam,sợi cotton cao cấp mềm mịn, thấm hút mồ hôi, siều thoáng mát, co giãn 4 chiều Mrm Manlywear - MM		5	Cực kì hài lòng	2022-09-12 09:09:13	2026-09-29 21:50:43
tk_15777708	tiki	68202834	fashion	Combo 2 áo ba lỗ nam, áo sát nách nam,sợi cotton cao cấp mềm mịn, thấm hút mồ hôi, siều thoáng mát, co giãn 4 chiều Mrm Manlywear - MM		5	chất vải đẹp nhưng size hơi nhỏ	2022-04-05 10:32:48	2026-09-29 21:50:43
tk_15040299	tiki	68202834	fashion	Combo 2 áo ba lỗ nam, áo sát nách nam,sợi cotton cao cấp mềm mịn, thấm hút mồ hôi, siều thoáng mát, co giãn 4 chiều Mrm Manlywear - MM		5	mang thấy ôm sát nách và không bị khó chịu	2022-02-19 19:13:52	2026-09-29 21:50:43
tk_17533726	tiki	68202834	fashion	Combo 2 áo ba lỗ nam, áo sát nách nam,sợi cotton cao cấp mềm mịn, thấm hút mồ hôi, siều thoáng mát, co giãn 4 chiều Mrm Manlywear - MM		5	Cực kì hài lòng	2022-08-27 14:08:27	2026-09-29 21:50:43
tk_14530048	tiki	68202834	fashion	Combo 2 áo ba lỗ nam, áo sát nách nam,sợi cotton cao cấp mềm mịn, thấm hút mồ hôi, siều thoáng mát, co giãn 4 chiều Mrm Manlywear - MM		5	Thật sự rất tốt mng nhé, 10 điểm chất lượng	2022-01-18 08:11:49	2026-09-29 21:50:43
tk_16231395	tiki	68202834	fashion	Combo 2 áo ba lỗ nam, áo sát nách nam,sợi cotton cao cấp mềm mịn, thấm hút mồ hôi, siều thoáng mát, co giãn 4 chiều Mrm Manlywear - MM		5	áo rất đẹp. vải mịn	2022-05-07 14:41:43	2026-09-29 21:50:43
tk_14168032	tiki	68202834	fashion	Combo 2 áo ba lỗ nam, áo sát nách nam,sợi cotton cao cấp mềm mịn, thấm hút mồ hôi, siều thoáng mát, co giãn 4 chiều Mrm Manlywear - MM		5	Mặc khá thoải mái. Chất lượng phù hợp giá tiền	2021-12-30 17:31:26	2026-09-29 21:50:43
tk_17409912	tiki	68202834	fashion	Combo 2 áo ba lỗ nam, áo sát nách nam,sợi cotton cao cấp mềm mịn, thấm hút mồ hôi, siều thoáng mát, co giãn 4 chiều Mrm Manlywear - MM		5	Cực kì hài lòng	2022-08-14 12:54:38	2026-09-29 21:50:43
tk_17408143	tiki	68202834	fashion	Combo 2 áo ba lỗ nam, áo sát nách nam,sợi cotton cao cấp mềm mịn, thấm hút mồ hôi, siều thoáng mát, co giãn 4 chiều Mrm Manlywear - MM		5	Cực kì hài lòng	2022-08-14 10:33:20	2026-09-29 21:50:43
tk_5431959	tiki	68202834	fashion	Combo 2 áo ba lỗ nam, áo sát nách nam,sợi cotton cao cấp mềm mịn, thấm hút mồ hôi, siều thoáng mát, co giãn 4 chiều Mrm Manlywear - MM		3	Hai áo cùng size L nhưng mang lên ngừoi lại khác nhau. Chất lượng tạm ổn so với giá thành. Đóng gói tốt.	2020-11-01 19:17:19	2026-09-29 21:50:43
tk_16458412	tiki	68202834	fashion	Combo 2 áo ba lỗ nam, áo sát nách nam,sợi cotton cao cấp mềm mịn, thấm hút mồ hôi, siều thoáng mát, co giãn 4 chiều Mrm Manlywear - MM		5	Áo đẹp nên mua.	2022-05-25 18:23:57	2026-09-29 21:50:43
tk_14927770	tiki	68202834	fashion	Combo 2 áo ba lỗ nam, áo sát nách nam,sợi cotton cao cấp mềm mịn, thấm hút mồ hôi, siều thoáng mát, co giãn 4 chiều Mrm Manlywear - MM		4	áo mặc mát. đẹp. thoái mái. vừa size	2022-02-13 07:28:51	2026-09-29 21:50:43
tk_16574992	tiki	68202834	fashion	Combo 2 áo ba lỗ nam, áo sát nách nam,sợi cotton cao cấp mềm mịn, thấm hút mồ hôi, siều thoáng mát, co giãn 4 chiều Mrm Manlywear - MM		4	thun dày, ổn	2022-06-04 17:05:20	2026-09-29 21:50:43
tk_16864368	tiki	68202834	fashion	Combo 2 áo ba lỗ nam, áo sát nách nam,sợi cotton cao cấp mềm mịn, thấm hút mồ hôi, siều thoáng mát, co giãn 4 chiều Mrm Manlywear - MM		4	Cũng ok	2022-06-28 04:06:22	2026-09-29 21:50:43
tk_15447663	tiki	68202834	fashion	Combo 2 áo ba lỗ nam, áo sát nách nam,sợi cotton cao cấp mềm mịn, thấm hút mồ hôi, siều thoáng mát, co giãn 4 chiều Mrm Manlywear - MM		5	vải mềm mặc khá thoải mái	2022-03-16 13:39:00	2026-09-29 21:50:43
tk_10137484	tiki	68202834	fashion	Combo 2 áo ba lỗ nam, áo sát nách nam,sợi cotton cao cấp mềm mịn, thấm hút mồ hôi, siều thoáng mát, co giãn 4 chiều Mrm Manlywear - MM		5	Vừa vặn, chất liệu tốt, chưa giặt nên hơi nhăn nheo	2021-06-03 16:16:52	2026-09-29 21:50:43
tk_16599704	tiki	68202834	fashion	Combo 2 áo ba lỗ nam, áo sát nách nam,sợi cotton cao cấp mềm mịn, thấm hút mồ hôi, siều thoáng mát, co giãn 4 chiều Mrm Manlywear - MM		5	Hài lòng	2022-06-06 16:31:37	2026-09-29 21:50:43
tk_17008734	tiki	68202834	fashion	Combo 2 áo ba lỗ nam, áo sát nách nam,sợi cotton cao cấp mềm mịn, thấm hút mồ hôi, siều thoáng mát, co giãn 4 chiều Mrm Manlywear - MM		5	Cực kì hài lòng	2022-07-10 09:22:16	2026-09-29 21:50:43
tk_16956028	tiki	68202834	fashion	Combo 2 áo ba lỗ nam, áo sát nách nam,sợi cotton cao cấp mềm mịn, thấm hút mồ hôi, siều thoáng mát, co giãn 4 chiều Mrm Manlywear - MM		5	Cực kì hài lòng	2022-07-06 09:33:39	2026-09-29 21:50:43
tk_12236461	tiki	68202834	fashion	Combo 2 áo ba lỗ nam, áo sát nách nam,sợi cotton cao cấp mềm mịn, thấm hút mồ hôi, siều thoáng mát, co giãn 4 chiều Mrm Manlywear - MM		5	sản phẩm được, giống như quảng cảo, giao hành nhanh siêu tốc	2021-09-18 10:42:16	2026-09-29 21:50:43
tk_19108579	tiki	251773296	fashion	Áo thun Polo Nam Coolmax - Premium nam tính, thanh lịch sang trọng MRM Manlywear		5	Mua hàng nhưng lỡ nhầm size, chat cho shop được đổi trả miễn phí tận nhà lun ạ. Shop quá tuyệt luôn, 2 ngày đã nhận lại được áo mới, có shiper giao tận nơi. Chất lượng Okkia luôn nha, từng xài Owen hay biluxry nhưng vẫn thích mrm hơn vì giá tốt hơn nhiều lun ạ.	2023-04-19 13:20:19	2026-09-29 21:50:48
tk_20255692	tiki	251773296	fashion	Áo thun Polo Nam Coolmax - Premium nam tính, thanh lịch sang trọng MRM Manlywear		5	Cực kì hài lòng	2026-08-23 16:23:40	2026-09-29 21:50:48
tk_20255693	tiki	251773296	fashion	Áo thun Polo Nam Coolmax - Premium nam tính, thanh lịch sang trọng MRM Manlywear		5	Cực kì hài lòng	2026-08-23 16:23:47	2026-09-29 21:50:48
tk_20243888	tiki	251773296	fashion	Áo thun Polo Nam Coolmax - Premium nam tính, thanh lịch sang trọng MRM Manlywear		4	Hài lòng	2026-07-01 20:52:55	2026-09-29 21:50:48
tk_19102389	tiki	251773296	fashion	Áo thun Polo Nam Coolmax - Premium nam tính, thanh lịch sang trọng MRM Manlywear		5	Mình mua cho chồng nhiều lần ở shop rồi, áo chất vải thun mềm mại, thoáng mát. Mặc mùa hè rất okie. Giá tầm trung phù hợp với chất lượng. Chồng mình cũng ưng nữa.	2023-04-17 20:40:59	2026-09-29 21:50:48
tk_19091722	tiki	251773296	fashion	Áo thun Polo Nam Coolmax - Premium nam tính, thanh lịch sang trọng MRM Manlywear		5	Đẹp, vải áo thun mát, ck bận vài hôm rồi . giặt ít bị ra màu, áo không bị nhăn . Giá không quá rẻ so với chất lượng thấy Ổn, sẽ mua thêm các màu khác cho ck thay đổi	2023-04-14 21:48:55	2026-09-29 21:50:48
tk_19091756	tiki	251773296	fashion	Áo thun Polo Nam Coolmax - Premium nam tính, thanh lịch sang trọng MRM Manlywear		5	Áo đẹp, vải co dãn thoải mái. mặc rất thoáng mát dễ chịu. kiểu dáng Basic , chất lượng 0kk đúng sản phẩm mình cần.	2023-04-14 21:56:31	2026-09-29 21:50:48
tk_19109944	tiki	251773296	fashion	Áo thun Polo Nam Coolmax - Premium nam tính, thanh lịch sang trọng MRM Manlywear		5	Áo rất đẹp ạ, mua cho em trai mà nó mặc hơi rộng xíu, có đổi được không shop ơi, mặc thì vẫn được, tại nó hơi gầy nên bị rộng, nếu được đổi sang size L ạ.	2023-04-19 19:52:50	2026-09-29 21:50:48
tk_19117813	tiki	251773296	fashion	Áo thun Polo Nam Coolmax - Premium nam tính, thanh lịch sang trọng MRM Manlywear		5	Đã nhận hàng, shop đóng gói, giao hàng rất nhanh, từng mua sản phẩm khác của shop rồi nên rất tin tưởng chất lượng !	2023-04-21 21:46:24	2026-09-29 21:50:48
tk_19104297	tiki	251773296	fashion	Áo thun Polo Nam Coolmax - Premium nam tính, thanh lịch sang trọng MRM Manlywear		5	mua tặng Ba, áo đẹp lắm ạ, mặc vào trẻ ra gần chục tủoi :))) . Giao nhanh , gói chỉn chu , rất hài lòng ạ!	2023-04-18 12:02:12	2026-09-29 21:50:48
tk_19107293	tiki	251773296	fashion	Áo thun Polo Nam Coolmax - Premium nam tính, thanh lịch sang trọng MRM Manlywear		5	áo vừa đẹp luôn, 72 kí mặc XL vừa, vải co dãn tốt, mặc 1 tgian xem như nào, tốt mình sẽ ủng hộ tiếp	2023-04-19 08:06:35	2026-09-29 21:50:48
tk_20063266	tiki	251773296	fashion	Áo thun Polo Nam Coolmax - Premium nam tính, thanh lịch sang trọng MRM Manlywear		5	Tot	2025-01-09 18:56:36	2026-09-29 21:50:48
tk_19160181	tiki	251773296	fashion	Áo thun Polo Nam Coolmax - Premium nam tính, thanh lịch sang trọng MRM Manlywear		5	Giao hàng nhanh thiệt, đặt tối, chiều hôm sau có liền. nhìn đẹp , chất vvai mát , mặc 1 thời gian xem có bị nhăn, hay zão không?	2023-05-05 10:51:48	2026-09-29 21:50:48
tk_19108591	tiki	251773296	fashion	Áo thun Polo Nam Coolmax - Premium nam tính, thanh lịch sang trọng MRM Manlywear		5	Good! Đã mua vài lần rồi và ko làm mình thất vọng	2023-04-19 13:26:49	2026-09-29 21:50:48
tk_19100381	tiki	251773296	fashion	Áo thun Polo Nam Coolmax - Premium nam tính, thanh lịch sang trọng MRM Manlywear		5	Giao nhanh, đúng size đúng mẫu đặt, mặc 1 thời gian rồi đánh giá thêm.	2023-04-17 10:57:07	2026-09-29 21:50:48
tk_19160275	tiki	251773296	fashion	Áo thun Polo Nam Coolmax - Premium nam tính, thanh lịch sang trọng MRM Manlywear		5	vải thoáng mát. fom mặc thoải mái, hơi ít mẫu để lựa, thêm mẫu sẽ quay lại ủng hộ shop	2023-05-05 11:08:10	2026-09-29 21:50:48
tk_19872334	tiki	251773296	fashion	Áo thun Polo Nam Coolmax - Premium nam tính, thanh lịch sang trọng MRM Manlywear		5	Cực kì hài lòng	2024-05-13 20:34:18	2026-09-29 21:50:48
tk_19872335	tiki	251773296	fashion	Áo thun Polo Nam Coolmax - Premium nam tính, thanh lịch sang trọng MRM Manlywear		5	Cực kì hài lòng	2024-05-13 20:34:26	2026-09-29 21:50:48
tk_19852255	tiki	251773296	fashion	Áo thun Polo Nam Coolmax - Premium nam tính, thanh lịch sang trọng MRM Manlywear		5	Cực kì hài lòng	2024-04-23 20:03:04	2026-09-29 21:50:48
tk_19506456	tiki	251773296	fashion	Áo thun Polo Nam Coolmax - Premium nam tính, thanh lịch sang trọng MRM Manlywear		4	Hài lòng	2023-09-05 08:18:44	2026-09-29 21:50:48
tk_19504012	tiki	251773296	fashion	Áo thun Polo Nam Coolmax - Premium nam tính, thanh lịch sang trọng MRM Manlywear		5	Cực kì hài lòng	2023-09-03 21:31:49	2026-09-29 21:50:50
tk_19111575	tiki	251773296	fashion	Áo thun Polo Nam Coolmax - Premium nam tính, thanh lịch sang trọng MRM Manlywear		5	Tương đối ổn trong tầm giá	2023-04-20 09:28:04	2026-09-29 21:50:50
tk_19491218	tiki	251773296	fashion	Áo thun Polo Nam Coolmax - Premium nam tính, thanh lịch sang trọng MRM Manlywear		4	Hài lòng	2023-08-28 03:05:26	2026-09-29 21:50:50
tk_19371976	tiki	251773296	fashion	Áo thun Polo Nam Coolmax - Premium nam tính, thanh lịch sang trọng MRM Manlywear		5	Cực kì hài lòng	2023-07-12 12:09:08	2026-09-29 21:50:50
tk_19309407	tiki	251773296	fashion	Áo thun Polo Nam Coolmax - Premium nam tính, thanh lịch sang trọng MRM Manlywear		5	Cực kì hài lòng	2023-06-20 00:17:54	2026-09-29 21:50:50
