review_id	platform	item_id	item_category	product_name	product_variant	rating_star	raw_comment	created_at	crawled_at
tk_20124337	tiki	31541799	general	Đèn diệt muỗi và các loại côn trùng CON DƠI model CN03		5	Cực kì hài lòng. Tôi vẫn chưa thấy xác con muỗi hay con gì hết! Nhưng nhìn chung đèn vẫn đang hoạt động tốt,	2025-05-16 16:30:38	2026-09-28 17:58:04
tk_20078498	tiki	31541799	general	Đèn diệt muỗi và các loại côn trùng CON DƠI model CN03		3	Bình thường. Đóng gói không kỹ, mở ra thấy một chân bị gãy phải lấy keo 502 dán lại	2025-02-09 15:19:34	2026-09-28 17:58:04
tk_19049018	tiki	31541799	general	Đèn diệt muỗi và các loại côn trùng CON DƠI model CN03		2	Không hài lòng. Shop làm ăn chán thật không kiểm tra trước khi giao! Vừa mới nhận hàng chưa biết có bền không nhưng đèn 1 bóng lên 1 bóng không lên! Tốn thời gian thật	2023-04-04 09:51:56	2026-09-28 17:58:04
tk_9800160	tiki	31541799	general	Đèn diệt muỗi và các loại côn trùng CON DƠI model CN03		5	Cực kì hài lòng. Đã mua nhiều lần ở shop, sản phẩm chất lượng sẽ ủng hộ và giới thiệu cho người thân mua thêm. diệt muỗi và côn trùng hiệu quả lắm. Nếu bây giờ được chọn lựa một lần nữa Thì chắc có lẽ vẫn yêu em như ngày xưa Nếu bây giờ được chọn lựa điều anh ước mơ Thì anh tin anh vẫn mơ như anh từng mơ	2021-05-18 11:24:38	2026-09-28 17:58:04
tk_17342384	tiki	31541799	general	Đèn diệt muỗi và các loại côn trùng CON DƠI model CN03		4	Hài lòng. Cháu mình đôi lúc bị giật mình do tiếng nổ khi côn trùng bay vào. Đèn này giúp bắt được muỗi và côn trùng trong không gian vừa và nhỏ như phòng ngủ thì ổn. Không gian rộng thì muỗi ít bị thu hút lắm. Chuyện này là bình thường với các đèn bắt muỗi nên mình thấy bình thường. Độ bền của bóng đi theo đèn được khoảng 6 tháng, đèn mua ở tiệm đện gần nhà mình thì khoảng 4 tháng là phải thay .	2022-08-08 16:31:46	2026-09-28 17:58:04
tk_4868655	tiki	31541799	general	Đèn diệt muỗi và các loại côn trùng CON DƠI model CN03		5	Hàng chất lượng. Chất lượng rất tốt hiệu quả thấy rõ rệt luôn, nổ to lắm. Nhà mình nhiều muỗi nên diệt phê lắm luôn, nếu đêm xuống bếp thì bắt ruồi cũng khá lắm, 1 số đèn luoi điện yếu quá diệt ruồi hk hiệu quả đâu. Mình theo giỏi đèn này kĩ ròi đọc thông số kĩ thuật kĩ rồi nên mới quyết định mua. Bóng đèn hiệu FSL 1 thương hiệu về bóng đèn nỗi tiếng, tia lưới điện 2500v khá cao, công suất 12 w phù hợp hk quá sáng và quá yếu.	2020-09-16 11:08:37	2026-09-28 17:58:04
tk_15705202	tiki	31541799	general	Đèn diệt muỗi và các loại côn trùng CON DƠI model CN03		4	"Hài lòng. đèn dùng khá ổn nha mọi người, nên mua mã này tuy đắt hơn mã CN01 hay 02 gì đó cũng cùng của hãng này nhưng mà do thiết kế hơi bé nên muỗi bị thu hút nhưng thưởng chỉ bậu bên ngoài ít khi đã chui vào trong để dính lưới điện. Còn mẫu này thì bề mặt tiếp xúc rộng, lại hai bóng đèn nên thu hút được nhiều muỗi tới và dễ dính lưới điện hơn, tuy nhiên cũng cần chú ý không trẻ nhỏ thò tay vào ạ. Ngoài ra thì cái sản phẩm của mình mua lúc nhận được bật lên thì thấy có 1 bóng sáng thôi, mình còn tưởng hỏng sau mày mò tháo con ốc ra xoay lại thì lại được, nên các bạn nào mua mà thấy bị như mình thì không phải hỏng đâu, có thể do bên shop đóng hàng vội không thử nên lúc lắp bóng chỉ cài vào như chưa vặn đúng khớp nên bóng nó không sáng dược, chỉ cần tháo ốc chút ra rồi thò tày vào vặn lại cho đúng khớp là dược nha, cũng lưu ý lúc tháo cần để hết tính điện không lỡ tay chạm lưới điện dù là rút khỏi ổ rồi nhưng mà đèn kiểu tích điện ít nên là dễ bị ""cắn"" nha =))"	2022-04-01 00:13:14	2026-09-28 17:58:04
tk_20174345	tiki	31541799	general	Đèn diệt muỗi và các loại côn trùng CON DƠI model CN03		5	Cực kì hài lòng.	2025-09-25 18:14:15	2026-09-28 17:58:04
tk_17412858	tiki	31541799	general	Đèn diệt muỗi và các loại côn trùng CON DƠI model CN03		5	Cực kì hài lòng. Đèn xài tốt. Tiếng nổ to, thu hút được nhiều ruồi/muỗi. Chưa biết bền không nhưng tạm đánh giá 5 sao. Nếu shop có khuyến mãi sẽ mua thêm 1-2 cái nữa gắn xung quanh nhà.	2022-08-14 18:15:35	2026-09-28 17:58:04
tk_9707302	tiki	31541799	general	Đèn diệt muỗi và các loại côn trùng CON DƠI model CN03		5	Cực kì hài lòng. Đèn diệt muỗi và các loại côn trùng cực hiệu quả, tôi dùng nhiều loại, nhưng loại này thì khác biệt thưc sự, nhà gần kênh nước nên khá nhiều muỗi. nay tôi mua thêm 1 cái mới và thêm 1 bóng đèn thay thế cho cái này lúc trước mua chắc 1 dùng 1 năm rồi.	2021-05-14 11:03:09	2026-09-28 17:58:04
tk_18007424	tiki	31541799	general	Đèn diệt muỗi và các loại côn trùng CON DƠI model CN03		1	Rất không hài lòng. nhận hàng chiều này nhưng mới bóc ra thấy lưới thép bị han rỉ hết thế này ah shop. làm ăn chán thế	2022-10-20 21:43:02	2026-09-28 17:58:04
tk_20018468	tiki	31541799	general	Đèn diệt muỗi và các loại côn trùng CON DƠI model CN03		5	Cực kì hài lòng.	2024-10-28 20:37:53	2026-09-28 17:58:04
tk_10492808	tiki	31541799	general	Đèn diệt muỗi và các loại côn trùng CON DƠI model CN03		1	Rất không hài lòng. Dùng thử hơn 30p thì đèn tự tắt,nổ tách tách được 2 lần xong tắt ngúm luôn,thử đi thử lại nhiều lần nhưng đèn không hoạt động nữa,có tem bảo hành nên k mở ra xem được nên tôi muốn đổi cái khác,chờ phản hồi từ tiki	2021-06-17 22:20:38	2026-09-28 17:58:04
tk_19373216	tiki	31541799	general	Đèn diệt muỗi và các loại côn trùng CON DƠI model CN03		5	Cực kì hài lòng. Mới mua về bật lên 1 đèn bị gợn sóng tưởng bị hư nhưng quả hôm sau tới giơ xài bình thường.	2023-07-12 18:36:59	2026-09-28 17:58:04
tk_2475828	tiki	31541799	general	Đèn diệt muỗi và các loại côn trùng CON DƠI model CN03		5	đèn diệt muỗi rất mạnh. mình thấy model cn 03 này mạnh hơn cái củ model cn02 đã mua ở tiki, màu trắng đẹp, rất phù hợp với phòng nhà mình. diệt cả ruồi , muổi, bồ hong, bướm, nổ tách tách rất to. 2 ngày mà dính đầy cả khây. mình mới để tạm ở góc nhà chưa treo lên nhưng đã hiệu quả thấy rõ rồi.	2019-09-25 12:43:29	2026-09-28 17:58:04
tk_17069226	tiki	31541799	general	Đèn diệt muỗi và các loại côn trùng CON DƠI model CN03		5	Cực kì hài lòng. đèn bắt muỗi kiểu dáng đẹp,nhỏ nhắn.mua về xài bắt muỗi thấy nổ bốp bốp.coi như cũng tốt.còn bền hay ko thì xem 1 tg sau	2022-07-14 21:50:37	2026-09-28 17:58:04
tk_12890733	tiki	31541799	general	Đèn diệt muỗi và các loại côn trùng CON DƠI model CN03		5	Cực kì hài lòng. Bắt được khá nhiều ruồi muỗi và các côn trùng khác, bắt hết rồi thì bọn khác bay dzô chiếm lãnh thổ cứ thế máy hoạt động hoài, lượng muỗi giảm hẳn, thanks shop	2021-10-29 07:13:58	2026-09-28 17:58:04
tk_19868448	tiki	31541799	general	Đèn diệt muỗi và các loại côn trùng CON DƠI model CN03		5	Cực kì hài lòng.	2024-05-09 21:48:15	2026-09-28 17:58:04
tk_4401715	tiki	31541799	general	Đèn diệt muỗi và các loại côn trùng CON DƠI model CN03		5	Review Đèn diệt muỗi và các loại côn trùng CON DƠI model CN03. Đèn diệt muỗi rất mạnh hiệu quả tốt, hoạt động ổn định, hình thức khá đẹp bằng thép rất chắc chắn. Theo mình nghĩ sẽ bền, mới dùng không biết bền không trước mắt cho 5 sao.	2020-08-10 14:25:42	2026-09-28 17:58:04
tk_13208322	tiki	31541799	general	Đèn diệt muỗi và các loại côn trùng CON DƠI model CN03		4	Hài lòng. Bắt được phần lớn nhưng không hết muỗi! Nhiều khi ngồi bên cạnh đèn thì muối chít người chứ không bay vào đèn! Hiệu quả trong môi trường tối dụ được nhiều hơn là khi có ánh sáng!	2021-11-14 21:26:00	2026-09-28 17:58:06
tk_19812456	tiki	31541799	general	Đèn diệt muỗi và các loại côn trùng CON DƠI model CN03		5	Cực kì hài lòng.	2024-03-19 20:00:27	2026-09-28 17:58:06
tk_19767939	tiki	31541799	general	Đèn diệt muỗi và các loại côn trùng CON DƠI model CN03		5	Cực kì hài lòng.	2024-02-15 12:24:44	2026-09-28 17:58:06
tk_3190303	tiki	31541799	general	Đèn diệt muỗi và các loại côn trùng CON DƠI model CN03		4	cảm nhận ban đầu ,đánh giá sau. cảm nhận đầu tiên khi nhận hàng là hộp bị biến dạng may là máy ko sao ,mong tiki quả lý chặt hơn việc vận chuyển, đây là sp đơn giả chứ phức tạp mà bị móp méo thế này chắc hoàn trả lại tiki	2020-03-18 11:29:24	2026-09-28 17:58:06
tk_19701339	tiki	31541799	general	Đèn diệt muỗi và các loại côn trùng CON DƠI model CN03		5	Cực kì hài lòng.	2023-12-29 10:46:18	2026-09-28 17:58:06
tk_5430574	tiki	31541799	general	Đèn diệt muỗi và các loại côn trùng CON DƠI model CN03		5	Cực kì hài lòng. đây là cái đèn con dơi thứ 3 mình mua cho gia đình. Mình cũng dùng nhiều loại đèn bắt muỗi rồi, đa số loại tháp. Nhưng đèn này thì hiệu quả rõ rệt luôn. 5h chiều bật lên coa khi 5 phút nghe mười mấy tiếng nổ	2020-11-01 16:02:24	2026-09-28 17:58:06
tk_2751996	tiki	31541799	general	Đèn diệt muỗi và các loại côn trùng CON DƠI model CN03		5	Mình rất hài lòng chất lượng sản phẩm. Sản phẩm diệt ruồi rất hiệu quả, cắm 1 tiếng đồng hồ mà ruồi đen khây, muỗi thì bắt vào ban đêm hiệu quả hơn, điện áp cao nên ruồi thấy xác chứ muỗi thì chỉ còn đầu thôi. Mà nó nổ khá to, mới đầu chưa quăn giật mình luôn á, nhà nào có nhiều ruồi muỗi thì tết khỏi phải mua pháo.	2019-12-18 11:45:06	2026-09-28 17:58:06
tk_19097630	tiki	31541799	general	Đèn diệt muỗi và các loại côn trùng CON DƠI model CN03		5	Cực kì hài lòng. Diệt côn trùng tốt hàng tương đối đẹp	2023-04-16 14:52:54	2026-09-28 17:58:06
tk_18712474	tiki	31541799	general	Đèn diệt muỗi và các loại côn trùng CON DƠI model CN03		3	Bình thường. Muỗi ko thích đèn này, tránh xa, nên con nào đen thì dính	2023-01-31 22:46:53	2026-09-28 17:58:06
tk_3657856	tiki	31541799	general	Đèn diệt muỗi và các loại côn trùng CON DƠI model CN03		5	Hiệu quả lắm luôn có đều tốn tiền mua bóng đèn quá. Công nhận đèn này hiệu quả lắm luôn diệt muỗi hằng ngày tách tách , cơ mà bóng nhanh hư. Tốn tiền mua bóng quá, dùng được 7 tháng phải đi mua bóng thay nè hư bóng rồi. Bữa nào mà tắt nó đi muỗi nó dí chạy không kịp luôn ak.	2020-05-29 15:58:05	2026-09-28 17:58:06
tk_18258254	tiki	31541799	general	Đèn diệt muỗi và các loại côn trùng CON DƠI model CN03		5	Cực kì hài lòng. Một đêm là bay đc rùi muỗi bọ	2022-11-21 19:42:50	2026-09-28 17:58:06
tk_19554510	tiki	31541799	general	Đèn diệt muỗi và các loại côn trùng CON DƠI model CN03		5	Cực kì hài lòng.	2023-09-27 09:39:55	2026-09-28 17:58:06
tk_3260806	tiki	31541799	general	Đèn diệt muỗi và các loại côn trùng CON DƠI model CN03		2	Không hài lòng. Co v năng của đèn không như quảng cáo Đèn có bắt muỗi được nhưng ca tiếng chỉ thỉnh thoảng bắt được vài con Do vô tình 1con muỗi bay vào thì chết Còn nhưng con khác nếu tranh được đen vẫn bay là đà như bình thường như chưa có đèn bắt muỗi Hối hận khi mua cái đèn như vậy với giá cũng không phải là ít tiền	2020-03-26 22:44:47	2026-09-28 17:58:06
tk_18780387	tiki	31541799	general	Đèn diệt muỗi và các loại côn trùng CON DƠI model CN03		5	Cực kì hài lòng. Bắt muỗi rất tốt, 1 năm nên thay bóng đèn 1 lần	2023-02-11 09:41:34	2026-09-28 17:58:06
tk_3123580	tiki	31541799	general	Đèn diệt muỗi và các loại côn trùng CON DƠI model CN03		1	Rất không hài lòng. sản phẩm sử dụng không hiệu quả, dùng cứ dùng mà muổi cứ cắn, 1 tuần bắt được vài con muổi thì mua làm gì phí tiền. mình có mua 1 cái cn03 nghe quảng cáo là hiệu quả hơn những loại khác, nhưng mua rồi mới biết quãng cáo chỉ là quãng cáo mà thôi. mua phí tiền mà giờ bỏ thì không đành thôi cứ để chơi vậy..	2020-03-08 23:37:59	2026-09-28 17:58:06
tk_10579645	tiki	31541799	general	Đèn diệt muỗi và các loại côn trùng CON DƠI model CN03		4	Hài lòng. Nổ lốp bốp cả đêm cũng vui tai nhưng toàn bắt kiến cánh, thiêu thân còn muỗi thì vẫn vo ve xung quanh	2021-06-22 06:42:31	2026-09-28 17:58:06
tk_19445360	tiki	31541799	general	Đèn diệt muỗi và các loại côn trùng CON DƠI model CN03		5	Cực kì hài lòng.	2023-08-09 14:15:30	2026-09-28 17:58:06
tk_19437637	tiki	31541799	general	Đèn diệt muỗi và các loại côn trùng CON DƠI model CN03		5	Cực kì hài lòng.	2023-08-06 18:27:03	2026-09-28 17:58:06
tk_10200910	tiki	31541799	general	Đèn diệt muỗi và các loại côn trùng CON DƠI model CN03		1	Rất không hài lòng. mua hàng 29/5/2***d 1 đèn , 2 đèn là 1.160.0000 chưa kể ship , thế mà tiki giao có 1 đèn & nhận đủ 1.160.000 , nhận 1 đèn 8 ngày đến nay mà tiki chưa giải quyết	2021-06-06 12:14:29	2026-09-28 17:58:06
tk_18835533	tiki	31541799	general	Đèn diệt muỗi và các loại côn trùng CON DƠI model CN03		5	Cực kì hài lòng. Diệt nhanh và hiệu quả	2023-02-20 15:25:57	2026-09-28 17:58:09
tk_2683455	tiki	31541799	general	Đèn diệt muỗi và các loại côn trùng CON DƠI model CN03		5	Đáng tiền. Đã xài được vài ngày rồi, đèn sử dụng rất tốt diệt được rất nhiều côn trùng đặc biệt là ruồi, ruồi nhà nhiều quá, mình xài cái này thấy diệt được khá nhiều ruồi nổ tách tách liên tục. nếu nhà nào có ruồi nhiều nên mua về xài, sạch sẽ hơn. phải thường xuyên đổ xác ruồi bên dưới và vệ sinh đèn. có điều đèn này kêu to quá, thấy ghi điện áp bên trong cao tới 2500v nên đèn rất mạnh. Nhà có trẻ con nên treo lên cao để trẻ nhỏ không chọc phá vào, mình để ở góc bếp vì chổ đó khá nhiều ruồi.	2019-11-28 12:20:53	2026-09-28 17:58:09
tk_12873533	tiki	31541799	general	Đèn diệt muỗi và các loại côn trùng CON DƠI model CN03		4	Hài lòng. Đèn hoạt động tốt. Để ở sân vườn có mái che bắt được nhiều côn trùng muỗi	2021-10-28 10:04:59	2026-09-28 17:58:09
tk_18313205	tiki	31541799	general	Đèn diệt muỗi và các loại côn trùng CON DƠI model CN03		5	Cực kì hài lòng. máy dùng tốt, gửi hàng nhanh.	2022-11-29 15:46:20	2026-09-28 17:58:09
tk_19070659	tiki	31541799	general	Đèn diệt muỗi và các loại côn trùng CON DƠI model CN03		5	Cực kì hài lòng.	2023-04-09 12:20:19	2026-09-28 17:58:09
tk_5956916	tiki	31541799	general	Đèn diệt muỗi và các loại côn trùng CON DƠI model CN03		5	ổn. ko bắt được ruồi, muỗi thì con nào bây vào chết luôn??? ngoài sức tưởng tượng là thứ hút muỗi, dù sao vẫn làm cho bớt muỗi đi, đánh giá 5******	2020-12-05 11:15:19	2026-09-28 17:58:09
tk_19031520	tiki	31541799	general	Đèn diệt muỗi và các loại côn trùng CON DƠI model CN03		5	Cực kì hài lòng.	2023-03-31 04:29:37	2026-09-28 17:58:09
tk_19009082	tiki	31541799	general	Đèn diệt muỗi và các loại côn trùng CON DƠI model CN03		5	Cực kì hài lòng.	2023-03-25 17:02:51	2026-09-28 17:58:09
tk_18925584	tiki	31541799	general	Đèn diệt muỗi và các loại côn trùng CON DƠI model CN03		5	Cực kì hài lòng.	2023-03-08 13:31:46	2026-09-28 17:58:09
tk_10720827	tiki	31541799	general	Đèn diệt muỗi và các loại côn trùng CON DƠI model CN03		1	Rất không hài lòng. Vừa mới mua về thì chỉ có 1 đèn sáng còn 1 đèn không sáng gì cả giờ xử lí thế nào đây shop???	2021-06-28 14:08:27	2026-09-28 17:58:09
tk_18770552	tiki	31541799	general	Đèn diệt muỗi và các loại côn trùng CON DƠI model CN03		5	Cực kì hài lòng.	2023-02-09 15:38:10	2026-09-28 17:58:09
tk_3116409	tiki	31541799	general	Đèn diệt muỗi và các loại côn trùng CON DƠI model CN03		3	bình luận mang tính góp ý. chưa biết sản phẩm dùng thế nào,nhưng mà in ấn trên bao bì sản phẩm mà viết sai chính tả khiến khách hàng cảm thấy có chút khó chịu, mong công ty nên kiểm tra cẩn thận hơn khi in ấn sản phẩm	2020-03-07 11:25:43	2026-09-28 17:58:09
tk_17399197	tiki	31541799	general	Đèn diệt muỗi và các loại côn trùng CON DƠI model CN03		5	Cực kì hài lòng.	2022-08-13 12:05:40	2026-09-28 17:58:09
tk_13886648	tiki	31541799	general	Đèn diệt muỗi và các loại côn trùng CON DƠI model CN03		5	Cực kì hài lòng. Giao hàng rất nhanh. Đóng gói cẩn thận. Hy vọng sử dụng ổn định. Thanks shop và shipper.	2021-12-17 11:15:01	2026-09-28 17:58:09
tk_18600381	tiki	31541799	general	Đèn diệt muỗi và các loại côn trùng CON DƠI model CN03		5	Cực kì hài lòng. ok	2023-01-09 02:53:25	2026-09-28 17:58:09
tk_17295885	tiki	31541799	general	Đèn diệt muỗi và các loại côn trùng CON DƠI model CN03		5	Cực kì hài lòng.	2022-08-04 12:02:35	2026-09-28 17:58:09
tk_17260170	tiki	31541799	general	Đèn diệt muỗi và các loại côn trùng CON DƠI model CN03		5	Cực kì hài lòng. Dùng rất tốt, bắt được cả ruồi,	2022-07-31 18:44:22	2026-09-28 17:58:09
tk_18612586	tiki	31541799	general	Đèn diệt muỗi và các loại côn trùng CON DƠI model CN03		5	Cực kì hài lòng.	2023-01-10 19:05:07	2026-09-28 17:58:09
tk_10910585	tiki	31541799	general	Đèn diệt muỗi và các loại côn trùng CON DƠI model CN03		1	Rất không hài lòng. hàng ko sử dụng được ạ.tem bảo hành bị zách	2021-07-06 10:36:52	2026-09-28 17:58:09
tk_10091108	tiki	31541799	general	Đèn diệt muỗi và các loại côn trùng CON DƠI model CN03		1	Rất không hài lòng. Không bắt được côn trùng như đã mô tả ở trang web, ruồi đậu ngay bên mà có bắt dc đâu	2021-06-01 13:26:22	2026-09-28 17:58:11
tk_18548298	tiki	31541799	general	Đèn diệt muỗi và các loại côn trùng CON DƠI model CN03		5	Cực kì hài lòng.	2023-01-01 05:24:40	2026-09-28 17:58:11
tk_18451490	tiki	31541799	general	Đèn diệt muỗi và các loại côn trùng CON DƠI model CN03		5	Cực kì hài lòng.	2022-12-18 16:43:08	2026-09-28 17:58:11
tk_16951583	tiki	31541799	general	Đèn diệt muỗi và các loại côn trùng CON DƠI model CN03		5	Cực kì hài lòng.	2022-07-05 20:34:22	2026-09-28 17:58:11
tk_18383813	tiki	31541799	general	Đèn diệt muỗi và các loại côn trùng CON DƠI model CN03		5	Cực kì hài lòng.	2022-12-10 10:57:36	2026-09-28 17:58:11
tk_18147629	tiki	31541799	general	Đèn diệt muỗi và các loại côn trùng CON DƠI model CN03		5	Cực kì hài lòng.	2022-11-07 22:57:39	2026-09-28 17:58:11
tk_10445608	tiki	31541799	general	Đèn diệt muỗi và các loại côn trùng CON DƠI model CN03		4	Hài lòng. bắt được 9/10 là bồ hóng, bướm, ong, ruồi...muỗi thì cũng có nhưng ít.	2021-06-15 21:49:02	2026-09-28 17:58:11
tk_18077822	tiki	31541799	general	Đèn diệt muỗi và các loại côn trùng CON DƠI model CN03		5	Cực kì hài lòng.	2022-10-29 14:25:56	2026-09-28 17:58:11
tk_13649383	tiki	31541799	general	Đèn diệt muỗi và các loại côn trùng CON DƠI model CN03		5	Cực kì hài lòng. Đèn bắt muỗi rất tốt, tiếng nổ diệt muỗi to, giết đc nhiều muỗi.	2021-12-06 17:41:37	2026-09-28 17:58:11
tk_13670844	tiki	31541799	general	Đèn diệt muỗi và các loại côn trùng CON DƠI model CN03		5	Cực kì hài lòng. Thấy nổ cũng giữ. Mong đi kèm thêm bóng để hư bóng còn thay bóng mới	2021-12-07 19:43:18	2026-09-28 17:58:11
tk_14776006	tiki	31541799	general	Đèn diệt muỗi và các loại côn trùng CON DƠI model CN03		5	Cực kì hài lòng. Xài đã lắm. Nổ như pháo luôn. thu hút mọi ánh nhìn.	2022-02-02 12:44:26	2026-09-28 17:58:11
tk_3216480	tiki	31541799	general	Đèn diệt muỗi và các loại côn trùng CON DƠI model CN03		5	Cực kì hài lòng. đã dùng được 4 ngày. ngày đầu muỗi nổ như pháo ngày 2 có vài tiếng nổ, ngày 3 cắm mãi không thấy gì vì muỗi chết gần hết. chắc còn 1,2 con. rất có tác dụng	2020-03-21 11:20:06	2026-09-28 17:58:11
tk_6111001	tiki	31541799	general	Đèn diệt muỗi và các loại côn trùng CON DƠI model CN03		2	1 bóng bị chớp. chào bạn. đèn mới mua có 1 bóng bị chớp chớp. bạn check bảo hành hoặc gửi lại 1 bóng giúp mình nhé.	2020-12-11 23:30:46	2026-09-28 17:58:11
tk_5035962	tiki	31541799	general	Đèn diệt muỗi và các loại côn trùng CON DƠI model CN03		5	Ủng hộ hàng Việt Nam - Mới nhận và sử dụng hôm nay. Máy này theo mình hiểu là hàng Việt Nam sản xuất, mới nhận hôm nay và sử dụng thì thấy ổn. Hi vọng là sẽ bền và mong muốn ủng hộ hàng Việt Nam	2020-09-30 18:16:15	2026-09-28 17:58:11
tk_17408464	tiki	31541799	general	Đèn diệt muỗi và các loại côn trùng CON DƠI model CN03		5	Cực kì hài lòng.	2022-08-14 11:05:57	2026-09-28 17:58:11
tk_17398986	tiki	31541799	general	Đèn diệt muỗi và các loại côn trùng CON DƠI model CN03		5	Cực kì hài lòng.	2022-08-13 11:48:42	2026-09-28 17:58:11
tk_10642525	tiki	31541799	general	Đèn diệt muỗi và các loại côn trùng CON DƠI model CN03		5	Cực kì hài lòng. Dùng đèn rất hiệu quả, diệt được cả kiến ba khoang và côn trùng to hơn ruồi một chút.	2021-06-24 22:14:06	2026-09-28 17:58:11
tk_3087474	tiki	31541799	general	Đèn diệt muỗi và các loại côn trùng CON DƠI model CN03		3	Hàng dùng tạm ổn. Đèn bắt muỗi khá ổn, 2 lớp thép bảo về bên ngoài ko đc chắc chắn cho lắm cần phải gia cố lại. Nói chung cần thời gian xem xét thêm về độ bền bóng đèn	2020-03-02 05:04:18	2026-09-28 17:58:11
tk_2882594	tiki	31541799	general	Đèn diệt muỗi và các loại côn trùng CON DƠI model CN03		5	Mới dùng thấy ngay hiệu quả diệt ruồi. Diệt ruồi rất nhiều, mẫu mã đẹp mắt chắc chắn. rất ok. Cám ơn các bạn đã để lại đánh giá để mình biết mà chọn mua.	2020-01-16 09:38:27	2026-09-28 17:58:14
tk_12781939	tiki	31541799	general	Đèn diệt muỗi và các loại côn trùng CON DƠI model CN03		5	Cực kì hài lòng. Dùng rất tốt, nên mua đèn bắt muỗi của thương hiệu này.	2021-10-23 13:10:02	2026-09-28 17:58:14
tk_11658905	tiki	31541799	general	Đèn diệt muỗi và các loại côn trùng CON DƠI model CN03		5	Cực kì hài lòng. sản phẩm đã sử dụng được vài tuần ... rất ưng ý ... đáng để mua.	2021-08-07 15:10:59	2026-09-28 17:58:14
tk_2895289	tiki	31541799	general	Đèn diệt muỗi và các loại côn trùng CON DƠI model CN03		5	san pham hieu qua cao. Diet muoi rat tot dang de mua de su dung, no tach tach suot ngay, ruoi muoi va buom trang hien nguyen hinh, dinh tren den va ca tren vi kim loai, san pham nay can treo len cao, tranh xa tre nho choc pha, do dien thay ghi dien ap cao 2500v.	2020-01-18 19:57:25	2026-09-28 17:58:14
tk_3495053	tiki	31541799	general	Đèn diệt muỗi và các loại côn trùng CON DƠI model CN03		2	Không hài lòng. Bắt được muỗi và côn trùng, tiếng nổ rất to. Nhưng dễ hư đèn, mới mua về xài được vài ngày bị hư 1 bóng đèn, nhờ Tiki bảo hành. Xong giờ hư bóng đèn như cũ.	2020-04-30 08:55:27	2026-09-28 17:58:14
tk_11327995	tiki	31541799	general	Đèn diệt muỗi và các loại côn trùng CON DƠI model CN03		5	Cực kì hài lòng. Đèn xài ok, bắt được côn trùng	2021-07-20 17:07:56	2026-09-28 17:58:14
tk_6067738	tiki	31541799	general	Đèn diệt muỗi và các loại côn trùng CON DƠI model CN03		4	Hài lòng. nổ con muỗi banh xác, nhưng mấy ngày đầu còn được được, chừng ngày 4 ngày 5 là muỗi vẫn chích lại như thường.	2020-12-10 09:26:45	2026-09-28 17:58:14
tk_12656541	tiki	31541799	general	Đèn diệt muỗi và các loại côn trùng CON DƠI model CN03		5	Cực kì hài lòng. Sản phẩm này tốt. Bắt ruồi muỗi Lổ tanh tách	2021-10-16 21:16:48	2026-09-28 17:58:14
tk_10611683	tiki	31541799	general	Đèn diệt muỗi và các loại côn trùng CON DƠI model CN03		4	Hài lòng. Chưa bắt được muỗi vẫn kêu tanh tách, chờ xem muỗi có vào không đã	2021-06-23 14:50:33	2026-09-28 17:58:14
tk_16184585	tiki	31541799	general	Đèn diệt muỗi và các loại côn trùng CON DƠI model CN03		5	Cực kì hài lòng.	2022-05-04 10:46:39	2026-09-28 17:58:14
tk_9435640	tiki	31541799	general	Đèn diệt muỗi và các loại côn trùng CON DƠI model CN03		3	Bình thường. Mình thấy bình thường, ko dụ côn trùng mà chủ yếu côn trùng bay vào chết thôi.	2021-04-30 23:38:22	2026-09-28 17:58:14
tk_11819090	tiki	31541799	general	Đèn diệt muỗi và các loại côn trùng CON DƠI model CN03		1	Rất không hài lòng. Toàn bắt mấy con trùng khác chứ chẳng thấy bắt muỗi	2021-08-15 11:40:18	2026-09-28 17:58:14
tk_15903153	tiki	31541799	general	Đèn diệt muỗi và các loại côn trùng CON DƠI model CN03		5	Cực kì hài lòng.	2022-04-13 13:36:08	2026-09-28 17:58:14
tk_9940165	tiki	31541799	general	Đèn diệt muỗi và các loại côn trùng CON DƠI model CN03		4	Hài lòng. Hài lòng với sản phẩm, nổ rất to nên để dưới bếp sợ mất ngủ.	2021-05-24 22:30:28	2026-09-28 17:58:14
tk_12612669	tiki	31541799	general	Đèn diệt muỗi và các loại côn trùng CON DƠI model CN03		5	Cực kì hài lòng. sản phẩm tốt, diệt muỗi hiệu quả	2021-10-14 14:59:35	2026-09-28 17:58:14
tk_13440964	tiki	31541799	general	Đèn diệt muỗi và các loại côn trùng CON DƠI model CN03		5	Cực kì hài lòng. đèn sáng mạnh, nổ rất to	2021-11-26 10:25:24	2026-09-28 17:58:14
tk_15518671	tiki	31541799	general	Đèn diệt muỗi và các loại côn trùng CON DƠI model CN03		5	Cực kì hài lòng.	2022-03-20 18:04:47	2026-09-28 17:58:14
tk_12456092	tiki	31541799	general	Đèn diệt muỗi và các loại côn trùng CON DƠI model CN03		1	Rất không hài lòng. Mua về 1 bóng hỏng dùng thì k ăn thua	2021-10-05 22:10:28	2026-09-28 17:58:16
tk_11422951	tiki	31541799	general	Đèn diệt muỗi và các loại côn trùng CON DƠI model CN03		2	Cực kì hài lòng. đèn nhấp nháy khó chịu, không pik có phải lỗi ko	2021-07-24 20:30:00	2026-09-28 17:58:16
tk_3501634	tiki	31541799	general	Đèn diệt muỗi và các loại côn trùng CON DƠI model CN03		5	Cực kì hài lòng. Sản phẩm đóng gói cẩn thận. sử dụng tốt điện mạnh nổ tiếng rất to	2020-05-02 13:02:23	2026-09-28 17:58:16
tk_11757731	tiki	31541799	general	Đèn diệt muỗi và các loại côn trùng CON DƠI model CN03		3	Bình thường. ổn xài đc mà ko giết đc bao nhiêu muỗi cả	2021-08-12 12:27:13	2026-09-28 17:58:16
tk_12770242	tiki	31541799	general	Đèn diệt muỗi và các loại côn trùng CON DƠI model CN03		5	Cực kì hài lòng. rất rất rất ok ôk ok ok ok	2021-10-22 19:22:43	2026-09-28 17:58:16
tk_12611293	tiki	31541799	general	Đèn diệt muỗi và các loại côn trùng CON DƠI model CN03		4	Hài lòng. Ok tốt. Hy vọng bền dài lâu	2021-10-14 13:46:20	2026-09-28 17:58:16
tk_14991924	tiki	31541799	general	Đèn diệt muỗi và các loại côn trùng CON DƠI model CN03		5	Cực kì hài lòng.	2022-02-16 19:24:23	2026-09-28 17:58:16
tk_5722972	tiki	31541799	general	Đèn diệt muỗi và các loại côn trùng CON DƠI model CN03		4	Hài lòng. Trước mắt tôi hài lòng với sản phẩm này. Tiếng nổ rất to, chưa biết độ bền về sau thế nào	2020-11-24 06:53:41	2026-09-28 17:58:16
tk_11030850	tiki	31541799	general	Đèn diệt muỗi và các loại côn trùng CON DƠI model CN03		4	Cực kì hài lòng. bắt được nhiều loại côn trùng , thấy cũng ok	2021-07-10 09:34:03	2026-09-28 17:58:16
tk_2581560	tiki	31541799	general	Đèn diệt muỗi và các loại côn trùng CON DƠI model CN03		5	Diệt côn trùng rất tốt. Đèn này bắt rất nhiều để 1-2 ngày mà đã đen hết cả khây đèn phía dưới,nó màu trắng nhìn nhanh dơ quá nên phải vệ sinh thương xuyên. Mấy con kiến cứ nhảy vô ăn ruồi muỗi.	2019-10-31 20:22:08	2026-09-28 17:58:16
tk_11458553	tiki	31541799	general	Đèn diệt muỗi và các loại côn trùng CON DƠI model CN03		5	Cực kì hài lòng. chât lượng tốt.chúc shop mua may bán đắt	2021-07-26 19:01:02	2026-09-28 17:58:16
tk_3606228	tiki	31541799	general	Đèn diệt muỗi và các loại côn trùng CON DƠI model CN03		5	Chất lượng rất ổn. Hàng tốt mà bắt đc muỗi thì kiến nó bò vào thế là nó đốt luôn kiến kêu tạch tạch liên tuc.	2020-05-21 09:13:03	2026-09-28 17:58:16
tk_5752325	tiki	31541799	general	Đèn diệt muỗi và các loại côn trùng CON DƠI model CN03		5	Rất hài lòng. da xai duoc hon 1 nam, thay kha on, nay bi chet 1 bong can mua bong thay, shop gui link cho minh nhe. thanks	2020-11-26 13:37:54	2026-09-28 17:58:16
tk_11541273	tiki	31541799	general	Đèn diệt muỗi và các loại côn trùng CON DƠI model CN03		5	Cực kì hài lòng. bắt muỗi hiệu quả lắm ạ 😍	2021-07-31 20:58:46	2026-09-28 17:58:16
tk_4412464	tiki	31541799	general	Đèn diệt muỗi và các loại côn trùng CON DƠI model CN03		5	Bắt muỗi. Mình mua cái thứ 2 cho gia đình, đèn hiệu quả, nhưng bóng đèn nhanh hu, nên đặt thêm bóng để sử dụng.	2020-08-11 10:47:17	2026-09-28 17:58:16
tk_3127129	tiki	31541799	general	Đèn diệt muỗi và các loại côn trùng CON DƠI model CN03		5	Bắt được hết sạch muỗi và ruồi. Bị mắng vì mua cái bắt muỗi giá cao, cơ nhưng lại khá bất ngờ về công dụng. Nhà ko còn con muỗi hay ruồi nào. Sp đáng tiền. Ủng hộ	2020-03-09 17:22:36	2026-09-28 17:58:16
tk_2630261	tiki	31541799	general	Đèn diệt muỗi và các loại côn trùng CON DƠI model CN03		5	Diệt ruồi rất tốt. Đèn diệt côn trùng khá mạnh, rất đẹp mình rất thích, hình ảnh bên ngoài đẹp hơn cả trong hình. Nhà ruồi với bồ hong nhiều lắm để 3 ngày đở nhiều lắm.	2019-11-12 12:01:54	2026-09-28 17:58:16
tk_13035290	tiki	31541799	general	Đèn diệt muỗi và các loại côn trùng CON DƠI model CN03		5	Cực kì hài lòng. good	2021-11-05 22:35:53	2026-09-28 17:58:19
tk_12781522	tiki	31541799	general	Đèn diệt muỗi và các loại côn trùng CON DƠI model CN03		5	Cực kì hài lòng.	2021-10-23 12:52:03	2026-09-28 17:58:19
tk_10650834	tiki	31541799	general	Đèn diệt muỗi và các loại côn trùng CON DƠI model CN03		5	Cực kì hài lòng. Tiếng to ; diệt muỗi tốt	2021-06-25 12:06:50	2026-09-28 17:58:19
tk_12697325	tiki	31541799	general	Đèn diệt muỗi và các loại côn trùng CON DƠI model CN03		5	Cực kì hài lòng.	2021-10-19 01:47:32	2026-09-28 17:58:19
tk_12351024	tiki	31541799	general	Đèn diệt muỗi và các loại côn trùng CON DƠI model CN03		5	Cực kì hài lòng. tốt	2021-09-28 01:27:44	2026-09-28 17:58:19
tk_10472556	tiki	31541799	general	Đèn diệt muỗi và các loại côn trùng CON DƠI model CN03		5	Cực kì hài lòng. Diệt muỗi ruồi hiệu quả	2021-06-17 07:41:18	2026-09-28 17:58:19
tk_8348850	tiki	31541799	general	Đèn diệt muỗi và các loại côn trùng CON DƠI model CN03		5	Cực kì hài lòng. Nhà bớt muỗi hẳn, không bị muỗi chích nữa	2021-03-12 11:26:21	2026-09-28 17:58:19
tk_5152881	tiki	31541799	general	Đèn diệt muỗi và các loại côn trùng CON DƠI model CN03		5	very good. good product with high effect! Đèn diệt muỗi và các loại côn trùng CON DƠI model CN03	2020-10-10 16:00:02	2026-09-28 17:58:19
tk_10465165	tiki	31541799	general	Đèn diệt muỗi và các loại côn trùng CON DƠI model CN03		5	Cực kì hài lòng. sử dụng hiệu quả.	2021-06-16 19:27:11	2026-09-28 17:58:19
tk_11950525	tiki	31541799	general	Đèn diệt muỗi và các loại côn trùng CON DƠI model CN03		5	Cực kì hài lòng. Tốt	2021-08-21 09:28:18	2026-09-28 17:58:19
tk_3107997	tiki	31541799	general	Đèn diệt muỗi và các loại côn trùng CON DƠI model CN03		5	Rất hài lòng. Mua nhiều loại, và đã ưng ý với con này. bắt muỗi tốt, ruồi cũng tốt. tiếng hơi to, hơi ồn. rất ổn.vote cho 5 sao.	2020-03-05 16:40:56	2026-09-28 17:58:19
tk_11926213	tiki	31541799	general	Đèn diệt muỗi và các loại côn trùng CON DƠI model CN03		5	Cực kì hài lòng.	2021-08-20 00:16:58	2026-09-28 17:58:19
tk_3045991	tiki	31541799	general	Đèn diệt muỗi và các loại côn trùng CON DƠI model CN03		5	Diệt côn trùng rất rất tốt. Rất hài lòng diệt côn trùng rất nhiều, mỗi gia đình nên mua 1 cái về dùng. Có điều kiện sẽ mua mỗi phòng 1 cái.	2020-02-22 22:04:33	2026-09-28 17:58:19
tk_11523755	tiki	31541799	general	Đèn diệt muỗi và các loại côn trùng CON DƠI model CN03		5	Cực kì hài lòng.	2021-07-30 20:50:37	2026-09-28 17:58:19
tk_11489997	tiki	31541799	general	Đèn diệt muỗi và các loại côn trùng CON DƠI model CN03		5	Cực kì hài lòng.	2021-07-28 14:48:56	2026-09-28 17:58:19
tk_10682472	tiki	31541799	general	Đèn diệt muỗi và các loại côn trùng CON DƠI model CN03		5	Cực kì hài lòng. sp tốt	2021-06-26 19:52:33	2026-09-28 17:58:19
tk_8499808	tiki	31541799	general	Đèn diệt muỗi và các loại côn trùng CON DƠI model CN03		3	Bình thường. Rất hài lòng với sản phẩm	2021-03-18 21:58:24	2026-09-28 17:58:19
tk_11343668	tiki	31541799	general	Đèn diệt muỗi và các loại côn trùng CON DƠI model CN03		5	Cực kì hài lòng.	2021-07-21 11:49:02	2026-09-28 17:58:19
tk_6822637	tiki	31541799	general	Đèn diệt muỗi và các loại côn trùng CON DƠI model CN03		5	Cực kì hài lòng. Khá ok	2021-01-09 08:23:40	2026-09-28 17:58:21
tk_10830435	tiki	31541799	general	Đèn diệt muỗi và các loại côn trùng CON DƠI model CN03		5	Cực kì hài lòng. gô	2021-07-03 01:29:40	2026-09-28 17:58:21
tk_11081421	tiki	31541799	general	Đèn diệt muỗi và các loại côn trùng CON DƠI model CN03		5	Cực kì hài lòng.	2021-07-11 18:59:08	2026-09-28 17:58:21
tk_8006545	tiki	31541799	general	Đèn diệt muỗi và các loại côn trùng CON DƠI model CN03		3	Bình thường. Không diệt được nhiều muỗi	2021-02-26 13:36:15	2026-09-28 17:58:21
tk_11058137	tiki	31541799	general	Đèn diệt muỗi và các loại côn trùng CON DƠI model CN03		5	Cực kì hài lòng.	2021-07-11 06:17:20	2026-09-28 17:58:21
tk_10113307	tiki	31541799	general	Đèn diệt muỗi và các loại côn trùng CON DƠI model CN03		5	Cực kì hài lòng. Quá tốt	2021-06-02 13:27:46	2026-09-28 17:58:21
tk_10907191	tiki	31541799	general	Đèn diệt muỗi và các loại côn trùng CON DƠI model CN03		5	Cực kì hài lòng.	2021-07-06 08:09:53	2026-09-28 17:58:21
tk_10787022	tiki	31541799	general	Đèn diệt muỗi và các loại côn trùng CON DƠI model CN03		5	Cực kì hài lòng.	2021-07-01 10:42:34	2026-09-28 17:58:21
tk_10557629	tiki	31541799	general	Đèn diệt muỗi và các loại côn trùng CON DƠI model CN03		5	Cực kì hài lòng.	2021-06-21 06:19:24	2026-09-28 17:58:21
tk_10555305	tiki	31541799	general	Đèn diệt muỗi và các loại côn trùng CON DƠI model CN03		5	Cực kì hài lòng.	2021-06-20 22:18:21	2026-09-28 17:58:21
tk_5630267	tiki	31541799	general	Đèn diệt muỗi và các loại côn trùng CON DƠI model CN03		5	Cực kì hài lòng. Tốt. Dùng tốt lắm nha mn. Hiệu quả hết muỗi	2020-11-16 12:55:55	2026-09-28 17:58:21
tk_4728598	tiki	31541799	general	Đèn diệt muỗi và các loại côn trùng CON DƠI model CN03		1	Rất không hài lòng. Chẳng bắt đc 1 con muỗi...	2020-09-03 22:54:56	2026-09-28 17:58:21
tk_10293714	tiki	31541799	general	Đèn diệt muỗi và các loại côn trùng CON DƠI model CN03		5	Cực kì hài lòng.	2021-06-09 19:24:10	2026-09-28 17:58:21
tk_10173291	tiki	31541799	general	Đèn diệt muỗi và các loại côn trùng CON DƠI model CN03		5	Cực kì hài lòng.	2021-06-05 10:48:44	2026-09-28 17:58:21
tk_10085755	tiki	31541799	general	Đèn diệt muỗi và các loại côn trùng CON DƠI model CN03		5	Cực kì hài lòng.	2021-06-01 09:41:50	2026-09-28 17:58:21
tk_2778224	tiki	31541799	general	Đèn diệt muỗi và các loại côn trùng CON DƠI model CN03		5	đèn bắt muỗi, ruồi hiệu quả. đèn bắt muỗi, ruồi hiệu quả đáng tiền nên để trên cao tránh xa tầm tay của trẻ em, vì điện giựt mạnh 5 sao	2019-12-25 23:01:21	2026-09-28 17:58:21
tk_5927507	tiki	31541799	general	Đèn diệt muỗi và các loại côn trùng CON DƠI model CN03		5	Cực kì hài lòng. sản phẩm giao nhanh,đóng gói cẩn thận	2020-12-04 07:20:37	2026-09-28 17:58:21
tk_5191799	tiki	31541799	general	Đèn diệt muỗi và các loại côn trùng CON DƠI model CN03		3	Bình thường. nhà nhiều kiến ba khoang nhưng chỉ chết bồ hóng	2020-10-13 11:38:01	2026-09-28 17:58:21
tk_9741173	tiki	31541799	general	Đèn diệt muỗi và các loại côn trùng CON DƠI model CN03		5	Cực kì hài lòng.	2021-05-15 18:35:37	2026-09-28 17:58:21
tk_8883140	tiki	31541799	general	Đèn diệt muỗi và các loại côn trùng CON DƠI model CN03		5	Cực kì hài lòng. rất tốt	2021-04-04 13:43:05	2026-09-28 17:58:23
tk_2478076	tiki	31541799	general	Đèn diệt muỗi và các loại côn trùng CON DƠI model CN03		5	đèn diệt côn trùng rất mạnh. Đèn màu trắng rất xinh, ai vô nhà thấy cũng hỏi, đã giới thiệu cho mọi người mua trên tiki.	2019-09-26 10:53:45	2026-09-28 17:58:23
tk_9577418	tiki	31541799	general	Đèn diệt muỗi và các loại côn trùng CON DƠI model CN03		5	Cực kì hài lòng.	2021-05-08 14:26:55	2026-09-28 17:58:23
tk_5254357	tiki	31541799	general	Đèn diệt muỗi và các loại côn trùng CON DƠI model CN03		5	Cực kì hài lòng. Hàng tốt bắt được rất nhiều muỗi ruồi	2020-10-17 12:53:01	2026-09-28 17:58:23
tk_16876915	tiki	2153235	general	Bình Giữ Nhiệt Lock&Lock Feather Light LHC4131 (450ml)		5	Cực kì hài lòng. Đã mua 03 màu: đen đỏ, trắng xanh và lần này là đen xanh. Cực kỳ hài lòng với chất lượng sản phẩm. Nhân viên giao hàng chờ ko kịp, thay vì xuống xe máy đặt trước cửa thì ngồi trên yên ném hộp đồ vào cửa, móp hộp mà bình ko sao. :)	2022-06-29 08:14:08	2026-09-28 21:29:06
tk_12185468	tiki	2153235	general	Bình Giữ Nhiệt Lock&Lock Feather Light LHC4131 (450ml)		3	Bình thường. Nhận hàng thấy bình bị xước buồn ghê, tin tưởng vì chất lượng bình tốt, mua ở chỗ uy tín, đánh giá cũng cao nhưng khi em nhận hàng mà bị xước 2 chỗ khó chịu thật sự, về giao hàng thì nhanh, hàng nguyên vẹn nhưng giờ đổi trả thì rất mệt với rắc rối nên phải tạm chấp nhận dùng thôi.	2021-09-13 15:22:46	2026-09-28 21:29:06
tk_20192166	tiki	2153235	general	Bình Giữ Nhiệt Lock&Lock Feather Light LHC4131 (450ml)		5	Cực kì hài lòng. Mua nhiều lần rồi, shop khác nhưng chất lượng của Lock&Lock thì k thay đổi	2025-11-20 22:19:42	2026-09-28 21:29:06
tk_20255672	tiki	2153235	general	Bình Giữ Nhiệt Lock&Lock Feather Light LHC4131 (450ml)		5	Cực kì hài lòng.	2026-08-23 15:14:46	2026-09-28 21:29:06
tk_14785129	tiki	2153235	general	Bình Giữ Nhiệt Lock&Lock Feather Light LHC4131 (450ml)		5	Cực kì hài lòng. Sản phẩm rất đẹp, vừa tay! Bình dung tích 450ml mang đi làm khá tiện lợi. Bình lớn hơn khi mang đi làm cộng với đồ đạc thỳ sẽ khá nặng, khuyên các bạn lên mua bình cỡ này nếu muốn mang đi làm! Giao hàng nhanh hơn dự kiến 1 ngày, nhân viên cũng rất lễ phép! Khi muốn mở hẳn bình ra thỳ các bạn nắm vào cái vòng màu xanh và xoáy ngược chiều kim đồng hồ ra nha! Mình loay hoay xoáy không biết mở, tý thỳ giật hỏng cái bình 😄! Mong là chia sẻ của mình sẽ giúp ích cho các bạn. Thanks!	2022-02-04 10:15:27	2026-09-28 21:29:06
tk_20242742	tiki	2153235	general	Bình Giữ Nhiệt Lock&Lock Feather Light LHC4131 (450ml)		5	Cực kì hài lòng.	2026-06-25 22:41:00	2026-09-28 21:29:06
tk_20231431	tiki	2153235	general	Bình Giữ Nhiệt Lock&Lock Feather Light LHC4131 (450ml)		5	Cực kì hài lòng.	2026-05-05 19:11:38	2026-09-28 21:29:06
tk_19963842	tiki	2153235	general	Bình Giữ Nhiệt Lock&Lock Feather Light LHC4131 (450ml)		5	Cực kì hài lòng. Shop giao hàng đúng màu, bọc rất cẩn thận. Về độ giữ nhiệt thì đã từng dùng chiếc trước đây rất tốt, vì tốt nên mua thêm.	2024-08-26 09:50:20	2026-09-28 21:29:06
tk_15217572	tiki	2153235	general	Bình Giữ Nhiệt Lock&Lock Feather Light LHC4131 (450ml)		5	Cực kì hài lòng. shop giao hàng tốc độ ánh sáng luôn, đặt tối bửa trước nhưng trưa hôm sau đã nhận được. Bình rất đẹp, cầm nhẹ tay, ko có mùi hôi gì cả, chất lượng thì ko bik ntn nhưng cả nhà mình ai cũng khen bình đẹp cả	2022-03-02 12:06:48	2026-09-28 21:29:06
tk_9422751	tiki	2153235	general	Bình Giữ Nhiệt Lock&Lock Feather Light LHC4131 (450ml)		5	Cực kì hài lòng. Bình xinh cực kỳ, cầm trên tay mới thấy dễ thương cực kỳ. Phần miệng bình (tiếp xúc với môi) là nhựa chứ không phải inox như bình màu đen, uống vội cũng không sợ dập môi :))). Nói về giữ nhiệt thì khỏi phải bàn vì locknlock giữ nhiệt tốt. Quá thích hợp cho các bạn nữ.	2021-04-30 01:41:54	2026-09-28 21:29:06
tk_20043208	tiki	2153235	general	Bình Giữ Nhiệt Lock&Lock Feather Light LHC4131 (450ml)		5	Cực kì hài lòng. Đẹp, mẫu như hình. Đã mua sp này trước đây 1 năm (màu trắng)	2024-12-05 14:06:52	2026-09-28 21:29:06
tk_20134009	tiki	2153235	general	Bình Giữ Nhiệt Lock&Lock Feather Light LHC4131 (450ml)		5	Cực kì hài lòng. giao hàng nhanh, hàng chính hãng, rất xứng đáng!	2025-06-10 13:50:28	2026-09-28 21:29:06
tk_19287085	tiki	2153235	general	Bình Giữ Nhiệt Lock&Lock Feather Light LHC4131 (450ml)		5	Cực kì hài lòng. Sau một thời gian sử dụng mình thấy dùng tốt nha, mình có làm rơi nhưng không móp tí nào. Mình dùng để pha trà, để qua đêm vẫn giữ được ấm và trà không bị mùi.	2023-06-12 17:41:53	2026-09-28 21:29:06
tk_20190712	tiki	2153235	general	Bình Giữ Nhiệt Lock&Lock Feather Light LHC4131 (450ml)		5	Cực kì hài lòng.	2025-11-15 09:27:58	2026-09-28 21:29:06
tk_16526117	tiki	2153235	general	Bình Giữ Nhiệt Lock&Lock Feather Light LHC4131 (450ml)		5	Cực kì hài lòng. Lần này Tiki đóng gói cẩn thận, có dán nhãn hàng dễ vỡ. Bình không móp méo. Màu trắng có ánh nhũ, nhìn xinh. Bình nhẹ, nắp bình đơn giản dễ vệ sinh, cổ rộng dễ cho đá vào. 450ml nên nhìn nhỏ gọn, thích hợp mang đi học hoặc đi làm.	2022-05-31 15:49:09	2026-09-28 21:29:06
tk_20070828	tiki	2153235	general	Bình Giữ Nhiệt Lock&Lock Feather Light LHC4131 (450ml)		5	Cực kì hài lòng. Màu đẹp , giữ nhiệt tốt	2025-01-22 09:50:30	2026-09-28 21:29:06
tk_2724615	tiki	2153235	general	Bình Giữ Nhiệt Lock&Lock Feather Light LHC4131 (450ml)		4	HÀI LÒNG. Nhận bình hôm chủ nhật, sử dụng 2 ngày thứ 2 và thứ 3 xong mới viết nhận xét. Bình nhẹ, giữ nhiệt tốt, cho đá vào từ 6h sáng đến 6h tối vẫn còn đá lạnh. Nắp bình đơn giản, dễ tháo lắp và vệ sinh. Dung tích 450 ml nên pha cà phê bỏ vô là uống lặc lè luôn. Mình sử dụng giao hàng nhanh nên đặt và nhận hàng trong ngày. Nói chung là hài lòng	2019-12-11 07:54:57	2026-09-28 21:29:06
tk_20168036	tiki	2153235	general	Bình Giữ Nhiệt Lock&Lock Feather Light LHC4131 (450ml)		5	Cực kì hài lòng.	2025-09-09 10:48:47	2026-09-28 21:29:06
tk_18309517	tiki	2153235	general	Bình Giữ Nhiệt Lock&Lock Feather Light LHC4131 (450ml)		5	Cực kì hài lòng. Sản phẩm đáng mua nhé, mình mua để nước nóng pha sữa cho bé khi đi ra ngoài, rất đáng mua ạ, anh giao hàng nhiệt tình thân thiện, hài lòng cách phục vụ của Tiki ♥️♥️♥️♥️	2022-11-29 04:24:39	2026-09-28 21:29:06
tk_20032149	tiki	2153235	general	Bình Giữ Nhiệt Lock&Lock Feather Light LHC4131 (450ml)		1	Rất không hài lòng. Không giữ nhiệt, bỏ nước lạnh nó đổ mồ hôi ướt đẫm	2024-11-16 21:06:46	2026-09-28 21:29:06
tk_20159684	tiki	2153235	general	Bình Giữ Nhiệt Lock&Lock Feather Light LHC4131 (450ml)		5	Cực kì hài lòng.	2025-08-17 09:51:54	2026-09-28 21:29:09
tk_20158665	tiki	2153235	general	Bình Giữ Nhiệt Lock&Lock Feather Light LHC4131 (450ml)		5	Cực kì hài lòng.	2025-08-14 15:34:09	2026-09-28 21:29:09
tk_2433844	tiki	2153235	general	Bình Giữ Nhiệt Lock&Lock Feather Light LHC4131 (450ml)		4	[Đánh giá] Sản phẩm Lock&Lock by Tiki. Sản phẩm được giao hàng bởi Tiki, giao hàng nhanh 10h mình đặt thì tầm 11h có hàng rồi - Chất lượng sản phẩm được đóng gói kĩ, và mình khui hộp ra như hình ảnh bên dưới. - Các phần nắp đậy có nhiều roăn cao su bao quanh giữ nhiệt tốt, có thể tháo ra để vệ sinh dễ dàng - Bình gọn, dễ dàng mang đi hoặc để trên bàn vì có đế cao su giữ ở mặt đáy. Một đặc điểm mình không thích ở sản phẩm này là khó vệ sinh phần bên trong bình :D Các bạn lưu ý: Nhớ đọc kĩ đặc tính sản phẩm hẳn mua nhé!! Tránh mua nhầm sản phẩm không có đặc tính như mình mong muốn, rồi lại đánh giá sai sản phẩm	2019-09-07 16:44:26	2026-09-28 21:29:09
tk_20147545	tiki	2153235	general	Bình Giữ Nhiệt Lock&Lock Feather Light LHC4131 (450ml)		5	Cực kì hài lòng.	2025-07-16 22:38:51	2026-09-28 21:29:09
tk_13916628	tiki	2153235	general	Bình Giữ Nhiệt Lock&Lock Feather Light LHC4131 (450ml)		5	Cực kì hài lòng. Tuyệt Tuyệt Tuyệt Tuyệt Tuyệt Tuyệt Tuyệt Tuyệt Tuyệt Tuyệt Tuyệt Tuyệt Tuyệt Tuyệt Tuyệt Tuyệt Tuyệt Tuyệt Tuyệt Tuyệt Tuyệt Tuyệt Tuyệt Tuyệt Tuyệt Tuyệt Tuyệt Tuyệt Tuyệt Tuyệt Tuyệt Tuyệt Tuyệt Tuyệt Tuyệt Tuyệt Tuyệt Tuyệt Tuyệt Tuyệt Tuyệt Tuyệt Tuyệt Tuyệt Tuyệt Tuyệt Tuyệt Tuyệt Tuyệt Tuyệt Tuyệt Tuyệt Tuyệt Tuyệt Tuyệt Tuyệt	2021-12-18 18:08:49	2026-09-28 21:29:09
tk_13535064	tiki	2153235	general	Bình Giữ Nhiệt Lock&Lock Feather Light LHC4131 (450ml)		1	Rất không hài lòng. Dịch vụ vô cảm và không tư duy: khách hàng góp ý nhưng bảo thủ trì trệ. Hàng đặt cho công ty, giao trễ 3 lần làm hỏng hết việc - Ngày 14/11 đặt hàng, hệ thống bao giao về Bắc Ninh ngày 22/11 - Ngày 17/11 mình băn khoăn vì thấy lạ: giao từ Hà Nội mà hàng có sẵn lại hẹn tận 22/11 mới giao. Gọi lên tổng đài các bạn bảo yên tâm hàng giao đúng ngày, và các bạn cũng chỉ hỗ trợ, kiểm tra được khi hàng giao trễ. - Ngày 22/11 không thấy giao hàng: gọi lên tổng đài báo là 18/11 kho kiểm không đủ hàng nên đặt hàng NCC rồi, dự kiến giao 25/11. Tôi thắc mắc là biết chậm từ 18/11 sao không báo ngay, không cập nhật ngay trên app thì bảo hệ thống Tiki thế, chỉ giao trễ mới có thông báo. Tới hết ngày ngày có thông báo giao trễ 3 ngày. - Ngày 25/11 không thấy giao hàng: gọi lên tổng đài. Tổng đài báo đơn này đã lùi 29/11 mới giao. Tôi hỏi sao app vẫn hiển thị 25/11 giao thì nói tiêu đề hiển thị bên ngoài thế thôi, nhấn vào chi tiết sẽ ra 29/11. Tôi hỏi sao không đồng bộ, và cũng không thấy thông báo thay đổi, tổng đài trả lời hệ thống Tiki thế. - Ngày 29/11 không thấy giao hàng: gọi lên tổng đài. Tổng đài báo chắc không giao được vì thấy vẫn đang vận chuyển, hứa sẽ kiểm tra rồi gọi điện lại. Cả ngày không thấy ai gọi lại. App vẫn hiển thị 29/11 giao hàng. - Ngày 30/11: sáng có người gọi báo là hàng tới bên giao ở Bắc Ninh rồi. Nhưng TIki đang đối soát và hàng đặt tháng 11 chưa phát sẽ bị trả lại luôn. Nên yêu cầu xác nhận nhận hàng qua điện thoại để hàng không bị trả lại cho Tiki. Còn thì hàng sẽ giao trong ngày.	2021-11-30 16:36:36	2026-09-28 21:29:09
tk_13535066	tiki	2153235	general	Bình Giữ Nhiệt Lock&Lock Feather Light LHC4131 (450ml)		1	Rất không hài lòng. Dịch vụ vô cảm và không tư duy: khách hàng góp ý nhưng bảo thủ trì trệ. Hàng đặt cho công ty, giao trễ 3 lần làm hỏng hết việc - Ngày 14/11 đặt hàng, hệ thống bao giao về Bắc Ninh ngày 22/11 - Ngày 17/11 mình băn khoăn vì thấy lạ: giao từ Hà Nội mà hàng có sẵn lại hẹn tận 22/11 mới giao. Gọi lên tổng đài các bạn bảo yên tâm hàng giao đúng ngày, và các bạn cũng chỉ hỗ trợ, kiểm tra được khi hàng giao trễ. - Ngày 22/11 không thấy giao hàng: gọi lên tổng đài báo là 18/11 kho kiểm không đủ hàng nên đặt hàng NCC rồi, dự kiến giao 25/11. Tôi thắc mắc là biết chậm từ 18/11 sao không báo ngay, không cập nhật ngay trên app thì bảo hệ thống Tiki thế, chỉ giao trễ mới có thông báo. Tới hết ngày ngày có thông báo giao trễ 3 ngày. - Ngày 25/11 không thấy giao hàng: gọi lên tổng đài. Tổng đài báo đơn này đã lùi 29/11 mới giao. Tôi hỏi sao app vẫn hiển thị 25/11 giao thì nói tiêu đề hiển thị bên ngoài thế thôi, nhấn vào chi tiết sẽ ra 29/11. Tôi hỏi sao không đồng bộ, và cũng không thấy thông báo thay đổi, tổng đài trả lời hệ thống Tiki thế. - Ngày 29/11 không thấy giao hàng: gọi lên tổng đài. Tổng đài báo chắc không giao được vì thấy vẫn đang vận chuyển, hứa sẽ kiểm tra rồi gọi điện lại. Cả ngày không thấy ai gọi lại. App vẫn hiển thị 29/11 giao hàng. - Ngày 30/11: sáng có người gọi báo là hàng tới bên giao ở Bắc Ninh rồi. Nhưng TIki đang đối soát và hàng đặt tháng 11 chưa phát sẽ bị trả lại luôn. Nên yêu cầu xác nhận nhận hàng qua điện thoại để hàng không bị trả lại cho Tiki. Còn thì hàng sẽ giao trong ngày.	2021-11-30 16:36:48	2026-09-28 21:29:09
tk_12773976	tiki	2153235	general	Bình Giữ Nhiệt Lock&Lock Feather Light LHC4131 (450ml)		5	Cực kì hài lòng. Giữ lạnh rất tốt. Mua cafe buổi sáng, uống hết cafe, mà tới tối nước đá gần như chỉ tan 20%. Vấn đề không phải tiết kiệm nước đá, mà là nước trong bình lúc chúng ta uống gần như nguyên chất vì không bị nước đá hoà tan vào quá nhiều. 👍	2021-10-22 22:40:26	2026-09-28 21:29:09
tk_9864409	tiki	2153235	general	Bình Giữ Nhiệt Lock&Lock Feather Light LHC4131 (450ml)		1	Rất không hài lòng. Mình không hiểu lock and lock kiểu gì ma mình chỉ để chiếc bình trong túi đi làm với những thứ hết sức bình thường như bao kính, hộp thức ăn mà nó cà trông thế này chỉ sau 1 lần dùng/1 ngày mua. Sơn quá là đểu, không thể chấp nhận được	2021-05-21 11:22:20	2026-09-28 21:29:09
tk_20097133	tiki	2153235	general	Bình Giữ Nhiệt Lock&Lock Feather Light LHC4131 (450ml)		5	Cực kì hài lòng. Như mô tả	2025-03-16 13:33:25	2026-09-28 21:29:09
tk_20112628	tiki	2153235	general	Bình Giữ Nhiệt Lock&Lock Feather Light LHC4131 (450ml)		5	Cực kì hài lòng.	2025-04-18 20:12:02	2026-09-28 21:29:09
tk_20094022	tiki	2153235	general	Bình Giữ Nhiệt Lock&Lock Feather Light LHC4131 (450ml)		5	Cực kì hài lòng.	2025-03-10 19:58:00	2026-09-28 21:29:09
tk_15155834	tiki	2153235	general	Bình Giữ Nhiệt Lock&Lock Feather Light LHC4131 (450ml)		5	Cực kì hài lòng. Tiki giao hàng nhanh chóng, mình nhận được rất thích luôn. nv giao hàng nhiệt tình dễ thương giao cả trời mưa thương quá. Lock & Lock thì mình rất ưng ý rồi. tuyệt vời	2022-02-26 16:25:04	2026-09-28 21:29:09
tk_8153610	tiki	2153235	general	Bình Giữ Nhiệt Lock&Lock Feather Light LHC4131 (450ml)		1	Bình mới mua đã bị trầy xước!!. Bình bị trầy xước 1 đường dài trên thân. Mình vừa mở hộp ra cầm bình trên tay thì tình trạng như thế này. Thật là khó chịu khi nhìn cái bình trắng mới hoàn toàn lại bị như vậy, có cảm giác nhà bán cố tình đóng gói khi thấy tình trạng sản phẩm như vậy, hy vọng sẽ sớm được đổi một bình mới từ nhà bán!	2021-03-04 09:24:34	2026-09-28 21:29:09
tk_4625016	tiki	2153235	general	Bình Giữ Nhiệt Lock&Lock Feather Light LHC4131 (450ml)		5	Hài lòng ^^. Chuẩn bị vào năm học mới nên em định mua 1 bình giữ nhiệt tốt, nhẹ nhẹ để mang nước lọc hoặc nước đá theo đi học, chợt may thấy tiki sale mà còn có cả màu hồng xinh xắn này :D Lúc cầm trên tay cảm giác nhẹ thật, màu hồng xinh khỏi chê luôn (này không phải là màu bóng nha). Đặt hôm t2 nhưng hôm nay t4 đã giao đối với em như vậy là rất nhanh. Chưa biết khi sử dụng xong sẽ thế nào nhưng hiệu Lock&Lock nên đặt niềm tin hơi nhiều vào em ấy ^^	2020-08-26 15:24:31	2026-09-28 21:29:09
tk_19902375	tiki	2153235	general	Bình Giữ Nhiệt Lock&Lock Feather Light LHC4131 (450ml)		5	Cực kì hài lòng. Bình rất đẹp nhưng bên trong hơi nhỏ hơn 50ml	2024-06-15 10:14:01	2026-09-28 21:29:09
tk_2930906	tiki	2153235	general	Bình Giữ Nhiệt Lock&Lock Feather Light LHC4131 (450ml)		5	Sp đẹp, giao hàng nhanh, hài lòng. Tiki giao hàng rất nhanh, đóng gói đẹp, chắc chắn. Bình rất đẹp, bỏ gọn vừa túi đeo chéo để đem theo bên mình. chất lượng thì chưa dùng nhiều nên chưa biết. Đổ nước sôi vào thì sau 12h vẫn còn khá nóng.	2020-02-01 16:47:00	2026-09-28 21:29:09
tk_14583299	tiki	2153235	general	Bình Giữ Nhiệt Lock&Lock Feather Light LHC4131 (450ml)		5	Cực kì hài lòng. Giao hàng nhanh, 1 ngày là có hàng, bình nhỏ gọn, màu đẹp. Chưa dùng nên chưa biết thế nào.	2022-01-20 12:05:19	2026-09-28 21:29:09
tk_20056216	tiki	2153235	general	Bình Giữ Nhiệt Lock&Lock Feather Light LHC4131 (450ml)		5	Cực kì hài lòng.	2024-12-27 06:15:39	2026-09-28 21:29:09
tk_10676671	tiki	2153235	general	Bình Giữ Nhiệt Lock&Lock Feather Light LHC4131 (450ml)		4	Hài lòng. bình được nhà sản xuất bỏ vào hộp vừa vặn nhưng bị khuyết 1 bên hộp để nhìn thấy sản phẩm bên trong, ( chỗ này nếu ko bọc kỹ sẽ bình sẽ bị ảnh hưởng đến bình khi vận chuyển) . Vậy mà nhà bán hàng bỏ hàng vào 1 cái thùng *** ton to đùng mà ko chèn lót hay bọc chống sốc. để mặc tình cho sản phẩm chạy lưng tưng bên trong. cũng may ko sao. mẫu này nếu bị mất lưới lọc xem như bỏ luôn cái bình. vì phải lắp lưới lọc vào mới vặn và đậy được nắp bình. Nhà sản xuất nên thiết kế nắp bình có thể vặn vào bình được khi bỏ lưới lọc. vì ko phải ai cũng dùng bình này để uổng trà. . Mình đang muốn đổi sản phẩm khác vì mình không uống trà. để lưới lọc có vẻ vướng víu quá. mà bỏ đi thì ko đượcm	2021-06-26 14:56:47	2026-09-28 21:29:09
tk_18127273	tiki	2153235	general	Bình Giữ Nhiệt Lock&Lock Feather Light LHC4131 (450ml)		1	Rất không hài lòng. tối qua vừa lấy ra sử dụng lần đầu. sáng nay thì thấy bình rịn nước ra ngoài. shop đổi bình khác cho mình đi bình này bị lỗi rồi	2022-11-05 07:45:16	2026-09-28 21:29:11
tk_2937296	tiki	2153235	general	Bình Giữ Nhiệt Lock&Lock Feather Light LHC4131 (450ml)		5	Đáng tiền. Bình đẹp, giống hình, màu trắng có ánh nhũ chứ ko phải trắng thường. Lúc mới nhận thấy khá nhẹ nên ko tin tưởng lắm. Tối đổ thử nước sôi vào từ 11h đêm đến 10h sáng vẫn còn ấm, hơn cả mong đợi	2020-02-03 09:50:42	2026-09-28 21:29:11
tk_18929367	tiki	2153235	general	Bình Giữ Nhiệt Lock&Lock Feather Light LHC4131 (450ml)		2	Không hài lòng. Shipper giao hàng đứng xa để KH đi đến lấy với lý do tiện đi giao đơn khác. Đã trả phí ship rồi mà còn bị đối xử thế. Chán thiệt!!!	2023-03-09 09:16:31	2026-09-28 21:29:11
tk_2383061	tiki	2153235	general	Bình Giữ Nhiệt Lock&Lock Feather Light LHC4131 (450ml)		5	Tiki. Mình không biết đây là lần thứ mấy mình tin tưởng và mua hàng trên TIKI rồi phải nói là rất hài lòng. Đặc biệt là khâu giao hàng. Tiki giao hàng rất nhanh. Khi chưa đầy 24h mình đã nhận được sản phẩm. Tiki đóng gói rất cẩn thận mình đã kiểm tra 4 góc vuôg của hộp nhưng không hề có tí méo hay nhăn nào cả. Chất lượng bình giữ nhiệt thì mình sẽ trải nghiệm sau. Tiki good job	2019-08-15 20:13:43	2026-09-28 21:29:11
tk_20041645	tiki	2153235	general	Bình Giữ Nhiệt Lock&Lock Feather Light LHC4131 (450ml)		5	Cực kì hài lòng.	2024-12-02 22:25:25	2026-09-28 21:29:11
tk_20040516	tiki	2153235	general	Bình Giữ Nhiệt Lock&Lock Feather Light LHC4131 (450ml)		5	Cực kì hài lòng.	2024-12-01 09:00:59	2026-09-28 21:29:11
tk_20035782	tiki	2153235	general	Bình Giữ Nhiệt Lock&Lock Feather Light LHC4131 (450ml)		5	Cực kì hài lòng.	2024-11-22 21:44:14	2026-09-28 21:29:11
tk_4114405	tiki	2153235	general	Bình Giữ Nhiệt Lock&Lock Feather Light LHC4131 (450ml)		5	Cực kì hài lòng. Đẹp cực. Nhưng diện tích hơi nhỏ. ( với mình ) Chất lượng tốt. anhr này dùng hơn năm rồi, rơi các thể loại 2-3m xuống đất, bị đá cho 2 phát lăn lông lốc mà siêu siêu bền. Rơi 1 lần không sao đâu nhưng rơi 2-3 lần trở lên là xước nhẹ. Nhấn mạnh là rất bền nhaaa	2020-07-18 12:00:24	2026-09-28 21:29:11
tk_8770759	tiki	2153235	general	Bình Giữ Nhiệt Lock&Lock Feather Light LHC4131 (450ml)		5	Cực kì hài lòng. rất đẹp luôn. giao hàng nhanh nữa. cho shop 5sao nhé, mọi người có thể chọn sp này sài nè vệ sinh cũng dễ dàng vì mình đã mua lần thứ 2 rồi	2021-03-30 13:41:02	2026-09-28 21:29:11
tk_12724041	tiki	2153235	general	Bình Giữ Nhiệt Lock&Lock Feather Light LHC4131 (450ml)		5	Cực kì hài lòng. Mình rất tin tưởng các sản phẩm của lock&lock. Đợt trước mua 1 bình giống vầy xài đã 3 năm vẫn còn tốt nhưng mà gioăng của bình bị hư. Rất đáng tiền khi mua	2021-10-20 13:17:13	2026-09-28 21:29:11
tk_9597448	tiki	2153235	general	Bình Giữ Nhiệt Lock&Lock Feather Light LHC4131 (450ml)		5	Cực kì hài lòng. Xài tốt. Giữ nhiệt lâu. Giao hàng siêu nhanh. Đóng gói cẩn thận. Nói chung là mình thích đồ lock and lock nên highly recommend ạ.	2021-05-09 13:18:01	2026-09-28 21:29:11
tk_8235961	tiki	2153235	general	Bình Giữ Nhiệt Lock&Lock Feather Light LHC4131 (450ml)		4	Tikinow giao sau 2 ngày. bình đẹp, chất lượng tốt, sản phẩm ko có gì để nói, chỉ nói về khâu giao hàng, tikinow giao sau 2 ngày, ko tin đc, tài xế gọi, chuông reo đc 3s thì tắc, gọi lại thì ko đc, rồi báo là gọi ko nghe máy nên ko giao hàng, đâu phải lúc nào cũng cầm đt trên tay để nghe liền đâu, chán tikinow	2021-03-07 15:08:42	2026-09-28 21:29:11
tk_18021404	tiki	2153235	general	Bình Giữ Nhiệt Lock&Lock Feather Light LHC4131 (450ml)		5	Cực kì hài lòng. Bình thiết kế đẹp. Lưu nhiệt nóng lạnh tương đối tốt. Thương hiệu lock & lock thì khỏi bàn rồi. Mn nên mua:))	2022-10-22 18:48:18	2026-09-28 21:29:11
tk_15062022	tiki	2153235	general	Bình Giữ Nhiệt Lock&Lock Feather Light LHC4131 (450ml)		4	Hài lòng. Mình mới mua được một tuần, nhìn chung là okie, bình đẹp giữ nhiệt tốt, hơi nhẹ tuy nhiên phần sơn bên ngoài nếu nhìn kỹ sẽ thấy một số chỗ chưa hoàn thiện.	2022-02-21 09:13:33	2026-09-28 21:29:11
tk_9882451	tiki	2153235	general	Bình Giữ Nhiệt Lock&Lock Feather Light LHC4131 (450ml)		3	Bình thường. Mô tả sản phẩm ghi của Hàn Quốc mà bình nhận về thì ghi xuất xứ Trung Quốc?	2021-05-22 09:13:28	2026-09-28 21:29:11
tk_18743399	tiki	2153235	general	Bình Giữ Nhiệt Lock&Lock Feather Light LHC4131 (450ml)		5	Cực kì hài lòng. Thời gian giữ nhiệt lâu, màu sắc đẹp, giao đúng đơn đã đặt. Hiệu suất giữ nhiệt tốt nên cẩn thận kẻo bỏng.	2023-02-05 12:47:23	2026-09-28 21:29:11
tk_19653241	tiki	2153235	general	Bình Giữ Nhiệt Lock&Lock Feather Light LHC4131 (450ml)		5	Cực kì hài lòng. Sản phẩm rất ok	2023-11-19 09:50:21	2026-09-28 21:29:11
tk_18342467	tiki	2153235	general	Bình Giữ Nhiệt Lock&Lock Feather Light LHC4131 (450ml)		5	Cực kì hài lòng. Bình đẹp, đúng mẫu, giao hàng nhanh. Bình giữ nhiệt tốt, sáng pha trà đến tối vẫn còn ấm	2022-12-03 22:37:48	2026-09-28 21:29:11
tk_12916461	tiki	2153235	general	Bình Giữ Nhiệt Lock&Lock Feather Light LHC4131 (450ml)		5	Cực kì hài lòng. Tiki đóng gòi hàng rất cẩn thận và đặc biệt là dùng hộp giấy rất hạn chế rác thải nhựa ra ngoài mtr và bình rất đẹp và chất lượng	2021-10-30 13:47:38	2026-09-28 21:29:11
tk_19440490	tiki	2153235	general	Bình Giữ Nhiệt Lock&Lock Feather Light LHC4131 (450ml)		5	Cực kì hài lòng. Chất liệu an toàn, giữ nhiệt lâu.	2023-08-07 21:32:30	2026-09-28 21:29:11
tk_8697626	tiki	2153235	general	Bình Giữ Nhiệt Lock&Lock Feather Light LHC4131 (450ml)		5	Bình giữ nhiệt Lock&Lock Feather Lihgt LHC4131 (450ml) Đen-đỏ. Mình mới nhận hàng hôm qua.Hàng đẹp, Tiki đóng gói cẩn thận, minh mua binh này là cái thứ 2, cái trước minh đã dùng ( Đen-Xanh) rất tốt, giữ nhiệt tốt,! Còn bình đen đỏ mới nhận hôm qua minh chưa thử, phản hồi shop sao nhé! Luôn tin tưởng và ủng hộ TIKI!	2021-03-27 10:08:43	2026-09-28 21:44:54
tk_5804475	tiki	2153235	general	Bình Giữ Nhiệt Lock&Lock Feather Light LHC4131 (450ml)		2	Không hài lòng. Sau khoảng 5 tháng sử dụng thì mình thấy bình thực sự chưa tốt. Về vấn đề giữ nhiệt thì khá giống như quảng cáo nhưng các gioăng cao su sau thời gian sử dụng thì bị teo lại, nếu để bình nằm nghiêng là nước chảy ra hết. Mình đựng chủ yếu là cafe sữa nên nó dơ kinh khủng.	2020-11-29 01:01:45	2026-09-28 21:44:54
tk_19811166	tiki	2153235	general	Bình Giữ Nhiệt Lock&Lock Feather Light LHC4131 (450ml)		5	Cực kì hài lòng. Màu sắc đẹp	2024-03-18 21:17:32	2026-09-28 21:44:54
tk_19872637	tiki	2153235	general	Bình Giữ Nhiệt Lock&Lock Feather Light LHC4131 (450ml)		5	Cực kì hài lòng.	2024-05-14 10:07:00	2026-09-28 21:44:54
tk_5547045	tiki	2153235	general	Bình Giữ Nhiệt Lock&Lock Feather Light LHC4131 (450ml)		3	Bình thường. Sau khoảng thời gian sử dụng bình của mình bắt đầu tróc sơn (nhìn sơ sẽ không thấy nhưng quan sát kỹ sẽ thấy). Mình khá thật vọng về điều này, vì thông tin về sản phẩm cho thấy lớp sơn rất khó bị bong tróc. Với lại, giá tiền của bình không hề rẻ so với giá thị trường nhưng lại dễ bị tróc sơn đến vậy. Mình mua bình màu đen nên bạn nào mua mẫu này thì nên cân nhắc.	2020-11-11 10:46:21	2026-09-28 21:44:54
tk_13423806	tiki	2153235	general	Bình Giữ Nhiệt Lock&Lock Feather Light LHC4131 (450ml)		5	Cực kì hài lòng. bình giữ nhiệt gọn nhẹ, cầm vừa tay. giữ nhiệt tốt. dễ dàng vệ sinh. tiki giao hàng khá nhanh chóng. đóng gói khá kỹ càng.	2021-11-25 13:23:20	2026-09-28 21:44:54
tk_10972173	tiki	2153235	general	Bình Giữ Nhiệt Lock&Lock Feather Light LHC4131 (450ml)		4	Hài lòng. hàng đẹp, nhỏ gọn. Nhưng shop đăng mua trên 600k vao ngày 6/7 có quà tặng mà mà ko có, quà của tiki đã chọn cũng ko giao. Nên xem lại ko có đừng có đăng.mà	2021-07-08 10:25:12	2026-09-28 21:44:54
tk_17734388	tiki	2153235	general	Bình Giữ Nhiệt Lock&Lock Feather Light LHC4131 (450ml)		5	Cực kì hài lòng. Hàng đúng như miêu tả	2022-09-19 09:22:54	2026-09-28 21:44:54
tk_19335514	tiki	2153235	general	Bình Giữ Nhiệt Lock&Lock Feather Light LHC4131 (450ml)		5	Cực kì hài lòng. Sản phẩm tốt, màu sắc đẹp	2023-06-29 12:30:14	2026-09-28 21:44:54
tk_17619042	tiki	2153235	general	Bình Giữ Nhiệt Lock&Lock Feather Light LHC4131 (450ml)		5	Cực kì hài lòng. Bình đẹp, rất ưng ý, ủng hộ shop. Ghét nhất viết bình luận phải chứa ít nhất 50 ký tự.	2022-09-07 09:51:06	2026-09-28 21:44:54
tk_12868323	tiki	2153235	general	Bình Giữ Nhiệt Lock&Lock Feather Light LHC4131 (450ml)		5	Cực kì hài lòng. Sản phẩm cực kỳ chất lượng, đẹp và nhẹ! Tiki đóng gói hàng chỉn chu, giao hàng nhanh.	2021-10-27 21:50:31	2026-09-28 21:44:54
tk_18218637	tiki	2153235	general	Bình Giữ Nhiệt Lock&Lock Feather Light LHC4131 (450ml)		5	Cực kì hài lòng. Hàng giao nhanh chóng. Đóng gói cẩn thận. Giữ nhiệt khá tốt, bình nhỏ gọn	2022-11-16 08:06:55	2026-09-28 21:44:54
tk_3607399	tiki	2153235	general	Bình Giữ Nhiệt Lock&Lock Feather Light LHC4131 (450ml)		5	Cực kì hài lòng. Bình có lớp vỏ đen nhám rất đẹp, nhìn xinh hơn mình tưởng tượng nhiều lắm. Loại này cũng nhẹ hơn bình giữ nhiệt mình mua hồi trước, nhưng cầm chắc tay hơn. Để nước nóng từ chiều qua đến sáng nay mở ra vẫn còn nóng. Hài lòng.	2020-05-21 12:04:52	2026-09-28 21:44:54
tk_2771572	tiki	2153235	general	Bình Giữ Nhiệt Lock&Lock Feather Light LHC4131 (450ml)		5	Cực kì hài lòng. Bình đẹp, chất lượng và còn nguyên seal lúc mình nhận. Đồ Lock&Lock thì chất lượng khỏi bàn, hình thức đẹp, tiện cho mình mang đi tập gym hay chạy bộ, chơi thể thao. Có ngăn lọc trà, khá tiện nếu bạn nào thích uống trà thì cứ đổ bã hết vô, rùi pha nước nóng.	2019-12-24 00:05:05	2026-09-28 21:44:54
tk_2529904	tiki	2153235	general	Bình Giữ Nhiệt Lock&Lock Feather Light LHC4131 (450ml)		5	Cực kì hài lòng. Mình mua được 3 ngày, đang rảnh nên review cho mọi người. Ngày đầu mình pha cf để hơn 13 tiếng mà vẫn còn đá, vị cf không bị nhạt (mình pha hơi nhiều nên uống không hết), hsau mình để nước cam từ sáng đến trưa mà đá chỉ tan có một ít. Bình dùng tốt, đẹp, gọn. Vì mình mới dùng nên không biết lâu dài có phât sinh vấn đề không. Hình dọc mà up lên bị ngang, ánh sáng hơi nhiều nên màu không được đẹp.	2019-10-17 12:42:12	2026-09-28 21:44:54
tk_18201123	tiki	2153235	general	Bình Giữ Nhiệt Lock&Lock Feather Light LHC4131 (450ml)		5	Cực kì hài lòng. Mình bị mê bình giữ nhiệt lock & lock. Mua nhiều lần rồi. Giao hàng nhanh	2022-11-14 08:27:30	2026-09-28 21:44:54
tk_10300604	tiki	2153235	general	Bình Giữ Nhiệt Lock&Lock Feather Light LHC4131 (450ml)		5	Cực kì hài lòng. Sản phẩm đẹp, nhỏ gọn, giữ nhiệt lâu, hơn 8 tiếng mà vẫn còn rất nóng	2021-06-10 01:42:47	2026-09-28 21:44:54
tk_11629642	tiki	2153235	general	Bình Giữ Nhiệt Lock&Lock Feather Light LHC4131 (450ml)		4	Hài lòng. Bình giữ nóng khá tốt, nhưng có vẻ chất lượng bình không bằng zebra. Điểm trừ là phần lưới lọc bằng nhựa có mùi khó chịu. không biết 1 thời gian nó có hết không.	2021-08-05 22:13:18	2026-09-28 21:44:54
tk_18187900	tiki	2153235	general	Bình Giữ Nhiệt Lock&Lock Feather Light LHC4131 (450ml)		5	Cực kì hài lòng. Bình khá đẹp. tiki giao hàng nhanh kinh khủng nói chung là hài lòng	2022-11-12 15:52:42	2026-09-28 21:44:54
tk_18714138	tiki	2153235	general	Bình Giữ Nhiệt Lock&Lock Feather Light LHC4131 (450ml)		5	Cực kì hài lòng. Giữ nhiệt ổn, tiện lợi với ngăn chặn đá	2023-02-01 09:25:18	2026-09-28 21:44:54
tk_4328775	tiki	2153235	general	Bình Giữ Nhiệt Lock&Lock Feather Light LHC4131 (450ml)		4	Hài lòng. Nhiệt lượng tỏa ra bên ngoài thông qua vỏ bình không đều, phần cao su phía trên tiếp xúc với thân khi chứa nước lạnh (nóng) thì nó mát (ấm) hơn so với phần còn lại. Giữ nhiệt: OK, tầm 4 tiếng cảm thấy nhiệt vẫn giữ đều, từ 4h trở đi thì giữ kém hơn và cảm nhận được sự thay đổi Độ bền: Chưa đánh giá được	2020-08-04 23:47:02	2026-09-28 21:44:57
tk_3041365	tiki	2153235	general	Bình Giữ Nhiệt Lock&Lock Feather Light LHC4131 (450ml)		5	Hài lòng. Giao hàng rất nhanh, bình nước đẹp, đúng như hình mô tả và rất nhẹ. Tuy nhiên bình hơi dễ ám mùi. Mình hãm nước đậu rang vài lần, sau đó dù không uống nữa nhưng có tráng qua nước sôi mấy lần vẫn hơi nặng mùi, chắc để mình thử cách khác xem sao. Nói chung là mình vẫn hài lòng với sản phẩm, thời gian giao hàng cũng như giá trên tiki.	2020-02-22 07:39:13	2026-09-28 21:44:57
tk_8906915	tiki	2153235	general	Bình Giữ Nhiệt Lock&Lock Feather Light LHC4131 (450ml)		2	Không hài lòng. Chất lượng không bằng mua ở store hàng do việt nam sản xuất. Thép mỏng ko dày dặn. Chất lượng kém so với giá thành.	2021-04-05 16:23:05	2026-09-28 21:44:57
tk_19753131	tiki	2153235	general	Bình Giữ Nhiệt Lock&Lock Feather Light LHC4131 (450ml)		5	Cực kì hài lòng.	2024-01-31 07:09:02	2026-09-28 21:44:57
tk_18150211	tiki	2153235	general	Bình Giữ Nhiệt Lock&Lock Feather Light LHC4131 (450ml)		5	Cực kì hài lòng. Rất ưng sản phẩm. Nhẹ, giữ nhiệt tốt. Cần trải nghiệm thêm để xem độ bền thế nào ạ 😊	2022-11-08 11:00:11	2026-09-28 21:44:57
tk_11536513	tiki	2153235	general	Bình Giữ Nhiệt Lock&Lock Feather Light LHC4131 (450ml)		5	Cực kì hài lòng. cảm ơn chú shipper nhiều ạ tiki giáo hàng nhanh , cảm ơn mn đã cố gắng hết sức trong mùa dịch này ạ , cháu cảm ơn mn rất nhiều, chúc mn sức khỏe thật tốt ạ	2021-07-31 15:56:48	2026-09-28 21:44:57
tk_15160574	tiki	2153235	general	Bình Giữ Nhiệt Lock&Lock Feather Light LHC4131 (450ml)		5	Cực kì hài lòng. hàng đẹp, bao gói cẩn thận, giữ nhiệt tốt	2022-02-26 22:09:20	2026-09-28 21:44:57
tk_2945885	tiki	2153235	general	Bình Giữ Nhiệt Lock&Lock Feather Light LHC4131 (450ml)		1	Thất vọng.. Mình mua bình khá lâu rồi nhưng hôm nay mới bỏ ra dùng. Mình pha trà xanh với nước đun sôi (nước rất nóng) đổ đầy bình từ 11h trưa thì đến 4h chiều đã thành nước nguội rồi. Bình giữ ấm không tốt, phần vòng xanh quanh miệng mình thoát nhiệt tạo thành nước đọng có thể thấy rõ. Không biết các bạn có như vậy không? Tình huống như mình thì giải quyết như thế nào, Tiki? Ưu điểm là bình đẹp và nhẹ, giao hàng nhanh chóng.	2020-02-04 16:44:43	2026-09-28 21:44:57
tk_3987650	tiki	2153235	general	Bình Giữ Nhiệt Lock&Lock Feather Light LHC4131 (450ml)		1	Rất không hài lòng. lúc mới mua thì giữ nhiệt rất lâu đúng như sản phẩm ghi, nhưng sử dụng được hơn 2 tháng thì tự nhiên bình mất khả giữ nhiệt, để đá vào đậy kính bình nhưng chỉ giữ được 2h là nước đá tan hết, hơi nước bám ướt hết ngoài bình.	2020-07-04 18:48:40	2026-09-28 21:44:57
tk_19695195	tiki	2153235	general	Bình Giữ Nhiệt Lock&Lock Feather Light LHC4131 (450ml)		5	Cực kì hài lòng. Ok	2023-12-25 17:45:13	2026-09-28 21:44:57
tk_19696306	tiki	2153235	general	Bình Giữ Nhiệt Lock&Lock Feather Light LHC4131 (450ml)		5	Cực kì hài lòng.	2023-12-26 13:17:57	2026-09-28 21:44:57
tk_2347980	tiki	2153235	general	Bình Giữ Nhiệt Lock&Lock Feather Light LHC4131 (450ml)		2	gioăng cao su không kín, bị lọt hơi. đã mua 2 bình như thế này rồi. đợt trước rất hài lòng. vì bị mất nên mình mua lại cũng bình 450ml như thế. nhưng lần này không hài lòng. mình bỏ nước nóng tối qua, và đóng nắp lại thì ở phần liên kết bình và nắp (phần màu đỏ) khi sờ vào thấy nóng. sáng nay thấy hơi nước ngưng tụ thành những giọt nhỏ bám phía trong (như hình). chứng tỏ bình bị lọt hơi nước qua gioăng cao su. mua về khui hộp rồi quăng luôn, không suy nghĩ vì tin tưởng vào chất lượng lock&lock nhưng thực tế thì không may mắn lắm nên dính phải sản phẩm lỗi thế này đây. chờ phản hồi của Tiki.	2019-07-31 15:44:40	2026-09-28 21:44:57
tk_19691067	tiki	2153235	general	Bình Giữ Nhiệt Lock&Lock Feather Light LHC4131 (450ml)		5	Cực kì hài lòng.	2023-12-22 20:37:53	2026-09-28 21:44:57
tk_18118250	tiki	2153235	general	Bình Giữ Nhiệt Lock&Lock Feather Light LHC4131 (450ml)		2	Không hài lòng. Nhựa miệng bình có nhiều đốm đen như nhựa tái chế.	2022-11-03 20:46:13	2026-09-28 21:44:57
tk_13335692	tiki	2153235	general	Bình Giữ Nhiệt Lock&Lock Feather Light LHC4131 (450ml)		5	Cực kì hài lòng. Mình mua lâu rồi nay mới đánh giá nè. Chất lượng bình tốt giữ nóng tầm 12 tiếng giữ lạnh cũng thế, dùng đựng nước mùa đông uống tiện lắm luôn. Giao hàng nhanh	2021-11-21 03:32:21	2026-09-28 21:44:57
tk_2182282	tiki	2153235	general	Bình Giữ Nhiệt Lock&Lock Feather Light LHC4131 (450ml)		4	Hài lòng. Mẫu nhìn đẹp, nhưng mà do check hàng không kĩ, lúc a shipper đi mở ra thì thấy trên nắp bị trầy với trên thân cũng có sướt nhẹ. Hơi bị buồn... mặc dù hàng lock & lock thì tốt khỏi chê	2019-05-05 14:58:27	2026-09-28 21:44:57
tk_19670853	tiki	2153235	general	Bình Giữ Nhiệt Lock&Lock Feather Light LHC4131 (450ml)		5	Cực kì hài lòng.	2023-12-03 19:51:13	2026-09-28 21:44:57
tk_6278978	tiki	2153235	general	Bình Giữ Nhiệt Lock&Lock Feather Light LHC4131 (450ml)		5	Cực kì hài lòng. Chất lượng sản phẩm tốt phù hợp với giá thành của sản phẩm, thời gian giao hàng nhanh, đóng gói sản phẩm rất cẩn thận và chắc chắn, Sẽ tiếp tục ủng hộ	2020-12-17 13:12:16	2026-09-28 21:44:57
tk_2988796	tiki	2153235	general	Bình Giữ Nhiệt Lock&Lock Feather Light LHC4131 (450ml)		4	Hài lòng. Nhìn ban đầu thì tạm được. vỏ bình với bình bám hơi nhiều bụi, chất lượng sp ra sao thì phải dùng 1 thời gian mới biết. còn về giao hàng thì nhanh ko cần phải nói. sẽ ủng hộ tiki lâu dài ?	2020-02-12 18:04:08	2026-09-28 21:44:57
tk_3644392	tiki	2153235	general	Bình Giữ Nhiệt Lock&Lock Feather Light LHC4131 (450ml)		4	Hài lòng. bình chia làm 3 phần: nắp trên, phần lọc (phần viền nhựa màu trang trí ở giữa) và phần bình đựng. Phần bình và phần nắp thiết kế cách nhiệt rất tốt nhưng phần lọc nhưa ở giữa do cấu tạo từ nhựa nên tạo ra điểm thoát nhiệt khiến việc giữ lạnh không được tối ưu. Phần sơn ngoài khá dễ trầy xước nếu ko giữ cẩn thận.	2020-05-27 12:51:52	2026-09-28 21:44:57
tk_19649444	tiki	2153235	general	Bình Giữ Nhiệt Lock&Lock Feather Light LHC4131 (450ml)		5	Cực kì hài lòng.	2023-11-16 12:37:46	2026-09-28 21:44:59
tk_3550045	tiki	2153235	general	Bình Giữ Nhiệt Lock&Lock Feather Light LHC4131 (450ml)		5	Cực kì hài lòng. Bình rất xinh xắn, kiểu dáng thanh lịch, sang, cầm gọn tay Giữ nhiệt tốt, mình cho nước nóng để từ sáng đến chiều vẫn thế Đế cao su hay silicon gì đấy, nói chung để rất nhẹ nhàng, êm ái Có chiếc bình này từ nay mình có thể đem đi làm nhiều loại đồ uống như sữa hạt, trà đậu đen gạo lứt, chè giải nhiệt, nước nấm ủ, ...	2020-05-13 08:23:21	2026-09-28 21:44:59
tk_19642872	tiki	2153235	general	Bình Giữ Nhiệt Lock&Lock Feather Light LHC4131 (450ml)		5	Cực kì hài lòng.	2023-11-12 15:05:36	2026-09-28 21:44:59
tk_4001727	tiki	2153235	general	Bình Giữ Nhiệt Lock&Lock Feather Light LHC4131 (450ml)		3	Bình thường. Sản phẩm thì rất chi là ok, nhưng mình đặt đơn hàng 498k nhưng vẫn không được freeship là sao hệ thống ha? Mình gọi cho bên tiki để giải đáp thắc mắc cũng không được luôn. Hi vọng hệ thống tiki thấy được comment này và liên hệ với mình sớm nhé! Cảm ơn ạ!	2020-07-06 14:47:48	2026-09-28 21:44:59
tk_19629331	tiki	2153235	general	Bình Giữ Nhiệt Lock&Lock Feather Light LHC4131 (450ml)		5	Cực kì hài lòng.	2023-11-04 22:45:56	2026-09-28 21:44:59
tk_2618047	tiki	2153235	general	Bình Giữ Nhiệt Lock&Lock Feather Light LHC4131 (450ml)		5	Cực kì hài lòng. Ưng lắm nhé, mua được lúc giá sale. Hàng lock&lock thì yên tâm rồi, màu đen nhám, đúng ý, cầm hơi dính dấu vân tay lên thành bình cơ mà ko sao, vẫn thích lắm. Ship bao nhanh nhé, mình ở tỉnh, hôm qua đặt mà hôm nay nhận được rồi, nhỏ e mình thích quá lại nhờ đặt mua thêm một cái luôn kkkk	2019-11-09 19:47:49	2026-09-28 21:44:59
tk_19608902	tiki	2153235	general	Bình Giữ Nhiệt Lock&Lock Feather Light LHC4131 (450ml)		5	Cực kì hài lòng.	2023-10-24 13:14:33	2026-09-28 21:44:59
tk_19602430	tiki	2153235	general	Bình Giữ Nhiệt Lock&Lock Feather Light LHC4131 (450ml)		5	Cực kì hài lòng.	2023-10-20 21:26:48	2026-09-28 21:44:59
tk_19459643	tiki	2153235	general	Bình Giữ Nhiệt Lock&Lock Feather Light LHC4131 (450ml)		5	Cực kì hài lòng. giữ lạnh tốt	2023-08-15 10:42:22	2026-09-28 21:44:59
tk_3292914	tiki	2153235	general	Bình Giữ Nhiệt Lock&Lock Feather Light LHC4131 (450ml)		1	Rất không hài lòng. Giao hàng nhanh, nhưng bề ngoài vỏ hộp quá bẩn thật sự mình rất buồn khi thấy vỏ ngoài dưới hộp quá bẩn như thế, thật sự ko cảm thấy hài lòng khi mua sản phẩm của shop	2020-03-31 09:21:03	2026-09-28 21:44:59
tk_15132068	tiki	2153235	general	Bình Giữ Nhiệt Lock&Lock Feather Light LHC4131 (450ml)		5	Cực kì hài lòng. Sp như hình, đẹp, giao sớm hơn dự kiến, chất lượng tốt.	2022-02-25 08:53:04	2026-09-28 21:44:59
tk_19591381	tiki	2153235	general	Bình Giữ Nhiệt Lock&Lock Feather Light LHC4131 (450ml)		5	Cực kì hài lòng.	2023-10-15 16:24:57	2026-09-28 21:44:59
tk_2170401	tiki	2153235	general	Bình Giữ Nhiệt Lock&Lock Feather Light LHC4131 (450ml)		1	Bình bị móp. Gói hàng của mình ko hề có mút xốp bảo vệ, hộp đựng ko bẹp nhưng khi mở ra đáy bình đã bị móp 2 chỗ, rất có thể ngay từ lúc đóng gói bình đã bị móp rồi, Hàng tiki trading mà bị nên mình khá là bức xúc	2019-04-26 19:49:56	2026-09-28 21:44:59
tk_19584324	tiki	2153235	general	Bình Giữ Nhiệt Lock&Lock Feather Light LHC4131 (450ml)		5	Cực kì hài lòng.	2023-10-12 08:16:48	2026-09-28 21:44:59
tk_13742435	tiki	2153235	general	Bình Giữ Nhiệt Lock&Lock Feather Light LHC4131 (450ml)		4	Hài lòng. Hàng như hình, giao hàng nhanh. Thank Tiki!	2021-12-11 15:21:51	2026-09-28 21:44:59
tk_3367142	tiki	2153235	general	Bình Giữ Nhiệt Lock&Lock Feather Light LHC4131 (450ml)		4	HÀI LÒNG. mình mua cách đây khoảng 1 tháng, rất hài lòng, bình màu trắng sọc đỏ nhìn rất đẹp, sơn trắng bóng nên dễ vệ sinh ko bám bẩn nhiều, bình giữ nhiệt lâu, có nắp chặn trà nên khi uống rất tiện, đáy bình có miếng cao su nên đặt lên bàn nhẹ nhàng ko gây tiếng động lớn, hôm trước uống trà gừng (lát gừng tươi) cả ngày tối về rửa bình bằng nước rửa chén nhưng sáng mai mùi gừng vẫn bám trong bình, nhưng hk sao vì mình nghĩ chắc bình nào mà uống mấy thức uống có mùi đặc trưng thì cũng sẽ để lại mùi như vậy. Tiki giao hàng nhanh, thái độ lịch sự . Cảm ơn !	2020-04-10 09:45:54	2026-09-28 21:44:59
tk_19580357	tiki	2153235	general	Bình Giữ Nhiệt Lock&Lock Feather Light LHC4131 (450ml)		5	Cực kì hài lòng.	2023-10-10 11:35:29	2026-09-28 21:44:59
tk_17802973	tiki	2153235	general	Bình Giữ Nhiệt Lock&Lock Feather Light LHC4131 (450ml)		5	Cực kì hài lòng. bình đẹp, không có mùi hôi, rất ưng cái bụng	2022-09-26 19:22:17	2026-09-28 21:44:59
tk_3946244	tiki	2153235	general	Bình Giữ Nhiệt Lock&Lock Feather Light LHC4131 (450ml)		5	Cực kì hài lòng. Hàng đóng gói đẹp, mẫu mã theo đúng yêu cầu, giao hàng nhanh hơn dự kiến 1 ngày.	2020-06-30 08:21:34	2026-09-28 21:44:59
tk_11681843	tiki	2153235	general	Bình Giữ Nhiệt Lock&Lock Feather Light LHC4131 (450ml)		5	Cực kì hài lòng. Xinh và sang quá, điểm 10 cho vẻ bên ngoài, hy vọng chất lượng cũng thế, tiki now giao hàng siêu nhanh ^^	2021-08-08 14:31:20	2026-09-28 21:44:59
tk_19566839	tiki	2153235	general	Bình Giữ Nhiệt Lock&Lock Feather Light LHC4131 (450ml)		5	Cực kì hài lòng.	2023-10-03 17:00:59	2026-09-28 21:45:01
tk_19563095	tiki	2153235	general	Bình Giữ Nhiệt Lock&Lock Feather Light LHC4131 (450ml)		5	Cực kì hài lòng.	2023-10-01 18:15:50	2026-09-28 21:45:01
tk_12154904	tiki	2153235	general	Bình Giữ Nhiệt Lock&Lock Feather Light LHC4131 (450ml)		5	Cực kì hài lòng. Bình nhỏ gọn, cầm rất thích. 450ml vừa đủ để uống cafe đá. Hài lòng với sản phẩm này	2021-09-10 17:30:41	2026-09-28 21:45:01
tk_18803430	tiki	2153235	general	Bình Giữ Nhiệt Lock&Lock Feather Light LHC4131 (450ml)		5	Cực kì hài lòng. Sản phẩm lock&lock thì khỏi bàn về chất lượng	2023-02-15 08:50:33	2026-09-28 21:45:01
tk_1903098	tiki	2153235	general	Bình Giữ Nhiệt Lock&Lock Feather Light LHC4131 (450ml)		5	Rẻ, đẹp, tốt. Đợt trước mua 1 bình giữ nhiệt zebra cũng 300k hay 400k gì đó xài được 1 thời gian thì có mùi, dù ngâm xà bông rửa mỗi ngày vẫn không hết. Thấy tiki sale còn 200k nên mua bình này. Kiểu dáng đơn giản đúng ý mình, cầm vừa tay, nắp to đủ để bỏ đá. Thích là dưới đáy có đệm cao su khi đặt xuống không ồn, khỏi sợ trơn rớt. Xài lâu rồi mà thấy không bị có mùi, có mấy ngày không xả không rửa vẫn không sao.	2018-10-22 21:15:50	2026-09-28 21:45:01
tk_6857842	tiki	2153235	general	Bình Giữ Nhiệt Lock&Lock Feather Light LHC4131 (450ml)		5	Sản phẩm tốt. Bình giữ nhiệt tốt, nước đun giữ từ đêm đến sáng vẫn nóng. Bình có đế chống trượt. Rất hài lòng!	2021-01-10 18:24:05	2026-09-28 21:45:01
tk_19417876	tiki	2153235	general	Bình Giữ Nhiệt Lock&Lock Feather Light LHC4131 (450ml)		5	Cực kì hài lòng. Quá đẹp!	2023-07-29 13:16:19	2026-09-28 21:45:01
tk_17833127	tiki	2153235	general	Bình Giữ Nhiệt Lock&Lock Feather Light LHC4131 (450ml)		4	Hài lòng. không thấy hàng tặng như ghi trên bao bì	2022-09-30 11:29:20	2026-09-28 21:45:01
tk_19511177	tiki	2153235	general	Bình Giữ Nhiệt Lock&Lock Feather Light LHC4131 (450ml)		5	Cực kì hài lòng.	2023-09-07 09:03:54	2026-09-28 21:45:01
tk_6050836	tiki	2153235	general	Bình Giữ Nhiệt Lock&Lock Feather Light LHC4131 (450ml)		5	Cực kì hài lòng. Thiết kế của bình đẹp, gọn nhẹ, giữ nhiệt tốt. Thời gian giao hàng nhanh. Mua đúng vào dịp đang sale nên giá thành hợp lý. Hài lòng về chất lượng sản phẩm và dịch vụ của Tiki	2020-12-09 13:13:06	2026-09-28 21:45:01
tk_2143879	tiki	2153235	general	Bình Giữ Nhiệt Lock&Lock Feather Light LHC4131 (450ml)		5	Cực kỳ hài lòng. Đặt hàng 5h chiều thì 6 rưỡi đã giao. Bình kiểu dáng đẹp, vừa tay. Đã ***, giữ nhiệt, giữ lạnh cực tốt. Đế có gắn đệm cao su đảm bảo không bị trượt đổ. Màu quá ưng luôn rồi. Đóng gói hàng cẩn thận, mình chỉ mua 1 bình này nên hộp chèn thêm xốp chống móp, chầy xước.	2019-04-10 16:23:43	2026-09-28 21:45:01
tk_9606724	tiki	2153235	general	Bình Giữ Nhiệt Lock&Lock Feather Light LHC4131 (450ml)		5	Cực kì hài lòng. Bình này mình mua 1 cái rồi bây giờ mua thêm nên chất lượng mình thấy ok giữ nóng, lạnh ok. Còn về anh giao hàng hôm nay thái độ quá ư là dễ chịu, nhiệt tình mình đánh giá 10 sao luôn.	2021-05-09 20:07:35	2026-09-28 21:45:01
tk_18842618	tiki	2153235	general	Bình Giữ Nhiệt Lock&Lock Feather Light LHC4131 (450ml)		5	Cực kì hài lòng. Bình rất nhẹ và đẹp (đã mua bình thứ 2)	2023-02-21 18:45:03	2026-09-28 21:45:01
tk_9048046	tiki	2153235	general	Bình Giữ Nhiệt Lock&Lock Feather Light LHC4131 (450ml)		5	Cực kì hài lòng. Sản phẩm như hình chính hãng clock&clock.Tiki Trading giao hàng và đóng gói nhanh. Nên mua	2021-04-12 18:47:41	2026-09-28 21:45:01
tk_19496430	tiki	2153235	general	Bình Giữ Nhiệt Lock&Lock Feather Light LHC4131 (450ml)		5	Cực kì hài lòng.	2023-08-30 14:35:57	2026-09-28 21:45:01
tk_19495494	tiki	2153235	general	Bình Giữ Nhiệt Lock&Lock Feather Light LHC4131 (450ml)		5	Cực kì hài lòng.	2023-08-30 07:20:44	2026-09-28 21:45:01
tk_19493810	tiki	2153235	general	Bình Giữ Nhiệt Lock&Lock Feather Light LHC4131 (450ml)		5	Cực kì hài lòng.	2023-08-29 10:47:00	2026-09-28 21:45:01
tk_2149975	tiki	2153235	general	Bình Giữ Nhiệt Lock&Lock Feather Light LHC4131 (450ml)		5	siêu cute, nhìn là cưng ngay và luôn, ddown giản. mình thấy Tiki giảm giá nên đặt mua luôn. Chất lượng lock&lock thì khỏi phải bàn. Mình mới nhận hàng chưa sử dụng nhưng thấy hài lòng dịch vụ của Tiki. Đóng gói cẩn thận, shipper thân thiện nữa chứ.	2019-04-14 09:33:30	2026-09-28 21:45:01
tk_3029212	tiki	2153235	general	Bình Giữ Nhiệt Lock&Lock Feather Light LHC4131 (450ml)		5	Rất tốt. Mình review khi đã xài được 2 năm rồi. Bình tốt, đẹp, mới lâu. Màu trắng sơn trơn, mới lâu. Màu đen sơn nhám xài mấy bữa bị tróc sơn rất nham nhở. Bình giữ nhiệt tốt. Mình rất thích thiết kế nắp bình. Dạo gần đây mình hay lấy ủ cháo cho con. Giữ nhiệt rất tốt luôn.	2020-02-20 08:25:32	2026-09-28 21:45:01
tk_1903078	tiki	2153235	general	Bình Giữ Nhiệt Lock&Lock Feather Light LHC4131 (450ml)		5	Đẹp. Bình đẹp, có ánh kim tuyến nhìn khá sang. Giữ nhiệt ok, ko bị tràn, vòng đỏ bị tỏa nhiệt, đệm cao su phía dưới khá tiện vì khi đặt bình xuống bàn ko gây ồn. Nhưng nắp bình lại làm bằng nhựa, ko thích cho lắm. Mua đúng lúc sale 199k nên rất hài lòng. Sẽ ủng hộ tiếp.	2018-10-22 21:13:31	2026-09-28 21:45:04
tk_18049078	tiki	2153235	general	Bình Giữ Nhiệt Lock&Lock Feather Light LHC4131 (450ml)		5	Cực kì hài lòng. sử dụng chất lượng, dung tích phù hợp để mang đi làm, đi học	2022-10-26 06:01:42	2026-09-28 21:45:04
tk_19453239	tiki	2153235	general	Bình Giữ Nhiệt Lock&Lock Feather Light LHC4131 (450ml)		5	Cực kì hài lòng.	2023-08-12 15:07:06	2026-09-28 21:45:04
tk_11317765	tiki	2153235	general	Bình Giữ Nhiệt Lock&Lock Feather Light LHC4131 (450ml)		5	Cực kì hài lòng. bình giữ nhiệt rất tốt, nước nóng đun để gần 8 tiếng vẫn còn nóng. Sẽ mua ủng hộ tiếp nếu có cơ hội. Cho 5 sao Lock & lock	2021-07-20 10:57:01	2026-09-28 21:45:04
tk_17027875	tiki	2153235	general	Bình Giữ Nhiệt Lock&Lock Feather Light LHC4131 (450ml)		4	Hài lòng. Bình đẹp chưa *** thử giữ nhiệt được bao lâu	2022-07-11 16:52:01	2026-09-28 21:45:04
tk_3493479	tiki	2153235	general	Bình Giữ Nhiệt Lock&Lock Feather Light LHC4131 (450ml)		5	Cực kì hài lòng. hôm trước tiki dao hàng sớm mình mới đem *** thử luôn cho nóng bình dữ nhiệt rất tốt bỏ đá vào tận 2 ngày mới tan hết lận, giữ nóng cũng rất ok nhưng chỗ lọc trà bị dẫn nhiệt và có mùi nhựa hơi nặng nhưng chắc do còn mới hihi nói chung khá hài lòng	2020-04-29 19:47:17	2026-09-28 21:45:04
tk_2622174	tiki	2153235	general	Bình Giữ Nhiệt Lock&Lock Feather Light LHC4131 (450ml)		5	bình nước Lock & Lock. Rất đẹp ,đóng gói bao bì kỹ lưỡng cẩn thận,tui rất hài lòng ,cảm ơn lock & lock và tiki ,sẽ ủng hộ lâu dài ?❤	2019-11-10 20:00:48	2026-09-28 21:45:04
tk_16520206	tiki	2153235	general	Bình Giữ Nhiệt Lock&Lock Feather Light LHC4131 (450ml)		5	Cực kì hài lòng. Đã từng mua ở cửa hàng giá 540k nay mua đc giá rẻ hơn 1/2 xài rất ổn nhưng rớt thì dễ móp	2022-05-31 08:28:26	2026-09-28 21:45:04
tk_19415783	tiki	2153235	general	Bình Giữ Nhiệt Lock&Lock Feather Light LHC4131 (450ml)		5	Cực kì hài lòng.	2023-07-28 15:30:13	2026-09-28 21:45:04
tk_19411412	tiki	2153235	general	Bình Giữ Nhiệt Lock&Lock Feather Light LHC4131 (450ml)		5	Cực kì hài lòng.	2023-07-26 21:18:42	2026-09-28 21:45:04
tk_19391673	tiki	2153235	general	Bình Giữ Nhiệt Lock&Lock Feather Light LHC4131 (450ml)		5	Cực kì hài lòng.	2023-07-19 13:18:27	2026-09-28 21:45:04
tk_20251156	tiki	89227279	general	Giấy bạc dán tường nhà bếp chống thấm dầu, thấm nước tiện dụng, cách nhiệt		4	Hài lòng. Kg dinh được trên nền gạch ốp lát hay tuong hoi ẩm	2026-08-03 20:16:07	2026-09-28 21:45:08
tk_16892357	tiki	89227279	general	Giấy bạc dán tường nhà bếp chống thấm dầu, thấm nước tiện dụng, cách nhiệt		1	Rất không hài lòng. giấy dán khá tệ. mình mua 3 cuộn, 1 cuộn dán tạm được, 1 cuộn keo không dính. 1 cuộn giấy như hình. giá so mặt bằng chung không rẻ so với shop khác nhưng chất lượng quá tệ.	2022-06-30 14:03:55	2026-09-28 21:45:08
tk_19785236	tiki	89227279	general	Giấy bạc dán tường nhà bếp chống thấm dầu, thấm nước tiện dụng, cách nhiệt		4	Hài lòng. Keo dán ko tốt lắm, dễ bung	2024-02-27 12:45:54	2026-09-28 21:45:08
tk_19962523	tiki	89227279	general	Giấy bạc dán tường nhà bếp chống thấm dầu, thấm nước tiện dụng, cách nhiệt		5	Cực kì hài lòng.	2024-08-24 15:32:38	2026-09-28 21:45:08
tk_13552250	tiki	89227279	general	Giấy bạc dán tường nhà bếp chống thấm dầu, thấm nước tiện dụng, cách nhiệt		1	Rất không hài lòng. Đặt 2 cuộn gửi có 1 cuộn thôi lấy tiền 2 cuộn. Cứ tưởng trong đó có 2 cuộn nên k ktra . Mong shop gửi lại cho e 1 cuộn nữa ạ	2021-12-01 14:04:34	2026-09-28 21:45:08
tk_19052996	tiki	89227279	general	Giấy bạc dán tường nhà bếp chống thấm dầu, thấm nước tiện dụng, cách nhiệt		1	Rất không hài lòng. Tệ quá rất tệ cả cái bếp gas gần 3met vuông nhận hàng có 1met😭😭😭😭😭😭😭😭😭	2023-04-05 04:20:50	2026-09-28 21:45:08
tk_19872598	tiki	89227279	general	Giấy bạc dán tường nhà bếp chống thấm dầu, thấm nước tiện dụng, cách nhiệt		5	Cực kì hài lòng.	2024-05-14 09:13:41	2026-09-28 21:45:08
tk_19615674	tiki	89227279	general	Giấy bạc dán tường nhà bếp chống thấm dầu, thấm nước tiện dụng, cách nhiệt		1	Rất không hài lòng. Mỏng, keo quá tệ, không dính.	2023-10-28 08:40:39	2026-09-28 21:45:08
tk_19546855	tiki	89227279	general	Giấy bạc dán tường nhà bếp chống thấm dầu, thấm nước tiện dụng, cách nhiệt		4	Hài lòng. Đúng hàng đặt giao đúng thời gian	2023-09-23 08:07:48	2026-09-28 21:45:08
tk_19464605	tiki	89227279	general	Giấy bạc dán tường nhà bếp chống thấm dầu, thấm nước tiện dụng, cách nhiệt		3	Bình thường. Keo dính không chắc chắn, dễ bung mép dán	2023-08-17 10:56:50	2026-09-28 21:45:08
tk_19392116	tiki	89227279	general	Giấy bạc dán tường nhà bếp chống thấm dầu, thấm nước tiện dụng, cách nhiệt		4	Hài lòng. May mà vừa đủ dán cái bếp	2023-07-19 15:42:02	2026-09-28 21:45:08
tk_19539610	tiki	89227279	general	Giấy bạc dán tường nhà bếp chống thấm dầu, thấm nước tiện dụng, cách nhiệt		5	Cực kì hài lòng. Nên mua	2023-09-19 13:42:59	2026-09-28 21:45:08
tk_19248728	tiki	89227279	general	Giấy bạc dán tường nhà bếp chống thấm dầu, thấm nước tiện dụng, cách nhiệt		2	Không hài lòng. Dán không dính. Như đồ chơi.	2023-05-31 23:33:28	2026-09-28 21:45:08
tk_14751526	tiki	89227279	general	Giấy bạc dán tường nhà bếp chống thấm dầu, thấm nước tiện dụng, cách nhiệt		5	Cực kì hài lòng. đóng gói cẩn thận, giao hàng nhanh, giấy có thể chùi được	2022-01-29 16:12:58	2026-09-28 21:45:08
tk_12972369	tiki	89227279	general	Giấy bạc dán tường nhà bếp chống thấm dầu, thấm nước tiện dụng, cách nhiệt		2	Không hài lòng. Bán hàng đểu,giấy dán tường mà dán có dính tường đâu.tường gạch men hay tường B thông tin cho rõ ràng đừng có đánh *** khách hàng như vậy	2021-11-02 12:53:31	2026-09-28 21:45:08
tk_19382814	tiki	89227279	general	Giấy bạc dán tường nhà bếp chống thấm dầu, thấm nước tiện dụng, cách nhiệt		5	Cực kì hài lòng.	2023-07-16 07:31:39	2026-09-28 21:45:10
tk_17202287	tiki	89227279	general	Giấy bạc dán tường nhà bếp chống thấm dầu, thấm nước tiện dụng, cách nhiệt		5	Cực kì hài lòng. khá dày nha, mua được lúc sale nên giá rẻ	2022-07-26 00:15:47	2026-09-28 21:45:10
tk_19367997	tiki	89227279	general	Giấy bạc dán tường nhà bếp chống thấm dầu, thấm nước tiện dụng, cách nhiệt		5	Cực kì hài lòng.	2023-07-11 07:14:06	2026-09-28 21:45:10
tk_14478868	tiki	89227279	general	Giấy bạc dán tường nhà bếp chống thấm dầu, thấm nước tiện dụng, cách nhiệt		5	Cực kì hài lòng. dán chắc chắn ạ. mọi người nhớ làm khô chỗ dán nha. ướt là ko dính đâu ạ	2022-01-15 19:11:18	2026-09-28 21:45:10
tk_16998022	tiki	89227279	general	Giấy bạc dán tường nhà bếp chống thấm dầu, thấm nước tiện dụng, cách nhiệt		4	Hài lòng. Giấy dán cũng tạm, hơi khó lột ra, dán xong chịu khó vuốt cho dính	2022-07-09 11:28:16	2026-09-28 21:45:10
tk_14834453	tiki	89227279	general	Giấy bạc dán tường nhà bếp chống thấm dầu, thấm nước tiện dụng, cách nhiệt		1	Rất không hài lòng. hàng kém chất lượng, keo dán không dính nổi tủ bếp, tốn tiền mất thời gian dán lại tháo bỏ	2022-02-07 23:20:46	2026-09-28 21:45:10
tk_19072052	tiki	89227279	general	Giấy bạc dán tường nhà bếp chống thấm dầu, thấm nước tiện dụng, cách nhiệt		5	Cực kì hài lòng.	2023-04-09 18:21:33	2026-09-28 21:45:10
tk_19056779	tiki	89227279	general	Giấy bạc dán tường nhà bếp chống thấm dầu, thấm nước tiện dụng, cách nhiệt		5	Cực kì hài lòng.	2023-04-05 21:37:12	2026-09-28 21:45:10
tk_16491649	tiki	89227279	general	Giấy bạc dán tường nhà bếp chống thấm dầu, thấm nước tiện dụng, cách nhiệt		5	Cực kì hài lòng. Hài lòng. Chỉ là dán xong có dễ bị tróc không phải dùng mới biết	2022-05-28 15:32:24	2026-09-28 21:45:10
tk_18810921	tiki	89227279	general	Giấy bạc dán tường nhà bếp chống thấm dầu, thấm nước tiện dụng, cách nhiệt		5	Cực kì hài lòng. Xài OK	2023-02-16 11:29:24	2026-09-28 21:45:10
tk_18839697	tiki	89227279	general	Giấy bạc dán tường nhà bếp chống thấm dầu, thấm nước tiện dụng, cách nhiệt		5	Cực kì hài lòng.	2023-02-21 10:39:35	2026-09-28 21:45:10
tk_18824587	tiki	89227279	general	Giấy bạc dán tường nhà bếp chống thấm dầu, thấm nước tiện dụng, cách nhiệt		5	Cực kì hài lòng.	2023-02-18 17:18:23	2026-09-28 21:45:10
tk_18748242	tiki	89227279	general	Giấy bạc dán tường nhà bếp chống thấm dầu, thấm nước tiện dụng, cách nhiệt		5	Cực kì hài lòng.	2023-02-06 09:52:16	2026-09-28 21:45:10
tk_18719544	tiki	89227279	general	Giấy bạc dán tường nhà bếp chống thấm dầu, thấm nước tiện dụng, cách nhiệt		5	Cực kì hài lòng.	2023-02-01 22:11:43	2026-09-28 21:45:10
tk_15510990	tiki	89227279	general	Giấy bạc dán tường nhà bếp chống thấm dầu, thấm nước tiện dụng, cách nhiệt		1	Rất không hài lòng. ôi thất vọng quá vì khô g tìm hiểu kx không dán được vào tường	2022-03-20 11:30:41	2026-09-28 21:45:10
tk_15994856	tiki	89227279	general	Giấy bạc dán tường nhà bếp chống thấm dầu, thấm nước tiện dụng, cách nhiệt		5	Cực kì hài lòng. nhận rồi nhưng chưa xem	2022-04-19 12:41:42	2026-09-28 21:45:10
tk_17035079	tiki	89227279	general	Giấy bạc dán tường nhà bếp chống thấm dầu, thấm nước tiện dụng, cách nhiệt		5	Cực kì hài lòng. Toits	2022-07-12 09:25:15	2026-09-28 21:45:10
tk_16873153	tiki	89227279	general	Giấy bạc dán tường nhà bếp chống thấm dầu, thấm nước tiện dụng, cách nhiệt		2	Không hài lòng. sản phẩm tạm ổn chất lượng vừa phait	2022-06-28 19:55:43	2026-09-28 21:45:10
tk_18501049	tiki	89227279	general	Giấy bạc dán tường nhà bếp chống thấm dầu, thấm nước tiện dụng, cách nhiệt		5	Cực kì hài lòng.	2022-12-25 14:15:22	2026-09-28 21:45:12
tk_18366858	tiki	89227279	general	Giấy bạc dán tường nhà bếp chống thấm dầu, thấm nước tiện dụng, cách nhiệt		5	Cực kì hài lòng.	2022-12-07 20:07:02	2026-09-28 21:45:12
tk_15061420	tiki	89227279	general	Giấy bạc dán tường nhà bếp chống thấm dầu, thấm nước tiện dụng, cách nhiệt		1	Rất không hài lòng. Mình mua 3m, tính tiền 3m, nhưng khi giao thì chỉ giao 1m. Bó tay.	2022-02-21 08:16:36	2026-09-28 21:45:12
tk_13409428	tiki	89227279	general	Giấy bạc dán tường nhà bếp chống thấm dầu, thấm nước tiện dụng, cách nhiệt		1	Rất không hài lòng. Giấy không tốt. Dán không dính tường. Làm mình cũng mất lòng tin vào đặt hàng	2021-11-24 18:02:13	2026-09-28 21:45:12
tk_12414513	tiki	89227279	general	Giấy bạc dán tường nhà bếp chống thấm dầu, thấm nước tiện dụng, cách nhiệt		3	Bình thường. Keo không tốt lắm. Giao hàng nhanh. Giá rẻ là ưu điểm	2021-10-03 09:55:13	2026-09-28 21:45:12
tk_13972938	tiki	89227279	general	Giấy bạc dán tường nhà bếp chống thấm dầu, thấm nước tiện dụng, cách nhiệt		1	Rất không hài lòng. Không nên mua, chất lượng quá kém	2021-12-21 13:24:32	2026-09-28 21:45:12
tk_17222816	tiki	89227279	general	Giấy bạc dán tường nhà bếp chống thấm dầu, thấm nước tiện dụng, cách nhiệt		5	Cực kì hài lòng. Sản phẩm rất tốt	2022-07-27 22:54:21	2026-09-28 21:45:12
tk_17983728	tiki	89227279	general	Giấy bạc dán tường nhà bếp chống thấm dầu, thấm nước tiện dụng, cách nhiệt		5	Cực kì hài lòng.	2022-10-17 20:58:25	2026-09-28 21:45:12
tk_16234682	tiki	89227279	general	Giấy bạc dán tường nhà bếp chống thấm dầu, thấm nước tiện dụng, cách nhiệt		1	Rất không hài lòng. dán không dính được vào gạch bông	2022-05-07 19:04:44	2026-09-28 21:45:12
tk_16600609	tiki	89227279	general	Giấy bạc dán tường nhà bếp chống thấm dầu, thấm nước tiện dụng, cách nhiệt		2	Không hài lòng. Độ dính kém trên gạch men	2022-06-06 18:01:14	2026-09-28 21:45:12
tk_17846756	tiki	89227279	general	Giấy bạc dán tường nhà bếp chống thấm dầu, thấm nước tiện dụng, cách nhiệt		5	Cực kì hài lòng.	2022-10-01 23:50:12	2026-09-28 21:45:12
tk_12623284	tiki	89227279	general	Giấy bạc dán tường nhà bếp chống thấm dầu, thấm nước tiện dụng, cách nhiệt		3	Hài lòng. Độ dính kém phải sử dụng thêm keo dán.	2021-10-15 06:45:03	2026-09-28 21:45:12
tk_13477871	tiki	89227279	general	Giấy bạc dán tường nhà bếp chống thấm dầu, thấm nước tiện dụng, cách nhiệt		1	Rất không hài lòng. giao hàng quá chậm. hẹn chủ nhật mà thứ 6 tuần kế tiếp mới giao	2021-11-27 21:15:41	2026-09-28 21:45:12
tk_14412560	tiki	89227279	general	Giấy bạc dán tường nhà bếp chống thấm dầu, thấm nước tiện dụng, cách nhiệt		2	Không hài lòng. Keo không dính gì hết dù lau chùi kỹ nhưng vẫn không dính	2022-01-12 19:25:55	2026-09-28 21:45:12
tk_16204697	tiki	89227279	general	Giấy bạc dán tường nhà bếp chống thấm dầu, thấm nước tiện dụng, cách nhiệt		2	Không hài lòng. Dán lên gạch men không dính, tệ!	2022-05-05 17:20:40	2026-09-28 21:45:12
tk_16719122	tiki	89227279	general	Giấy bạc dán tường nhà bếp chống thấm dầu, thấm nước tiện dụng, cách nhiệt		1	Rất không hài lòng. Dán mà sao ko dính z shop	2022-06-15 13:52:20	2026-09-28 21:45:12
tk_17765025	tiki	89227279	general	Giấy bạc dán tường nhà bếp chống thấm dầu, thấm nước tiện dụng, cách nhiệt		5	Cực kì hài lòng.	2022-09-22 13:55:24	2026-09-28 21:45:12
tk_17197744	tiki	89227279	general	Giấy bạc dán tường nhà bếp chống thấm dầu, thấm nước tiện dụng, cách nhiệt		4	Hài lòng. giao hàng nhanh	2022-07-25 15:33:50	2026-09-28 21:45:15
tk_17751840	tiki	89227279	general	Giấy bạc dán tường nhà bếp chống thấm dầu, thấm nước tiện dụng, cách nhiệt		5	Cực kì hài lòng.	2022-09-20 23:56:19	2026-09-28 21:45:15
tk_17684246	tiki	89227279	general	Giấy bạc dán tường nhà bếp chống thấm dầu, thấm nước tiện dụng, cách nhiệt		5	Cực kì hài lòng.	2022-09-13 19:16:29	2026-09-28 21:45:15
tk_13541504	tiki	89227279	general	Giấy bạc dán tường nhà bếp chống thấm dầu, thấm nước tiện dụng, cách nhiệt		5	Cực kì hài lòng. Sản phẩm đúng mô tả.	2021-11-30 21:59:04	2026-09-28 21:45:15
tk_14825539	tiki	89227279	general	Giấy bạc dán tường nhà bếp chống thấm dầu, thấm nước tiện dụng, cách nhiệt		1	Rất không hài lòng. Giấy dán kh dính , sài kg đc . Không nên mua	2022-02-07 15:09:02	2026-09-28 21:45:15
tk_16805291	tiki	89227279	general	Giấy bạc dán tường nhà bếp chống thấm dầu, thấm nước tiện dụng, cách nhiệt		4	Hài lòng. Hàng dùng ok	2022-06-22 22:20:27	2026-09-28 21:45:15
tk_15734423	tiki	89227279	general	Giấy bạc dán tường nhà bếp chống thấm dầu, thấm nước tiện dụng, cách nhiệt		5	Cực kì hài lòng. hàng ok chất lương cao nha shop	2022-04-02 15:05:19	2026-09-28 21:45:15
tk_15829998	tiki	89227279	general	Giấy bạc dán tường nhà bếp chống thấm dầu, thấm nước tiện dụng, cách nhiệt		4	Hài lòng. Giấy hơi mỏng nhưng cũng dc	2022-04-08 11:00:24	2026-09-28 21:45:15
tk_15037432	tiki	89227279	general	Giấy bạc dán tường nhà bếp chống thấm dầu, thấm nước tiện dụng, cách nhiệt		1	Rất không hài lòng. Hang qua xau. nhan nhum. ko nen mua. phi tien	2022-02-19 15:39:16	2026-09-28 21:45:15
tk_17296500	tiki	89227279	general	Giấy bạc dán tường nhà bếp chống thấm dầu, thấm nước tiện dụng, cách nhiệt		5	Cực kì hài lòng.	2022-08-04 12:56:04	2026-09-28 21:45:15
tk_15772887	tiki	89227279	general	Giấy bạc dán tường nhà bếp chống thấm dầu, thấm nước tiện dụng, cách nhiệt		1	Rất không hài lòng. sp nhanh bị bung quá shop ạ.	2022-04-04 22:05:20	2026-09-28 21:45:15
tk_15835217	tiki	89227279	general	Giấy bạc dán tường nhà bếp chống thấm dầu, thấm nước tiện dụng, cách nhiệt		3	Bình thường. dán ko chắc. dễ bung keo.	2022-04-08 16:39:38	2026-09-28 21:45:15
tk_16101388	tiki	89227279	general	Giấy bạc dán tường nhà bếp chống thấm dầu, thấm nước tiện dụng, cách nhiệt		4	Hài lòng. Tam duoc khong dinh may	2022-04-26 20:14:16	2026-09-28 21:45:15
tk_15620486	tiki	89227279	general	Giấy bạc dán tường nhà bếp chống thấm dầu, thấm nước tiện dụng, cách nhiệt		3	Bình thường. ko dán lên khi có dầu bám	2022-03-27 10:38:37	2026-09-28 21:45:15
tk_15482980	tiki	89227279	general	Giấy bạc dán tường nhà bếp chống thấm dầu, thấm nước tiện dụng, cách nhiệt		1	Rất không hài lòng. đúng như trong hình. 39 iu t6	2022-03-18 14:51:54	2026-09-28 21:45:15
tk_17063902	tiki	89227279	general	Giấy bạc dán tường nhà bếp chống thấm dầu, thấm nước tiện dụng, cách nhiệt		5	Cực kì hài lòng.	2022-07-14 14:04:58	2026-09-28 21:45:15
tk_12644314	tiki	89227279	general	Giấy bạc dán tường nhà bếp chống thấm dầu, thấm nước tiện dụng, cách nhiệt		4	Hài lòng. dán kệ nhựa ko dính .	2021-10-16 10:06:55	2026-09-28 21:45:17
tk_16274194	tiki	89227279	general	Giấy bạc dán tường nhà bếp chống thấm dầu, thấm nước tiện dụng, cách nhiệt		5	Cực kì hài lòng. SP ok, dễ lau	2022-05-10 16:40:47	2026-09-28 21:45:17
tk_16849204	tiki	89227279	general	Giấy bạc dán tường nhà bếp chống thấm dầu, thấm nước tiện dụng, cách nhiệt		5	Cực kì hài lòng.	2022-06-26 19:27:46	2026-09-28 21:45:17
tk_15078937	tiki	89227279	general	Giấy bạc dán tường nhà bếp chống thấm dầu, thấm nước tiện dụng, cách nhiệt		4	Hài lòng. phần keo dán chưa tốt lắm	2022-02-22 10:30:53	2026-09-28 21:45:17
tk_16703986	tiki	89227279	general	Giấy bạc dán tường nhà bếp chống thấm dầu, thấm nước tiện dụng, cách nhiệt		5	Cực kì hài lòng.	2022-06-14 10:02:11	2026-09-28 21:45:17
tk_16217420	tiki	89227279	general	Giấy bạc dán tường nhà bếp chống thấm dầu, thấm nước tiện dụng, cách nhiệt		5	Cực kì hài lòng. cũng ok	2022-05-06 15:21:10	2026-09-28 21:45:17
tk_16575322	tiki	89227279	general	Giấy bạc dán tường nhà bếp chống thấm dầu, thấm nước tiện dụng, cách nhiệt		5	Cực kì hài lòng.	2022-06-04 17:47:06	2026-09-28 21:45:17
tk_16504165	tiki	89227279	general	Giấy bạc dán tường nhà bếp chống thấm dầu, thấm nước tiện dụng, cách nhiệt		5	Cực kì hài lòng.	2022-05-29 18:30:00	2026-09-28 21:45:17
tk_16478609	tiki	89227279	general	Giấy bạc dán tường nhà bếp chống thấm dầu, thấm nước tiện dụng, cách nhiệt		5	Cực kì hài lòng.	2022-05-27 12:13:20	2026-09-28 21:45:17
tk_16397098	tiki	89227279	general	Giấy bạc dán tường nhà bếp chống thấm dầu, thấm nước tiện dụng, cách nhiệt		5	Cực kì hài lòng.	2022-05-20 14:48:39	2026-09-28 21:45:17
tk_14311996	tiki	89227279	general	Giấy bạc dán tường nhà bếp chống thấm dầu, thấm nước tiện dụng, cách nhiệt		5	Cực kì hài lòng. Dán chắc. Sạch đẹp lắm nha	2022-01-07 19:14:24	2026-09-28 21:45:17
tk_15508204	tiki	89227279	general	Giấy bạc dán tường nhà bếp chống thấm dầu, thấm nước tiện dụng, cách nhiệt		4	Hài lòng. Bình thường	2022-03-20 08:36:00	2026-09-28 21:45:17
tk_15815972	tiki	89227279	general	Giấy bạc dán tường nhà bếp chống thấm dầu, thấm nước tiện dụng, cách nhiệt		5	Cực kì hài lòng. Đã dùng	2022-04-07 14:11:18	2026-09-28 21:45:17
tk_14047286	tiki	89227279	general	Giấy bạc dán tường nhà bếp chống thấm dầu, thấm nước tiện dụng, cách nhiệt		1	Rất không hài lòng. Chất lượng keo dính không tốt	2021-12-24 18:47:27	2026-09-28 21:45:17
tk_14123656	tiki	89227279	general	Giấy bạc dán tường nhà bếp chống thấm dầu, thấm nước tiện dụng, cách nhiệt		4	Hài lòng. đẹp chưa biết bền không	2021-12-28 14:53:35	2026-09-28 21:45:17
tk_16197039	tiki	89227279	general	Giấy bạc dán tường nhà bếp chống thấm dầu, thấm nước tiện dụng, cách nhiệt		5	Cực kì hài lòng.	2022-05-05 08:47:09	2026-09-28 21:45:19
tk_14911524	tiki	89227279	general	Giấy bạc dán tường nhà bếp chống thấm dầu, thấm nước tiện dụng, cách nhiệt		5	Cực kì hài lòng. Phù hợp với giá	2022-02-12 09:20:25	2026-09-28 21:45:19
tk_16138666	tiki	89227279	general	Giấy bạc dán tường nhà bếp chống thấm dầu, thấm nước tiện dụng, cách nhiệt		5	Cực kì hài lòng.	2022-04-29 20:56:05	2026-09-28 21:45:19
tk_16111237	tiki	89227279	general	Giấy bạc dán tường nhà bếp chống thấm dầu, thấm nước tiện dụng, cách nhiệt		5	Cực kì hài lòng.	2022-04-27 14:56:09	2026-09-28 21:45:19
tk_15994511	tiki	89227279	general	Giấy bạc dán tường nhà bếp chống thấm dầu, thấm nước tiện dụng, cách nhiệt		5	Cực kì hài lòng.	2022-04-19 12:28:12	2026-09-28 21:45:19
tk_15830951	tiki	89227279	general	Giấy bạc dán tường nhà bếp chống thấm dầu, thấm nước tiện dụng, cách nhiệt		5	Cực kì hài lòng. ok	2022-04-08 11:47:59	2026-09-28 21:45:19
tk_15633673	tiki	89227279	general	Giấy bạc dán tường nhà bếp chống thấm dầu, thấm nước tiện dụng, cách nhiệt		5	Cực kì hài lòng. ok ok	2022-03-27 21:34:44	2026-09-28 21:45:19
tk_15915655	tiki	89227279	general	Giấy bạc dán tường nhà bếp chống thấm dầu, thấm nước tiện dụng, cách nhiệt		5	Cực kì hài lòng.	2022-04-14 11:08:47	2026-09-28 21:45:19
tk_13946244	tiki	89227279	general	Giấy bạc dán tường nhà bếp chống thấm dầu, thấm nước tiện dụng, cách nhiệt		5	Cực kì hài lòng. Sản phẩm đúng mô tả.	2021-12-20 10:01:05	2026-09-28 21:45:19
tk_13267229	tiki	89227279	general	Giấy bạc dán tường nhà bếp chống thấm dầu, thấm nước tiện dụng, cách nhiệt		1	Rất không hài lòng. Đồ dởm dán *** có dính keo	2021-11-17 16:11:44	2026-09-28 21:45:19
tk_14991200	tiki	89227279	general	Giấy bạc dán tường nhà bếp chống thấm dầu, thấm nước tiện dụng, cách nhiệt		5	Cực kì hài lòng. Thích vl	2022-02-16 18:26:47	2026-09-28 21:45:19
tk_15438698	tiki	89227279	general	Giấy bạc dán tường nhà bếp chống thấm dầu, thấm nước tiện dụng, cách nhiệt		5	Cực kì hài lòng.	2022-03-15 21:47:18	2026-09-28 21:45:19
tk_15364003	tiki	89227279	general	Giấy bạc dán tường nhà bếp chống thấm dầu, thấm nước tiện dụng, cách nhiệt		5	Cực kì hài lòng.	2022-03-11 13:43:04	2026-09-28 21:45:19
tk_15285974	tiki	89227279	general	Giấy bạc dán tường nhà bếp chống thấm dầu, thấm nước tiện dụng, cách nhiệt		5	Cực kì hài lòng.	2022-03-06 15:25:53	2026-09-28 21:45:19
tk_15154161	tiki	89227279	general	Giấy bạc dán tường nhà bếp chống thấm dầu, thấm nước tiện dụng, cách nhiệt		5	Cực kì hài lòng. ok	2022-02-26 15:06:40	2026-09-28 21:45:19
tk_15139809	tiki	89227279	general	Giấy bạc dán tường nhà bếp chống thấm dầu, thấm nước tiện dụng, cách nhiệt		5	Cực kì hài lòng.	2022-02-25 16:45:14	2026-09-28 21:45:19
tk_12683200	tiki	89227279	general	Giấy bạc dán tường nhà bếp chống thấm dầu, thấm nước tiện dụng, cách nhiệt		1	Rất không hài lòng. Hàng rất tệ , keo không dính	2021-10-18 12:00:18	2026-09-28 21:45:21
tk_14133629	tiki	89227279	general	Giấy bạc dán tường nhà bếp chống thấm dầu, thấm nước tiện dụng, cách nhiệt		5	Cực kì hài lòng. Rất OK 👌	2021-12-28 23:01:35	2026-09-28 21:45:21
tk_12035667	tiki	89227279	general	Giấy bạc dán tường nhà bếp chống thấm dầu, thấm nước tiện dụng, cách nhiệt		5	Cực kì hài lòng. rất tốt. giao hàng nhanh, cẩn thận.	2021-08-28 11:42:22	2026-09-28 21:45:21
tk_14772581	tiki	89227279	general	Giấy bạc dán tường nhà bếp chống thấm dầu, thấm nước tiện dụng, cách nhiệt		5	Cực kì hài lòng.	2022-02-01 15:41:51	2026-09-28 21:45:21
tk_14288557	tiki	89227279	general	Giấy bạc dán tường nhà bếp chống thấm dầu, thấm nước tiện dụng, cách nhiệt		5	Cực kì hài lòng. thích	2022-01-06 15:12:11	2026-09-28 21:45:21
tk_11227039	tiki	89227279	general	Giấy bạc dán tường nhà bếp chống thấm dầu, thấm nước tiện dụng, cách nhiệt		5	Cực kì hài lòng. Sáng, sạch. 1 cuộn diện tích dán đc nhiều	2021-07-16 19:56:08	2026-09-28 21:45:21
tk_14672086	tiki	89227279	general	Giấy bạc dán tường nhà bếp chống thấm dầu, thấm nước tiện dụng, cách nhiệt		5	Cực kì hài lòng.	2022-01-24 20:27:12	2026-09-28 21:45:21
tk_14402157	tiki	89227279	general	Giấy bạc dán tường nhà bếp chống thấm dầu, thấm nước tiện dụng, cách nhiệt		5	Cực kì hài lòng.	2022-01-12 11:50:42	2026-09-28 21:45:21
tk_14384807	tiki	89227279	general	Giấy bạc dán tường nhà bếp chống thấm dầu, thấm nước tiện dụng, cách nhiệt		5	Cực kì hài lòng.	2022-01-11 15:26:35	2026-09-28 21:45:21
tk_13427082	tiki	89227279	general	Giấy bạc dán tường nhà bếp chống thấm dầu, thấm nước tiện dụng, cách nhiệt		4	Hài lòng. tạm ổn.	2021-11-25 16:06:14	2026-09-28 21:45:21
tk_14217039	tiki	89227279	general	Giấy bạc dán tường nhà bếp chống thấm dầu, thấm nước tiện dụng, cách nhiệt		5	Cực kì hài lòng.	2022-01-02 15:30:33	2026-09-28 21:45:21
tk_14173625	tiki	89227279	general	Giấy bạc dán tường nhà bếp chống thấm dầu, thấm nước tiện dụng, cách nhiệt		5	Cực kì hài lòng.	2021-12-30 23:00:55	2026-09-28 21:45:21
tk_13988112	tiki	89227279	general	Giấy bạc dán tường nhà bếp chống thấm dầu, thấm nước tiện dụng, cách nhiệt		5	Cực kì hài lòng.	2021-12-22 07:13:04	2026-09-28 21:45:21
tk_13193407	tiki	89227279	general	Giấy bạc dán tường nhà bếp chống thấm dầu, thấm nước tiện dụng, cách nhiệt		5	Cực kì hài lòng. Ổn áp.	2021-11-14 13:41:13	2026-09-28 21:45:21
tk_13871248	tiki	89227279	general	Giấy bạc dán tường nhà bếp chống thấm dầu, thấm nước tiện dụng, cách nhiệt		5	Cực kì hài lòng.	2021-12-16 16:36:18	2026-09-28 21:45:21
tk_13317068	tiki	89227279	general	Giấy bạc dán tường nhà bếp chống thấm dầu, thấm nước tiện dụng, cách nhiệt		4	Hài lòng. Ok ổn	2021-11-20 08:07:29	2026-09-28 21:45:21
tk_10786346	tiki	89227279	general	Giấy bạc dán tường nhà bếp chống thấm dầu, thấm nước tiện dụng, cách nhiệt		5	Cực kì hài lòng. sản phẩm tốt dán rất chắc chắn	2021-07-01 10:15:31	2026-09-28 21:45:21
tk_12415395	tiki	89227279	general	Giấy bạc dán tường nhà bếp chống thấm dầu, thấm nước tiện dụng, cách nhiệt		5	Cực kì hài lòng. Đẹp như hình	2021-10-03 10:51:07	2026-09-28 21:45:21
tk_13407597	tiki	89227279	general	Giấy bạc dán tường nhà bếp chống thấm dầu, thấm nước tiện dụng, cách nhiệt		5	Cực kì hài lòng.	2021-11-24 16:17:55	2026-09-28 21:45:24
tk_13210138	tiki	89227279	general	Giấy bạc dán tường nhà bếp chống thấm dầu, thấm nước tiện dụng, cách nhiệt		5	Cực kì hài lòng. Ok	2021-11-14 22:26:53	2026-09-28 21:45:24
tk_13272040	tiki	89227279	general	Giấy bạc dán tường nhà bếp chống thấm dầu, thấm nước tiện dụng, cách nhiệt		5	Cực kì hài lòng.	2021-11-17 20:29:22	2026-09-28 21:45:24
tk_13084139	tiki	89227279	general	Giấy bạc dán tường nhà bếp chống thấm dầu, thấm nước tiện dụng, cách nhiệt		5	Cực kì hài lòng.	2021-11-09 07:41:36	2026-09-28 21:45:24
tk_12795458	tiki	89227279	general	Giấy bạc dán tường nhà bếp chống thấm dầu, thấm nước tiện dụng, cách nhiệt		5	Cực kì hài lòng. tot6	2021-10-24 09:03:02	2026-09-28 21:45:24
tk_12985326	tiki	89227279	general	Giấy bạc dán tường nhà bếp chống thấm dầu, thấm nước tiện dụng, cách nhiệt		5	Cực kì hài lòng.	2021-11-03 03:17:44	2026-09-28 21:45:24
tk_12977582	tiki	89227279	general	Giấy bạc dán tường nhà bếp chống thấm dầu, thấm nước tiện dụng, cách nhiệt		5	Cực kì hài lòng.	2021-11-02 17:07:07	2026-09-28 21:45:24
tk_12739522	tiki	89227279	general	Giấy bạc dán tường nhà bếp chống thấm dầu, thấm nước tiện dụng, cách nhiệt		5	Cực kì hài lòng.	2021-10-21 10:40:22	2026-09-28 21:45:24
tk_12572718	tiki	89227279	general	Giấy bạc dán tường nhà bếp chống thấm dầu, thấm nước tiện dụng, cách nhiệt		5	Cực kì hài lòng. .	2021-10-12 16:04:39	2026-09-28 21:45:24
tk_10473616	tiki	89227279	general	Giấy bạc dán tường nhà bếp chống thấm dầu, thấm nước tiện dụng, cách nhiệt		2	Không hài lòng. Dan ko dinh kiem chất lượng	2021-06-17 08:52:48	2026-09-28 21:45:24
tk_12542373	tiki	89227279	general	Giấy bạc dán tường nhà bếp chống thấm dầu, thấm nước tiện dụng, cách nhiệt		5	Cực kì hài lòng.	2021-10-10 22:23:33	2026-09-28 21:45:24
tk_10127876	tiki	89227279	general	Giấy bạc dán tường nhà bếp chống thấm dầu, thấm nước tiện dụng, cách nhiệt		5	Cực kì hài lòng. Hài lòng với sản phẩm !	2021-06-03 08:40:43	2026-09-28 21:45:24
tk_11805695	tiki	89227279	general	Giấy bạc dán tường nhà bếp chống thấm dầu, thấm nước tiện dụng, cách nhiệt		5	Cực kì hài lòng. hài lòng	2021-08-14 17:22:33	2026-09-28 21:45:24
tk_11089493	tiki	89227279	general	Giấy bạc dán tường nhà bếp chống thấm dầu, thấm nước tiện dụng, cách nhiệt		4	Hài lòng. xài tạm đc	2021-07-12 05:56:43	2026-09-28 21:45:24
tk_11880224	tiki	89227279	general	Giấy bạc dán tường nhà bếp chống thấm dầu, thấm nước tiện dụng, cách nhiệt		5	Cực kì hài lòng.	2021-08-17 21:09:22	2026-09-28 21:45:24
tk_11819489	tiki	89227279	general	Giấy bạc dán tường nhà bếp chống thấm dầu, thấm nước tiện dụng, cách nhiệt		5	Cực kì hài lòng.	2021-08-15 11:50:36	2026-09-28 21:45:24
tk_11758679	tiki	89227279	general	Giấy bạc dán tường nhà bếp chống thấm dầu, thấm nước tiện dụng, cách nhiệt		5	Cực kì hài lòng.	2021-08-12 13:08:23	2026-09-28 21:45:25
tk_11610695	tiki	89227279	general	Giấy bạc dán tường nhà bếp chống thấm dầu, thấm nước tiện dụng, cách nhiệt		5	Cực kì hài lòng.	2021-08-04 20:56:02	2026-09-28 21:45:25
tk_10766824	tiki	89227279	general	Giấy bạc dán tường nhà bếp chống thấm dầu, thấm nước tiện dụng, cách nhiệt		5	Cực kì hài lòng.	2021-06-30 12:39:31	2026-09-28 21:45:25
tk_10755145	tiki	89227279	general	Giấy bạc dán tường nhà bếp chống thấm dầu, thấm nước tiện dụng, cách nhiệt		5	Cực kì hài lòng.	2021-06-29 21:07:26	2026-09-28 21:45:25
tk_10512002	tiki	89227279	general	Giấy bạc dán tường nhà bếp chống thấm dầu, thấm nước tiện dụng, cách nhiệt		5	Cực kì hài lòng. ok	2021-06-18 20:04:15	2026-09-28 21:45:25
tk_10528706	tiki	89227279	general	Giấy bạc dán tường nhà bếp chống thấm dầu, thấm nước tiện dụng, cách nhiệt		5	Cực kì hài lòng.	2021-06-19 16:22:18	2026-09-28 21:45:25
tk_10192169	tiki	89227279	general	Giấy bạc dán tường nhà bếp chống thấm dầu, thấm nước tiện dụng, cách nhiệt		5	Cực kì hài lòng.	2021-06-06 02:00:26	2026-09-28 21:45:25
tk_9341643	tiki	89227279	general	Giấy bạc dán tường nhà bếp chống thấm dầu, thấm nước tiện dụng, cách nhiệt		5	Cực kì hài lòng.	2021-04-26 10:39:49	2026-09-28 21:45:25
tk_11173212	tiki	89227279	general	Giấy bạc dán tường nhà bếp chống thấm dầu, thấm nước tiện dụng, cách nhiệt		3	Bình thường. gocitdoyxigfkhxkgfxkgclgxgkxjfxhxxlhxkgzjgsyeatjditdktskydcm	2021-07-14 22:52:41	2026-09-28 21:45:25
tk_3337132	tiki	21326884	general	Decal giấy dán tường lá cây trang trí XL8361		4	Hài lòng. Giao hàng nhanh, về chất lượng màu in mình thấy ổn, tươi tắn và rõ nét. Dễ dán, chỉ cần bóc keo là là ok, có thể cắt nhỏ ra thì dán dễ hơn, không bị phồng. Kích thước sản phẩm thì sẽ không như mô tả đâu, dán xong mình lấy thước đo thì phần lá dính liền với nhau tầm 1m4 x 38cm thôi. Shop tính thêm cả mấy cái lá bé bé dán phía dưới mới đo ra thành cao 70cm	2020-04-06 13:10:26	2026-09-28 21:45:30
tk_4921774	tiki	21326884	general	Decal giấy dán tường lá cây trang trí XL8361		1	Thiết kế *** như bò. Miếng decal đẹp nhưng thằng thiết kế thì ***. Miếng số 2 quá dài. Tháo ra là auto dính. Mà dính vào nhau là chỉ có ném vì keo quá dày. Đã cắt thành 2 3 miếng được sao ko cắt thành 5 6 miếng cho dễ dán. Không bao giờ mua lần 2. Chỉ thêm bực	2020-09-20 19:34:17	2026-09-28 21:45:30
tk_16322029	tiki	21326884	general	Decal giấy dán tường lá cây trang trí XL8361		3	Bình thường. không sắt nét như quảng cáo	2022-05-14 12:18:31	2026-09-28 21:45:30
tk_17287117	tiki	21326884	general	Decal giấy dán tường lá cây trang trí XL8361		5	Cực kì hài lòng. Hài lòng	2022-08-03 12:55:42	2026-09-28 21:45:30
tk_16234680	tiki	21326884	general	Decal giấy dán tường lá cây trang trí XL8361		3	Bình thường. ok, tạm được vì mẫu hơi nhạt dáng lên gạch sáng thì ok	2022-05-07 19:04:25	2026-09-28 21:45:30
tk_18562839	tiki	21326884	general	Decal giấy dán tường lá cây trang trí XL8361		5	Cực kì hài lòng. Đẹp	2023-01-03 17:31:54	2026-09-28 21:45:30
tk_18529406	tiki	21326884	general	Decal giấy dán tường lá cây trang trí XL8361		5	Cực kì hài lòng.	2022-12-29 08:57:30	2026-09-28 21:45:30
tk_18079163	tiki	21326884	general	Decal giấy dán tường lá cây trang trí XL8361		5	Cực kì hài lòng. đẹp.ok shop	2022-10-29 17:42:17	2026-09-28 21:45:30
tk_18096131	tiki	21326884	general	Decal giấy dán tường lá cây trang trí XL8361		5	Cực kì hài lòng.	2022-10-31 20:48:26	2026-09-28 21:45:30
tk_17822861	tiki	21326884	general	Decal giấy dán tường lá cây trang trí XL8361		5	Cực kì hài lòng.	2022-09-29 03:07:27	2026-09-28 21:45:30
tk_15234960	tiki	21326884	general	Decal giấy dán tường lá cây trang trí XL8361		5	Cực kì hài lòng. Hàng tốt	2022-03-03 12:52:49	2026-09-28 21:45:30
tk_12750718	tiki	21326884	general	Decal giấy dán tường lá cây trang trí XL8361		3	Bình thường. Dán trên gạch thì ổn. dán trên tường tầm 10 phút sẽ bị bung.	2021-10-21 19:39:56	2026-09-28 21:45:30
tk_13204603	tiki	21326884	general	Decal giấy dán tường lá cây trang trí XL8361		5	Cực kì hài lòng. rất thích ạ rất đẹp mình sẽ ủng hộ shop lần sau nhé	2021-11-14 19:14:39	2026-09-28 21:45:30
tk_14337731	tiki	21326884	general	Decal giấy dán tường lá cây trang trí XL8361		5	Cực kì hài lòng.	2022-01-09 09:39:11	2026-09-28 21:45:30
tk_11453449	tiki	21326884	general	Decal giấy dán tường lá cây trang trí XL8361		4	Hài lòng. Đẹp, tiện dụng, màu hơi xanh quá	2021-07-26 13:35:43	2026-09-28 21:45:30
tk_16056088	tiki	21326884	general	Decal giấy dán tường lá cây trang trí XL8361		5	Cực kì hài lòng.	2022-04-23 15:09:40	2026-09-28 21:45:30
tk_15991572	tiki	21326884	general	Decal giấy dán tường lá cây trang trí XL8361		5	Cực kì hài lòng.	2022-04-19 10:31:45	2026-09-28 21:45:30
tk_4063659	tiki	21326884	general	Decal giấy dán tường lá cây trang trí XL8361		5	Tốt. Hàng đẹp, tiki giao hàng nhanh, có điều hơi nhỏ so với tưởng tượng nhưng vẫn vote 5 sao vì đẹp	2020-07-13 15:54:29	2026-09-28 21:45:30
tk_14674619	tiki	21326884	general	Decal giấy dán tường lá cây trang trí XL8361		5	Cực kì hài lòng. Hanf đelj	2022-01-24 22:52:40	2026-09-28 21:45:32
tk_12025112	tiki	21326884	general	Decal giấy dán tường lá cây trang trí XL8361		3	Bình thường. hàng đẹp mà có đều keo ko dính lắm	2021-08-26 22:32:43	2026-09-28 21:45:32
tk_14140484	tiki	21326884	general	Decal giấy dán tường lá cây trang trí XL8361		5	Cực kì hài lòng.	2021-12-29 11:39:00	2026-09-28 21:45:32
tk_13483372	tiki	21326884	general	Decal giấy dán tường lá cây trang trí XL8361		5	Cực kì hài lòng.	2021-11-28 09:44:52	2026-09-28 21:45:32
tk_9675915	tiki	21326884	general	Decal giấy dán tường lá cây trang trí XL8361		5	Cực kì hài lòng. Sản phẩm như hình, đóng gói cẩn thận	2021-05-12 20:56:53	2026-09-28 21:45:32
tk_2837076	tiki	21326884	general	Decal giấy dán tường lá cây trang trí XL8361		5	Sản phẩm chất lượng. Màu đẹp, in nét, sản phẩm giống mô tả. Giao hàng nhanh. Tặng 5 sao nhé!	2020-01-07 11:02:30	2026-09-28 21:45:32
tk_3061959	tiki	21326884	general	Decal giấy dán tường lá cây trang trí XL8361		4	được. Hình dán đẹp , mình dán to quá . Tiki cần cắt riêng ra . Tại mình dán xấu quá , nhăn nheo nên mình ko chụp được sợ mọi người chê	2020-02-26 08:31:40	2026-09-28 21:45:32
tk_5431054	tiki	21326884	general	Decal giấy dán tường lá cây trang trí XL8361		5	Cực kì hài lòng.	2020-11-01 17:01:53	2026-09-28 21:45:32
tk_4998726	tiki	21326884	general	Decal giấy dán tường lá cây trang trí XL8361		5	Cực kì hài lòng. dán đẹp, rất ok.lần sau lại ủng hộ tiki	2020-09-27 10:51:51	2026-09-28 21:45:32
tk_8412195	tiki	21326884	general	Decal giấy dán tường lá cây trang trí XL8361		5	Cực kì hài lòng. mẫu này lên tường nhìn rất bắt nhé.	2021-03-15 07:30:31	2026-09-28 21:45:32
tk_4087038	tiki	21326884	general	Decal giấy dán tường lá cây trang trí XL8361		5	Cực kì hài lòng. phải cắt hình nhỏ ra thì dán dễ hơn. nó không bị nhăn. hình loại nhựa bóng mịn bền lâu	2020-07-16 03:41:16	2026-09-28 21:45:32
tk_5819051	tiki	21326884	general	Decal giấy dán tường lá cây trang trí XL8361		1	Rất không hài lòng. vừa khó dán lại vừa dễ dính hình này vào hình kia 1sao..	2020-11-29 21:57:59	2026-09-28 21:45:32
tk_11412991	tiki	21326884	general	Decal giấy dán tường lá cây trang trí XL8361		5	Cực kì hài lòng.	2021-07-24 11:50:55	2026-09-28 21:45:32
tk_7600248	tiki	21326884	general	Decal giấy dán tường lá cây trang trí XL8361		5	Cực kì hài lòng.	2021-02-07 12:43:01	2026-09-28 21:45:32
tk_10836119	tiki	21326884	general	Decal giấy dán tường lá cây trang trí XL8361		5	Cực kì hài lòng.	2021-07-03 11:05:01	2026-09-28 21:45:32
tk_10801144	tiki	21326884	general	Decal giấy dán tường lá cây trang trí XL8361		5	Cực kì hài lòng.	2021-07-01 20:30:54	2026-09-28 21:45:32
tk_10442099	tiki	21326884	general	Decal giấy dán tường lá cây trang trí XL8361		5	Cực kì hài lòng.	2021-06-15 19:34:37	2026-09-28 21:45:32
tk_2916222	tiki	21326884	general	Decal giấy dán tường lá cây trang trí XL8361		5	Đẹp. Nhưng dễ bị dính, gỡ ra hơi mệt, nên cắt ra từng phần nhỏ cho dễ dán	2020-01-28 00:23:57	2026-09-28 21:45:32
tk_10122903	tiki	21326884	general	Decal giấy dán tường lá cây trang trí XL8361		5	Cực kì hài lòng.	2021-06-02 21:21:52	2026-09-28 21:45:32
tk_2642848	tiki	21326884	general	Decal giấy dán tường lá cây trang trí XL8361		5	Đẹp, màu in ổn. Đẹp, màu in ổn, tự nhiên nhìn sang đóng gói chắc, sau hàng nhanh, tiki 3h mà 1h tới rồi	2019-11-15 12:55:38	2026-09-28 21:45:32
tk_9912944	tiki	21326884	general	Decal giấy dán tường lá cây trang trí XL8361		5	Cực kì hài lòng.	2021-05-23 15:51:47	2026-09-28 21:45:35
tk_9778608	tiki	21326884	general	Decal giấy dán tường lá cây trang trí XL8361		5	Cực kì hài lòng.	2021-05-17 12:26:22	2026-09-28 21:45:35
tk_9772958	tiki	21326884	general	Decal giấy dán tường lá cây trang trí XL8361		5	Cực kì hài lòng.	2021-05-17 09:20:59	2026-09-28 21:45:35
tk_2763099	tiki	21326884	general	Decal giấy dán tường lá cây trang trí XL8361		5	Cực kì hài lòng. Màu đẹp như vẽ. Sản phẩm mỏng nhẹ dễ dán. Làm không gian thêm tươi mát	2019-12-21 10:49:57	2026-09-28 21:45:35
tk_9599680	tiki	21326884	general	Decal giấy dán tường lá cây trang trí XL8361		5	Cực kì hài lòng.	2021-05-09 14:24:42	2026-09-28 21:45:35
tk_9363956	tiki	21326884	general	Decal giấy dán tường lá cây trang trí XL8361		5	Cực kì hài lòng.	2021-04-27 09:02:01	2026-09-28 21:45:35
tk_4670566	tiki	21326884	general	Decal giấy dán tường lá cây trang trí XL8361		1	Rất không hài lòng. huhu ngắn ngủn mà chụp trong hình to đồ *** đảo	2020-08-29 15:52:46	2026-09-28 21:45:35
tk_5033235	tiki	21326884	general	Decal giấy dán tường lá cây trang trí XL8361		3	Bình thường. Chỉ dùng khi dán trên nền trắng và phẳng	2020-09-30 13:52:14	2026-09-28 21:45:35
tk_8514854	tiki	21326884	general	Decal giấy dán tường lá cây trang trí XL8361		5	Cực kì hài lòng.	2021-03-19 15:05:00	2026-09-28 21:45:35
tk_5250069	tiki	21326884	general	Decal giấy dán tường lá cây trang trí XL8361		5	Cực kì hài lòng. Màu đẹp như hình , dán bám chắc	2020-10-17 07:39:12	2026-09-28 21:45:35
tk_2869760	tiki	21326884	general	Decal giấy dán tường lá cây trang trí XL8361		1	Rất không hài lòng. nhỏ xíu ko dáng đâu vào đâu.giá quá mắc ko đáng tiền	2020-01-13 17:30:12	2026-09-28 21:45:35
tk_8158868	tiki	21326884	general	Decal giấy dán tường lá cây trang trí XL8361		5	Cực kì hài lòng.	2021-03-04 12:09:49	2026-09-28 21:45:35
tk_8053417	tiki	21326884	general	Decal giấy dán tường lá cây trang trí XL8361		5	Cực kì hài lòng.	2021-02-28 12:12:45	2026-09-28 21:45:35
tk_7683863	tiki	21326884	general	Decal giấy dán tường lá cây trang trí XL8361		5	Cực kì hài lòng.	2021-02-11 22:54:08	2026-09-28 21:45:35
tk_7587341	tiki	21326884	general	Decal giấy dán tường lá cây trang trí XL8361		5	Cực kì hài lòng.	2021-02-06 20:55:16	2026-09-28 21:45:37
tk_5829344	tiki	21326884	general	Decal giấy dán tường lá cây trang trí XL8361		5	Cực kì hài lòng. đẹp, giá ok	2020-11-30 13:36:59	2026-09-28 21:45:37
tk_3513103	tiki	21326884	general	Decal giấy dán tường lá cây trang trí XL8361		1	Rất không hài lòng. chất liệu rất khó dán, lỡ dán lệch tháo ra là bị rách.	2020-05-04 20:58:40	2026-09-28 21:45:37
tk_3514062	tiki	21326884	general	Decal giấy dán tường lá cây trang trí XL8361		4	Hài lòng. Sản phẩm đẹp, nhân viên thân thiện, giao hàng cẩn thận	2020-05-05 05:24:14	2026-09-28 21:45:37
tk_6045266	tiki	21326884	general	Decal giấy dán tường lá cây trang trí XL8361		5	Cực kì hài lòng.	2020-12-09 09:10:37	2026-09-28 21:45:37
tk_6025998	tiki	21326884	general	Decal giấy dán tường lá cây trang trí XL8361		5	Cực kì hài lòng.	2020-12-08 12:04:48	2026-09-28 21:45:37
tk_5804934	tiki	21326884	general	Decal giấy dán tường lá cây trang trí XL8361		5	Cực kì hài lòng.	2020-11-29 03:51:10	2026-09-28 21:45:37
tk_3823082	tiki	21326884	general	Decal giấy dán tường lá cây trang trí XL8361		5	Cực kì hài lòng.	2020-06-16 13:33:02	2026-09-28 21:45:37
tk_5704444	tiki	21326884	general	Decal giấy dán tường lá cây trang trí XL8361		5	Cực kì hài lòng.	2020-11-22 11:29:29	2026-09-28 21:45:37
tk_2802365	tiki	21326884	general	Decal giấy dán tường lá cây trang trí XL8361		1	Đẹp nhưng mà bé tí không đúng như hình bị phóng to. Nhỏ tí không đúng với thực tế. Với giá này có thể mua hình to hơn	2020-01-01 09:41:29	2026-09-28 21:45:37
tk_4228786	tiki	21326884	general	Decal giấy dán tường lá cây trang trí XL8361		3	Bình thường. hơi bé so với suy nghĩ	2020-07-28 07:16:43	2026-09-28 21:45:37
tk_5324482	tiki	21326884	general	Decal giấy dán tường lá cây trang trí XL8361		5	Cực kì hài lòng.	2020-10-23 00:21:30	2026-09-28 21:45:37
tk_4714476	tiki	21326884	general	Decal giấy dán tường lá cây trang trí XL8361		5	Cực kì hài lòng. hàng tốt	2020-09-02 13:45:40	2026-09-28 21:45:37
tk_2997847	tiki	21326884	general	Decal giấy dán tường lá cây trang trí XL8361		5	Cực kì hài lòng. đóng gói kỹ, giao hang nhanh chóng, người giao vui tính.	2020-02-14 11:32:12	2026-09-28 21:45:37
tk_4726927	tiki	21326884	general	Decal giấy dán tường lá cây trang trí XL8361		4	Hài lòng. đẹp ạ	2020-09-03 20:16:14	2026-09-28 21:45:37
tk_5100699	tiki	21326884	general	Decal giấy dán tường lá cây trang trí XL8361		5	Cực kì hài lòng.	2020-10-06 18:11:01	2026-09-28 21:45:39
tk_4988029	tiki	21326884	general	Decal giấy dán tường lá cây trang trí XL8361		5	Cực kì hài lòng.	2020-09-26 09:40:35	2026-09-28 21:45:39
tk_3340969	tiki	21326884	general	Decal giấy dán tường lá cây trang trí XL8361		5	Cực kì hài lòng. sản phẩm rất đẹp và rất dễ dán?.	2020-04-06 20:55:23	2026-09-28 21:45:39
tk_2848568	tiki	21326884	general	Decal giấy dán tường lá cây trang trí XL8361		3	Bình thường. Hơi bé so vs hinh ảnh k bit dán như the nao cho hợp lí luon	2020-01-09 11:11:45	2026-09-28 21:45:39
tk_3218952	tiki	21326884	general	Decal giấy dán tường lá cây trang trí XL8361		4	Hài lòng. Sản phẩm đẹp, Hơi nhỏ Đóng gói kĩ	2020-03-21 15:31:00	2026-09-28 21:45:39
tk_4745540	tiki	21326884	general	Decal giấy dán tường lá cây trang trí XL8361		5	Cực kì hài lòng.	2020-09-05 15:36:20	2026-09-28 21:45:39
tk_4736614	tiki	21326884	general	Decal giấy dán tường lá cây trang trí XL8361		2	Không hài lòng.	2020-09-04 18:04:02	2026-09-28 21:45:39
tk_4700089	tiki	21326884	general	Decal giấy dán tường lá cây trang trí XL8361		5	Cực kì hài lòng.	2020-09-01 06:15:44	2026-09-28 21:45:39
tk_4588394	tiki	21326884	general	Decal giấy dán tường lá cây trang trí XL8361		5	Cực kì hài lòng.	2020-08-24 08:35:20	2026-09-28 21:45:39
tk_4135144	tiki	21326884	general	Decal giấy dán tường lá cây trang trí XL8361		4	Hài lòng. Khó dán	2020-07-20 10:11:38	2026-09-28 21:45:39
tk_4550692	tiki	21326884	general	Decal giấy dán tường lá cây trang trí XL8361		5	Cực kì hài lòng.	2020-08-21 07:42:34	2026-09-28 21:45:39
tk_4360725	tiki	21326884	general	Decal giấy dán tường lá cây trang trí XL8361		5	Cực kì hài lòng.	2020-08-07 11:34:02	2026-09-28 21:45:39
tk_4240918	tiki	21326884	general	Decal giấy dán tường lá cây trang trí XL8361		5	Cực kì hài lòng.	2020-07-29 05:16:29	2026-09-28 21:45:39
tk_2813344	tiki	21326884	general	Decal giấy dán tường lá cây trang trí XL8361		5	Đẹp. Đẹp ???????????????????????????????????????????????	2020-01-02 23:36:12	2026-09-28 21:45:39
tk_4013224	tiki	21326884	general	Decal giấy dán tường lá cây trang trí XL8361		5	Cực kì hài lòng.	2020-07-07 19:10:04	2026-09-28 21:45:40
tk_3776979	tiki	21326884	general	Decal giấy dán tường lá cây trang trí XL8361		5	Cực kì hài lòng.	2020-06-11 09:53:55	2026-09-28 21:45:40
tk_3663768	tiki	21326884	general	Decal giấy dán tường lá cây trang trí XL8361		5	Cực kì hài lòng.	2020-05-30 10:23:43	2026-09-28 21:45:40
tk_20225278	tiki	55669191	general	Đèn Pixar, Đèn Học Chống Cận Thị, Đèn Đọc Sách, Đèn Làm Việc Để Bàn Chống Chói Mắt Lóa Mắt Bảo Vệ Mắt - Hàng Chính Hãng		5	Cực kì hài lòng. Shop giao hàng nhanh, hàng chất lượng tốt, bóng đèn đi kèm hơi nhỏ. Nếu shop có thể khuyến mại bóng 7W thì tốt quá. Cảm ơn shop.	2026-04-09 09:21:40	2026-09-28 21:45:47
tk_20220958	tiki	55669191	general	Đèn Pixar, Đèn Học Chống Cận Thị, Đèn Đọc Sách, Đèn Làm Việc Để Bàn Chống Chói Mắt Lóa Mắt Bảo Vệ Mắt - Hàng Chính Hãng		5	Cực kì hài lòng. Đèn chắc chắn, xoay điều chỉnh linh hoạt. Ánh sáng vừa, thích hợp cho các con học bài lâu.	2026-03-21 07:04:54	2026-09-28 21:45:47
tk_13227621	tiki	55669191	general	Đèn Pixar, Đèn Học Chống Cận Thị, Đèn Đọc Sách, Đèn Làm Việc Để Bàn Chống Chói Mắt Lóa Mắt Bảo Vệ Mắt - Hàng Chính Hãng		4	Hài lòng. mọi thứ đều ổn cho tớ khi tôi thấy cái chụp đèn bị móp, điều này có thể không ảnh hưởng chất lượng ánh sáng nhưng ảnh hưởng về tâm lý mua hàng của tôi rất nhiều 😭. Tôi nghĩ mình khá khó tính và sản phẩm đã đáp ứng gần hoàn hảo rồi. còn có giấy bảo hành nữa nên rất ổn, bù lại 1 chút về tinh thần nhưng tôi vẫn bỏ bớt 1 sao vì sự tổn thương tinh thần này.	2021-11-15 18:12:13	2026-09-28 21:45:47
tk_11098931	tiki	55669191	general	Đèn Pixar, Đèn Học Chống Cận Thị, Đèn Đọc Sách, Đèn Làm Việc Để Bàn Chống Chói Mắt Lóa Mắt Bảo Vệ Mắt - Hàng Chính Hãng		1	Rất không hài lòng. rất không hài lòng với sản phẩm nhận được, đóng gói quá ẩu, hộp chứa hàng bị rách nhiều nơi, móp méo....ảnh hưởng tới bên trong. Choá bóng đèn bị móp méo, rất bực bội. Mua hàng mới, mà như cũ. Tôi không đồng ý nhận hàng. Tôi yêu cầu trả hàng, hoàn tiền.	2021-07-12 13:09:07	2026-09-28 21:45:47
tk_9500772	tiki	55669191	general	Đèn Pixar, Đèn Học Chống Cận Thị, Đèn Đọc Sách, Đèn Làm Việc Để Bàn Chống Chói Mắt Lóa Mắt Bảo Vệ Mắt - Hàng Chính Hãng		1	Rất không hài lòng. -Kiện hàng bị phá nát lúc mà mình nhật được. -Mình ở chung cư nên khi mà mình nhận được món hàng thì hộp bị dẹp mất. -Bên trong không có bóng đèn như miêu tả. - Cái phần đầu grip không có kết nối được với nhau. Rất là lỏng lẻo nhìn rất fake. - Nút siết trên đầu thì của cái đèn thì bị bị lỏng lẻo không có chặt -Lỗ tròn này nhét không có vừa cái đuôi đèn Xin Tiki cho mình trả lại hoàn và hoàn tiền??	2021-05-05 06:01:19	2026-09-28 21:45:47
tk_15372366	tiki	55669191	general	Đèn Pixar, Đèn Học Chống Cận Thị, Đèn Đọc Sách, Đèn Làm Việc Để Bàn Chống Chói Mắt Lóa Mắt Bảo Vệ Mắt - Hàng Chính Hãng		5	"Cực kì hài lòng. Đầy đủ linh kiện, may mắn không bị móp méo sản phẩm. Hộp được dán ""Hàng dễ vỡ"" mà hình như bên vận chuyển k ""chú ý"" nên hơi bị móp méo, trộm vía k hư đèn hihi. Đèn kèm theo thì k sáng phù hợp decor chill, còn mún sáng để học như mik thì nên mua bong khác bên ngoài. (Đèn dùng đế) Đế để đứng khá to nặng, tuy nhiên cắm thân đèn vào đế nó hơi lỏng lẻo. (Đèn kẹp bàn) Nguyên cây đèn bằng kim loại (mik k rõ), chỉ có đế gắn vs bàn thì full nhựa nên có thể sẽ gẫy do bất cẩn, mn cẩn thận khi dùng."	2022-03-11 23:45:10	2026-09-28 21:45:47
tk_8283081	tiki	55669191	general	Đèn Pixar, Đèn Học Chống Cận Thị, Đèn Đọc Sách, Đèn Làm Việc Để Bàn Chống Chói Mắt Lóa Mắt Bảo Vệ Mắt - Hàng Chính Hãng		5	Cực kì hài lòng. Đèn chắc chắn, cầm nặng tay, đặc biệt là đế đèn nặng để giữ được thân đèn vốn khá cao. Kích thước to phết, mọi người lắp xong đừng sốc nhe. Mình không mua kèm bóng đèn mà mua lẻ bóng Điện Quang 40k ở ngoài, lắp vào hoàn hảo luôn. Đèn có 2 option: kẹp bàn hoặc để bàn.	2021-03-09 14:50:14	2026-09-28 21:45:47
tk_14734770	tiki	55669191	general	Đèn Pixar, Đèn Học Chống Cận Thị, Đèn Đọc Sách, Đèn Làm Việc Để Bàn Chống Chói Mắt Lóa Mắt Bảo Vệ Mắt - Hàng Chính Hãng		5	Cực kì hài lòng. Cái đồ chụp không to lắm nên không che được hết bóng đèn. Có thể bị chói mắt nha. Ngoài điểm đó ra thì ok hết nè. Shop dễ thương nhiệt tình, chu đáo. Ship hàng cẩn thận. Mình mua 2 cái lận. Giờ mới mở ra để đánh giá. Mng nên mua bóng đèn ở ngoài 7w màu vàng sẽ đỡ chói mắt hơn nếu k thích ánh sáng trắng nha	2022-01-28 12:35:07	2026-09-28 21:45:47
tk_12686472	tiki	55669191	general	Đèn Pixar, Đèn Học Chống Cận Thị, Đèn Đọc Sách, Đèn Làm Việc Để Bàn Chống Chói Mắt Lóa Mắt Bảo Vệ Mắt - Hàng Chính Hãng		1	Rất không hài lòng. Đóng gói như sh!t: bóng đèn vứt lăn lóc trong thùng, gói bóng đèn bằng tờ giấy cũng không được? Tóm lại là chả đóng gói gì, chỉ là để cây đèn vào thùng giấy rồi ship. Khớp đèn với kẹp bàn lỏng, phải chèn thêm giấy nhưng vẫn lỏng. Dùng tạm thôi! Hình thức đèn: đẹp.	2021-10-18 14:42:57	2026-09-28 21:45:47
tk_12699199	tiki	55669191	general	Đèn Pixar, Đèn Học Chống Cận Thị, Đèn Đọc Sách, Đèn Làm Việc Để Bàn Chống Chói Mắt Lóa Mắt Bảo Vệ Mắt - Hàng Chính Hãng		5	Cực kì hài lòng. Mình mới nhận sản phẩm - Điểm cộng: thấy chắc chắn, đèn kéo tùy chỉnh linh hoạt - Điểm trừ: mình đặt màu đen mà giao màu trắng - Câu hỏi: Chỗ vặn bóng đèn chụp ngoài làm nhựa, liệu theo thời gian có bị giòn ko? Kẹp bàn làm bắng nhựa, không biết theo thời gian dễ hư hỏng ko? nếu hỏng thì có bán linh kiện thay thế ko?	2021-10-19 09:03:45	2026-09-28 21:45:47
tk_5390010	tiki	55669191	general	Đèn Pixar, Đèn Học Chống Cận Thị, Đèn Đọc Sách, Đèn Làm Việc Để Bàn Chống Chói Mắt Lóa Mắt Bảo Vệ Mắt - Hàng Chính Hãng		5	hài lòng với sp và shop. Về phía tiki thì giao hàng nhanh đóng gói cẩn thận.❤️ Về phía shop miDoctor hàng đủ và trước mắt là thấy chất lượng tốt. Shop làm rất cẩn thận về cả sp lẫn lời gửi khách hàng khiến mình khá hài lòng❤️ các bạn nên tham khảo shop này nhé (tuy đế của đèn có 1 vết móp nhỏ không đáng kể)	2020-10-28 21:01:06	2026-09-28 21:45:47
tk_4848758	tiki	55669191	general	Đèn Pixar, Đèn Học Chống Cận Thị, Đèn Đọc Sách, Đèn Làm Việc Để Bàn Chống Chói Mắt Lóa Mắt Bảo Vệ Mắt - Hàng Chính Hãng		4	Đóng gói quá ẩu!. Không biết là vì tiệt kiệm thời gian và chút chi phí giấy bong bóng xốp mà shop không bao lại sản phẩm, nhận hàng trong tình trạng móp méo. Kiểm tra lại thì sản phẩm không bị ảnh hưởng, nếu bị ảnh hưởng là tui đã trả lại rồi. Sản phẩm đúng như mô tả, giao hàng nhanh.	2020-09-14 15:32:15	2026-09-28 21:45:47
tk_4190587	tiki	55669191	general	Đèn Pixar, Đèn Học Chống Cận Thị, Đèn Đọc Sách, Đèn Làm Việc Để Bàn Chống Chói Mắt Lóa Mắt Bảo Vệ Mắt - Hàng Chính Hãng		5	Sản phẩm tốt, giá thành hợp lý, mình dùng 1 tuần mới lên chia sẻ với mọi người cho chuẩn đây. Chắc chắn, khớp nối linh hoạt, được tặng cả kẹp mặt bàn và đế dẹt để bàn nên rất thích vì tiện lợi lúc nào thích kẹp thì kẹp, lúc nào để chân đế mặt bàn cũng được đèn được tặng xài cũng khá ổn có công tắc dây nên không phải rút phích cắm thường xuyên giấy tờ đầy đủ 5 sao nhé	2020-07-24 14:58:47	2026-09-28 21:45:47
tk_4407331	tiki	55669191	general	Đèn Pixar, Đèn Học Chống Cận Thị, Đèn Đọc Sách, Đèn Làm Việc Để Bàn Chống Chói Mắt Lóa Mắt Bảo Vệ Mắt - Hàng Chính Hãng		5	Cực kì hài lòng. Hôm nay tôi nhận được đèn từ tiki. Cảm nhận đầu tiên là đóng gói cẩn thận, người giao hàng thân thiện nên ưng rồi Đam mê sách vở lên muốn kiếm 1 cái đèn ưng tí để đọc sách đỡ hại mắt, mở hộp ra thấy Đèn có chỗ chỉnh các góc quay 4 phía rất ok luôn Đèn pixar này t dùng để đọc sách rất ổn, bạn nào dùng làm đồ trang trí cũng khá là ổn áp, được tặng cả kẹp và và chân đế nữa đó mà giá lại rất hợp lý so với mua cùng hãng ngoài trung tâm thương mại Ok, sẽ ủng hộ shop các bạn và tiki nữa.	2020-08-10 21:25:01	2026-09-28 21:45:47
tk_4190649	tiki	55669191	general	Đèn Pixar, Đèn Học Chống Cận Thị, Đèn Đọc Sách, Đèn Làm Việc Để Bàn Chống Chói Mắt Lóa Mắt Bảo Vệ Mắt - Hàng Chính Hãng		5	Ấn tượng với thiết kế linh hoạt. t nhận thấy hay, đèn của hãng miDoctor này được thiết kế xoay 360 độ rất tiện cho việc chiếu sáng không gian khác nhau chân đế để bàn và cái kẹp bàn đầy đủ, được tặng kèm khá chắc chắn công tắc trên thân đèn, nên giác cắm để im 1 chỗ cũng được giao hàng khá nhanh	2020-07-24 15:04:11	2026-09-28 21:45:47
tk_13748448	tiki	55669191	general	Đèn Pixar, Đèn Học Chống Cận Thị, Đèn Đọc Sách, Đèn Làm Việc Để Bàn Chống Chói Mắt Lóa Mắt Bảo Vệ Mắt - Hàng Chính Hãng		4	Hài lòng. Giao hàng nhanh chóng, shipper thân thiện. Sản phẩm giống như hình. Thiết kế và các bộ phận của đèn đều đầy đủ. Dễ lắp ráp và sử dụng. Ngoài chân đèn để bàn thì còn có bộ ốc vặn khác để gắn vào bàn. Phù hợp với nhiều nhu cầu sử dụng. Điểm trừ duy nhất là đóng gói chưa được cẩn thận. Mình nhận hàng với hộp đựng bị móp méo, biến dạng nhưng rất may sản phẩm tất cả đều ổn ☺️	2021-12-11 20:49:00	2026-09-28 21:45:47
tk_5659428	tiki	55669191	general	Đèn Pixar, Đèn Học Chống Cận Thị, Đèn Đọc Sách, Đèn Làm Việc Để Bàn Chống Chói Mắt Lóa Mắt Bảo Vệ Mắt - Hàng Chính Hãng		2	Chưa Hài Lòng. Tiki ơi, lần sau giao hàng nhờ đóng gói cẩn thận giúp, vỏ hộp thì bị nhàu, rách, chóa đèn thì bị móp méo, đế đèn thì có cái bị móp, chầy xước. Midoctor shop ơi, sao ko kèm bóng Led giống như trên web để mà lại đưa bóng sợi đốt cho hao điện vầy nè.	2020-11-18 13:12:37	2026-09-28 21:45:47
tk_18755209	tiki	55669191	general	Đèn Pixar, Đèn Học Chống Cận Thị, Đèn Đọc Sách, Đèn Làm Việc Để Bàn Chống Chói Mắt Lóa Mắt Bảo Vệ Mắt - Hàng Chính Hãng		1	Rất không hài lòng. Khi xem trên tiki không thấy nói là không tặng bóng đèn, đến khi xuất hóa đơn nói là không tặng bóng đề nên không biết mua loại bóng nào gắn cho phù hợp, chân cắm lỏng lẻo hình như là giao thiếu bộ phận nào đó nên khi gắn vào chân để bàn lắc lư.	2023-02-07 10:03:20	2026-09-28 21:45:47
tk_6194381	tiki	55669191	general	Đèn Pixar, Đèn Học Chống Cận Thị, Đèn Đọc Sách, Đèn Làm Việc Để Bàn Chống Chói Mắt Lóa Mắt Bảo Vệ Mắt - Hàng Chính Hãng		1	Xin lỗi vì đã đánh giá 1 sao. Sản phẩm nhận được không như mong đợi từ khâu đóng gói đến phụ kiện kèm theo: 1. Bộ đèn không có bóng, chỉ nhận được bóng tặng nhưng nhìn rất không an toàn (không dám lắp vào *** thử). 2. Thiếu lò xo ở thân trên của sản phẩm. Mua hàng tiki khá nhiều lần. Đây là lần đầu tiên khá thất vọng từ khâu đóng gói đến khâu nhận sản phẩm mua tại tiki. Tiki vui lòng hỗ trợ tôi đổi hoặc trả lại sản phẩm.	2020-12-14 16:12:41	2026-09-28 21:45:47
tk_13362812	tiki	55669191	general	Đèn Pixar, Đèn Học Chống Cận Thị, Đèn Đọc Sách, Đèn Làm Việc Để Bàn Chống Chói Mắt Lóa Mắt Bảo Vệ Mắt - Hàng Chính Hãng		1	Rất không hài lòng. Đèn bị móp méo nhiều chỗ, đèn cũng k sáng, chất lượng sáng yếu, quan trọng hơn là đèn ko đứng vững được. Chỗ cắm đèn lỏng lẻo không cố định. Quá tốn tiền	2021-11-22 12:34:05	2026-09-28 21:45:47
tk_6561507	tiki	55669191	general	Đèn Pixar, Đèn Học Chống Cận Thị, Đèn Đọc Sách, Đèn Làm Việc Để Bàn Chống Chói Mắt Lóa Mắt Bảo Vệ Mắt - Hàng Chính Hãng		1	Hàng không đúng chất lượng. giao hàng lần 1 thì đế móp, đèn méo - đổi trả giao hàng lần 2 thì đèn vẫn méo, bóng tặng thì gỉ sét, đen thui, cắm đèn không sáng Mất hai tuần đổi trả kết quả vẫn vậy, quá tốn thời gian để mua một món đồ làm quà noel.	2020-12-28 13:18:06	2026-09-28 21:45:51
tk_8439544	tiki	55669191	general	Đèn Pixar, Đèn Học Chống Cận Thị, Đèn Đọc Sách, Đèn Làm Việc Để Bàn Chống Chói Mắt Lóa Mắt Bảo Vệ Mắt - Hàng Chính Hãng		5	Cực kì hài lòng. đã nhận đc đèn và khá ưng ý, nhà mình có sẵn bóng rồi nên chỉ mua loại ko tặng bóng, về nhà lắp vào dùng rất ok nhé. Đèn đẹp, chắc chắn nhìn khá là thảm mỹ tiki giao hàng đúng dự kiến, ko nhanh, ko chậm	2021-03-16 10:25:26	2026-09-28 21:45:51
tk_14500870	tiki	55669191	general	Đèn Pixar, Đèn Học Chống Cận Thị, Đèn Đọc Sách, Đèn Làm Việc Để Bàn Chống Chói Mắt Lóa Mắt Bảo Vệ Mắt - Hàng Chính Hãng		4	Hài lòng. Hàng mới và mẫu mã như quảng cáo, gói hàng cẩn thận, vận chuyển nhanh hơn dự kiến. rất hài lòng. Tuy nhiên không có bóng đi kèm để thử đèn là 1 điểm trừ. (shop có thể kèm bóng đèn và tăng tiền bán phù hợp thì sẽ tốt cho khách hàng hơn).	2022-01-16 18:21:24	2026-09-28 21:45:51
tk_20188678	tiki	55669191	general	Đèn Pixar, Đèn Học Chống Cận Thị, Đèn Đọc Sách, Đèn Làm Việc Để Bàn Chống Chói Mắt Lóa Mắt Bảo Vệ Mắt - Hàng Chính Hãng		5	Cực kì hài lòng. Ok.tốt	2025-11-08 14:02:26	2026-09-28 21:45:51
tk_10990925	tiki	55669191	general	Đèn Pixar, Đèn Học Chống Cận Thị, Đèn Đọc Sách, Đèn Làm Việc Để Bàn Chống Chói Mắt Lóa Mắt Bảo Vệ Mắt - Hàng Chính Hãng		5	Cực kì hài lòng. Đèn đẹppppp và cực kỳ tiện lợi luôn ạ. Chân đèn của mình hơi bị móp vài chỗ nhưng ko ảnh hưởng lắm vì mình dùng kẹp, vừa tiện vừa gọn. Bóng tặng kèm có 3W mà sáng phết hí hí, tắt điện phòng đi vẫn đủ sáng để ngồi làm việc. Shop bán hàng rất có tâm: bọc hàng cẩn thận, có giấy cảm ơn + thẻ bảo hành, giá thì siêu tốt!	2021-07-08 20:31:50	2026-09-28 21:45:51
tk_4325784	tiki	55669191	general	Đèn Pixar, Đèn Học Chống Cận Thị, Đèn Đọc Sách, Đèn Làm Việc Để Bàn Chống Chói Mắt Lóa Mắt Bảo Vệ Mắt - Hàng Chính Hãng		1	Rất không hài lòng. Trên mô tả một đằng sản phẩm nhận kích thước một nẻo, tiki đã hỗ trợ đổi trả hàng đến lần thứ 2 mà vẫn không đúng, tốn cả 4-5 cuộc điện thoại và chờ cả tháng trời không có sản phẩm trễ tiến độ công việc của mình! Đặt hàng tiki nhiều lần mà lần này quá thất vọng!	2020-08-04 19:49:08	2026-09-28 21:45:51
tk_10509141	tiki	55669191	general	Đèn Pixar, Đèn Học Chống Cận Thị, Đèn Đọc Sách, Đèn Làm Việc Để Bàn Chống Chói Mắt Lóa Mắt Bảo Vệ Mắt - Hàng Chính Hãng		5	Cực kì hài lòng. đèn nhìn nghệ thuật nha mọi người. mà lưu ý là bàn học phải rộng chút chứ bàn cà phê lên là mất mặt bằng lắm.mình thấy độ sáng của đèn hơi tối. mình thay bóng đèn khác cao hơn 45W thì nổ không shop ơi. tư vấn giúp mình nhé.cám ơn bạn	2021-06-18 17:12:51	2026-09-28 21:45:51
tk_13301548	tiki	55669191	general	Đèn Pixar, Đèn Học Chống Cận Thị, Đèn Đọc Sách, Đèn Làm Việc Để Bàn Chống Chói Mắt Lóa Mắt Bảo Vệ Mắt - Hàng Chính Hãng		5	Cực kì hài lòng. ship hàng nhanh. Hàng cứng cáp khá đẹp. vẫn cho Shop 5 sao. chỉ là choá đèn bị móp chút. chắc do vận chuyển. Đã chụp lại hình. Shop xem nhé.	2021-11-19 12:25:24	2026-09-28 21:45:51
tk_16191568	tiki	55669191	general	Đèn Pixar, Đèn Học Chống Cận Thị, Đèn Đọc Sách, Đèn Làm Việc Để Bàn Chống Chói Mắt Lóa Mắt Bảo Vệ Mắt - Hàng Chính Hãng		4	Hài lòng. Tiki giao hàng nhan,h rất ổn, Tiki bắt tất cả nhà cung cấp nên có ảnh về sản phẩmm xuất sứ sản phẩm, code bar, code điện tử chụp gận để khách hàng phân biệt hàng chất lượng hay không để mua. Tôi luôn tin tưởng Tiki là hãng uy tín nhất việt nam. chọn lựa nhà bán. Hàng chất lượng đúng như hình ảnh. nhưng mi doctor không nói rõ bóng thương hiệu nào, bóng thì ánh sáng trắng, không có thương hiệu !!! Đạt bốn sao !!!	2022-05-04 19:41:46	2026-09-28 21:45:51
tk_11640774	tiki	55669191	general	Đèn Pixar, Đèn Học Chống Cận Thị, Đèn Đọc Sách, Đèn Làm Việc Để Bàn Chống Chói Mắt Lóa Mắt Bảo Vệ Mắt - Hàng Chính Hãng		1	Rất không hài lòng. Đóng hàng không cẩn thận. (Không hề có xốp bảo vệ dù vận chuyển xa). Dẫn tới khi nhận hàng bị móp và trầy xước. Mua hàng chọn mua thêm 1 bóng đèn nhưng giao thiếu. Rất thiếu trách nhiệm!	2021-08-06 15:32:44	2026-09-28 21:45:51
tk_6401489	tiki	55669191	general	Đèn Pixar, Đèn Học Chống Cận Thị, Đèn Đọc Sách, Đèn Làm Việc Để Bàn Chống Chói Mắt Lóa Mắt Bảo Vệ Mắt - Hàng Chính Hãng		5	Cực kì hài lòng. Đèn rất đẹp và chắc chắn kèm lời cảm ơn dễ thương của shop. Mình rất vui vì đang lúc cần thì lại nhận đèn sớm hơn dự kiến nên về nhà là đi mua luôn bóng đèn led và khai đèn cho con học luôn. Cảm ơn shop và chúc shop luôn giữ vững lập trường kinh doanh như vậy để mang lại sự hài lòng cho khách hàng nhé.	2020-12-22 08:15:17	2026-09-28 21:45:51
tk_7759525	tiki	55669191	general	Đèn Pixar, Đèn Học Chống Cận Thị, Đèn Đọc Sách, Đèn Làm Việc Để Bàn Chống Chói Mắt Lóa Mắt Bảo Vệ Mắt - Hàng Chính Hãng		5	Cực kì hài lòng. dù giao hàng hơi lâu do trùng vào dịp Tết nhưng đc cái đèn dùng rất tiện, có 2 chế độ là nẹp và để bàn. thêm 1 cái nữa là có thể chỉnh góc độ thấp cao. bóng điện giao kèm lad 3w trắng mình lại phải đi mua bóng vàng công suất cao hơn cho các cháu đọc sách	2021-02-17 15:51:05	2026-09-28 21:45:51
tk_12145316	tiki	55669191	general	Đèn Pixar, Đèn Học Chống Cận Thị, Đèn Đọc Sách, Đèn Làm Việc Để Bàn Chống Chói Mắt Lóa Mắt Bảo Vệ Mắt - Hàng Chính Hãng		4	Hài lòng. Đèn bé xinh đủ để gọn. Có 2 cách là có chân đế hoặc là kẹp bàn. Khá tiện thay đổi. Nhược điểm là bọc hàng k chắc chắn và đèn bị móp 1 chút. May mà ở chỗ k nhìn thấy rõ	2021-09-09 19:41:27	2026-09-28 21:45:51
tk_15881491	tiki	55669191	general	Đèn Pixar, Đèn Học Chống Cận Thị, Đèn Đọc Sách, Đèn Làm Việc Để Bàn Chống Chói Mắt Lóa Mắt Bảo Vệ Mắt - Hàng Chính Hãng		5	Hài lòng. giá khá cao so với chất lượng sản phẩm . nhưng là hàng việg nam nên tôi cho 5* ủng hộ việt nam ^^	2022-04-12 00:07:25	2026-09-28 21:45:51
tk_12064155	tiki	55669191	general	Đèn Pixar, Đèn Học Chống Cận Thị, Đèn Đọc Sách, Đèn Làm Việc Để Bàn Chống Chói Mắt Lóa Mắt Bảo Vệ Mắt - Hàng Chính Hãng		5	Cực kì hài lòng. 1. giao hàng nhanh, đúng hẹn 2. đóng hàng: mình góp ý shop nên thêm xốp chống sốc, và đập để bảo vệ đèn, vì trong quá trình vận chuyển va đập làm hộp bên ngoài lẫn chao đèn có bị móp một chút 3. Chất lượng: +) đền chắc chắn, đẹp, mới	2021-08-31 16:52:38	2026-09-28 21:45:51
tk_16213418	tiki	55669191	general	Đèn Pixar, Đèn Học Chống Cận Thị, Đèn Đọc Sách, Đèn Làm Việc Để Bàn Chống Chói Mắt Lóa Mắt Bảo Vệ Mắt - Hàng Chính Hãng		3	Bình thường. Tụi Tiki này càng ngày càng kém, *** mình đăng kí mua do bị khóa đột xuất không làm lại ngay được, cập nhật lại số mới mà nó không báo cho bên giao hàng. Bên giao hàng tự hủy 1 đơn hàng của mình. Tôi nói rõ ai hủy đơn hàng của tôi người đó phải đặt lại.	2022-05-06 11:03:34	2026-09-28 21:45:51
tk_8793419	tiki	55669191	general	Đèn Pixar, Đèn Học Chống Cận Thị, Đèn Đọc Sách, Đèn Làm Việc Để Bàn Chống Chói Mắt Lóa Mắt Bảo Vệ Mắt - Hàng Chính Hãng		2	Không hài lòng. Vì kiểm tra không kĩ nên không để ý nó bị méo ở sau đầu. Mình thấy phần đầu của đèn khá lỏng, chỉnh lên 1 tí lúc sau thấy rụng xuống luôn rồi, lắp bóng vào thì đèn bị sáng quá, chói luôn ấy. Shop đóng gói rất sơ sài, mấy đồ như này mà chỉ cho vào hộp với 1 cái ni lông bọc ngoài, như thế thì nát bét, ít ra cũng phải thêm cái chống sốc vào chứ ạ :))) lần đầu đặt mà bị thất vọng ý ạ	2021-03-31 11:11:47	2026-09-28 21:45:51
tk_8495464	tiki	55669191	general	Đèn Pixar, Đèn Học Chống Cận Thị, Đèn Đọc Sách, Đèn Làm Việc Để Bàn Chống Chói Mắt Lóa Mắt Bảo Vệ Mắt - Hàng Chính Hãng		1	Rất không hài lòng. đóng gói ko hề cẩn thận, bóng đèn phải mua thêm, mà còn là loại dởm, ko thấy của hãng nào, bật một lúc nóng ran, tui phải thay bằng bóng khác vì ko đủ sáng và sợ bị nổ, đèn trông như bị quăng quật, bụi và ko đều nước sơn. với giá tiền này mua loại này quá điên tiết rồi	2021-03-18 17:48:36	2026-09-28 21:45:51
tk_12713894	tiki	55669191	general	Đèn Pixar, Đèn Học Chống Cận Thị, Đèn Đọc Sách, Đèn Làm Việc Để Bàn Chống Chói Mắt Lóa Mắt Bảo Vệ Mắt - Hàng Chính Hãng		1	Rất không hài lòng. Mình đặt hàng mà gặp giãn cách chờ mấy tháng mới nhận được, mở ra thấy móp nhiều quá! Không biết do shop hay do vận chuyển? Giờ mà trả lại chờ tiếp chắc chờ đến Tết quá! Thôi xài đỡ!	2021-10-19 20:51:24	2026-09-28 21:45:51
tk_14323752	tiki	55669191	general	Đèn Pixar, Đèn Học Chống Cận Thị, Đèn Đọc Sách, Đèn Làm Việc Để Bàn Chống Chói Mắt Lóa Mắt Bảo Vệ Mắt - Hàng Chính Hãng		5	Cực kì hài lòng. Đóng gói sản phẩm chắc chắn, điểm trừ duy nhất không hiểu tại sao đèn lại móp như trong hình, chưa sử dụng nên chưa biết đc nên cho 5sao	2022-01-08 12:53:21	2026-09-28 21:45:51
tk_19972870	tiki	55669191	general	Đèn Pixar, Đèn Học Chống Cận Thị, Đèn Đọc Sách, Đèn Làm Việc Để Bàn Chống Chói Mắt Lóa Mắt Bảo Vệ Mắt - Hàng Chính Hãng		5	Cực kì hài lòng. Hàng nguyên vẹn,đầy đủ phụ kiện, báo gói cẩn thận, mới..hài lòng.	2024-09-06 20:45:39	2026-09-28 21:45:53
tk_11745084	tiki	55669191	general	Đèn Pixar, Đèn Học Chống Cận Thị, Đèn Đọc Sách, Đèn Làm Việc Để Bàn Chống Chói Mắt Lóa Mắt Bảo Vệ Mắt - Hàng Chính Hãng		5	Cực kì hài lòng. Giao hàng nhanh. Đèn lắp đặt dễ dàng, có 2 lựa chọn là gắn bàn hoặc có đế nặng. Bóng tặng kèm có màu trắng không đổi màu. Hàng có chút ảnh hưởng do vận chuyển không cẩn thận nhưng shop đã giải quyết một cách hợp tình hợp lý. Cám ơn và chúc shop may mắn vượt qua đại dịch này.	2021-08-11 17:27:23	2026-09-28 21:45:53
tk_4798077	tiki	55669191	general	Đèn Pixar, Đèn Học Chống Cận Thị, Đèn Đọc Sách, Đèn Làm Việc Để Bàn Chống Chói Mắt Lóa Mắt Bảo Vệ Mắt - Hàng Chính Hãng		5	Cực kì hài lòng. Shop bọc hàng kĩ càng, mở ra kiểm tra chân đế xem có bị xước hay móp không nhưng mọi thứ vẫn ổn. Đèn tặng kèm công suất nhỏ, nếu cần dùng thì nên mua thêm. Nói chung là ổn, shop cũng có note lại kĩ càng nếu có vấn đề gì thì ng mua hàng nên gọi ngay cho shop. Rất cẩn thận ❤️	2020-09-10 10:09:29	2026-09-28 21:45:53
tk_12728937	tiki	55669191	general	Đèn Pixar, Đèn Học Chống Cận Thị, Đèn Đọc Sách, Đèn Làm Việc Để Bàn Chống Chói Mắt Lóa Mắt Bảo Vệ Mắt - Hàng Chính Hãng		1	Rất không hài lòng. Đèn thì bị móp , trầy và cái đế khi giao tới cũ kĩ và trầy khá nhiều . Thất vọng ghê :( mong shop cải thiện khâu kiểm tra hàng hoá khi giao tới cho khách	2021-10-20 17:38:47	2026-09-28 21:45:53
tk_14417892	tiki	55669191	general	Đèn Pixar, Đèn Học Chống Cận Thị, Đèn Đọc Sách, Đèn Làm Việc Để Bàn Chống Chói Mắt Lóa Mắt Bảo Vệ Mắt - Hàng Chính Hãng		3	Hài lòng. Đèn đi kèm khá là tối. Khuyên ai mua mua không kèm đèn, rồi ra tiênm mua bóng tốt gắn vào. Các mối nối cũng tạm được, với giá tiền này mình không đòi hỏi hơn. Chắc dùng hạn chế kéo ra kéo vô khônh dùng lâu nó gãy. Còn chắc hơn chọn các sẵn phẩm giá cai hơn chắc nó tốt hơn.	2022-01-12 23:34:29	2026-09-28 21:45:53
tk_18696545	tiki	55669191	general	Đèn Pixar, Đèn Học Chống Cận Thị, Đèn Đọc Sách, Đèn Làm Việc Để Bàn Chống Chói Mắt Lóa Mắt Bảo Vệ Mắt - Hàng Chính Hãng		5	Cực kì hài lòng. Đèn rất cứng cáp và chắc chắn, đế nặng, bóng đèn mua kèm sáng tốt. Shop bọc hàng rất kĩ và giao hàng rất nhanh. Rất hài lòng ạ ❤️👍. Có kèm phiếu bảo hành nữa nên em tất an tâm✨	2023-01-29 13:59:39	2026-09-28 21:45:53
tk_20049064	tiki	55669191	general	Đèn Pixar, Đèn Học Chống Cận Thị, Đèn Đọc Sách, Đèn Làm Việc Để Bàn Chống Chói Mắt Lóa Mắt Bảo Vệ Mắt - Hàng Chính Hãng		2	Không hài lòng. Bóng đèn sáng kém quá. Hơi thất vọng.	2024-12-15 08:14:04	2026-09-28 21:45:53
tk_9675244	tiki	55669191	general	Đèn Pixar, Đèn Học Chống Cận Thị, Đèn Đọc Sách, Đèn Làm Việc Để Bàn Chống Chói Mắt Lóa Mắt Bảo Vệ Mắt - Hàng Chính Hãng		3	Bình thường. Giao sớm nhưng hộp móp méo, chắc do giá rẻ nên chi tiết không sắc sảo, khung kẹp bằng nhựa không chắc chắn. Kích thước nhỏ hơn mong đợi.	2021-05-12 20:17:28	2026-09-28 21:45:53
tk_20124937	tiki	55669191	general	Đèn Pixar, Đèn Học Chống Cận Thị, Đèn Đọc Sách, Đèn Làm Việc Để Bàn Chống Chói Mắt Lóa Mắt Bảo Vệ Mắt - Hàng Chính Hãng		5	Cực kì hài lòng.	2025-05-18 08:45:53	2026-09-28 21:45:53
tk_16279480	tiki	55669191	general	Đèn Pixar, Đèn Học Chống Cận Thị, Đèn Đọc Sách, Đèn Làm Việc Để Bàn Chống Chói Mắt Lóa Mắt Bảo Vệ Mắt - Hàng Chính Hãng		4	Hài lòng. Đèn đẹp, chắc chắn, ko to như tưởng tượng, cao hết cỡ khoảng 50cm. Bóng tặng kèm chỉ có 3W thôi, tối quá chỉ phù hợp làm đèn ngủ. Mọi người nên mua loại ko bóng và mua thêm bóng 5W 40k ở bên ngoài.	2022-05-10 23:14:25	2026-09-28 21:45:53
tk_20122786	tiki	55669191	general	Đèn Pixar, Đèn Học Chống Cận Thị, Đèn Đọc Sách, Đèn Làm Việc Để Bàn Chống Chói Mắt Lóa Mắt Bảo Vệ Mắt - Hàng Chính Hãng		5	Cực kì hài lòng.	2025-05-12 22:55:08	2026-09-28 21:45:53
tk_10702322	tiki	55669191	general	Đèn Pixar, Đèn Học Chống Cận Thị, Đèn Đọc Sách, Đèn Làm Việc Để Bàn Chống Chói Mắt Lóa Mắt Bảo Vệ Mắt - Hàng Chính Hãng		5	Cực kì hài lòng. Đẹp, chắc chắn, chuyển hàng mùa dịch vậy là khá nhanh rồi, bóng đèn tặng kèm thì không sáng lắm. Shop có gửi kèm phiếu bảo hành kèm lời dặn, rất dễ thương.	2021-06-27 17:18:16	2026-09-28 21:45:53
tk_14916654	tiki	55669191	general	Đèn Pixar, Đèn Học Chống Cận Thị, Đèn Đọc Sách, Đèn Làm Việc Để Bàn Chống Chói Mắt Lóa Mắt Bảo Vệ Mắt - Hàng Chính Hãng		1	Rất không hài lòng. Phần kẹp làm bằng nhựa, vặn mấy cũng ko chặt được, dễ rơi ra khỏi bàn khi tác dụng lực nhẹ. Phần đế thì khá lỏng lẻo khi gắn chân đèn vào, ko khít. Shop trả lời do sản xuất nó thế thì mình chịu. Ko nên mua.	2022-02-12 13:51:26	2026-09-28 21:45:53
tk_9221234	tiki	55669191	general	Đèn Pixar, Đèn Học Chống Cận Thị, Đèn Đọc Sách, Đèn Làm Việc Để Bàn Chống Chói Mắt Lóa Mắt Bảo Vệ Mắt - Hàng Chính Hãng		1	Rất không hài lòng. Đèn giao bị móp méo. Lỗi này mình nghĩ xuất phát từ cả cửa hàng và bên giao hàng. Tớ nghĩ ở cửa hàng lúc giao sản phẩm có thể không bị gì nhưng do không chị đóng gói kĩ trong khi quãng đường giao cực kì dài, từ Hà Nội ra TPHCM nhưng chỉ có 1 thùng giấy đựng nên lúc giao hàng va đập với kiện hàng khác nên dẫn tới tình trạng như trong hình. Mình là khách hàng lâu năm của tiki nhưng lần này mình thật sự thất vọng về tiki.	2021-04-21 18:44:38	2026-09-28 21:45:53
tk_9151094	tiki	55669191	general	Đèn Pixar, Đèn Học Chống Cận Thị, Đèn Đọc Sách, Đèn Làm Việc Để Bàn Chống Chói Mắt Lóa Mắt Bảo Vệ Mắt - Hàng Chính Hãng		5	Cực kì hài lòng. Hàng ok , dây điện hơi ngắn nếu bạn nào muốn xài xa phải thêm ổ cắm ( dây chắc tầm hơn 1m ) Mình nghĩ các bạn không nên mua loại có bóng đèn mắc thêm tận mấy chục nghìn chỉ được cái bóng đèn ( mà lại nói là tặng , tặng mà lại tốn tiền ) , bạn nên mua loại không có bóng , sau đó ra tiệm điện mua bóng tầm 10k , tiết kiệm được nhiều hơn . Bóng theo đèn là bóng 3w , độ sáng theo mình thấy là chấp nhận được , muốn sáng hơn thì mua bóng 5w . Đuôi thân đèn loại này hơi dở khi gắn vào đế ( đế thì ok , nặng chắc ) , đuôi thân đèn phải cấm thật mạnh vào đế thì mới chắc ( ban đầu còn bỡ ngỡ ) vì dòng Pixal khác thì đế và đuôi thân đèn sẽ gắn vô nhẹ nhàng sau đó dùng ốc xiết vào đế , rất chắc chắn . Còn kẹp thân đèn thì mình chưa xài nhưng nhìn tạm ổn . Đợt sale mua giá ok !!!	2021-04-18 11:46:18	2026-09-28 21:45:53
tk_5466237	tiki	55669191	general	Đèn Pixar, Đèn Học Chống Cận Thị, Đèn Đọc Sách, Đèn Làm Việc Để Bàn Chống Chói Mắt Lóa Mắt Bảo Vệ Mắt - Hàng Chính Hãng		5	Cực kì hài lòng. Mình mua đèn ko có bóng cả ship là 138k, giao hàng nhanh, đúng như mô tả, mình tự mua bóng 52k lắp vào rất ưng ý. Mk khuyên các b nên mua đèn trc mua bóng sau tránh quá trình vận chuyển bị vỡ bóg. Tuy nhiên khi gọi đt hỗ trợ thì 2 sdt ko liên lạc đc, luac sau mk gọi trên cap thì ok, các b nhiệt tình giúp đỡ khi mình ko cụp đc đèn. 5* luôn tin tưởng tiki	2020-11-04 20:19:09	2026-09-28 21:45:53
tk_9038387	tiki	55669191	general	Đèn Pixar, Đèn Học Chống Cận Thị, Đèn Đọc Sách, Đèn Làm Việc Để Bàn Chống Chói Mắt Lóa Mắt Bảo Vệ Mắt - Hàng Chính Hãng		4	Hài lòng. Đèn tương đối ok, tuy nhiên phần thân sắt và phần đế tròn lắp vào nhau bị lỏng lẻo, chỉ cắm phần đầu sắt vào đế, ko có gì cố định lại. Mình cầm thân đèn lên thì đế đèn rơi ra. Phần đế đèn cũng ko đủ nặng, khi chỉnh góc đèn ra vươn ra xa thì đế có thể bị lật.	2021-04-12 09:58:02	2026-09-28 21:45:53
tk_19627329	tiki	55669191	general	Đèn Pixar, Đèn Học Chống Cận Thị, Đèn Đọc Sách, Đèn Làm Việc Để Bàn Chống Chói Mắt Lóa Mắt Bảo Vệ Mắt - Hàng Chính Hãng		5	Cực kì hài lòng. Rất ưng thiết kế, xinh xắn gọn gàng, dễ lắp ráp, nước sơn mịn. Tốt	2023-11-03 18:31:06	2026-09-28 21:45:53
tk_8439988	tiki	55669191	general	Đèn Pixar, Đèn Học Chống Cận Thị, Đèn Đọc Sách, Đèn Làm Việc Để Bàn Chống Chói Mắt Lóa Mắt Bảo Vệ Mắt - Hàng Chính Hãng		5	Cực kì hài lòng. Đèn rất đẹp nhé. Được tặng bóng đèn led ánh trắng ưng ý ạ, với cả được tặng cái kẹp bàn Giao hàng đúng hẹn Chấp nhận được	2021-03-16 10:41:14	2026-09-28 21:45:53
tk_4864142	tiki	55669191	general	Đèn Pixar, Đèn Học Chống Cận Thị, Đèn Đọc Sách, Đèn Làm Việc Để Bàn Chống Chói Mắt Lóa Mắt Bảo Vệ Mắt - Hàng Chính Hãng		5	Cực kì hài lòng. 5 sao cho khâu vận chuyển. 4 sao cho nhà cung cấp. Hàng đúng như thông tin mô tả, dùng đế đứng nhìn cũng xịn xò k kém j cái kẹp nẹp bàn, có điều hộp đựng hơi móp méo, với khuyến mãi cái đèn mình cũng k dám xài vì đèn km là đèn dây tóc sợ gắn vô thì bị j mắc công. Phải chạy ra tiệm mua cái bóng led 5w màu vàng giá 30 k xài cho an toàn.	2020-09-15 21:16:12	2026-09-28 21:45:53
tk_19521470	tiki	55669191	general	Đèn Pixar, Đèn Học Chống Cận Thị, Đèn Đọc Sách, Đèn Làm Việc Để Bàn Chống Chói Mắt Lóa Mắt Bảo Vệ Mắt - Hàng Chính Hãng		4	Hài lòng. Hàng bị bể mà vẫn giao cho khách. Nhưng shop rất nhiệt tình, có liên hệ giải quyết. Mình đánh giá 4 sao thui nhé.	2023-09-11 11:15:04	2026-09-28 21:45:56
tk_8751367	tiki	55669191	general	Đèn Pixar, Đèn Học Chống Cận Thị, Đèn Đọc Sách, Đèn Làm Việc Để Bàn Chống Chói Mắt Lóa Mắt Bảo Vệ Mắt - Hàng Chính Hãng		5	Đèn cỡ nhỏ. đẹp ổn.. shop gửi đầy đủ phụ kiện. đèn cỡ nhỏ chứ không phải cỡ to. nói chung đẹp và chắc chắn k móp méo ọp ẹp. tuy nhiên bóng đèn tặng kèm có 3w . đế chân đèn bên trong là bê tông. hộp bị méo do vận chuyển( chấp nhận được).	2021-03-29 18:10:10	2026-09-28 21:45:56
tk_7903479	tiki	55669191	general	Đèn Pixar, Đèn Học Chống Cận Thị, Đèn Đọc Sách, Đèn Làm Việc Để Bàn Chống Chói Mắt Lóa Mắt Bảo Vệ Mắt - Hàng Chính Hãng		4	Hài lòng. ổn, nhưng khâu đóng gói cần cải thiện thêm, nên làm hộp đựng sản phẩm rộng hơn 1 chút, nên làm thêm 1 miếng xốp lót vừa khít bên trong của vành bóng đèn để tránh cong, hàng của mình lúc lấy về bị méo 1 chút nhưng cũng may nó bị méo thành hình bầu dục nên dễ dàng nắn lại đc	2021-02-22 17:07:48	2026-09-28 21:45:56
tk_12719648	tiki	55669191	general	Đèn Pixar, Đèn Học Chống Cận Thị, Đèn Đọc Sách, Đèn Làm Việc Để Bàn Chống Chói Mắt Lóa Mắt Bảo Vệ Mắt - Hàng Chính Hãng		5	Cực kì hài lòng. Đèn chất lượng đúng mô tả, có kèm 2 chân, 1 kẹp bàn, 1 đặt trên bàn rất tiện.	2021-10-20 09:48:29	2026-09-28 21:45:56
tk_11860589	tiki	55669191	general	Đèn Pixar, Đèn Học Chống Cận Thị, Đèn Đọc Sách, Đèn Làm Việc Để Bàn Chống Chói Mắt Lóa Mắt Bảo Vệ Mắt - Hàng Chính Hãng		5	Cực kì hài lòng. đèn ổn. một số phần nhựa hơi thừa k cắt nên nhìn hơi phèn. phần đáy đế bắt vít sâu. khung chắc chắn dễ tùy chỉnh. với số tiền 169k vậy là ngon. giao hàng cực nhanh dù dịch bệnh như này mà 2 ngày đã tới. quá phù hợp tiền. 5 sao !	2021-08-17 01:12:35	2026-09-28 21:45:56
tk_15226173	tiki	55669191	general	Đèn Pixar, Đèn Học Chống Cận Thị, Đèn Đọc Sách, Đèn Làm Việc Để Bàn Chống Chói Mắt Lóa Mắt Bảo Vệ Mắt - Hàng Chính Hãng		5	Cực kì hài lòng. Giao hàng nhanh hơn thời gian dự kiến, sản phẩm nhận được như hình. Mình mua loại không có bóng đèn, mình mua loại led 7W thấy ok nó không bị dư ra và rất sáng	2022-03-02 21:12:30	2026-09-28 21:45:56
tk_4591961	tiki	55669191	general	Đèn Pixar, Đèn Học Chống Cận Thị, Đèn Đọc Sách, Đèn Làm Việc Để Bàn Chống Chói Mắt Lóa Mắt Bảo Vệ Mắt - Hàng Chính Hãng		2	Không hài lòng. Tôi nhận được hàng rồi nhung k ưng ý vì bóng đèn tối quá có sáng đâu mà học được màu ánh sáng thì vàng bóng 60w ghi ở hộp mà trong thì tặng bóng có 25w mói chung là lần đầu mua mà đã thất vọng rui, bảo thứ 5 mới có hàng mà đặt hôm trước hôm sau dã có cũng k biết là hàng chất lượng k nữa	2020-08-24 13:06:16	2026-09-28 21:45:56
tk_16728084	tiki	55669191	general	Đèn Pixar, Đèn Học Chống Cận Thị, Đèn Đọc Sách, Đèn Làm Việc Để Bàn Chống Chói Mắt Lóa Mắt Bảo Vệ Mắt - Hàng Chính Hãng		5	Cực kì hài lòng. Đèn thì nhìn cũng ok đó, tuy nhiên hộp bọc bị thủng hoặc thiếu một phần giấy chống sốc ở đầu không biết do đâu. Nhưng điều quan trọng là bên trong vẫn còn nguyên vẹn và cũng hy vọng shop chú ý hơn.	2022-06-16 10:23:17	2026-09-28 21:45:56
tk_4458348	tiki	55669191	general	Đèn Pixar, Đèn Học Chống Cận Thị, Đèn Đọc Sách, Đèn Làm Việc Để Bàn Chống Chói Mắt Lóa Mắt Bảo Vệ Mắt - Hàng Chính Hãng		5	Cực kì hài lòng. lúc đầu mở ra khá ấn tượng vì có thư cảm ơn khi mua sp ( không những 1 mà tận 2 tờ), sp thì được bao bọc rất kiểu điều này tôi rất thích vì nó thể hiện sự tôn trọng khách hàng. Còn sp thì không có gì chê rất chắc chắn, không bị tróc sơn. Nên rất hài lòng và sẽ ủng hộ shop nhiều	2020-08-14 12:18:12	2026-09-28 21:45:56
tk_7250244	tiki	55669191	general	Đèn Pixar, Đèn Học Chống Cận Thị, Đèn Đọc Sách, Đèn Làm Việc Để Bàn Chống Chói Mắt Lóa Mắt Bảo Vệ Mắt - Hàng Chính Hãng		5	Cực kì hài lòng. Ổn trông tầm giá. Bóng đèn nhỏ, không bị lòi ra ngoài nên đở chói mắt. Sản phẩm có đế để bàn hoặc kẹp bên cạnh bàn cho tiết kiệm diện tích. Ánh sáng tương đối ổn và tùy chỉnh đc nhiều tư thế	2021-01-26 01:36:06	2026-09-28 21:45:56
tk_10717991	tiki	55669191	general	Đèn Pixar, Đèn Học Chống Cận Thị, Đèn Đọc Sách, Đèn Làm Việc Để Bàn Chống Chói Mắt Lóa Mắt Bảo Vệ Mắt - Hàng Chính Hãng		2	Không hài lòng. - Ưu: Dáng đẹp, thời trang. - Nhược: + Đế dày nhưng khi gắn thân đèn vào k có khớp giữ nên rất lỏng léo, muốn chuyển đèn phải ôm cả cục đế và thân đèn k thì sứt thân với đế ra. + Kẹp nhựa rất yếu. + Bóng đèn rất dởm, bộ nguồn cho bóng dởm nên chất lượng ánh sáng nhìn bằng mắt sáng tối liên tục ảnh hưởng đến mắt. Shop đã có tùy chọn mua bóng/ko bóng, nếu đã tính tiền bóng thì làm ơn hãy chọn bóng tốt tí.	2021-06-28 12:38:49	2026-09-28 21:45:56
tk_16289166	tiki	55669191	general	Đèn Pixar, Đèn Học Chống Cận Thị, Đèn Đọc Sách, Đèn Làm Việc Để Bàn Chống Chói Mắt Lóa Mắt Bảo Vệ Mắt - Hàng Chính Hãng		5	Cực kì hài lòng. Hàng đẹp , chắc nặng , có kèm kẹp bàn bằng nhựa , đóng gói cẩn thận có thư cám ơn khách hàng ! Note thêm : giá này ko có bóng đèn nha mn	2022-05-11 19:05:04	2026-09-28 21:45:56
tk_15557748	tiki	55669191	general	Đèn Pixar, Đèn Học Chống Cận Thị, Đèn Đọc Sách, Đèn Làm Việc Để Bàn Chống Chói Mắt Lóa Mắt Bảo Vệ Mắt - Hàng Chính Hãng		5	Cực kì hài lòng. gói ngoài không kĩ, đế đèn hơi trầy. Nhìn hộp ngoài hơi te tua nhưng cũng may đèn không bị móp. khích lệ 5⭐.	2022-03-23 10:26:42	2026-09-28 21:45:56
tk_10968921	tiki	55669191	general	Đèn Pixar, Đèn Học Chống Cận Thị, Đèn Đọc Sách, Đèn Làm Việc Để Bàn Chống Chói Mắt Lóa Mắt Bảo Vệ Mắt - Hàng Chính Hãng		3	Hài lòng. đèn nhìn chung cũng ổn , mình mua 2 cái thì 1 cái bị như thế này , xin góp ý với shop 1 tí về chất lượng đóng gói kém , dẫn đến tình trạng hàng mình bị như trên	2021-07-08 08:15:55	2026-09-28 21:45:56
tk_10131813	tiki	55669191	general	Đèn Pixar, Đèn Học Chống Cận Thị, Đèn Đọc Sách, Đèn Làm Việc Để Bàn Chống Chói Mắt Lóa Mắt Bảo Vệ Mắt - Hàng Chính Hãng		3	Bình thường. Hi shop, Tôi mới nhận được hàng sáng nay, và có 1 số nhận xét sau: 1. Chất lượng sản phẩm Ok 2. Giao hàng đúng hẹn Nhưng hơi bị thất vọng vì tôi đặt mua sản phẩm có kèm bóng đèn, nhưng khi mở hộp thì lại không thấy bóng đèn đâu cả.	2021-06-03 11:50:50	2026-09-28 21:45:56
tk_10054844	tiki	55669191	general	Đèn Pixar, Đèn Học Chống Cận Thị, Đèn Đọc Sách, Đèn Làm Việc Để Bàn Chống Chói Mắt Lóa Mắt Bảo Vệ Mắt - Hàng Chính Hãng		5	Cực kì hài lòng. Thật sự rất ưng, mọi chi tiết đều được làm 1 cách rất hợp lý, ngoài kỳ vọng của mình so với giá này. Vì bóng tặng kèm chỉ có 3W nên mình chọn mua loại không có bóng, mua thêm bóng led 5W ở ngoài về lắp vào là đủ độ sáng để đọc sách và làm việc. Rất hài lòng. Cám ơn shop.	2021-05-30 15:47:30	2026-09-28 21:45:56
tk_11104356	tiki	55669191	general	Đèn Pixar, Đèn Học Chống Cận Thị, Đèn Đọc Sách, Đèn Làm Việc Để Bàn Chống Chói Mắt Lóa Mắt Bảo Vệ Mắt - Hàng Chính Hãng		2	Không hài lòng. đèn có màu đẹp nhưng bị rơi ốc và bị móp .chỗ rơi ốc bị xước . có liên hệ với shop mong đc đổi trả nhưng ko thành công . Bồi thường 10k tự bổ sung ốc	2021-07-12 16:03:06	2026-09-28 21:45:56
tk_6525828	tiki	55669191	general	Đèn Pixar, Đèn Học Chống Cận Thị, Đèn Đọc Sách, Đèn Làm Việc Để Bàn Chống Chói Mắt Lóa Mắt Bảo Vệ Mắt - Hàng Chính Hãng		4	Hài lòng. Vận chuyển không cẩn thận hộp móp, đèn thì trầy xước. Tuy vậy ngoại quan sản phẩm khá đẹp và dùng tốt. Đáng mua. Shop nên tặng bóng led thay vì bóng dây tóc như hiện tại, ví rất nóng và tốn điện.	2020-12-26 22:23:15	2026-09-28 21:45:56
tk_9794866	tiki	55669191	general	Đèn Pixar, Đèn Học Chống Cận Thị, Đèn Đọc Sách, Đèn Làm Việc Để Bàn Chống Chói Mắt Lóa Mắt Bảo Vệ Mắt - Hàng Chính Hãng		5	Cực kì hài lòng. tiki giao hàng nhanh, sản phẩm mình nhận được bị lõm 1 - 2 chỗ trên phần chụp đèn không biết đấy là do khi vận chuyển bên tiki hay lỗi sp nó vậy, đối với mình không ảnh hưởng nhiều, còn nhìn tổng thể thì sp tốt đẹp đúng mẫu, mình đặt mua là loại không đèn. Chú ý khi mn mua sp chọn loại không đèn hoặc có đèn, để không đổ lỗi cho shop.	2021-05-18 06:32:45	2026-09-28 21:45:56
tk_9304908	tiki	55669191	general	Đèn Pixar, Đèn Học Chống Cận Thị, Đèn Đọc Sách, Đèn Làm Việc Để Bàn Chống Chói Mắt Lóa Mắt Bảo Vệ Mắt - Hàng Chính Hãng		5	Cực kì hài lòng. đèn ok, ship nhanh, dáng đèn cao, mình không mua bóng của shop nên kb ntn, còn đèn thì nên mua nha, đáng tiền	2021-04-24 20:57:33	2026-09-28 21:45:56
tk_20026225	tiki	55669191	general	Đèn Pixar, Đèn Học Chống Cận Thị, Đèn Đọc Sách, Đèn Làm Việc Để Bàn Chống Chói Mắt Lóa Mắt Bảo Vệ Mắt - Hàng Chính Hãng		5	Cực kì hài lòng.	2024-11-08 13:42:23	2026-09-28 21:45:58
tk_11986604	tiki	55669191	general	Đèn Pixar, Đèn Học Chống Cận Thị, Đèn Đọc Sách, Đèn Làm Việc Để Bàn Chống Chói Mắt Lóa Mắt Bảo Vệ Mắt - Hàng Chính Hãng		1	Rất không hài lòng. Đèn ko lên có video nhưng ko up Đc Gọi tiki để đổi ko ai giải quyết , gọi thì bảo e sẽ giải quyết ngay , đã gửi *** Giờ vẫn vứt xó ko dùng đc ! Tiền mất tật mang Dịch vụ tệ	2021-08-23 09:47:57	2026-09-28 21:45:58
tk_17784984	tiki	55669191	general	Đèn Pixar, Đèn Học Chống Cận Thị, Đèn Đọc Sách, Đèn Làm Việc Để Bàn Chống Chói Mắt Lóa Mắt Bảo Vệ Mắt - Hàng Chính Hãng		4	Hài lòng. Đèn sáng, chắc chắn. Nhưng đế đèn bị bể xíu rồi. 4 sao nhé shop. Rút kinh nghiệm để tốt hơn	2022-09-24 18:05:57	2026-09-28 21:45:58
tk_18082803	tiki	55669191	general	Đèn Pixar, Đèn Học Chống Cận Thị, Đèn Đọc Sách, Đèn Làm Việc Để Bàn Chống Chói Mắt Lóa Mắt Bảo Vệ Mắt - Hàng Chính Hãng		4	Hài lòng. Thiết kế ổn, giao hàng nhanh, sản phẩm như mô tả nhưng một số chi tiết ở phần đế và kẹp bàn chưa thực sự đẹp mắt.	2022-10-30 08:34:57	2026-09-28 21:45:58
tk_10391499	tiki	55669191	general	Đèn Pixar, Đèn Học Chống Cận Thị, Đèn Đọc Sách, Đèn Làm Việc Để Bàn Chống Chói Mắt Lóa Mắt Bảo Vệ Mắt - Hàng Chính Hãng		5	Cực kì hài lòng. chuôi gắn bóng đèn có chút di động, không biết là nsx cố tình hay lỗi ? mẫu gắn cạnh bàn không có chốt siết nên rất lỏng, ai có trẻ em thì chú ý bơm keo vào.	2021-06-13 17:18:48	2026-09-28 21:45:58
tk_9137636	tiki	55669191	general	Đèn Pixar, Đèn Học Chống Cận Thị, Đèn Đọc Sách, Đèn Làm Việc Để Bàn Chống Chói Mắt Lóa Mắt Bảo Vệ Mắt - Hàng Chính Hãng		4	Hài lòng. Hàng đóng gói cẩn thận, đầy đủ phụ kiện, có cả kẹp lẫn đế, nhưng cả 2 cái đều bị móp choá đèn. Không ảnh hưởng tới sử dụng nhưng coi như bị lỗi chút đỉnh.	2021-04-17 15:23:31	2026-09-28 21:45:58
tk_16319586	tiki	55669191	general	Đèn Pixar, Đèn Học Chống Cận Thị, Đèn Đọc Sách, Đèn Làm Việc Để Bàn Chống Chói Mắt Lóa Mắt Bảo Vệ Mắt - Hàng Chính Hãng		4	Hài lòng. bonus thêm đúng cái bóng để lắp thì hết nước chấm, cơ mà sp nhìn mượt, chắc chắn, hệt quảng cáo,...nói chung là xịn ✅ có thêm cái bóng thì đẹp hơn 👀	2022-05-14 09:16:24	2026-09-28 21:45:58
tk_13305393	tiki	55669191	general	Đèn Pixar, Đèn Học Chống Cận Thị, Đèn Đọc Sách, Đèn Làm Việc Để Bàn Chống Chói Mắt Lóa Mắt Bảo Vệ Mắt - Hàng Chính Hãng		4	Hài lòng. Đèn sáng vừa mắt, dễ chịu. Tuy nhiên có một vài chỗ bị móp méo( trong hình) chưa ưng ý lắm Nói chung cũng ổn trong tầm giá	2021-11-19 15:21:08	2026-09-28 21:45:58
tk_18883900	tiki	55669191	general	Đèn Pixar, Đèn Học Chống Cận Thị, Đèn Đọc Sách, Đèn Làm Việc Để Bàn Chống Chói Mắt Lóa Mắt Bảo Vệ Mắt - Hàng Chính Hãng		5	Cực kì hài lòng. Shop đóng gói hàng cẩn thận, sản phẩm đẹp, lần sau nếu có nhu cầu sẽ đặt thêm của shop.	2023-03-01 10:34:25	2026-09-28 21:45:58
tk_18617666	tiki	55669191	general	Đèn Pixar, Đèn Học Chống Cận Thị, Đèn Đọc Sách, Đèn Làm Việc Để Bàn Chống Chói Mắt Lóa Mắt Bảo Vệ Mắt - Hàng Chính Hãng		5	Cực kì hài lòng. Đèn ok đúng như hình lắp cũng dễ, nhưng ship cũng hơi lâu xíu nhưng không sao, shop gói kỹ cẩn thận á!!!	2023-01-11 14:02:38	2026-09-28 21:45:58
tk_5135728	tiki	55669191	general	Đèn Pixar, Đèn Học Chống Cận Thị, Đèn Đọc Sách, Đèn Làm Việc Để Bàn Chống Chói Mắt Lóa Mắt Bảo Vệ Mắt - Hàng Chính Hãng		1	Rất không hài lòng. đèn bị hư công tắc không bật lên được đã thay bóng led vào vẫn vậy đã gọi tổng đài tiki hỗ trợ để được đổi hàng . không như bên bán hàng có để tờ giấy trong hôp nói có vấn đề thì gọi nhưng không hỗ trợ được gì . đúng là không có trách nhiệm với sản phẩm mình bán ra	2020-10-09 14:13:43	2026-09-28 21:45:58
tk_4961642	tiki	55669191	general	Đèn Pixar, Đèn Học Chống Cận Thị, Đèn Đọc Sách, Đèn Làm Việc Để Bàn Chống Chói Mắt Lóa Mắt Bảo Vệ Mắt - Hàng Chính Hãng		5	Cực kì hài lòng. Đế bắt nhựa nên không chắc chắn cho lắm, phải bắt vít vô luôn mới không xục xịch. Các khớp nối thì mượt và chắc, đang đặt mua cái thứ 2 cho nhà. Tặng đèn dây tóc nên thua, phải gắn đèn led tự mua vào	2020-09-23 23:04:27	2026-09-28 21:45:58
tk_8464885	tiki	55669191	general	Đèn Pixar, Đèn Học Chống Cận Thị, Đèn Đọc Sách, Đèn Làm Việc Để Bàn Chống Chói Mắt Lóa Mắt Bảo Vệ Mắt - Hàng Chính Hãng		1	Rất không hài lòng. Hôm nay mình mới nhận được hàng của shop, rất thất vọng khi bóng đèn bật lên rất lu mờ dù giá thành bóng đèn hơn 50k. So với đèn của shop khác cũng cùng mẫu đèn này nhưng rất sáng, đặc biệt có thêm 3 chế độ đèn để chọn. Đế đèn lỏng lẻo không chắc chắn. Mình muốn trả lại hàng	2021-03-17 11:14:46	2026-09-28 21:45:58
tk_15048204	tiki	55669191	general	Đèn Pixar, Đèn Học Chống Cận Thị, Đèn Đọc Sách, Đèn Làm Việc Để Bàn Chống Chói Mắt Lóa Mắt Bảo Vệ Mắt - Hàng Chính Hãng		5	Cực kì hài lòng. Đèn có thiết kế nhỏ gọn, khớp linh hoạt trong việc thay đổi góc và độ cao bóng đèn, có kèm chân khá nặng nếu muốn đặt trên bàn, hoặc kẹp luôn mặt bàn cho gọn	2022-02-20 11:55:09	2026-09-28 21:45:58
tk_16617502	tiki	55669191	general	Đèn Pixar, Đèn Học Chống Cận Thị, Đèn Đọc Sách, Đèn Làm Việc Để Bàn Chống Chói Mắt Lóa Mắt Bảo Vệ Mắt - Hàng Chính Hãng		3	Bình thường. Bóng đèn giá chát và ko sáng . Cố tình đóng gói bóng đèn móp méo cho khách . Vì bóng đèn xếp ở đáy ko thể đổ cho bên cận chuyển được	2022-06-07 23:39:47	2026-09-28 21:45:58
tk_4778239	tiki	55669191	general	Đèn Pixar, Đèn Học Chống Cận Thị, Đèn Đọc Sách, Đèn Làm Việc Để Bàn Chống Chói Mắt Lóa Mắt Bảo Vệ Mắt - Hàng Chính Hãng		1	Hàng giao bị lỗi, hỏng. Rất thất vọng và đáng buồn!. Bóng đèn là đồ dễ vỡ, phải bọc đệm cẩn thận để tránh quá trình va đập trong lúc vận chuyển. Mặc dù bên ngoài đã ghi là hàng dễ vỡ, nhưng khi mở ra thì đèn đã bị vỡ vụn thế này (Bọc đèn không cẩn thận). Rất mong Tiki chú ý tới những sản phẩm như thế này trong những đơn hàng tương tự lần sau. Thân!	2020-09-08 22:13:51	2026-09-28 21:45:58
tk_16050013	tiki	55669191	general	Đèn Pixar, Đèn Học Chống Cận Thị, Đèn Đọc Sách, Đèn Làm Việc Để Bàn Chống Chói Mắt Lóa Mắt Bảo Vệ Mắt - Hàng Chính Hãng		5	Cực kì hài lòng. Giao hàng nhanh, đặt lúc trưa mà chiều đã giao rồi, đèn cũng đẹp, dùng ổn.	2022-04-23 07:32:58	2026-09-28 21:45:58
tk_7646903	tiki	55669191	general	Đèn Pixar, Đèn Học Chống Cận Thị, Đèn Đọc Sách, Đèn Làm Việc Để Bàn Chống Chói Mắt Lóa Mắt Bảo Vệ Mắt - Hàng Chính Hãng		2	Tạm chấp nhận.. - Sản phẩm đóng gói không có tâm, vỏ hộp bên ngoài bị hư hại, cho dù lúc vận chuyển cũng không đến nỗi quá tệ như thế. Điều này cũng đã được phản ánh ở những khách hàng trước nhưng đến giờ vẫn chưa có dấu hiệu khắc phục. - Đèn cũng bị móp, là ở khâu vận chuyển hay do nhà cung cấp thất trách trong lúc quản lý thì chưa biết. - Bóng đèn rẻ tiền giá 20.000. - Sản phẩm sạch sẽ, không giống vỏ ngoài, tạo cảm giác yên tâm không phải hàng 'đã qua sử dụng'. - Chất lượng đèn không quá tệ, ánh sáng tốt, khớp đèn dễ dàng di chuyển. - Về mặt hình thức thì vừa đủ điểm đậu, nhưng sản phẩm móp méo vẫn để lại dư vị tồi tệ trong lòng khách hàng. Có lẽ vì mua sắm online nên nhiều người lười gửi trả sản phẩm, chứ kinh doanh ngoài cửa hàng tôi dám nói khách nhìn thấy chắc chắn quay lưng bỏ đi.	2021-02-09 11:51:23	2026-09-28 21:45:58
tk_7608744	tiki	55669191	general	Đèn Pixar, Đèn Học Chống Cận Thị, Đèn Đọc Sách, Đèn Làm Việc Để Bàn Chống Chói Mắt Lóa Mắt Bảo Vệ Mắt - Hàng Chính Hãng		4	Hài lòng. Hàng nhận đúng yêu cầu về màu sắc và chủng loại . Giao hàng nhanh. Đóng gói sơ sài may mà bóng đèn chưa bị vỡ, chụp đèn chỉ hơi xây sát tróc sơn. Gọi điện 2 lần cho shop nhưng ko ai nhấc máy cũng ko gọi lại, nhắn tin trên *** cho shop cũng ko phản hồi. Hơi thiếu chuyên nghiệp nên chỉ đáng 4 *.	2021-02-07 18:45:11	2026-09-28 21:45:58
tk_10349322	tiki	55669191	general	Đèn Pixar, Đèn Học Chống Cận Thị, Đèn Đọc Sách, Đèn Làm Việc Để Bàn Chống Chói Mắt Lóa Mắt Bảo Vệ Mắt - Hàng Chính Hãng		5	Cực kì hài lòng. Đẹp - như hình shop đăng , giao tới cái chụp choá đèn hơi móp xíu chắc do vận chuyển . Shop cẩn thận băng bó kĩ còn thêm dòng chữ chú ý cẩn thận hàng dễ bể . Tiki giao hàng nhanh	2021-06-11 18:11:32	2026-09-28 21:45:58
tk_7563736	tiki	55669191	general	Đèn Pixar, Đèn Học Chống Cận Thị, Đèn Đọc Sách, Đèn Làm Việc Để Bàn Chống Chói Mắt Lóa Mắt Bảo Vệ Mắt - Hàng Chính Hãng		1	Rất không hài lòng. - Đồ bình thường. - Dong gói không chắc chắn. - Chuôi để vặn bóng vẹo sang bên - Bóng đèn không sáng, phải mua thêm bóng Rạng Đông. - Các khung không được chắc chắn. - Nói chung mua 140k cũng không đòi hỏi nhiều. Lúc đầu nhìn trong ảnh có vẻ được nhưng thực tế cũng xoàng đúng với giá tiền.	2021-02-05 22:28:38	2026-09-28 21:46:00
tk_4506177	tiki	55669191	general	Đèn Pixar, Đèn Học Chống Cận Thị, Đèn Đọc Sách, Đèn Làm Việc Để Bàn Chống Chói Mắt Lóa Mắt Bảo Vệ Mắt - Hàng Chính Hãng		5	Đã mua hàng. Giá tốt, cơ bản không có gì để chê cả, MUA ĐƯỢC Sản phẩm có kèm chân đế và giá kẹp. Xin cảm ơn nhà cung cấp Note thêm cho các bạn tham khảo: SP kèm bóng đèn dây tóc, không phải đèn led nhé. Tiki giao hàng đúng thời gian, nhưng vận chuyển để bị móp cảm giác mất chuyên nghiệp đi	2020-08-17 22:53:45	2026-09-28 21:46:00
tk_6560291	tiki	55669191	general	Đèn Pixar, Đèn Học Chống Cận Thị, Đèn Đọc Sách, Đèn Làm Việc Để Bàn Chống Chói Mắt Lóa Mắt Bảo Vệ Mắt - Hàng Chính Hãng		5	Hài lòng về sản phẩm. Giao hàng nhanh, đóng gói cẩn thận, chất lượng ok, ghi tặng bóng sợi đốt thủy tinh mà nhận dc bóng led :))	2020-12-28 12:34:10	2026-09-28 21:46:00
tk_4435491	tiki	55669191	general	Đèn Pixar, Đèn Học Chống Cận Thị, Đèn Đọc Sách, Đèn Làm Việc Để Bàn Chống Chói Mắt Lóa Mắt Bảo Vệ Mắt - Hàng Chính Hãng		3	Bình thường. Đèn vàng tối quá không dùng được nên mình thay bóng. Hàng đóng gói hok cẩn thận nên lúc nhận bị móp như hình. Do thân đèn nó đè lên đế chứ không phải bên ngoài tác động vào. Mình trả lại và được nhận cái mới, khi nhận vẫn bị móp 1 tí nhưng chấp nhận được. Mình góp ý để shop biết và đóng gói cẩn thận hơn nek. thks shop nha	2020-08-12 20:40:22	2026-09-28 21:46:00
tk_13834625	tiki	55669191	general	Đèn Pixar, Đèn Học Chống Cận Thị, Đèn Đọc Sách, Đèn Làm Việc Để Bàn Chống Chói Mắt Lóa Mắt Bảo Vệ Mắt - Hàng Chính Hãng		5	Cực kì hài lòng. Đèn chắc chắn, cầm nặng tay, kết cấu mới lạ. Bóng đèn led 3w dc tặng nhỏ vừa đủ, màu 6500k.	2021-12-15 08:46:57	2026-09-28 21:46:00
tk_18820363	tiki	55669191	general	Đèn Pixar, Đèn Học Chống Cận Thị, Đèn Đọc Sách, Đèn Làm Việc Để Bàn Chống Chói Mắt Lóa Mắt Bảo Vệ Mắt - Hàng Chính Hãng		1	Rất không hài lòng. Buôn bán như này thì dẹp tiệm đi shop	2023-02-17 21:17:48	2026-09-28 21:46:00
tk_15034967	tiki	55669191	general	Đèn Pixar, Đèn Học Chống Cận Thị, Đèn Đọc Sách, Đèn Làm Việc Để Bàn Chống Chói Mắt Lóa Mắt Bảo Vệ Mắt - Hàng Chính Hãng		5	Cực kì hài lòng. Hàng tốt. Nhưng khâu vận chuyển có chút vấn đề. Đèn của mình bị móp, hơi bị hụt hẫng khi nhận hàng. Shop có thể đổi lại cho mình được không?!	2022-02-19 13:13:15	2026-09-28 21:46:00
tk_11168831	tiki	55669191	general	Đèn Pixar, Đèn Học Chống Cận Thị, Đèn Đọc Sách, Đèn Làm Việc Để Bàn Chống Chói Mắt Lóa Mắt Bảo Vệ Mắt - Hàng Chính Hãng		4	Hài lòng. Giao hàng lâu, muộn 2 ngày. Sản phẩm màu đẹp, nhìn tương đối chắc chắn. Đế đèn vị trí vặn ốc bị hỏng nhẹ, đế bằng ximang thì phải. Đèn không quá sáng.	2021-07-14 20:10:53	2026-09-28 21:46:00
tk_12995478	tiki	55669191	general	Đèn Pixar, Đèn Học Chống Cận Thị, Đèn Đọc Sách, Đèn Làm Việc Để Bàn Chống Chói Mắt Lóa Mắt Bảo Vệ Mắt - Hàng Chính Hãng		2	Không hài lòng. - Cái bóng LED lởm và tối mù. Thà mua không có bóng rồi về mua bóng lẻ còn rẻ hơn nhiều. - Chao đèn thì hơi bóp méo - Đóng hàng thì ko cẩn thẩn. Các linh kiện va đập loảng xoảng khi di chuyển - Hơi thất vọng	2021-11-03 16:31:02	2026-09-28 21:46:00
tk_15108109	tiki	55669191	general	Đèn Pixar, Đèn Học Chống Cận Thị, Đèn Đọc Sách, Đèn Làm Việc Để Bàn Chống Chói Mắt Lóa Mắt Bảo Vệ Mắt - Hàng Chính Hãng		4	Hài lòng. Sản phẩm tốt! Dù sản phẩm hơi móp xíu, mong shop bọc đầu đèn bằng xốp kỉ hơn cho những bạn mua hàng sau nhé!	2022-02-23 18:15:54	2026-09-28 21:46:00
tk_12754630	tiki	55669191	general	Đèn Pixar, Đèn Học Chống Cận Thị, Đèn Đọc Sách, Đèn Làm Việc Để Bàn Chống Chói Mắt Lóa Mắt Bảo Vệ Mắt - Hàng Chính Hãng		2	Không hài lòng. Hàng giao cho tôi bị móp. Chân đèn bằng nhựa không vững lắm nên đèn lắc lư nhiều. Tiền nào của nấy. Tạm chấp nhận được so với giá.	2021-10-21 23:13:18	2026-09-28 21:46:00
tk_6294597	tiki	55669191	general	Đèn Pixar, Đèn Học Chống Cận Thị, Đèn Đọc Sách, Đèn Làm Việc Để Bàn Chống Chói Mắt Lóa Mắt Bảo Vệ Mắt - Hàng Chính Hãng		5	Cực kì hài lòng. Bạn nào có mua thì nên chọn loại ko kèm theo bóng đèn, vì bóng đèn là bóng đèn dây tóc sợi đốt nên lúc chiếu sáng toả nhiệt nóng lắm, mình ở phòng điều hoà mà lúc sd đèn ngồi gần cảm thấy rất khó chịu, với mấy bạn gái sợ đen da mà ngồi dưới đèn này tầm một tháng là bao đen luôn! Mua giá đèn, r về hẵng mua bóng đèn led lắp vào cho tiết kiệm điện, lại còn ko toả nhiệt và ánh sáng trắng (thay vì vàng) dễ chịu hơn. Thông số mua đèn để các bạn tham khảo: bóng tròn, 220-240v, đuôi E14/E27, công suất tuỳ nhu cầu	2020-12-17 22:17:14	2026-09-28 21:46:00
tk_17797771	tiki	55669191	general	Đèn Pixar, Đèn Học Chống Cận Thị, Đèn Đọc Sách, Đèn Làm Việc Để Bàn Chống Chói Mắt Lóa Mắt Bảo Vệ Mắt - Hàng Chính Hãng		4	Hài lòng. Đặt mua 2 cái mà 1 cái móp. Đề nghị lần sau đóng gói kỹ hơn.	2022-09-26 09:18:45	2026-09-28 21:46:00
tk_15100100	tiki	55669191	general	Đèn Pixar, Đèn Học Chống Cận Thị, Đèn Đọc Sách, Đèn Làm Việc Để Bàn Chống Chói Mắt Lóa Mắt Bảo Vệ Mắt - Hàng Chính Hãng		3	Bình thường. Đóng gói sơ sài.bể mẻ các bộ phận	2022-02-23 11:55:03	2026-09-28 21:46:00
tk_6271346	tiki	55669191	general	Đèn Pixar, Đèn Học Chống Cận Thị, Đèn Đọc Sách, Đèn Làm Việc Để Bàn Chống Chói Mắt Lóa Mắt Bảo Vệ Mắt - Hàng Chính Hãng		5	Cực kì hài lòng. Sản phẩm chất lượng, thân đèn bằng kim loại rất chắc chắn, nước sơn đẹp. Rất hài lòng về sản phẩm. Ghi chú: các bạn mua nên chuẩn bị 01 bóng đèn Led để tiết kiệm điện và phù hợp với Thân đèn hơn. Bóng gửi kèm là bóng sợi đốt nên tốn điện và không đẹp.	2020-12-17 08:41:58	2026-09-28 21:46:00
tk_15174304	tiki	55669191	general	Đèn Pixar, Đèn Học Chống Cận Thị, Đèn Đọc Sách, Đèn Làm Việc Để Bàn Chống Chói Mắt Lóa Mắt Bảo Vệ Mắt - Hàng Chính Hãng		5	Cực kì hài lòng. San phẩm giá khá rẻ so với tầm giá, chất lượng bề ngoài khá đẹp, có 1 điểm trừ nhẹ đui đèn bên trong không được cân lắm,l nhưng vẫn ok	2022-02-27 17:42:14	2026-09-28 21:46:00
tk_11494851	tiki	55669191	general	Đèn Pixar, Đèn Học Chống Cận Thị, Đèn Đọc Sách, Đèn Làm Việc Để Bàn Chống Chói Mắt Lóa Mắt Bảo Vệ Mắt - Hàng Chính Hãng		5	Cực kì hài lòng. công nhận shop giao nhanh, đóng gói cẩn thận. Đèn đẹp ngoài sức mong đợi mỗi việc gửi nhầm bóng. Mình đặt bóng vàng lại thành bóng trắng nhưng ko sao.	2021-07-28 19:24:16	2026-09-28 21:46:00
tk_12545142	tiki	55669191	general	Đèn Pixar, Đèn Học Chống Cận Thị, Đèn Đọc Sách, Đèn Làm Việc Để Bàn Chống Chói Mắt Lóa Mắt Bảo Vệ Mắt - Hàng Chính Hãng		5	Cực kì hài lòng. Mua 3 cái đèn, shop đóng gói và giao hàng ok. Vỏ hộp carton ngoài hơi móp méo nhưng đèn bên trong ko ảnh hưởng. Có sticker báo hàng dễ vỡ, có lớp carton giảm chấn động bọc bên ngoài hộp đèn. Hình quên chụp :)	2021-10-11 08:09:08	2026-09-28 21:46:00
tk_11167041	tiki	55669191	general	Đèn Pixar, Đèn Học Chống Cận Thị, Đèn Đọc Sách, Đèn Làm Việc Để Bàn Chống Chói Mắt Lóa Mắt Bảo Vệ Mắt - Hàng Chính Hãng		5	Cực kì hài lòng. Đèn OK nè, có cả chân để bàn nữa, đóng gói ổn, bóng đèn là nhựa chứ k phải thuỷ tinh, lúc đầu vận chuyển sợ bể mà k sao, mỗi tội cái chong đèn k tròn lắm, trông cứ hơi méo thì phải	2021-07-14 19:00:30	2026-09-28 21:46:00
tk_10308286	tiki	55669191	general	Đèn Pixar, Đèn Học Chống Cận Thị, Đèn Đọc Sách, Đèn Làm Việc Để Bàn Chống Chói Mắt Lóa Mắt Bảo Vệ Mắt - Hàng Chính Hãng		5	Cực kì hài lòng. đèn đẹp, nhìn chắc chắn, bóng đi kèm không sáng như mong đợi. Gắn dc nhiều nơi nên tiện lợi. Tuy nhiên phần đế lại không dính chắc với thân mặc dù mình dùng sức đè rất chặt rồi. không biết tại sao. Tổng thể xứng đáng 5 sao.	2021-06-10 11:03:25	2026-09-28 21:46:00
tk_9800732	tiki	55669191	general	Đèn Pixar, Đèn Học Chống Cận Thị, Đèn Đọc Sách, Đèn Làm Việc Để Bàn Chống Chói Mắt Lóa Mắt Bảo Vệ Mắt - Hàng Chính Hãng		5	Cực kì hài lòng. Hàng giao nhanh, đúng như hình ảnh. Chân đế nặng, chắc. Mặc dù có vết móp nhưng ko ảnh hưởng. Chiều cao đèn hợp lý, bóng đèn 3W đi kèm đủ dùng. Nói chung là tốt.	2021-05-18 11:47:58	2026-09-28 21:46:03
tk_4983769	tiki	55669191	general	Đèn Pixar, Đèn Học Chống Cận Thị, Đèn Đọc Sách, Đèn Làm Việc Để Bàn Chống Chói Mắt Lóa Mắt Bảo Vệ Mắt - Hàng Chính Hãng		4	Hài lòng. Hàng chấp nhận đc trong tầm giá. Tuy nhiên bóng đèn phải nói tệ quá shop ơi. Mong shop tặng bóng chất lượng. Hoặc đừng tặng ảnh hưởng đến đánh giá sản phẩm. Một vào góp ý.	2020-09-25 20:02:25	2026-09-28 21:46:03
tk_5472287	tiki	55669191	general	Đèn Pixar, Đèn Học Chống Cận Thị, Đèn Đọc Sách, Đèn Làm Việc Để Bàn Chống Chói Mắt Lóa Mắt Bảo Vệ Mắt - Hàng Chính Hãng		5	Cực kì hài lòng. Hài lòng với sản phẩm Đèn Pixar này: 1- Kết cấu thép được sơn tĩnh điện, chắc chắn, đảm bảo về độ bền 2- Xoay linh hoạt nhưng vẫn đủ độ chắc chắn 3- Sản phẩm giao đến như ảnh quảng cáo Chưa hài lòng: 1- Dây điện hơi ngắn, nếu mà tăng thêm 1m nữa thì đẹp Vote sản phẩm 5 sao	2020-11-05 11:59:09	2026-09-28 21:46:03
tk_12366740	tiki	55669191	general	Đèn Pixar, Đèn Học Chống Cận Thị, Đèn Đọc Sách, Đèn Làm Việc Để Bàn Chống Chói Mắt Lóa Mắt Bảo Vệ Mắt - Hàng Chính Hãng		5	Hài lòng. Đèn đẹp, ánh sáng dịu nhưng do vận chyển bị méo 1 chút. Huhu mình mới mua xong hôm sau thấy sale với có mã giảm giá tiếc ghê :’))))	2021-09-29 11:46:06	2026-09-28 21:46:03
tk_9475564	tiki	55669191	general	Đèn Pixar, Đèn Học Chống Cận Thị, Đèn Đọc Sách, Đèn Làm Việc Để Bàn Chống Chói Mắt Lóa Mắt Bảo Vệ Mắt - Hàng Chính Hãng		1	Rất không hài lòng. Gói hàng không cẩn thận , móp méo , hàng không Nguyen vẹn .	2021-05-03 18:40:09	2026-09-28 21:46:03
tk_5274144	tiki	55669191	general	Đèn Pixar, Đèn Học Chống Cận Thị, Đèn Đọc Sách, Đèn Làm Việc Để Bàn Chống Chói Mắt Lóa Mắt Bảo Vệ Mắt - Hàng Chính Hãng		5	Giao hàng nhanh hơn Tiki dự kiến ban đầu.. Hàng giao nhanh, đóng gói cẩn thận. Đèn Pixar nhỏ gọn phù hợp trang bị cho góc học tập cá nhân. Mình mua cái bóng led công suất 5W ánh sáng vàng lắp vào là sáng liền. Vote cho hãng miDoctor 5 sao. Nhưng nếu trong quá trình sử dụng mà mau xuống cấp hay hòng thì sẽ báo xấu và trừ sao sau.	2020-10-19 08:53:18	2026-09-28 21:46:03
tk_5282336	tiki	55669191	general	Đèn Pixar, Đèn Học Chống Cận Thị, Đèn Đọc Sách, Đèn Làm Việc Để Bàn Chống Chói Mắt Lóa Mắt Bảo Vệ Mắt - Hàng Chính Hãng		3	Bình thường. Sản phẩm ổn nhưng không có bóng đèn. Không biết sơ suất lúc đóng gói hay shop quên bỏ vào. Mặc dù cái bóng đèn chả có bao tiền nhưng lúc nhắn lên thông báo cho shop thì cũng xin mã đơn hàng các kiểu rồi ko thấy phản hồi gì hết. Làm việc như vậy khiến mình tương đối khó chịu nên để 3 sao.	2020-10-19 18:49:45	2026-09-28 21:46:03
tk_5659980	tiki	55669191	general	Đèn Pixar, Đèn Học Chống Cận Thị, Đèn Đọc Sách, Đèn Làm Việc Để Bàn Chống Chói Mắt Lóa Mắt Bảo Vệ Mắt - Hàng Chính Hãng		5	Cực kì hài lòng. Đèn tiện lợi sử dụng đc nhiều địa hình (tùy biến), chất lượng hoàn thiện khá tốt. Chi thêm 25k mua thêm bóng led vàng thì đây là combo hoàn hảo cho tất cả sv, auto sáng. Tuy nhiên chiều dài dây tầm 1,5m nên cân nhắc mua thêm ổ điện.	2020-11-18 13:46:51	2026-09-28 21:46:03
tk_5278422	tiki	55669191	general	Đèn Pixar, Đèn Học Chống Cận Thị, Đèn Đọc Sách, Đèn Làm Việc Để Bàn Chống Chói Mắt Lóa Mắt Bảo Vệ Mắt - Hàng Chính Hãng		4	nhầm bóng đèn. sản phẩm khá ổn áp, khá chắc chắn nhưng trừ 1 sao vì giao nhầm bóng đén cho mình. mình mua bóng đèn trắng mà giao nhầm bóng đèn vàng	2020-10-19 13:45:28	2026-09-28 21:46:03
tk_6190394	tiki	55669191	general	Đèn Pixar, Đèn Học Chống Cận Thị, Đèn Đọc Sách, Đèn Làm Việc Để Bàn Chống Chói Mắt Lóa Mắt Bảo Vệ Mắt - Hàng Chính Hãng		1	Rất không hài lòng. Tiki giao hàng là bóng đèn cũ, đã bị xỉn màu, bên trong đã rĩ sét. Khi tôi thử bóng đèn đã nổ rất may con tôi ko bị gì. Đề nghị Tiki nên kiểm tra chất lượng sản phẩm trước khi giao cho KH.	2020-12-14 13:59:32	2026-09-28 21:46:03
tk_19837105	tiki	55669191	general	Đèn Pixar, Đèn Học Chống Cận Thị, Đèn Đọc Sách, Đèn Làm Việc Để Bàn Chống Chói Mắt Lóa Mắt Bảo Vệ Mắt - Hàng Chính Hãng		5	Cực kì hài lòng.	2024-04-09 16:30:47	2026-09-28 21:46:03
tk_11974868	tiki	55669191	general	Đèn Pixar, Đèn Học Chống Cận Thị, Đèn Đọc Sách, Đèn Làm Việc Để Bàn Chống Chói Mắt Lóa Mắt Bảo Vệ Mắt - Hàng Chính Hãng		1	Rất không hài lòng. chất lượng tệ đèn bị móp	2021-08-22 13:12:54	2026-09-28 21:46:03
tk_13204807	tiki	55669191	general	Đèn Pixar, Đèn Học Chống Cận Thị, Đèn Đọc Sách, Đèn Làm Việc Để Bàn Chống Chói Mắt Lóa Mắt Bảo Vệ Mắt - Hàng Chính Hãng		1	Rất không hài lòng. Lúc mình đặt hàng là đặt có bóng đèn. Mà giờ giao hàng thì ko có bóng đèn. Hic hic. Mình còn lưu hình minh chứng hic hic	2021-11-14 19:22:50	2026-09-28 21:46:03
tk_8913955	tiki	55669191	general	Đèn Pixar, Đèn Học Chống Cận Thị, Đèn Đọc Sách, Đèn Làm Việc Để Bàn Chống Chói Mắt Lóa Mắt Bảo Vệ Mắt - Hàng Chính Hãng		5	Cực kì hài lòng. Hàng đẹp giống mô tả, đóng gói cẩn thận. Giao hàng nhanh!	2021-04-05 22:40:48	2026-09-28 21:46:03
tk_4823585	tiki	55669191	general	Đèn Pixar, Đèn Học Chống Cận Thị, Đèn Đọc Sách, Đèn Làm Việc Để Bàn Chống Chói Mắt Lóa Mắt Bảo Vệ Mắt - Hàng Chính Hãng		5	Cực kì hài lòng. Mình vừa nhận được hàng thì lên đây viết feedback cho shop luôn. Chất lượng thì các bạn yên tâm nhé, đèn giống với mô tả. À shop còn rất đáng yêu khi gửi khách hàng miếng note cảm ơn. Sản phẩm nên mua ạaa	2020-09-12 10:14:02	2026-09-28 21:46:03
tk_15141715	tiki	55669191	general	Đèn Pixar, Đèn Học Chống Cận Thị, Đèn Đọc Sách, Đèn Làm Việc Để Bàn Chống Chói Mắt Lóa Mắt Bảo Vệ Mắt - Hàng Chính Hãng		5	Cực kì hài lòng. Đèn oke , xinh sáng đẹp	2022-02-25 19:10:52	2026-09-28 21:46:03
tk_5413162	tiki	55669191	general	Đèn Pixar, Đèn Học Chống Cận Thị, Đèn Đọc Sách, Đèn Làm Việc Để Bàn Chống Chói Mắt Lóa Mắt Bảo Vệ Mắt - Hàng Chính Hãng		5	Cực kì hài lòng. sản phẩm ok lắm nhé, các khớp hoạt động trơn tru, nhẹ mà chắc, sơn màu đẹp k bị bong, chỉ có bóng đèn hơi nóng do quen dùng led rồi nay dùng sợi đốt shop tặng cứ như đèn sửi cho Noel sắp tới ?	2020-10-30 22:14:18	2026-09-28 21:46:03
tk_18073013	tiki	55669191	general	Đèn Pixar, Đèn Học Chống Cận Thị, Đèn Đọc Sách, Đèn Làm Việc Để Bàn Chống Chói Mắt Lóa Mắt Bảo Vệ Mắt - Hàng Chính Hãng		5	Cực kì hài lòng. Mua 3 4 cây r.. loại này oki lắm.. dùng sáng bền lại đẹp nên mua nha mn.. tốt	2022-10-28 21:31:52	2026-09-28 21:46:03
tk_6638521	tiki	55669191	general	Đèn Pixar, Đèn Học Chống Cận Thị, Đèn Đọc Sách, Đèn Làm Việc Để Bàn Chống Chói Mắt Lóa Mắt Bảo Vệ Mắt - Hàng Chính Hãng		5	Cực kì hài lòng. Hàng như quảng cáo, nét, màu sắc chuẩn, để đèn OK :02 đế. chuẩn hài lòng.	2020-12-31 15:42:49	2026-09-28 21:46:03
tk_19813069	tiki	55669191	general	Đèn Pixar, Đèn Học Chống Cận Thị, Đèn Đọc Sách, Đèn Làm Việc Để Bàn Chống Chói Mắt Lóa Mắt Bảo Vệ Mắt - Hàng Chính Hãng		5	Cực kì hài lòng.	2024-03-20 10:00:10	2026-09-28 21:46:05
tk_9740081	tiki	55669191	general	Đèn Pixar, Đèn Học Chống Cận Thị, Đèn Đọc Sách, Đèn Làm Việc Để Bàn Chống Chói Mắt Lóa Mắt Bảo Vệ Mắt - Hàng Chính Hãng		2	Không hài lòng. Hàng dễ vỡ qua tay cty giao hàng thành ra thế này	2021-05-15 17:28:13	2026-09-28 21:46:05
tk_16336081	tiki	55669191	general	Đèn Pixar, Đèn Học Chống Cận Thị, Đèn Đọc Sách, Đèn Làm Việc Để Bàn Chống Chói Mắt Lóa Mắt Bảo Vệ Mắt - Hàng Chính Hãng		5	Cực kì hài lòng. Đèn ok lắm. Nhưng k nên mua kèm bóng. Vì bóng màu trắng, ánh sáng k tốt lắm và dễ móp méo khi vận chuyển nữa	2022-05-15 14:50:31	2026-09-28 21:46:05
tk_12124259	tiki	55669191	general	Đèn Pixar, Đèn Học Chống Cận Thị, Đèn Đọc Sách, Đèn Làm Việc Để Bàn Chống Chói Mắt Lóa Mắt Bảo Vệ Mắt - Hàng Chính Hãng		5	Cực kì hài lòng. Giao hàng nhanh, đèn có kẹp xoay dc, để k tốn diện tích.	2021-09-07 20:14:07	2026-09-28 21:46:05
tk_5255127	tiki	55669191	general	Đèn Pixar, Đèn Học Chống Cận Thị, Đèn Đọc Sách, Đèn Làm Việc Để Bàn Chống Chói Mắt Lóa Mắt Bảo Vệ Mắt - Hàng Chính Hãng		3	Choá đèn bị móp. Tất cả đều hoàn hảo cho tới khi mình phát hiện chóp đèn bị móp như thế này. buồn ghê	2020-10-17 13:45:18	2026-09-28 21:46:05
tk_5676913	tiki	55669191	general	Đèn Pixar, Đèn Học Chống Cận Thị, Đèn Đọc Sách, Đèn Làm Việc Để Bàn Chống Chói Mắt Lóa Mắt Bảo Vệ Mắt - Hàng Chính Hãng		4	Hài lòng. Hàng đẹp, giống hình. Nước sơn mượt, chắc chắn. Người bán hàng có tâm. Tiki giao hàng nhanh, chị shipper dễ thương :)	2020-11-19 19:03:43	2026-09-28 21:46:05
tk_16273065	tiki	55669191	general	Đèn Pixar, Đèn Học Chống Cận Thị, Đèn Đọc Sách, Đèn Làm Việc Để Bàn Chống Chói Mắt Lóa Mắt Bảo Vệ Mắt - Hàng Chính Hãng		5	Cực kì hài lòng. Giao đúng thời gian. Đèn sử dụng hơn 2 tháng khá ổn. Tuy nhiên có 1 chút xíu ko hài lòng là hàng bị móp 1 chút	2022-05-10 15:20:33	2026-09-28 21:46:05
tk_15624438	tiki	55669191	general	Đèn Pixar, Đèn Học Chống Cận Thị, Đèn Đọc Sách, Đèn Làm Việc Để Bàn Chống Chói Mắt Lóa Mắt Bảo Vệ Mắt - Hàng Chính Hãng		5	Cực kì hài lòng. So P đẹo chất lg, cái giâ để đèn hơi rộng phải chèn giấy vào thì đèn mới đứng dc Kẹp thì nếu keoh ngang thì một tg sẽ bị lẹch đổ phải chỉnh kaij	2022-03-27 13:31:27	2026-09-28 21:46:05
tk_5912796	tiki	55669191	general	Đèn Pixar, Đèn Học Chống Cận Thị, Đèn Đọc Sách, Đèn Làm Việc Để Bàn Chống Chói Mắt Lóa Mắt Bảo Vệ Mắt - Hàng Chính Hãng		5	Tuyệt vời ông mặt trời. Tiki giao hàng đúng nhanh, nhanh hơn nyc trở mặt nữa. Đèn đóm, khớp vặn rất chắc chắn, có 2 đế cho mọi người tuỳ chọn, tuy nhiên để có trải ngiệm tốt nhất thì mình khuyên mọi người nên mua bóng Led gắn vào. Vì đèn Shop đưa sẵn là đèn tóc màu vàng ??	2020-12-03 15:11:55	2026-09-28 21:46:05
tk_15005501	tiki	55669191	general	Đèn Pixar, Đèn Học Chống Cận Thị, Đèn Đọc Sách, Đèn Làm Việc Để Bàn Chống Chói Mắt Lóa Mắt Bảo Vệ Mắt - Hàng Chính Hãng		5	Cực kì hài lòng. giao nhanh Hàng nguyên vẹn ko trầy xước gì cả. kể mà tặng bóng vàng thì hết nước chấm	2022-02-17 15:50:20	2026-09-28 21:46:05
tk_4863472	tiki	55669191	general	Đèn Pixar, Đèn Học Chống Cận Thị, Đèn Đọc Sách, Đèn Làm Việc Để Bàn Chống Chói Mắt Lóa Mắt Bảo Vệ Mắt - Hàng Chính Hãng		1	Rất không hài lòng. Quá tệ, bóng đèn không sáng. Theo nội dung bán hàng thì có tặng bóng đèn kèm theo nhưng không có. Đã mua hàng từ Tiki rất nhiều từ trước đến nay rất hài lòng. Nhưng lần này thì thất vọng quá. Với nhà cung cấp sản phẩm thế này, đề nghị Tiki cần đánh giá, xem xét lại.	2020-09-15 20:24:51	2026-09-28 21:46:05
tk_20194753	tiki	44620765	general	Đèn Pin Led Siêu Sáng Mini Có Sạc USB Có Hỗ Trợ Sạc Dự Phòng Lại Cho Điện Thoại Khẩn Cấp - Hàng Chính Hãng		1	Rất không hài lòng. Mua về k sạc được.muốn dùng phải cắm điện.còn trầy xước nữa chứ	2025-12-02 09:49:11	2026-09-28 21:46:09
tk_20203754	tiki	44620765	general	Đèn Pin Led Siêu Sáng Mini Có Sạc USB Có Hỗ Trợ Sạc Dự Phòng Lại Cho Điện Thoại Khẩn Cấp - Hàng Chính Hãng		5	Cực kì hài lòng. độ sáng tốt. cầm cảm giác hàng chất lượng	2026-01-06 20:42:35	2026-09-28 21:46:09
tk_20023443	tiki	44620765	general	Đèn Pin Led Siêu Sáng Mini Có Sạc USB Có Hỗ Trợ Sạc Dự Phòng Lại Cho Điện Thoại Khẩn Cấp - Hàng Chính Hãng		5	Cực kì hài lòng. Đèn rất sáng.Thiết kế gọn,đẹp và rất tiện lợi.	2024-11-04 12:39:00	2026-09-28 21:46:09
tk_20194056	tiki	44620765	general	Đèn Pin Led Siêu Sáng Mini Có Sạc USB Có Hỗ Trợ Sạc Dự Phòng Lại Cho Điện Thoại Khẩn Cấp - Hàng Chính Hãng		1	Rất không hài lòng. Hàng lỗi mở không lên sạt không vào pin	2025-11-28 21:13:16	2026-09-28 21:46:09
tk_20228340	tiki	44620765	general	Đèn Pin Led Siêu Sáng Mini Có Sạc USB Có Hỗ Trợ Sạc Dự Phòng Lại Cho Điện Thoại Khẩn Cấp - Hàng Chính Hãng		5	Cực kì hài lòng.	2026-04-22 14:01:18	2026-09-28 21:46:09
tk_20008144	tiki	44620765	general	Đèn Pin Led Siêu Sáng Mini Có Sạc USB Có Hỗ Trợ Sạc Dự Phòng Lại Cho Điện Thoại Khẩn Cấp - Hàng Chính Hãng		4	Hài lòng. Độ sáng tốt, tầm khoản 20m vẫn sáng rõ, chỉnh đc 2 chế độ xa gom và gần, tiện lợi nhỏ gọn khi cầm tay thôi.	2024-10-17 00:27:44	2026-09-28 21:46:09
tk_19970799	tiki	44620765	general	Đèn Pin Led Siêu Sáng Mini Có Sạc USB Có Hỗ Trợ Sạc Dự Phòng Lại Cho Điện Thoại Khẩn Cấp - Hàng Chính Hãng		1	Rất không hài lòng. Sài đúng 1 ngày sạc *** lên nữa hàng như *** lúc sạc được lúc k	2024-09-04 14:06:49	2026-09-28 21:46:09
tk_20111550	tiki	44620765	general	Đèn Pin Led Siêu Sáng Mini Có Sạc USB Có Hỗ Trợ Sạc Dự Phòng Lại Cho Điện Thoại Khẩn Cấp - Hàng Chính Hãng		5	Cực kì hài lòng.	2025-04-16 18:00:42	2026-09-28 21:46:09
tk_20091750	tiki	44620765	general	Đèn Pin Led Siêu Sáng Mini Có Sạc USB Có Hỗ Trợ Sạc Dự Phòng Lại Cho Điện Thoại Khẩn Cấp - Hàng Chính Hãng		5	Cực kì hài lòng.	2025-03-06 08:45:13	2026-09-28 21:46:09
tk_19669900	tiki	44620765	general	Đèn Pin Led Siêu Sáng Mini Có Sạc USB Có Hỗ Trợ Sạc Dự Phòng Lại Cho Điện Thoại Khẩn Cấp - Hàng Chính Hãng		4	Hài lòng. Tạm được	2023-12-02 18:21:38	2026-09-28 21:46:09
tk_18217305	tiki	44620765	general	Đèn Pin Led Siêu Sáng Mini Có Sạc USB Có Hỗ Trợ Sạc Dự Phòng Lại Cho Điện Thoại Khẩn Cấp - Hàng Chính Hãng		1	Rất không hài lòng. Hình thức đẹp mà tets sáng được 30 phút là hết pin, quá thất vọng so với số tiền mình bỏ ra mua, tưởng tiền nào của đấy, ai ngờ mua đắt vẫn dính ***	2022-11-15 22:43:55	2026-09-28 21:46:09
tk_19979541	tiki	44620765	general	Đèn Pin Led Siêu Sáng Mini Có Sạc USB Có Hỗ Trợ Sạc Dự Phòng Lại Cho Điện Thoại Khẩn Cấp - Hàng Chính Hãng		5	Cực kì hài lòng. Tuyệt vời	2024-09-14 06:32:23	2026-09-28 21:46:09
tk_18596379	tiki	44620765	general	Đèn Pin Led Siêu Sáng Mini Có Sạc USB Có Hỗ Trợ Sạc Dự Phòng Lại Cho Điện Thoại Khẩn Cấp - Hàng Chính Hãng		4	Hài lòng. Hàng như hình, chức năng như giới thiệu, còn tiết kiệm pin thì phải dùng một thời gian mới biết được.	2023-01-08 13:58:20	2026-09-28 21:46:09
tk_20000536	tiki	44620765	general	Đèn Pin Led Siêu Sáng Mini Có Sạc USB Có Hỗ Trợ Sạc Dự Phòng Lại Cho Điện Thoại Khẩn Cấp - Hàng Chính Hãng		5	Cực kì hài lòng.	2024-10-09 11:05:41	2026-09-28 21:46:09
tk_19781630	tiki	44620765	general	Đèn Pin Led Siêu Sáng Mini Có Sạc USB Có Hỗ Trợ Sạc Dự Phòng Lại Cho Điện Thoại Khẩn Cấp - Hàng Chính Hãng		5	Cực kì hài lòng. Tôt	2024-02-24 17:11:19	2026-09-28 21:46:09
tk_19943084	tiki	44620765	general	Đèn Pin Led Siêu Sáng Mini Có Sạc USB Có Hỗ Trợ Sạc Dự Phòng Lại Cho Điện Thoại Khẩn Cấp - Hàng Chính Hãng		5	Cực kì hài lòng.	2024-08-02 12:39:44	2026-09-28 21:46:09
tk_19693559	tiki	44620765	general	Đèn Pin Led Siêu Sáng Mini Có Sạc USB Có Hỗ Trợ Sạc Dự Phòng Lại Cho Điện Thoại Khẩn Cấp - Hàng Chính Hãng		5	Cực kì hài lòng. Hàng tốt- đèn rất sáng	2023-12-24 15:44:39	2026-09-28 21:46:09
tk_19619798	tiki	44620765	general	Đèn Pin Led Siêu Sáng Mini Có Sạc USB Có Hỗ Trợ Sạc Dự Phòng Lại Cho Điện Thoại Khẩn Cấp - Hàng Chính Hãng		3	Bình thường. Lúc mở đèn thân đèn bị nóng	2023-10-30 14:59:07	2026-09-28 21:46:09
tk_18141604	tiki	44620765	general	Đèn Pin Led Siêu Sáng Mini Có Sạc USB Có Hỗ Trợ Sạc Dự Phòng Lại Cho Điện Thoại Khẩn Cấp - Hàng Chính Hãng		5	Cực kì hài lòng. Sáng quá nên không dùng cho mục đích chiếu gần được. Pin thì chưa thử xem tiết kiệm được nhiều không.	2022-11-07 07:52:42	2026-09-28 21:46:09
tk_19757288	tiki	44620765	general	Đèn Pin Led Siêu Sáng Mini Có Sạc USB Có Hỗ Trợ Sạc Dự Phòng Lại Cho Điện Thoại Khẩn Cấp - Hàng Chính Hãng		5	Cực kì hài lòng.	2024-02-02 20:43:41	2026-09-28 21:46:12
tk_3466758	tiki	44620765	general	Đèn Pin Led Siêu Sáng Mini Có Sạc USB Có Hỗ Trợ Sạc Dự Phòng Lại Cho Điện Thoại Khẩn Cấp - Hàng Chính Hãng		5	Cực kì hài lòng. Hài lòng với sản phẩm của Tiki lần này ạ. Đèn sáng và có 5 chức năng như giới thiệu! Phát huy nha Tiki.	2020-04-24 17:51:03	2026-09-28 21:46:12
tk_3288995	tiki	44620765	general	Đèn Pin Led Siêu Sáng Mini Có Sạc USB Có Hỗ Trợ Sạc Dự Phòng Lại Cho Điện Thoại Khẩn Cấp - Hàng Chính Hãng		5	Cực kì hài lòng. Không post đc hình lên tiki, chán quá. Đèn chất, nhìn cứng cáp, đèn sáng, 5 chế độ như quảng cáo. có điều không biết sạc khi nào đầy pin. mình cắm sạc 2h mà vẫn chớp đèn đỏ. Sản phẩm không có hướng dẫn sử dụng, trừ một sao nhé shop. giao hàng nhanh, shiper dễ thương lắm.	2020-03-30 17:37:47	2026-09-28 21:46:12
tk_13065851	tiki	44620765	general	Đèn Pin Led Siêu Sáng Mini Có Sạc USB Có Hỗ Trợ Sạc Dự Phòng Lại Cho Điện Thoại Khẩn Cấp - Hàng Chính Hãng		4	Hài lòng. sử dụng tốt, tuy nhiên xài lâu thì nóng nhẹ, hàng đúng hình, nhưng k có adapter đi kèm, phải đi mua, phiền	2021-11-07 23:48:45	2026-09-28 21:46:12
tk_12943660	tiki	44620765	general	Đèn Pin Led Siêu Sáng Mini Có Sạc USB Có Hỗ Trợ Sạc Dự Phòng Lại Cho Điện Thoại Khẩn Cấp - Hàng Chính Hãng		5	Cực kì hài lòng. Sản phẩm thực tế như hình minh hoạ. Chất lượng tương xứng với giá tiền. Giao hàng nhanh và đảm bảo.	2021-10-31 20:42:18	2026-09-28 21:46:12
tk_14425762	tiki	44620765	general	Đèn Pin Led Siêu Sáng Mini Có Sạc USB Có Hỗ Trợ Sạc Dự Phòng Lại Cho Điện Thoại Khẩn Cấp - Hàng Chính Hãng		5	Cực kì hài lòng. Sản phẩm rất tốt, dùng rất thích và đèn cực kì sáng lun. M.n nên mua thử 1 laanf nha !	2022-01-13 12:21:25	2026-09-28 21:46:12
tk_10908055	tiki	44620765	general	Đèn Pin Led Siêu Sáng Mini Có Sạc USB Có Hỗ Trợ Sạc Dự Phòng Lại Cho Điện Thoại Khẩn Cấp - Hàng Chính Hãng		4	Hài lòng. chưa dùng nên chưa biết sao. sản phẩm đúng mô tả. cầm chắc tay, vừa ý. nên cho 4 sao, khi nào dùng ok thì cho thêm sao còn lại ^^	2021-07-06 08:57:21	2026-09-28 21:46:12
tk_17087688	tiki	44620765	general	Đèn Pin Led Siêu Sáng Mini Có Sạc USB Có Hỗ Trợ Sạc Dự Phòng Lại Cho Điện Thoại Khẩn Cấp - Hàng Chính Hãng		1	Rất không hài lòng. Thiếu phụ kiện!có dây sạc ko có đầu sạc	2022-07-16 13:58:29	2026-09-28 21:46:12
tk_3456677	tiki	44620765	general	Đèn Pin Led Siêu Sáng Mini Có Sạc USB Có Hỗ Trợ Sạc Dự Phòng Lại Cho Điện Thoại Khẩn Cấp - Hàng Chính Hãng		4	Hài lòng. Đèn thiết kế kiểu dáng rất đẹp rất sáng. Tuy nhiên cái nút bấm nằm sau đót hơi bị kỳ. Nhiều chức năng quá cũng bất tiện vì bấm gần chục cái mới tắt được đèn . Hey za ! Phần socket sau đuôi đèn lộ thiên rất xấu lẽ ra nên có nắp vặn laj !	2020-04-23 09:33:24	2026-09-28 21:46:12
tk_19352618	tiki	44620765	general	Đèn Pin Led Siêu Sáng Mini Có Sạc USB Có Hỗ Trợ Sạc Dự Phòng Lại Cho Điện Thoại Khẩn Cấp - Hàng Chính Hãng		5	Cực kì hài lòng.	2023-07-05 20:16:41	2026-09-28 21:46:12
tk_18688782	tiki	44620765	general	Đèn Pin Led Siêu Sáng Mini Có Sạc USB Có Hỗ Trợ Sạc Dự Phòng Lại Cho Điện Thoại Khẩn Cấp - Hàng Chính Hãng		1	Rất không hài lòng. Ngừoi giao hàng không có lịch sử	2023-01-28 07:40:47	2026-09-28 21:46:12
tk_4023158	tiki	44620765	general	Đèn Pin Led Siêu Sáng Mini Có Sạc USB Có Hỗ Trợ Sạc Dự Phòng Lại Cho Điện Thoại Khẩn Cấp - Hàng Chính Hãng		2	Không hài lòng. đèn đc cái sáng rõ, nhưng tệ ở chỗ cái nút bấm ở phía sau. Nhận hàng lúc sáng, đến tối *** thử thì nó cứ bị lỗi, kẹt nút, khó bấm. đèn cũng nhanh nóng, mới bật có chút đã nóng rồi	2020-07-08 20:02:26	2026-09-28 21:46:12
tk_4614228	tiki	44620765	general	Đèn Pin Led Siêu Sáng Mini Có Sạc USB Có Hỗ Trợ Sạc Dự Phòng Lại Cho Điện Thoại Khẩn Cấp - Hàng Chính Hãng		5	Cực kì hài lòng. den sang dong goi rat can than . ben hay khong sai thoi gian moi biet . mong nhung san pham ban tren tiki duoc duyet truoc khi dua len san	2020-08-25 21:36:52	2026-09-28 21:46:12
tk_12478214	tiki	44620765	general	Đèn Pin Led Siêu Sáng Mini Có Sạc USB Có Hỗ Trợ Sạc Dự Phòng Lại Cho Điện Thoại Khẩn Cấp - Hàng Chính Hãng		5	Cực kì hài lòng. Sáng, mẫu mã đẹp	2021-10-07 12:04:29	2026-09-28 21:46:12
tk_3353005	tiki	44620765	general	Đèn Pin Led Siêu Sáng Mini Có Sạc USB Có Hỗ Trợ Sạc Dự Phòng Lại Cho Điện Thoại Khẩn Cấp - Hàng Chính Hãng		5	Cực kì hài lòng. Rất ưng sản phẩm , chống nước ip4. Siêu sáng để được lâu lại còn sạc lại đc cho máy điện thoại nữa, có móc treo nữa. Cầm thì chắc tay chưa bao giờ ưng như vậy. Đồ dùng cần thiết cho ng du lịch	2020-04-08 10:56:23	2026-09-28 21:46:12
tk_16310025	tiki	44620765	general	Đèn Pin Led Siêu Sáng Mini Có Sạc USB Có Hỗ Trợ Sạc Dự Phòng Lại Cho Điện Thoại Khẩn Cấp - Hàng Chính Hãng		5	Cực kì hài lòng. đèn sáng, rõ. có 5 chế độ như mô tả bấm nhiều lần mới tắt được	2022-05-13 12:34:06	2026-09-28 21:46:12
tk_19055399	tiki	44620765	general	Đèn Pin Led Siêu Sáng Mini Có Sạc USB Có Hỗ Trợ Sạc Dự Phòng Lại Cho Điện Thoại Khẩn Cấp - Hàng Chính Hãng		5	Cực kì hài lòng.	2023-04-05 15:31:51	2026-09-28 21:46:12
tk_4501752	tiki	44620765	general	Đèn Pin Led Siêu Sáng Mini Có Sạc USB Có Hỗ Trợ Sạc Dự Phòng Lại Cho Điện Thoại Khẩn Cấp - Hàng Chính Hãng		4	Tạm hài lòng. Đèn sáng ổn.sạc đèn nhấp nháy màu xanh liên tục không biết khi nào đầy.thấy mọi người nói đèn không zoom được nên mới mua.ma lại gửi loại zoom được giờ muốn đổi hàng loại không zoom được ntn ạc	2020-08-17 17:08:50	2026-09-28 21:46:12
tk_18914895	tiki	44620765	general	Đèn Pin Led Siêu Sáng Mini Có Sạc USB Có Hỗ Trợ Sạc Dự Phòng Lại Cho Điện Thoại Khẩn Cấp - Hàng Chính Hãng		5	Cực kì hài lòng.	2023-03-06 16:00:30	2026-09-28 21:46:12
tk_15185988	tiki	44620765	general	Đèn Pin Led Siêu Sáng Mini Có Sạc USB Có Hỗ Trợ Sạc Dự Phòng Lại Cho Điện Thoại Khẩn Cấp - Hàng Chính Hãng		5	Cực kì hài lòng. Ok. Rất sáng. To và hơi nặng nên chỉ thích hợp để ở nhà không mang theo người	2022-02-28 13:15:17	2026-09-28 21:46:14
tk_18794226	tiki	44620765	general	Đèn Pin Led Siêu Sáng Mini Có Sạc USB Có Hỗ Trợ Sạc Dự Phòng Lại Cho Điện Thoại Khẩn Cấp - Hàng Chính Hãng		5	Cực kì hài lòng.	2023-02-13 16:35:58	2026-09-28 21:46:14
tk_3382242	tiki	44620765	general	Đèn Pin Led Siêu Sáng Mini Có Sạc USB Có Hỗ Trợ Sạc Dự Phòng Lại Cho Điện Thoại Khẩn Cấp - Hàng Chính Hãng		5	Cực kì hài lòng. Hàng tốt. Giá vs chat lựơng vậy là ok rôi. K đồi hỏi nhiều. Sáng cũng đủ xa. Mà theo tôi nghĩ.2 chet độ là vừa. Sáng mạnh .chop nhanh cũng đủ rồi.	2020-04-11 20:05:40	2026-09-28 21:46:14
tk_5559823	tiki	44620765	general	Đèn Pin Led Siêu Sáng Mini Có Sạc USB Có Hỗ Trợ Sạc Dự Phòng Lại Cho Điện Thoại Khẩn Cấp - Hàng Chính Hãng		1	Rất không hài lòng. M mới mua được khoảng 1 tháng là đèn ko thể bật được, ấn sáng lên ko đầy 1 giây sau tự tắt luôn ko làm được gì? Bjo biết phải làm sao (sạc đầy đủ trước khi dùng)	2020-11-11 19:20:59	2026-09-28 21:46:14
tk_18626587	tiki	44620765	general	Đèn Pin Led Siêu Sáng Mini Có Sạc USB Có Hỗ Trợ Sạc Dự Phòng Lại Cho Điện Thoại Khẩn Cấp - Hàng Chính Hãng		5	Cực kì hài lòng.	2023-01-12 20:26:55	2026-09-28 21:46:14
tk_16245100	tiki	44620765	general	Đèn Pin Led Siêu Sáng Mini Có Sạc USB Có Hỗ Trợ Sạc Dự Phòng Lại Cho Điện Thoại Khẩn Cấp - Hàng Chính Hãng		3	Bình thường. chiếu sáng không xa lắm ,gom sậngi hình hình vuông vuông	2022-05-08 14:39:45	2026-09-28 21:46:14
tk_4193175	tiki	44620765	general	Đèn Pin Led Siêu Sáng Mini Có Sạc USB Có Hỗ Trợ Sạc Dự Phòng Lại Cho Điện Thoại Khẩn Cấp - Hàng Chính Hãng		3	Bình thường. mặt kiến thì hơi bị trầy, nút bấm thì hơi khó . nói chung thì cũng được , Sài vẫn ok	2020-07-24 19:09:58	2026-09-28 21:46:14
tk_4173590	tiki	44620765	general	Đèn Pin Led Siêu Sáng Mini Có Sạc USB Có Hỗ Trợ Sạc Dự Phòng Lại Cho Điện Thoại Khẩn Cấp - Hàng Chính Hãng		2	Không hài lòng. Cắm sạc vô nguồn CPU máy tính thì sáng đèn đuôi, bật lên đèn sáng 5 chế độ, rút ra bật ko sáng. Cắm vô cục sạc thì đèn đuôi chớp... Đã 2 ngày nay... Bật ko sáng nếu ko cắm vô nguồn CPU.	2020-07-23 08:13:31	2026-09-28 21:46:14
tk_18400289	tiki	44620765	general	Đèn Pin Led Siêu Sáng Mini Có Sạc USB Có Hỗ Trợ Sạc Dự Phòng Lại Cho Điện Thoại Khẩn Cấp - Hàng Chính Hãng		5	Cực kì hài lòng.	2022-12-12 13:11:46	2026-09-28 21:46:14
tk_18375682	tiki	44620765	general	Đèn Pin Led Siêu Sáng Mini Có Sạc USB Có Hỗ Trợ Sạc Dự Phòng Lại Cho Điện Thoại Khẩn Cấp - Hàng Chính Hãng		5	Cực kì hài lòng.	2022-12-09 06:03:45	2026-09-28 21:46:14
tk_18097383	tiki	44620765	general	Đèn Pin Led Siêu Sáng Mini Có Sạc USB Có Hỗ Trợ Sạc Dự Phòng Lại Cho Điện Thoại Khẩn Cấp - Hàng Chính Hãng		5	Cực kì hài lòng. Khá tốt	2022-11-01 00:41:55	2026-09-28 21:46:14
tk_4305386	tiki	44620765	general	Đèn Pin Led Siêu Sáng Mini Có Sạc USB Có Hỗ Trợ Sạc Dự Phòng Lại Cho Điện Thoại Khẩn Cấp - Hàng Chính Hãng		3	Bình thường. chất lượng sáng đèn mức trung bình.vì ko có room lên tùy mục đích sửa dụng mà ae cân nhắc. độ bền tầm 2h soi nếu liên tục có giảm tg và nóng đèn. sạc tầm 6-8 từ 0-full đèn báo	2020-08-03 11:55:04	2026-09-28 21:46:14
tk_4629834	tiki	44620765	general	Đèn Pin Led Siêu Sáng Mini Có Sạc USB Có Hỗ Trợ Sạc Dự Phòng Lại Cho Điện Thoại Khẩn Cấp - Hàng Chính Hãng		1	Rất không hài lòng. đây kết quả nhé khác so vậy đặt hàng sử dụng không biết sao	2020-08-26 21:08:52	2026-09-28 21:46:14
tk_17850108	tiki	44620765	general	Đèn Pin Led Siêu Sáng Mini Có Sạc USB Có Hỗ Trợ Sạc Dự Phòng Lại Cho Điện Thoại Khẩn Cấp - Hàng Chính Hãng		5	Cực kì hài lòng.	2022-10-02 13:14:30	2026-09-28 21:46:14
tk_17640091	tiki	44620765	general	Đèn Pin Led Siêu Sáng Mini Có Sạc USB Có Hỗ Trợ Sạc Dự Phòng Lại Cho Điện Thoại Khẩn Cấp - Hàng Chính Hãng		5	Cực kì hài lòng. Ok	2022-09-09 11:15:46	2026-09-28 21:46:14
tk_17545530	tiki	44620765	general	Đèn Pin Led Siêu Sáng Mini Có Sạc USB Có Hỗ Trợ Sạc Dự Phòng Lại Cho Điện Thoại Khẩn Cấp - Hàng Chính Hãng		5	Cực kì hài lòng. v	2022-08-28 21:52:13	2026-09-28 21:46:14
tk_15816401	tiki	44620765	general	Đèn Pin Led Siêu Sáng Mini Có Sạc USB Có Hỗ Trợ Sạc Dự Phòng Lại Cho Điện Thoại Khẩn Cấp - Hàng Chính Hãng		1	Rất không hài lòng. kém lắm cần để ý thêm nhé.hic	2022-04-07 14:33:30	2026-09-28 21:46:16
tk_17485526	tiki	44620765	general	Đèn Pin Led Siêu Sáng Mini Có Sạc USB Có Hỗ Trợ Sạc Dự Phòng Lại Cho Điện Thoại Khẩn Cấp - Hàng Chính Hãng		5	Cực kì hài lòng.	2022-08-22 00:17:40	2026-09-28 21:46:16
tk_3405848	tiki	44620765	general	Đèn Pin Led Siêu Sáng Mini Có Sạc USB Có Hỗ Trợ Sạc Dự Phòng Lại Cho Điện Thoại Khẩn Cấp - Hàng Chính Hãng		5	Quá tốt. đèn rất chắc chắn, thiết kế cực đẹp, chất lượng build rất tốt, ánh sáng chiếu cực mạnh, có 5 chế độ sáng, thật sự chất lượng rất tuyệt vời. Tiki ship cực nhanh, quá hài lòng	2020-04-15 11:10:35	2026-09-28 21:46:16
tk_3943898	tiki	44620765	general	Đèn Pin Led Siêu Sáng Mini Có Sạc USB Có Hỗ Trợ Sạc Dự Phòng Lại Cho Điện Thoại Khẩn Cấp - Hàng Chính Hãng		1	Rất không hài lòng. Không hài lòng chúc nào. Đuôi sạc sục sịch, sạc pin Hoài không đầy. Đèn mở 30giay nổng rang. Yêu cầu Tiki đổi hàng hoặc trả lại hàng. Tiki treo đầu dê bán thịt ***.	2020-06-29 21:35:32	2026-09-28 21:46:16
tk_16285000	tiki	44620765	general	Đèn Pin Led Siêu Sáng Mini Có Sạc USB Có Hỗ Trợ Sạc Dự Phòng Lại Cho Điện Thoại Khẩn Cấp - Hàng Chính Hãng		5	Cực kì hài lòng. ok,xem thời gian coi sao	2022-05-11 13:02:05	2026-09-28 21:46:16
tk_16218486	tiki	44620765	general	Đèn Pin Led Siêu Sáng Mini Có Sạc USB Có Hỗ Trợ Sạc Dự Phòng Lại Cho Điện Thoại Khẩn Cấp - Hàng Chính Hãng		5	Cực kì hài lòng. cái này có thể zoom dc	2022-05-06 16:42:45	2026-09-28 21:46:16
tk_6202742	tiki	44620765	general	Đèn Pin Led Siêu Sáng Mini Có Sạc USB Có Hỗ Trợ Sạc Dự Phòng Lại Cho Điện Thoại Khẩn Cấp - Hàng Chính Hãng		4	Hài lòng. đèn sáng tốt như giới thiệu, có khe USB sạc dự phòng khá OK	2020-12-14 20:43:23	2026-09-28 21:46:16
tk_5900806	tiki	44620765	general	Đèn Pin Led Siêu Sáng Mini Có Sạc USB Có Hỗ Trợ Sạc Dự Phòng Lại Cho Điện Thoại Khẩn Cấp - Hàng Chính Hãng		4	Hài lòng. Hàng như hình đăng, gói rất cẩn thận, sáng hơn mình nghĩ nhiều, Dùng dài lâu như thế nào thì chưa bít. Trước mắt đang thấy tuyệt.	2020-12-03 01:28:03	2026-09-28 21:46:16
tk_16996780	tiki	44620765	general	Đèn Pin Led Siêu Sáng Mini Có Sạc USB Có Hỗ Trợ Sạc Dự Phòng Lại Cho Điện Thoại Khẩn Cấp - Hàng Chính Hãng		5	Cực kì hài lòng. xài ok	2022-07-09 10:00:19	2026-09-28 21:46:16
tk_5588122	tiki	44620765	general	Đèn Pin Led Siêu Sáng Mini Có Sạc USB Có Hỗ Trợ Sạc Dự Phòng Lại Cho Điện Thoại Khẩn Cấp - Hàng Chính Hãng		1	Rất không hài lòng. đèn không giống lần trước mua, khác hoàn toàn và dễ bị nóng,	2020-11-13 11:58:29	2026-09-28 21:46:16
tk_3697006	tiki	44620765	general	Đèn Pin Led Siêu Sáng Mini Có Sạc USB Có Hỗ Trợ Sạc Dự Phòng Lại Cho Điện Thoại Khẩn Cấp - Hàng Chính Hãng		4	Hài lòng. kì quá nha shop dây sạc cắm vào thì không vào pin . những dây sạc điện thoại cắm vào thì vào pin pin dây sạc có bị hư gì không. ?	2020-06-02 19:06:46	2026-09-28 21:46:16
tk_3524814	tiki	44620765	general	Đèn Pin Led Siêu Sáng Mini Có Sạc USB Có Hỗ Trợ Sạc Dự Phòng Lại Cho Điện Thoại Khẩn Cấp - Hàng Chính Hãng		1	Rất không hài lòng. vận chuyển quá lâu tôi đã đặt hàng 4 hôm rồi mà chưa nhận được hàng. Nếu như có việc thật cần thiết thì tiki không đem lại niềm tin cho khách hàng mong tiki xem xét lại	2020-05-07 10:17:09	2026-09-28 21:46:16
tk_15810545	tiki	44620765	general	Đèn Pin Led Siêu Sáng Mini Có Sạc USB Có Hỗ Trợ Sạc Dự Phòng Lại Cho Điện Thoại Khẩn Cấp - Hàng Chính Hãng		5	Cực kì hài lòng. nhỏ gọn tiện lợi	2022-04-07 10:22:13	2026-09-28 21:46:16
tk_9207193	tiki	44620765	general	Đèn Pin Led Siêu Sáng Mini Có Sạc USB Có Hỗ Trợ Sạc Dự Phòng Lại Cho Điện Thoại Khẩn Cấp - Hàng Chính Hãng		5	Cực kì hài lòng. Sản phẩm tốt,giao hàng nhanh.rất hài lòng,sẽ giới thiệu với bạn bè về dịch vụ của Tiki.	2021-04-20 22:35:38	2026-09-28 21:46:16
tk_11297709	tiki	44620765	general	Đèn Pin Led Siêu Sáng Mini Có Sạc USB Có Hỗ Trợ Sạc Dự Phòng Lại Cho Điện Thoại Khẩn Cấp - Hàng Chính Hãng		5	Cực kì hài lòng. Nhỏ gọn, sang trọng và tích hợp sạc	2021-07-19 13:32:51	2026-09-28 21:46:16
tk_4624426	tiki	44620765	general	Đèn Pin Led Siêu Sáng Mini Có Sạc USB Có Hỗ Trợ Sạc Dự Phòng Lại Cho Điện Thoại Khẩn Cấp - Hàng Chính Hãng		1	Hàng lỗi!. Xài dc 1 tuần tắt bật bình thương, qua tuần thứ 2 thì bật xong bấm 5 cái mới tắt, mong tiki đổi lại cho cái khác, hộp mình cũng không còn giữ.	2020-08-26 14:40:35	2026-09-28 21:46:16
tk_14011198	tiki	44620765	general	Đèn Pin Led Siêu Sáng Mini Có Sạc USB Có Hỗ Trợ Sạc Dự Phòng Lại Cho Điện Thoại Khẩn Cấp - Hàng Chính Hãng		4	Hài lòng. ok khá sáng nút bấm có chút hơi k thích	2021-12-23 06:56:21	2026-09-28 21:46:16
tk_5774678	tiki	44620765	general	Đèn Pin Led Siêu Sáng Mini Có Sạc USB Có Hỗ Trợ Sạc Dự Phòng Lại Cho Điện Thoại Khẩn Cấp - Hàng Chính Hãng		5	Cực kì hài lòng. đèn pin siêu sáng nha, bật cầm lâu thì hơi nóng nóng nhưng không sao. Xem như củ sạc dự phòng nếu khẩn cấp cũng được ^^	2020-11-27 15:35:47	2026-09-28 21:46:16
tk_5093222	tiki	44620765	general	Đèn Pin Led Siêu Sáng Mini Có Sạc USB Có Hỗ Trợ Sạc Dự Phòng Lại Cho Điện Thoại Khẩn Cấp - Hàng Chính Hãng		5	Cực kì hài lòng. Không thay pin được nên hơi bất tiện, những chuyên đi trong rừng hết pin không thay được. Nên mình dùng nó như đèn dự phòng thôi.	2020-10-06 07:59:56	2026-09-28 21:46:16
tk_16374413	tiki	44620765	general	Đèn Pin Led Siêu Sáng Mini Có Sạc USB Có Hỗ Trợ Sạc Dự Phòng Lại Cho Điện Thoại Khẩn Cấp - Hàng Chính Hãng		5	Cực kì hài lòng.	2022-05-18 18:02:32	2026-09-28 21:46:18
tk_3353085	tiki	44620765	general	Đèn Pin Led Siêu Sáng Mini Có Sạc USB Có Hỗ Trợ Sạc Dự Phòng Lại Cho Điện Thoại Khẩn Cấp - Hàng Chính Hãng		4	Hài lòng. Cổng sạc bị tuột xuống dưới nên hơi khó cắm dây sạc, đèn sáng tốt xa phải chờ 1 thời gian sử dụng xem độ bền như thế nào	2020-04-08 11:03:07	2026-09-28 21:46:18
tk_16220186	tiki	44620765	general	Đèn Pin Led Siêu Sáng Mini Có Sạc USB Có Hỗ Trợ Sạc Dự Phòng Lại Cho Điện Thoại Khẩn Cấp - Hàng Chính Hãng		5	Cực kì hài lòng. Ok	2022-05-06 19:09:57	2026-09-28 21:46:18
tk_14729898	tiki	44620765	general	Đèn Pin Led Siêu Sáng Mini Có Sạc USB Có Hỗ Trợ Sạc Dự Phòng Lại Cho Điện Thoại Khẩn Cấp - Hàng Chính Hãng		5	Cực kì hài lòng. Hàng ok chuẩn như hình	2022-01-28 07:45:08	2026-09-28 21:46:18
tk_4885338	tiki	44620765	general	Đèn Pin Led Siêu Sáng Mini Có Sạc USB Có Hỗ Trợ Sạc Dự Phòng Lại Cho Điện Thoại Khẩn Cấp - Hàng Chính Hãng		3	Bình thường. Sp nhỏ gọn, rất sáng Tôi đặt thêm rất nhiều sp nhưng sao bên mình cứ gủi lẻ tẻ nên việc nhận hàng gặp nhiều bất cập quá	2020-09-17 19:06:30	2026-09-28 21:46:18
tk_5608800	tiki	44620765	general	Đèn Pin Led Siêu Sáng Mini Có Sạc USB Có Hỗ Trợ Sạc Dự Phòng Lại Cho Điện Thoại Khẩn Cấp - Hàng Chính Hãng		5	Cực kì hài lòng. đèn sáng, chiếu rất xa chỉ có không biết độ bền thế nào thôi. nói chung xài 1 tuần đến giờ thấy rất hài lòng	2020-11-14 17:00:30	2026-09-28 21:46:18
tk_3889446	tiki	44620765	general	Đèn Pin Led Siêu Sáng Mini Có Sạc USB Có Hỗ Trợ Sạc Dự Phòng Lại Cho Điện Thoại Khẩn Cấp - Hàng Chính Hãng		3	Dây cáp không tốt. Giao hàng sớm hơn dự kiến. Đèn Pin sáng, tuy nhiên dây sạc không tốt. Đoạn nối giữa cổng USB như sắp đứt	2020-06-23 15:30:26	2026-09-28 21:46:18
tk_15917349	tiki	44620765	general	Đèn Pin Led Siêu Sáng Mini Có Sạc USB Có Hỗ Trợ Sạc Dự Phòng Lại Cho Điện Thoại Khẩn Cấp - Hàng Chính Hãng		5	Cực kì hài lòng.	2022-04-14 12:37:04	2026-09-28 21:46:18
tk_5183671	tiki	44620765	general	Đèn Pin Led Siêu Sáng Mini Có Sạc USB Có Hỗ Trợ Sạc Dự Phòng Lại Cho Điện Thoại Khẩn Cấp - Hàng Chính Hãng		1	Rất không hài lòng. mình mới nhận hàng.ma sao đen pin bị lôi kô sang.bay gió mình muốn đổi lại đen pin. khác.thu tục đổi trả như thế nao	2020-10-12 19:44:44	2026-09-28 21:46:18
tk_15582652	tiki	44620765	general	Đèn Pin Led Siêu Sáng Mini Có Sạc USB Có Hỗ Trợ Sạc Dự Phòng Lại Cho Điện Thoại Khẩn Cấp - Hàng Chính Hãng		5	Cực kì hài lòng.	2022-03-24 19:56:42	2026-09-28 21:46:18
tk_12259483	tiki	44620765	general	Đèn Pin Led Siêu Sáng Mini Có Sạc USB Có Hỗ Trợ Sạc Dự Phòng Lại Cho Điện Thoại Khẩn Cấp - Hàng Chính Hãng		2	Không hài lòng. Bị lỗi nhanh quá. Dùng được 1 tháng	2021-09-20 11:10:59	2026-09-28 21:46:18
tk_15297050	tiki	44620765	general	Đèn Pin Led Siêu Sáng Mini Có Sạc USB Có Hỗ Trợ Sạc Dự Phòng Lại Cho Điện Thoại Khẩn Cấp - Hàng Chính Hãng		5	Cực kì hài lòng.	2022-03-07 11:05:51	2026-09-28 21:46:18
tk_15178657	tiki	44620765	general	Đèn Pin Led Siêu Sáng Mini Có Sạc USB Có Hỗ Trợ Sạc Dự Phòng Lại Cho Điện Thoại Khẩn Cấp - Hàng Chính Hãng		5	Cực kì hài lòng.	2022-02-27 22:39:13	2026-09-28 21:46:18
tk_15103307	tiki	44620765	general	Đèn Pin Led Siêu Sáng Mini Có Sạc USB Có Hỗ Trợ Sạc Dự Phòng Lại Cho Điện Thoại Khẩn Cấp - Hàng Chính Hãng		5	Cực kì hài lòng.	2022-02-23 14:12:37	2026-09-28 21:46:18
tk_3920216	tiki	44620765	general	Đèn Pin Led Siêu Sáng Mini Có Sạc USB Có Hỗ Trợ Sạc Dự Phòng Lại Cho Điện Thoại Khẩn Cấp - Hàng Chính Hãng		5	Cực kì hài lòng. Đèn ổn . Phù hợp với mục đích sử dụng của mình. Mỗi cái là shop giao nhầm cáp sạc thôi :))	2020-06-26 21:40:11	2026-09-28 21:46:18
tk_11445259	tiki	44620765	general	Đèn Pin Led Siêu Sáng Mini Có Sạc USB Có Hỗ Trợ Sạc Dự Phòng Lại Cho Điện Thoại Khẩn Cấp - Hàng Chính Hãng		5	Cực kì hài lòng. xịn nha	2021-07-25 21:53:13	2026-09-28 21:46:18
tk_8627859	tiki	44620765	general	Đèn Pin Led Siêu Sáng Mini Có Sạc USB Có Hỗ Trợ Sạc Dự Phòng Lại Cho Điện Thoại Khẩn Cấp - Hàng Chính Hãng		3	Bình thường. Dùng vừa đủ sáng thôi ạ ! Nhưng được cái là cầm nắm chắc chắn	2021-03-24 13:23:08	2026-09-28 21:46:18
tk_4857424	tiki	44620765	general	Đèn Pin Led Siêu Sáng Mini Có Sạc USB Có Hỗ Trợ Sạc Dự Phòng Lại Cho Điện Thoại Khẩn Cấp - Hàng Chính Hãng		5	Cực kì hài lòng.	2020-09-15 11:20:43	2026-09-28 21:46:21
tk_13070330	tiki	44620765	general	Đèn Pin Led Siêu Sáng Mini Có Sạc USB Có Hỗ Trợ Sạc Dự Phòng Lại Cho Điện Thoại Khẩn Cấp - Hàng Chính Hãng		5	Cực kì hài lòng. nho nhỏ, xinh xinh	2021-11-08 11:50:34	2026-09-28 21:46:21
tk_14546176	tiki	44620765	general	Đèn Pin Led Siêu Sáng Mini Có Sạc USB Có Hỗ Trợ Sạc Dự Phòng Lại Cho Điện Thoại Khẩn Cấp - Hàng Chính Hãng		5	Cực kì hài lòng.	2022-01-18 17:33:22	2026-09-28 21:46:21
tk_14449654	tiki	44620765	general	Đèn Pin Led Siêu Sáng Mini Có Sạc USB Có Hỗ Trợ Sạc Dự Phòng Lại Cho Điện Thoại Khẩn Cấp - Hàng Chính Hãng		5	Cực kì hài lòng.	2022-01-14 13:15:53	2026-09-28 21:46:21
tk_5753909	tiki	44620765	general	Đèn Pin Led Siêu Sáng Mini Có Sạc USB Có Hỗ Trợ Sạc Dự Phòng Lại Cho Điện Thoại Khẩn Cấp - Hàng Chính Hãng		2	Không hài lòng. den bin em mua ve sac trua gio ma sao no khong vo bin ky vay a	2020-11-26 15:30:33	2026-09-28 21:46:21
tk_13054263	tiki	44620765	general	Đèn Pin Led Siêu Sáng Mini Có Sạc USB Có Hỗ Trợ Sạc Dự Phòng Lại Cho Điện Thoại Khẩn Cấp - Hàng Chính Hãng		5	Cực kì hài lòng. Rất đẹp	2021-11-07 11:29:25	2026-09-28 21:46:21
tk_3529484	tiki	44620765	general	Đèn Pin Led Siêu Sáng Mini Có Sạc USB Có Hỗ Trợ Sạc Dự Phòng Lại Cho Điện Thoại Khẩn Cấp - Hàng Chính Hãng		5	Cực kì hài lòng. Hàng giao nhanh , chất lượng sản phẩm chuẩn . Cảm ơn TiKi	2020-05-08 10:35:44	2026-09-28 21:46:21
tk_13177520	tiki	44620765	general	Đèn Pin Led Siêu Sáng Mini Có Sạc USB Có Hỗ Trợ Sạc Dự Phòng Lại Cho Điện Thoại Khẩn Cấp - Hàng Chính Hãng		4	Hài lòng. Hài lòng	2021-11-13 19:38:23	2026-09-28 21:46:21
tk_5432185	tiki	44620765	general	Đèn Pin Led Siêu Sáng Mini Có Sạc USB Có Hỗ Trợ Sạc Dự Phòng Lại Cho Điện Thoại Khẩn Cấp - Hàng Chính Hãng		4	Hài lòng. Mùi Nguyễn.an nhơn. bình định. đánh giá sản phẩm đèn pin đẹp, sáng rõ ràng, tốt đẹp.	2020-11-01 19:39:17	2026-09-28 21:46:21
tk_9994070	tiki	44620765	general	Đèn Pin Led Siêu Sáng Mini Có Sạc USB Có Hỗ Trợ Sạc Dự Phòng Lại Cho Điện Thoại Khẩn Cấp - Hàng Chính Hãng		3	Bình thường. Đèn sáng hơi nóng. Gói hàng không cẩn thận!	2021-05-27 16:23:22	2026-09-28 21:46:21
tk_13734526	tiki	44620765	general	Đèn Pin Led Siêu Sáng Mini Có Sạc USB Có Hỗ Trợ Sạc Dự Phòng Lại Cho Điện Thoại Khẩn Cấp - Hàng Chính Hãng		5	Cực kì hài lòng.	2021-12-11 08:49:00	2026-09-28 21:46:21
tk_10701951	tiki	44620765	general	Đèn Pin Led Siêu Sáng Mini Có Sạc USB Có Hỗ Trợ Sạc Dự Phòng Lại Cho Điện Thoại Khẩn Cấp - Hàng Chính Hãng		5	Cực kì hài lòng.	2021-06-27 16:59:52	2026-09-28 21:46:21
tk_11869041	tiki	44620765	general	Đèn Pin Led Siêu Sáng Mini Có Sạc USB Có Hỗ Trợ Sạc Dự Phòng Lại Cho Điện Thoại Khẩn Cấp - Hàng Chính Hãng		5	Cực kì hài lòng. hàng chất lượng, nên mua	2021-08-17 12:58:59	2026-09-28 21:46:21
tk_11682186	tiki	44620765	general	Đèn Pin Led Siêu Sáng Mini Có Sạc USB Có Hỗ Trợ Sạc Dự Phòng Lại Cho Điện Thoại Khẩn Cấp - Hàng Chính Hãng		3	Bình thường. tạm ổn nhưng k xa lắm ....	2021-08-08 14:40:50	2026-09-28 21:46:21
tk_9111615	tiki	44620765	general	Đèn Pin Led Siêu Sáng Mini Có Sạc USB Có Hỗ Trợ Sạc Dự Phòng Lại Cho Điện Thoại Khẩn Cấp - Hàng Chính Hãng		4	Hài lòng. Nút nhấn phía sau dễ bị chạm chi bỏ vào túi quần	2021-04-16 08:25:19	2026-09-28 21:46:21
tk_4435418	tiki	44620765	general	Đèn Pin Led Siêu Sáng Mini Có Sạc USB Có Hỗ Trợ Sạc Dự Phòng Lại Cho Điện Thoại Khẩn Cấp - Hàng Chính Hãng		4	Hài lòng. Có 5 chế độ, rất sáng. Nhưng về độ bền thì phải sd lâu mới rõ.	2020-08-12 20:35:27	2026-09-28 21:46:21
tk_13522132	tiki	44620765	general	Đèn Pin Led Siêu Sáng Mini Có Sạc USB Có Hỗ Trợ Sạc Dự Phòng Lại Cho Điện Thoại Khẩn Cấp - Hàng Chính Hãng		5	Cực kì hài lòng.	2021-11-29 22:21:11	2026-09-28 21:46:21
tk_13499140	tiki	44620765	general	Đèn Pin Led Siêu Sáng Mini Có Sạc USB Có Hỗ Trợ Sạc Dự Phòng Lại Cho Điện Thoại Khẩn Cấp - Hàng Chính Hãng		5	Cực kì hài lòng.	2021-11-28 20:03:59	2026-09-28 21:46:21
tk_13435219	tiki	44620765	general	Đèn Pin Led Siêu Sáng Mini Có Sạc USB Có Hỗ Trợ Sạc Dự Phòng Lại Cho Điện Thoại Khẩn Cấp - Hàng Chính Hãng		5	Cực kì hài lòng.	2021-11-25 23:39:24	2026-09-28 21:46:23
tk_3721106	tiki	44620765	general	Đèn Pin Led Siêu Sáng Mini Có Sạc USB Có Hỗ Trợ Sạc Dự Phòng Lại Cho Điện Thoại Khẩn Cấp - Hàng Chính Hãng		5	Sạc pin. Hàng đảm bảo chất lượng.Nhưng sạc đầy pin thì nó báo đèn nháy nháy à add.Đang sạc nhưng nó báo nháy nháy suốt à	2020-06-05 10:36:10	2026-09-28 21:46:23
tk_7351363	tiki	44620765	general	Đèn Pin Led Siêu Sáng Mini Có Sạc USB Có Hỗ Trợ Sạc Dự Phòng Lại Cho Điện Thoại Khẩn Cấp - Hàng Chính Hãng		5	Cực kì hài lòng. pin bền, đèn cực kỳ sáng	2021-01-29 16:35:06	2026-09-28 21:46:23
tk_10857997	tiki	44620765	general	Đèn Pin Led Siêu Sáng Mini Có Sạc USB Có Hỗ Trợ Sạc Dự Phòng Lại Cho Điện Thoại Khẩn Cấp - Hàng Chính Hãng		3	Bình thường. Hàng chưa chuẩn theo yêu cầu	2021-07-04 09:20:12	2026-09-28 21:46:23
tk_3358512	tiki	44620765	general	Đèn Pin Led Siêu Sáng Mini Có Sạc USB Có Hỗ Trợ Sạc Dự Phòng Lại Cho Điện Thoại Khẩn Cấp - Hàng Chính Hãng		5	Cực kì hài lòng. tốt nhất trong tầm giá ... y như hình sáng khoảng chừng trăm mét tả hữu.. thiết kế đẹp	2020-04-08 21:37:10	2026-09-28 21:46:23
tk_10151797	tiki	44620765	general	Đèn Pin Led Siêu Sáng Mini Có Sạc USB Có Hỗ Trợ Sạc Dự Phòng Lại Cho Điện Thoại Khẩn Cấp - Hàng Chính Hãng		5	Cực kì hài lòng. Tiện lợi, thẩm mỹ, sáng tốt.	2021-06-04 11:01:48	2026-09-28 21:46:23
tk_12759408	tiki	44620765	general	Đèn Pin Led Siêu Sáng Mini Có Sạc USB Có Hỗ Trợ Sạc Dự Phòng Lại Cho Điện Thoại Khẩn Cấp - Hàng Chính Hãng		5	Cực kì hài lòng.	2021-10-22 10:28:01	2026-09-28 21:46:23
tk_9471434	tiki	44620765	general	Đèn Pin Led Siêu Sáng Mini Có Sạc USB Có Hỗ Trợ Sạc Dự Phòng Lại Cho Điện Thoại Khẩn Cấp - Hàng Chính Hãng		5	Cực kì hài lòng.	2021-05-03 13:43:43	2026-09-28 21:46:23
tk_5126778	tiki	44620765	general	Đèn Pin Led Siêu Sáng Mini Có Sạc USB Có Hỗ Trợ Sạc Dự Phòng Lại Cho Điện Thoại Khẩn Cấp - Hàng Chính Hãng		4	Hài lòng. nhìn ngoại quang thì thấy tốt.chưa biết sử dụng có bền không.tạm cho 4 sao vậy	2020-10-08 20:17:41	2026-09-28 21:46:23
tk_7242121	tiki	44620765	general	Đèn Pin Led Siêu Sáng Mini Có Sạc USB Có Hỗ Trợ Sạc Dự Phòng Lại Cho Điện Thoại Khẩn Cấp - Hàng Chính Hãng		3	Bình thường. Đen hơi tối, moi nhận được nen chua dùng xem được nau kg	2021-01-25 19:25:29	2026-09-28 21:46:23
tk_4000025	tiki	44620765	general	Đèn Pin Led Siêu Sáng Mini Có Sạc USB Có Hỗ Trợ Sạc Dự Phòng Lại Cho Điện Thoại Khẩn Cấp - Hàng Chính Hãng		3	Bình thường. giao hàng khá lâu. sp vừa mua về mặt kính trầy xước quá nhiều.	2020-07-06 11:49:04	2026-09-28 21:46:23
tk_10192645	tiki	44620765	general	Đèn Pin Led Siêu Sáng Mini Có Sạc USB Có Hỗ Trợ Sạc Dự Phòng Lại Cho Điện Thoại Khẩn Cấp - Hàng Chính Hãng		2	Không hài lòng. den pin qua to ko giong nhu hinh	2021-06-06 05:16:56	2026-09-28 21:46:23
tk_3478597	tiki	44620765	general	Đèn Pin Led Siêu Sáng Mini Có Sạc USB Có Hỗ Trợ Sạc Dự Phòng Lại Cho Điện Thoại Khẩn Cấp - Hàng Chính Hãng		4	Hàng cũng ổn. Mới nhận hàng chưa dùng lâu không biết như nào. Nhưng đóng hàng thiếu dây cáp sạc pin . Đèn có vẻ chắc chắn.	2020-04-27 02:22:32	2026-09-28 21:46:23
tk_4358140	tiki	44620765	general	Đèn Pin Led Siêu Sáng Mini Có Sạc USB Có Hỗ Trợ Sạc Dự Phòng Lại Cho Điện Thoại Khẩn Cấp - Hàng Chính Hãng		4	Hài lòng. Mua cho bạn con đi dã ngoại. Đèn sáng, nhỏ gọn. Chất lượng ok. Giao hàng nhanh, nhiệt tình	2020-08-07 08:04:25	2026-09-28 21:46:23
tk_12252565	tiki	44620765	general	Đèn Pin Led Siêu Sáng Mini Có Sạc USB Có Hỗ Trợ Sạc Dự Phòng Lại Cho Điện Thoại Khẩn Cấp - Hàng Chính Hãng		5	Cực kì hài lòng.	2021-09-19 16:08:12	2026-09-28 21:46:23
tk_12244806	tiki	44620765	general	Đèn Pin Led Siêu Sáng Mini Có Sạc USB Có Hỗ Trợ Sạc Dự Phòng Lại Cho Điện Thoại Khẩn Cấp - Hàng Chính Hãng		5	Cực kì hài lòng.	2021-09-19 00:51:51	2026-09-28 21:46:23
tk_8703432	tiki	44620765	general	Đèn Pin Led Siêu Sáng Mini Có Sạc USB Có Hỗ Trợ Sạc Dự Phòng Lại Cho Điện Thoại Khẩn Cấp - Hàng Chính Hãng		5	Cực kì hài lòng.	2021-03-27 14:11:47	2026-09-28 21:46:23
tk_12101322	tiki	44620765	general	Đèn Pin Led Siêu Sáng Mini Có Sạc USB Có Hỗ Trợ Sạc Dự Phòng Lại Cho Điện Thoại Khẩn Cấp - Hàng Chính Hãng		5	Cực kì hài lòng.	2021-09-05 12:08:40	2026-09-28 21:46:23
tk_4787647	tiki	44620765	general	Đèn Pin Led Siêu Sáng Mini Có Sạc USB Có Hỗ Trợ Sạc Dự Phòng Lại Cho Điện Thoại Khẩn Cấp - Hàng Chính Hãng		5	Cực kì hài lòng. hàng rất ok. nhưng không biết sạc khi nào đầy? chỉ thấy đèn led nháy khi sạc	2020-09-09 14:44:58	2026-09-28 21:46:23
tk_3289248	tiki	44620765	general	Đèn Pin Led Siêu Sáng Mini Có Sạc USB Có Hỗ Trợ Sạc Dự Phòng Lại Cho Điện Thoại Khẩn Cấp - Hàng Chính Hãng		5	Cực kì hài lòng. đèn pin sáng. đẹp. có tới 5 chế độ. tuy nhiên bật sd rồi muốn tắt phải bấm đến 5 lần. hơi bất tiện xíu	2020-03-30 18:08:11	2026-09-28 21:46:25
tk_10997957	tiki	44620765	general	Đèn Pin Led Siêu Sáng Mini Có Sạc USB Có Hỗ Trợ Sạc Dự Phòng Lại Cho Điện Thoại Khẩn Cấp - Hàng Chính Hãng		5	Cực kì hài lòng. tiện lợi	2021-07-09 07:30:23	2026-09-28 21:46:25
tk_11807820	tiki	44620765	general	Đèn Pin Led Siêu Sáng Mini Có Sạc USB Có Hỗ Trợ Sạc Dự Phòng Lại Cho Điện Thoại Khẩn Cấp - Hàng Chính Hãng		5	Cực kì hài lòng. ok	2021-08-14 19:26:51	2026-09-28 21:46:25
tk_3843598	tiki	44620765	general	Đèn Pin Led Siêu Sáng Mini Có Sạc USB Có Hỗ Trợ Sạc Dự Phòng Lại Cho Điện Thoại Khẩn Cấp - Hàng Chính Hãng		4	Hài lòng. Sản phẩm tốt. Cổng sạc (in) và cổng USB (out) hơi bị lệch nhẹ nên khi gắn cáp hơi khó khăn	2020-06-18 14:36:24	2026-09-28 21:46:25
tk_3409331	tiki	44620765	general	Đèn Pin Led Siêu Sáng Mini Có Sạc USB Có Hỗ Trợ Sạc Dự Phòng Lại Cho Điện Thoại Khẩn Cấp - Hàng Chính Hãng		3	Bình thường. kiểu giáng ok, chất lượng ánh sáng ổn, sạc đt khi cần nhưng k đc lâu	2020-04-15 19:17:53	2026-09-28 21:46:25
tk_3417470	tiki	44620765	general	Đèn Pin Led Siêu Sáng Mini Có Sạc USB Có Hỗ Trợ Sạc Dự Phòng Lại Cho Điện Thoại Khẩn Cấp - Hàng Chính Hãng		5	Cực kì hài lòng. hàng quá chất.ánh sáng khỏi phải nghĩ.nhưng không biết chống nước ok không và bền không.vì mới dùng.	2020-04-16 23:26:33	2026-09-28 21:46:25
tk_4919604	tiki	44620765	general	Đèn Pin Led Siêu Sáng Mini Có Sạc USB Có Hỗ Trợ Sạc Dự Phòng Lại Cho Điện Thoại Khẩn Cấp - Hàng Chính Hãng		1	Rất không hài lòng. sài đúng đc 1 ngày. qua ngày sau bật lên tắt bật lên tắt. phí tiền	2020-09-20 15:45:27	2026-09-28 21:46:25
tk_11233940	tiki	44620765	general	Đèn Pin Led Siêu Sáng Mini Có Sạc USB Có Hỗ Trợ Sạc Dự Phòng Lại Cho Điện Thoại Khẩn Cấp - Hàng Chính Hãng		5	Cực kì hài lòng.	2021-07-17 02:04:00	2026-09-28 21:46:25
tk_8113298	tiki	44620765	general	Đèn Pin Led Siêu Sáng Mini Có Sạc USB Có Hỗ Trợ Sạc Dự Phòng Lại Cho Điện Thoại Khẩn Cấp - Hàng Chính Hãng		1	Rất không hài lòng. pin yếu,k dụng Như quảng cáo	2021-03-02 17:22:53	2026-09-28 21:46:25
tk_10777449	tiki	44620765	general	Đèn Pin Led Siêu Sáng Mini Có Sạc USB Có Hỗ Trợ Sạc Dự Phòng Lại Cho Điện Thoại Khẩn Cấp - Hàng Chính Hãng		5	Cực kì hài lòng.	2021-06-30 20:20:56	2026-09-28 21:46:25
tk_4646087	tiki	44620765	general	Đèn Pin Led Siêu Sáng Mini Có Sạc USB Có Hỗ Trợ Sạc Dự Phòng Lại Cho Điện Thoại Khẩn Cấp - Hàng Chính Hãng		4	Hài lòng. Độ sáng tốt , đóng gói cẩn thận ko biết độ bền ra sao . Thanks	2020-08-27 20:47:07	2026-09-28 21:46:25
tk_3686998	tiki	44620765	general	Đèn Pin Led Siêu Sáng Mini Có Sạc USB Có Hỗ Trợ Sạc Dự Phòng Lại Cho Điện Thoại Khẩn Cấp - Hàng Chính Hãng		5	Cực kì hài lòng. Đèn sáng, gọn tay, giống mô tả. Chưa dùng lâu nên chưa Tết đc thời gian sử dụng.	2020-06-01 18:27:17	2026-09-28 21:46:25
tk_3721351	tiki	44620765	general	Đèn Pin Led Siêu Sáng Mini Có Sạc USB Có Hỗ Trợ Sạc Dự Phòng Lại Cho Điện Thoại Khẩn Cấp - Hàng Chính Hãng		3	Bình thường. Khá tốt??	2020-06-05 11:03:24	2026-09-28 21:46:25
tk_10219725	tiki	44620765	general	Đèn Pin Led Siêu Sáng Mini Có Sạc USB Có Hỗ Trợ Sạc Dự Phòng Lại Cho Điện Thoại Khẩn Cấp - Hàng Chính Hãng		5	Cực kì hài lòng.	2021-06-06 22:36:33	2026-09-28 21:46:25
tk_10157767	tiki	44620765	general	Đèn Pin Led Siêu Sáng Mini Có Sạc USB Có Hỗ Trợ Sạc Dự Phòng Lại Cho Điện Thoại Khẩn Cấp - Hàng Chính Hãng		5	Cực kì hài lòng.	2021-06-04 15:18:28	2026-09-28 21:46:25
tk_3703007	tiki	44620765	general	Đèn Pin Led Siêu Sáng Mini Có Sạc USB Có Hỗ Trợ Sạc Dự Phòng Lại Cho Điện Thoại Khẩn Cấp - Hàng Chính Hãng		5	Cực kì hài lòng. Hàng giao nhanh, gói hàng cẩn thận, đèn sáng, nhỏ gọn rất tiện khi mang bỏ túi.	2020-06-03 12:21:39	2026-09-28 21:46:25
tk_5669233	tiki	44620765	general	Đèn Pin Led Siêu Sáng Mini Có Sạc USB Có Hỗ Trợ Sạc Dự Phòng Lại Cho Điện Thoại Khẩn Cấp - Hàng Chính Hãng		1	Rất không hài lòng. Cái này ko có cục sạc ạ. Ko hài lòng lắm	2020-11-19 08:20:23	2026-09-28 21:46:25
tk_9979617	tiki	44620765	general	Đèn Pin Led Siêu Sáng Mini Có Sạc USB Có Hỗ Trợ Sạc Dự Phòng Lại Cho Điện Thoại Khẩn Cấp - Hàng Chính Hãng		5	Cực kì hài lòng.	2021-05-26 21:29:55	2026-09-28 21:46:25
tk_6024908	tiki	44620765	general	Đèn Pin Led Siêu Sáng Mini Có Sạc USB Có Hỗ Trợ Sạc Dự Phòng Lại Cho Điện Thoại Khẩn Cấp - Hàng Chính Hãng		5	Cực kì hài lòng.	2020-12-08 11:20:35	2026-09-28 21:46:27
tk_3601129	tiki	44620765	general	Đèn Pin Led Siêu Sáng Mini Có Sạc USB Có Hỗ Trợ Sạc Dự Phòng Lại Cho Điện Thoại Khẩn Cấp - Hàng Chính Hãng		4	Hài lòng. đèn rất vừa ý, nhưng chưa biết pin cầm được lâu k, và độ bền như thế nào	2020-05-20 12:59:10	2026-09-28 21:46:27
tk_3870442	tiki	44620765	general	Đèn Pin Led Siêu Sáng Mini Có Sạc USB Có Hỗ Trợ Sạc Dự Phòng Lại Cho Điện Thoại Khẩn Cấp - Hàng Chính Hãng		4	Tạm được. Về cơ bản thì được. Tuy nhiên đèn dùng hơi nóng. Không bậtlaau được.	2020-06-21 14:25:37	2026-09-28 21:46:27
tk_3285425	tiki	44620765	general	Đèn Pin Led Siêu Sáng Mini Có Sạc USB Có Hỗ Trợ Sạc Dự Phòng Lại Cho Điện Thoại Khẩn Cấp - Hàng Chính Hãng		3	Bình thường. Đèn sáng đầy đủ phụ kiện chất lượng bình thường ko đẹp được như hình quản cáo	2020-03-30 10:37:19	2026-09-28 21:46:27
tk_9512972	tiki	44620765	general	Đèn Pin Led Siêu Sáng Mini Có Sạc USB Có Hỗ Trợ Sạc Dự Phòng Lại Cho Điện Thoại Khẩn Cấp - Hàng Chính Hãng		5	Cực kì hài lòng.	2021-05-05 15:20:51	2026-09-28 21:46:27
tk_20260725	tiki	892141	general	Pin Max 8 + 4 Viên Energizer E92 BP8+4 AAA		5	Cực kì hài lòng. Đóng gói cẩn thận	2026-09-13 18:35:15	2026-09-28 21:46:32
tk_15260194	tiki	892141	general	Pin Max 8 + 4 Viên Energizer E92 BP8+4 AAA		4	Hài lòng. Ngoại quan: Sản phẩm có ngoại quan tương đối giống với mô tả, sản phẩm chính hãng, được nhập khẩu trực tiếp về Việt Nam. Xuất xứ: Thương hiệu của Mỹ. Sản xuất: Tại Singapore. Chất lượng: Pin AAA, 1,5V dùng cho các loại đồ điện tử loại nhỏ; pin lưu trữ được 10 năm theo thông tin từ nhà sản xuất; khả năng giữ pin trong quá trình sử dụng lâu dài, lâu hết pin; Đóng gói: Sản phẩm được đóng gói tốt. Thời gian giao hàng: Do có sử dụng gói Tiki Now nên thời gian giao hàng nhanh, đặt từ 00:13, Thứ sáu *** đến 09:50, Thứ sáu *** sản phẩm đã được giao đến. Thái độ nhân viên giao hàng: Ổn, chịu hợp tác với tôi trong việc giao hàng. Giá sản phẩm: Giá sản phẩm rẻ hơn khi mua bên ngoài thị trường, miễn phí ship. Tổng quan: Sản phẩm phù hợp với những ai muốn sử dụng hàng chính hãng với một giá tiền và chất lượng sản phẩm tương đối. Bên cạnh đó, thời gian và dịch vụ giao hàng ổn.	2022-03-04 22:26:37	2026-09-28 21:46:32
tk_19037565	tiki	892141	general	Pin Max 8 + 4 Viên Energizer E92 BP8+4 AAA		1	"Rất không hài lòng. Sản phẩm tốt nhưng thái độ của shop không tôn trọng người mua. mua đơn hàng 21/3. giao hàng 22/3. 31/3 nhắn tin hỏi xuất hóa đơn thì nói kế toán bận báo cáo. nên không xuất trong tháng 3. shop còn nói: ""Đơn của bạn tháng 4 tiki cũng mới trả tiền shop. Chứ có trả ngay khi bạn mua xong đâu ạ"". theo qui định Tiki thì đơn hàng giao thành công, thì trong vòng 7 ngày NCC khác sẽ xuất hóa đơn. nhắn tin cho shop về qui định này được shop trả lời: - ủa vậy bạn lên tiki thắc mắc - còn shop bán cho bạn thông qua tiki chứ ko bán trực tiếp cho bạn nhé - Mua bán qua TIKI thì mọi vấn đề do TIKI quyết định. Shop ko rảnh đôi co với bạn. sau đó shop chặn gửi tin nhắn. Làm ăn như vậy chắc có bền lâu."	2023-04-01 14:07:52	2026-09-28 21:46:32
tk_20253324	tiki	892141	general	Pin Max 8 + 4 Viên Energizer E92 BP8+4 AAA		5	Cực kì hài lòng.	2026-08-13 16:19:32	2026-09-28 21:46:32
tk_20192716	tiki	892141	general	Pin Max 8 + 4 Viên Energizer E92 BP8+4 AAA		5	Cực kì hài lòng. Sản phẩm đóng gói cẩn thận, hạn sử dụng rất dài	2025-11-23 09:06:12	2026-09-28 21:46:32
tk_20244721	tiki	892141	general	Pin Max 8 + 4 Viên Energizer E92 BP8+4 AAA		5	Cực kì hài lòng.	2026-07-06 13:54:05	2026-09-28 21:46:32
tk_20174535	tiki	892141	general	Pin Max 8 + 4 Viên Energizer E92 BP8+4 AAA		5	Cực kì hài lòng. chất lượng cao, giao hàng tuyệt vời	2025-09-26 11:35:16	2026-09-28 21:46:32
tk_20211951	tiki	892141	general	Pin Max 8 + 4 Viên Energizer E92 BP8+4 AAA		5	Cực kì hài lòng.	2026-02-09 12:35:26	2026-09-28 21:46:32
tk_20211611	tiki	892141	general	Pin Max 8 + 4 Viên Energizer E92 BP8+4 AAA		5	Cực kì hài lòng.	2026-02-08 09:31:57	2026-09-28 21:46:32
tk_20201331	tiki	892141	general	Pin Max 8 + 4 Viên Energizer E92 BP8+4 AAA		5	Cực kì hài lòng.	2025-12-26 23:37:44	2026-09-28 21:46:32
tk_16865064	tiki	892141	general	Pin Max 8 + 4 Viên Energizer E92 BP8+4 AAA		5	Cực kì hài lòng. Giao hàng quá nhanh luôn! Mới đặt đã có, mình thích cách giao hàng nhanh của tiki, còn chất lượng của pin Energizer thì khỏi phải bàn rồi, nên mua để được sử dụng lâu dài, tiền nào của nấy thôi mn ạ!	2022-06-28 08:13:35	2026-09-28 21:46:32
tk_19965792	tiki	892141	general	Pin Max 8 + 4 Viên Energizer E92 BP8+4 AAA		5	Cực kì hài lòng. Pin dung ok, se mua lai lan sau, hy vong giao hang chat luong...😁😁😁	2024-08-28 13:22:12	2026-09-28 21:46:32
tk_18235725	tiki	892141	general	Pin Max 8 + 4 Viên Energizer E92 BP8+4 AAA		5	Cực kì hài lòng. Sản phẩm tốt trong tầm giá, tôi hài lòng sau khi mua hàng. Giao hàng nhanh và đóng gói cẩn thận. Tôi chia sẻ thêm hình ảnh cho mọi người tham khảo khi mua hàng nhé. Tôi sẽ mua lại lần nữa của shop.	2022-11-18 11:41:57	2026-09-28 21:46:32
tk_20167773	tiki	892141	general	Pin Max 8 + 4 Viên Energizer E92 BP8+4 AAA		5	Cực kì hài lòng.	2025-09-08 19:55:57	2026-09-28 21:46:32
tk_17367732	tiki	892141	general	Pin Max 8 + 4 Viên Energizer E92 BP8+4 AAA		1	Rất không hài lòng. mình không hiểu do pin bị lỗi do nhá sản xuát hay sao mà khi nhan vien nhà mình mở ra đe cho khách sạn thay cửa kháo từ mà nó báo pin không còn pin... mà pin mới mở từ vỉ mới, vỉ nào cũng bị... giờ nhà mình chuyển sang hãng pin khác rồi	2022-08-10 16:14:25	2026-09-28 21:46:32
tk_18767145	tiki	892141	general	Pin Max 8 + 4 Viên Energizer E92 BP8+4 AAA		5	Cực kì hài lòng. Pin có thương hiệu rất tin tưởng dùng. Mình đã nhiều lần mua hàng của nhà bán này. Mua thông qua Tiki nên yên tâm. Hàng đóng gói sạch đẹp và giao rất nhanh.	2023-02-09 01:41:32	2026-09-28 21:46:32
tk_20142943	tiki	892141	general	Pin Max 8 + 4 Viên Energizer E92 BP8+4 AAA		5	Cực kì hài lòng.	2025-07-05 06:40:47	2026-09-28 21:46:32
tk_20140373	tiki	892141	general	Pin Max 8 + 4 Viên Energizer E92 BP8+4 AAA		5	Cực kì hài lòng.	2025-06-27 09:04:13	2026-09-28 21:46:32
tk_20133232	tiki	892141	general	Pin Max 8 + 4 Viên Energizer E92 BP8+4 AAA		5	Cực kì hài lòng.	2025-06-08 18:49:54	2026-09-28 21:46:32
tk_18728768	tiki	892141	general	Pin Max 8 + 4 Viên Energizer E92 BP8+4 AAA		5	Cực kì hài lòng. Pin xài cực kỳ bền và tốt, nhà mình toàn xài loại pin này, mua 1 cái 12 viên, xài 2 viên đã lâu rồi, mà tố 12 viên không biết khi nào mới hết pin.	2023-02-03 10:01:44	2026-09-28 21:46:32
tk_20113713	tiki	892141	general	Pin Max 8 + 4 Viên Energizer E92 BP8+4 AAA		5	Cực kì hài lòng.	2025-04-21 13:14:23	2026-09-28 21:46:35
tk_18744956	tiki	892141	general	Pin Max 8 + 4 Viên Energizer E92 BP8+4 AAA		5	Cực kì hài lòng. Sản phẩm tốt, ổn áp trong tầm giá như vậy, mình đã mua ở rất nhiều nơi rồi mà không nơi nào làm mình hài lòng như nơi này cả	2023-02-05 17:05:42	2026-09-28 21:46:35
tk_19953354	tiki	892141	general	Pin Max 8 + 4 Viên Energizer E92 BP8+4 AAA		5	Cực kì hài lòng. Đúng sản phẩm, đóng gói cẩn thận.	2024-08-13 14:46:38	2026-09-28 21:46:35
tk_20071641	tiki	892141	general	Pin Max 8 + 4 Viên Energizer E92 BP8+4 AAA		5	Cực kì hài lòng.	2025-01-23 18:02:15	2026-09-28 21:46:35
tk_20013442	tiki	892141	general	Pin Max 8 + 4 Viên Energizer E92 BP8+4 AAA		5	Cực kì hài lòng. Chất lượng pin tốt	2024-10-23 11:24:48	2026-09-28 21:46:35
tk_20066274	tiki	892141	general	Pin Max 8 + 4 Viên Energizer E92 BP8+4 AAA		5	Cực kì hài lòng.	2025-01-14 21:22:14	2026-09-28 21:46:35
tk_20054871	tiki	892141	general	Pin Max 8 + 4 Viên Energizer E92 BP8+4 AAA		5	Cực kì hài lòng. Good	2024-12-24 18:43:44	2026-09-28 21:46:35
tk_20055983	tiki	892141	general	Pin Max 8 + 4 Viên Energizer E92 BP8+4 AAA		5	Cực kì hài lòng. oke	2024-12-26 15:57:45	2026-09-28 21:46:35
tk_20057763	tiki	892141	general	Pin Max 8 + 4 Viên Energizer E92 BP8+4 AAA		5	Cực kì hài lòng.	2024-12-30 10:35:23	2026-09-28 21:46:35
tk_20052467	tiki	892141	general	Pin Max 8 + 4 Viên Energizer E92 BP8+4 AAA		5	Cực kì hài lòng.	2024-12-20 11:58:19	2026-09-28 21:46:35
tk_20051962	tiki	892141	general	Pin Max 8 + 4 Viên Energizer E92 BP8+4 AAA		5	Cực kì hài lòng.	2024-12-19 16:10:11	2026-09-28 21:46:35
tk_19017797	tiki	892141	general	Pin Max 8 + 4 Viên Energizer E92 BP8+4 AAA		4	Hài lòng. Mua pin 2 A kg hiểu sao giờ nhìn lại 3 A để đó k biết xài trong cái nào, k biết làm sao mà đổi đc	2023-03-27 19:53:18	2026-09-28 21:46:35
tk_20028840	tiki	892141	general	Pin Max 8 + 4 Viên Energizer E92 BP8+4 AAA		5	Cực kì hài lòng. Ok	2024-11-12 04:19:09	2026-09-28 21:46:35
tk_20030592	tiki	892141	general	Pin Max 8 + 4 Viên Energizer E92 BP8+4 AAA		5	Cực kì hài lòng.	2024-11-14 15:52:36	2026-09-28 21:46:35
tk_20026928	tiki	892141	general	Pin Max 8 + 4 Viên Energizer E92 BP8+4 AAA		5	Cực kì hài lòng.	2024-11-09 15:59:01	2026-09-28 21:46:35
tk_19519573	tiki	892141	general	Pin Max 8 + 4 Viên Energizer E92 BP8+4 AAA		5	Cực kì hài lòng. làm biếng chụp ảnh quá, mà tốt thiệt thay pin re mót với chuột từ bữa đến nay xài êm ru	2023-09-10 13:46:10	2026-09-28 21:46:35
tk_19897742	tiki	892141	general	Pin Max 8 + 4 Viên Energizer E92 BP8+4 AAA		5	Cực kì hài lòng. Đống gói tốt, giao đúng hẹn	2024-06-10 09:46:44	2026-09-28 21:46:35
tk_20008244	tiki	892141	general	Pin Max 8 + 4 Viên Energizer E92 BP8+4 AAA		5	Cực kì hài lòng.	2024-10-17 08:46:34	2026-09-28 21:46:35
tk_20001591	tiki	892141	general	Pin Max 8 + 4 Viên Energizer E92 BP8+4 AAA		5	Cực kì hài lòng.	2024-10-10 11:32:08	2026-09-28 21:46:38
tk_19996602	tiki	892141	general	Pin Max 8 + 4 Viên Energizer E92 BP8+4 AAA		5	Cực kì hài lòng.	2024-10-04 10:04:11	2026-09-28 21:46:38
tk_19977855	tiki	892141	general	Pin Max 8 + 4 Viên Energizer E92 BP8+4 AAA		5	Cực kì hài lòng.	2024-09-12 11:23:03	2026-09-28 21:46:38
tk_19966782	tiki	892141	general	Pin Max 8 + 4 Viên Energizer E92 BP8+4 AAA		5	Cực kì hài lòng.	2024-08-29 14:50:55	2026-09-28 21:46:38
tk_19965891	tiki	892141	general	Pin Max 8 + 4 Viên Energizer E92 BP8+4 AAA		5	Cực kì hài lòng.	2024-08-28 14:47:20	2026-09-28 21:46:38
tk_19961232	tiki	892141	general	Pin Max 8 + 4 Viên Energizer E92 BP8+4 AAA		5	Cực kì hài lòng.	2024-08-22 21:15:12	2026-09-28 21:46:38
tk_19959552	tiki	892141	general	Pin Max 8 + 4 Viên Energizer E92 BP8+4 AAA		5	Cực kì hài lòng.	2024-08-20 22:33:51	2026-09-28 21:46:38
tk_19539261	tiki	892141	general	Pin Max 8 + 4 Viên Energizer E92 BP8+4 AAA		5	Cực kì hài lòng. hàng chính hãng. đóng gói cẩn thận	2023-09-19 11:26:20	2026-09-28 21:46:38
tk_19709801	tiki	892141	general	Pin Max 8 + 4 Viên Energizer E92 BP8+4 AAA		5	Cực kì hài lòng. Ok ok ok ok ok ok ok ok ok ok ok ok ok ok ok ok ok ok ok ok	2024-01-04 10:02:16	2026-09-28 21:46:38
tk_19943383	tiki	892141	general	Pin Max 8 + 4 Viên Energizer E92 BP8+4 AAA		5	Cực kì hài lòng.	2024-08-02 18:33:46	2026-09-28 21:46:38
tk_19921394	tiki	892141	general	Pin Max 8 + 4 Viên Energizer E92 BP8+4 AAA		5	Cực kì hài lòng.	2024-07-08 07:06:38	2026-09-28 21:46:38
tk_19914381	tiki	892141	general	Pin Max 8 + 4 Viên Energizer E92 BP8+4 AAA		5	Cực kì hài lòng.	2024-06-29 20:12:19	2026-09-28 21:46:38
tk_19584182	tiki	892141	general	Pin Max 8 + 4 Viên Energizer E92 BP8+4 AAA		5	Cực kì hài lòng. Đúng hàng, đúng giá, giao đúng hẹn, đóng gói cẩn thận.	2023-10-12 02:12:21	2026-09-28 21:46:38
tk_19910603	tiki	892141	general	Pin Max 8 + 4 Viên Energizer E92 BP8+4 AAA		5	Cực kì hài lòng.	2024-06-25 09:19:03	2026-09-28 21:46:38
tk_19886616	tiki	892141	general	Pin Max 8 + 4 Viên Energizer E92 BP8+4 AAA		5	Cực kì hài lòng.	2024-05-30 05:45:16	2026-09-28 21:46:38
tk_19825466	tiki	892141	general	Pin Max 8 + 4 Viên Energizer E92 BP8+4 AAA		5	Cực kì hài lòng. Pin tốt lắm	2024-03-30 14:04:26	2026-09-28 21:46:38
tk_19813836	tiki	892141	general	Pin Max 8 + 4 Viên Energizer E92 BP8+4 AAA		5	Cực kì hài lòng. Genuine product.	2024-03-20 18:10:03	2026-09-28 21:46:38
tk_19876061	tiki	892141	general	Pin Max 8 + 4 Viên Energizer E92 BP8+4 AAA		5	Cực kì hài lòng.	2024-05-17 21:42:07	2026-09-28 21:46:40
tk_13202912	tiki	892141	general	Pin Max 8 + 4 Viên Energizer E92 BP8+4 AAA		2	Không hài lòng. Sản phẩm giao đến vỉ bị bể, pin rơi ra ngoài vỉ.	2021-11-14 18:13:16	2026-09-28 21:46:40
tk_19849377	tiki	892141	general	Pin Max 8 + 4 Viên Energizer E92 BP8+4 AAA		5	Cực kì hài lòng.	2024-04-20 23:44:01	2026-09-28 21:46:40
tk_19848198	tiki	892141	general	Pin Max 8 + 4 Viên Energizer E92 BP8+4 AAA		5	Cực kì hài lòng.	2024-04-19 20:24:08	2026-09-28 21:46:40
tk_19846440	tiki	892141	general	Pin Max 8 + 4 Viên Energizer E92 BP8+4 AAA		5	Cực kì hài lòng.	2024-04-18 00:51:09	2026-09-28 21:46:40
tk_19844164	tiki	892141	general	Pin Max 8 + 4 Viên Energizer E92 BP8+4 AAA		5	Cực kì hài lòng.	2024-04-16 07:47:09	2026-09-28 21:46:40
tk_18911619	tiki	892141	general	Pin Max 8 + 4 Viên Energizer E92 BP8+4 AAA		5	Cực kì hài lòng. On time delivery. Good packing. Good quality. Phot for coins only.	2023-03-06 07:48:28	2026-09-28 21:46:40
tk_19839944	tiki	892141	general	Pin Max 8 + 4 Viên Energizer E92 BP8+4 AAA		5	Cực kì hài lòng.	2024-04-11 22:33:47	2026-09-28 21:46:40
tk_19838423	tiki	892141	general	Pin Max 8 + 4 Viên Energizer E92 BP8+4 AAA		5	Cực kì hài lòng.	2024-04-10 17:40:23	2026-09-28 21:46:40
tk_13710199	tiki	892141	general	Pin Max 8 + 4 Viên Energizer E92 BP8+4 AAA		5	Cực kì hài lòng. Nếu dùng cho các dụng cụ y tế như đồ đo nhiệt độ, máy đo nồng độ oxy, máy đo huyết áp cổ tay thì các bạn nên dùng pin 3A Energizer sẽ tốt hơn.	2021-12-09 20:19:57	2026-09-28 21:46:40
tk_18756239	tiki	892141	general	Pin Max 8 + 4 Viên Energizer E92 BP8+4 AAA		5	Cực kì hài lòng. Chất lượng tốt, giao hàng nhanh, thời gian sử dụng lâu	2023-02-07 12:21:48	2026-09-28 21:46:40
tk_19199665	tiki	892141	general	Pin Max 8 + 4 Viên Energizer E92 BP8+4 AAA		5	Cực kì hài lòng. tiki giao hàng nhanh rất hài lòng!!!!	2023-05-16 13:30:11	2026-09-28 21:46:40
tk_18738606	tiki	892141	general	Pin Max 8 + 4 Viên Energizer E92 BP8+4 AAA		5	Cực kì hài lòng. Giao hàng nhanh, đúng sp như hình, pin còn sử dụng tốt	2023-02-04 18:38:35	2026-09-28 21:46:40
tk_19794855	tiki	892141	general	Pin Max 8 + 4 Viên Energizer E92 BP8+4 AAA		5	Cực kì hài lòng.	2024-03-05 20:36:28	2026-09-28 21:46:40
tk_19524593	tiki	892141	general	Pin Max 8 + 4 Viên Energizer E92 BP8+4 AAA		5	Cực kì hài lòng. Ok	2023-09-12 15:18:47	2026-09-28 21:46:40
tk_19497502	tiki	892141	general	Pin Max 8 + 4 Viên Energizer E92 BP8+4 AAA		5	Cực kì hài lòng. Tốt	2023-08-30 22:07:08	2026-09-28 21:46:40
tk_19778133	tiki	892141	general	Pin Max 8 + 4 Viên Energizer E92 BP8+4 AAA		5	Cực kì hài lòng.	2024-02-22 08:50:19	2026-09-28 21:46:40
tk_17466583	tiki	892141	general	Pin Max 8 + 4 Viên Energizer E92 BP8+4 AAA		5	Cực kì hài lòng. Hàng đẹp đóng gói kỹ, giao hàng nhanh , chưa xài nên chưa uýnh giá đc chất lượng .	2022-08-19 23:23:02	2026-09-28 21:46:40
tk_19096879	tiki	892141	general	Pin Max 8 + 4 Viên Energizer E92 BP8+4 AAA		5	Cực kì hài lòng. Pin tốt, giao nhanh, dùng khá lâu	2023-04-16 11:19:09	2026-09-28 21:46:40
tk_19760211	tiki	892141	general	Pin Max 8 + 4 Viên Energizer E92 BP8+4 AAA		5	Cực kì hài lòng.	2024-02-04 23:20:05	2026-09-28 21:46:40
tk_8552306	tiki	892141	general	Pin Max 8 + 4 Viên Energizer E92 BP8+4 AAA		1	Rất không hài lòng. Mỏng te... quá thấy vọng luon nha mọi người. Tôi đã mua dùng loại này rồi nhưng trước loại khá dày. Còn lần này giống hàng giả quá. Ko vui tí nào. Mỏng như vầy sao ngăn được côn trùng???	2021-03-21 09:57:20	2026-09-28 21:46:42
tk_19109709	tiki	892141	general	Pin Max 8 + 4 Viên Energizer E92 BP8+4 AAA		1	Rất không hài lòng. Mua pin sạc lại để dùng ma ra pin thường! thông tin mập mời	2023-04-19 18:38:37	2026-09-28 21:46:42
tk_19732575	tiki	892141	general	Pin Max 8 + 4 Viên Energizer E92 BP8+4 AAA		5	Cực kì hài lòng.	2024-01-18 06:41:13	2026-09-28 21:46:42
tk_19731599	tiki	892141	general	Pin Max 8 + 4 Viên Energizer E92 BP8+4 AAA		5	Cực kì hài lòng.	2024-01-17 15:07:52	2026-09-28 21:46:42
tk_19727798	tiki	892141	general	Pin Max 8 + 4 Viên Energizer E92 BP8+4 AAA		5	Cực kì hài lòng.	2024-01-15 11:28:57	2026-09-28 21:46:42
tk_18132503	tiki	892141	general	Pin Max 8 + 4 Viên Energizer E92 BP8+4 AAA		4	Hài lòng. Sữ dụng được, chưa rỏ có lưu được điện sạc không ?	2022-11-05 20:29:33	2026-09-28 21:46:42
tk_19260949	tiki	892141	general	Pin Max 8 + 4 Viên Energizer E92 BP8+4 AAA		5	Cực kì hài lòng. Dịch vụ tiki quá tốt! Sp cực kỳ chất lượng!	2023-06-05 06:50:09	2026-09-28 21:46:42
tk_19711177	tiki	892141	general	Pin Max 8 + 4 Viên Energizer E92 BP8+4 AAA		5	Cực kì hài lòng.	2024-01-05 04:42:46	2026-09-28 21:46:42
tk_19709134	tiki	892141	general	Pin Max 8 + 4 Viên Energizer E92 BP8+4 AAA		5	Cực kì hài lòng.	2024-01-03 20:24:13	2026-09-28 21:46:42
tk_19706938	tiki	892141	general	Pin Max 8 + 4 Viên Energizer E92 BP8+4 AAA		5	Cực kì hài lòng.	2024-01-02 11:50:03	2026-09-28 21:46:42
tk_19704177	tiki	892141	general	Pin Max 8 + 4 Viên Energizer E92 BP8+4 AAA		5	Cực kì hài lòng.	2023-12-31 08:10:00	2026-09-28 21:46:42
tk_19682242	tiki	892141	general	Pin Max 8 + 4 Viên Energizer E92 BP8+4 AAA		5	Cực kì hài lòng.	2023-12-14 14:19:29	2026-09-28 21:46:42
tk_18886782	tiki	892141	general	Pin Max 8 + 4 Viên Energizer E92 BP8+4 AAA		5	Cực kì hài lòng. Chất lượng tốt, pin trâu	2023-03-01 20:52:26	2026-09-28 21:46:42
tk_19668502	tiki	892141	general	Pin Max 8 + 4 Viên Energizer E92 BP8+4 AAA		5	Cực kì hài lòng.	2023-12-01 12:31:46	2026-09-28 21:46:42
tk_18725916	tiki	892141	general	Pin Max 8 + 4 Viên Energizer E92 BP8+4 AAA		5	Cực kì hài lòng. Pin tốt giao nhanh, giá hợp lý	2023-02-02 19:56:37	2026-09-28 21:46:42
tk_19141271	tiki	892141	general	Pin Max 8 + 4 Viên Energizer E92 BP8+4 AAA		5	Cực kì hài lòng. Rất tốt. Mua nhiều để sẵn dùng dần dần.	2023-04-28 15:01:06	2026-09-28 21:46:42
tk_18533239	tiki	892141	general	Pin Max 8 + 4 Viên Energizer E92 BP8+4 AAA		4	Hài lòng. Giao hơi lâu, pin trâu đã mua 2 lần	2022-12-29 17:43:02	2026-09-28 21:46:42
tk_19020770	tiki	892141	general	Pin Max 8 + 4 Viên Energizer E92 BP8+4 AAA		5	Cực kì hài lòng. Sản phẩm ok	2023-03-28 14:42:13	2026-09-28 21:46:42
tk_19580781	tiki	892141	general	Pin Max 8 + 4 Viên Energizer E92 BP8+4 AAA		5	Cực kì hài lòng. sp tot	2023-10-10 14:50:36	2026-09-28 21:46:45
tk_19618143	tiki	892141	general	Pin Max 8 + 4 Viên Energizer E92 BP8+4 AAA		5	Cực kì hài lòng.	2023-10-29 15:57:26	2026-09-28 21:46:45
tk_19615874	tiki	892141	general	Pin Max 8 + 4 Viên Energizer E92 BP8+4 AAA		5	Cực kì hài lòng.	2023-10-28 10:45:32	2026-09-28 21:46:45
tk_18096933	tiki	892141	general	Pin Max 8 + 4 Viên Energizer E92 BP8+4 AAA		5	Cực kì hài lòng. Giao hàng rất nhanh, hiệu này thì tốt rồi	2022-10-31 22:32:53	2026-09-28 21:46:45
tk_19174043	tiki	892141	general	Pin Max 8 + 4 Viên Energizer E92 BP8+4 AAA		5	Cực kì hài lòng.	2023-05-08 21:45:10	2026-09-28 21:46:45
tk_19598334	tiki	892141	general	Pin Max 8 + 4 Viên Energizer E92 BP8+4 AAA		5	Cực kì hài lòng.	2023-10-18 20:29:24	2026-09-28 21:46:45
tk_19585934	tiki	892141	general	Pin Max 8 + 4 Viên Energizer E92 BP8+4 AAA		5	Cực kì hài lòng.	2023-10-12 21:44:51	2026-09-28 21:46:45
tk_18975659	tiki	892141	general	Pin Max 8 + 4 Viên Energizer E92 BP8+4 AAA		5	Cực kì hài lòng. Giá cả phải chăng pin tốt, đúng chất lượng	2023-03-18 14:15:06	2026-09-28 21:46:45
tk_19582306	tiki	892141	general	Pin Max 8 + 4 Viên Energizer E92 BP8+4 AAA		5	Cực kì hài lòng.	2023-10-11 09:55:30	2026-09-28 21:46:45
tk_19579304	tiki	892141	general	Pin Max 8 + 4 Viên Energizer E92 BP8+4 AAA		5	Cực kì hài lòng.	2023-10-09 22:38:06	2026-09-28 21:46:45
tk_13244019	tiki	892141	general	Pin Max 8 + 4 Viên Energizer E92 BP8+4 AAA		4	Hài lòng. đã nhận hàng, đóng gói cẩn thận, pin thì cần thời gian kiểm tra chất lượng	2021-11-16 13:25:21	2026-09-28 21:46:45
tk_19552729	tiki	892141	general	Pin Max 8 + 4 Viên Energizer E92 BP8+4 AAA		5	Cực kì hài lòng.	2023-09-26 10:22:56	2026-09-28 21:46:45
tk_19465617	tiki	892141	general	Pin Max 8 + 4 Viên Energizer E92 BP8+4 AAA		5	Cực kì hài lòng. Hài lòng	2023-08-17 17:49:27	2026-09-28 21:46:45
tk_19195275	tiki	892141	general	Pin Max 8 + 4 Viên Energizer E92 BP8+4 AAA		2	Không hài lòng. pin rất mau hết năng lượng	2023-05-15 09:04:52	2026-09-28 21:46:45
tk_16541345	tiki	892141	general	Pin Max 8 + 4 Viên Energizer E92 BP8+4 AAA		5	Cực kì hài lòng. cực kì hài lòng, Sp như mô tả, đóng gói cẩn thận, giao hàng nhanh. sẽ tiếp tục ủng hộ tiki và shop	2022-06-01 18:29:29	2026-09-28 21:46:45
tk_16357051	tiki	892141	general	Pin Max 8 + 4 Viên Energizer E92 BP8+4 AAA		1	Rất không hài lòng. mua bị thiếu 1 viên pin AA, hàng đã bị bóc đề nghị đổi cái mới	2022-05-17 11:21:23	2026-09-28 21:46:45
tk_19480505	tiki	892141	general	Pin Max 8 + 4 Viên Energizer E92 BP8+4 AAA		5	Cực kì hài lòng.	2023-08-23 15:48:56	2026-09-28 21:46:45
tk_19472835	tiki	892141	general	Pin Max 8 + 4 Viên Energizer E92 BP8+4 AAA		5	Cực kì hài lòng.	2023-08-20 16:27:56	2026-09-28 21:46:45
tk_19467721	tiki	892141	general	Pin Max 8 + 4 Viên Energizer E92 BP8+4 AAA		5	Cực kì hài lòng.	2023-08-18 15:00:22	2026-09-28 21:46:45
tk_18806470	tiki	892141	general	Pin Max 8 + 4 Viên Energizer E92 BP8+4 AAA		5	Cực kì hài lòng. giao hàng nhanh, đúng h. chất lượng tốt	2023-02-15 16:29:41	2026-09-28 21:46:47
tk_19446506	tiki	892141	general	Pin Max 8 + 4 Viên Energizer E92 BP8+4 AAA		5	Cực kì hài lòng.	2023-08-09 22:26:01	2026-09-28 21:46:47
tk_19433408	tiki	892141	general	Pin Max 8 + 4 Viên Energizer E92 BP8+4 AAA		5	Cực kì hài lòng.	2023-08-05 00:07:16	2026-09-28 21:46:47
tk_19426107	tiki	892141	general	Pin Max 8 + 4 Viên Energizer E92 BP8+4 AAA		5	Cực kì hài lòng.	2023-08-01 22:50:01	2026-09-28 21:46:47
tk_19417151	tiki	892141	general	Pin Max 8 + 4 Viên Energizer E92 BP8+4 AAA		5	Cực kì hài lòng.	2023-07-29 08:55:15	2026-09-28 21:46:47
tk_19396354	tiki	892141	general	Pin Max 8 + 4 Viên Energizer E92 BP8+4 AAA		5	Cực kì hài lòng.	2023-07-21 09:17:38	2026-09-28 21:46:47
tk_18743971	tiki	892141	general	Pin Max 8 + 4 Viên Energizer E92 BP8+4 AAA		5	Cực kì hài lòng.	2023-02-05 14:10:53	2026-09-28 21:46:47
tk_19314305	tiki	892141	general	Pin Max 8 + 4 Viên Energizer E92 BP8+4 AAA		4	Hài lòng. Xài ok	2023-06-21 16:54:17	2026-09-28 21:46:47
tk_19376936	tiki	892141	general	Pin Max 8 + 4 Viên Energizer E92 BP8+4 AAA		5	Cực kì hài lòng.	2023-07-13 22:41:24	2026-09-28 21:46:47
tk_19375809	tiki	892141	general	Pin Max 8 + 4 Viên Energizer E92 BP8+4 AAA		5	Cực kì hài lòng.	2023-07-13 15:46:36	2026-09-28 21:46:47
tk_19372518	tiki	892141	general	Pin Max 8 + 4 Viên Energizer E92 BP8+4 AAA		5	Cực kì hài lòng.	2023-07-12 15:10:32	2026-09-28 21:46:47
tk_12510471	tiki	892141	general	Pin Max 8 + 4 Viên Energizer E92 BP8+4 AAA		5	Cực kì hài lòng. Sản phẩm đúng với miêu tả. Tiki đóng gói cẩn thận. Giao hàng nhanh. Sẽ tiếp tục ủng hộ shop và Tiki.	2021-10-09 13:41:00	2026-09-28 21:46:47
tk_19336942	tiki	892141	general	Pin Max 8 + 4 Viên Energizer E92 BP8+4 AAA		5	Cực kì hài lòng.	2023-06-29 21:56:42	2026-09-28 21:46:47
tk_19336053	tiki	892141	general	Pin Max 8 + 4 Viên Energizer E92 BP8+4 AAA		5	Cực kì hài lòng.	2023-06-29 15:37:00	2026-09-28 21:46:47
tk_19326328	tiki	892141	general	Pin Max 8 + 4 Viên Energizer E92 BP8+4 AAA		5	Cực kì hài lòng.	2023-06-26 00:46:48	2026-09-28 21:46:47
tk_19318227	tiki	892141	general	Pin Max 8 + 4 Viên Energizer E92 BP8+4 AAA		5	Cực kì hài lòng.	2023-06-23 01:16:24	2026-09-28 21:46:47
tk_19308739	tiki	892141	general	Pin Max 8 + 4 Viên Energizer E92 BP8+4 AAA		5	Cực kì hài lòng.	2023-06-19 19:32:15	2026-09-28 21:46:47
tk_13971503	tiki	892141	general	Pin Max 8 + 4 Viên Energizer E92 BP8+4 AAA		5	Cực kì hài lòng. giao hàng nhanh, giá hợp lý.. sẽ ủng hộ shop nếu chất lượng và giá cả hợp lý..	2021-12-21 12:28:17	2026-09-28 21:46:47
tk_19301438	tiki	892141	general	Pin Max 8 + 4 Viên Energizer E92 BP8+4 AAA		5	Cực kì hài lòng.	2023-06-17 09:27:42	2026-09-28 21:46:47
tk_4819408	tiki	892141	general	Pin Max 8 + 4 Viên Energizer E92 BP8+4 AAA		4	Hài lòng. Hàng trên hình là hàng đc sản xuất bán ở nc ngoài vì hồi ở Singapore mình toàn mua loại bao bì như này. Hàng mình nhận đc hình như là hàng sản xuất tại Vietnam và bao bì ko giống ảnh.	2020-09-11 21:10:05	2026-09-28 21:46:49
tk_19276958	tiki	892141	general	Pin Max 8 + 4 Viên Energizer E92 BP8+4 AAA		5	Cực kì hài lòng.	2023-06-09 14:52:23	2026-09-28 21:46:49
tk_19276947	tiki	892141	general	Pin Max 8 + 4 Viên Energizer E92 BP8+4 AAA		5	Cực kì hài lòng.	2023-06-09 14:49:16	2026-09-28 21:46:49
tk_19263105	tiki	892141	general	Pin Max 8 + 4 Viên Energizer E92 BP8+4 AAA		5	Cực kì hài lòng.	2023-06-05 19:32:29	2026-09-28 21:46:49
tk_19262005	tiki	892141	general	Pin Max 8 + 4 Viên Energizer E92 BP8+4 AAA		5	Cực kì hài lòng.	2023-06-05 13:04:30	2026-09-28 21:46:49
tk_19242447	tiki	892141	general	Pin Max 8 + 4 Viên Energizer E92 BP8+4 AAA		5	Cực kì hài lòng.	2023-05-30 05:41:01	2026-09-28 21:46:49
tk_19239629	tiki	892141	general	Pin Max 8 + 4 Viên Energizer E92 BP8+4 AAA		5	Cực kì hài lòng.	2023-05-29 08:51:35	2026-09-28 21:46:49
tk_19225490	tiki	892141	general	Pin Max 8 + 4 Viên Energizer E92 BP8+4 AAA		5	Cực kì hài lòng.	2023-05-24 15:07:55	2026-09-28 21:46:49
tk_11824971	tiki	892141	general	Pin Max 8 + 4 Viên Energizer E92 BP8+4 AAA		5	Cực kì hài lòng. Tiki vẫn giao được món này trong mùa dịch. Rất cần thiết cho các thiết bị đo oxy và nhiệt độ cầm tay.	2021-08-15 14:11:35	2026-09-28 21:46:49
tk_19219768	tiki	892141	general	Pin Max 8 + 4 Viên Energizer E92 BP8+4 AAA		5	Cực kì hài lòng.	2023-05-22 19:42:04	2026-09-28 21:46:49
tk_12084114	tiki	892141	general	Pin Max 8 + 4 Viên Energizer E92 BP8+4 AAA		5	Hài lòng. Đang lúc giãn cách, pin máy SPO2 hết. Tiki giao tận trước ngõ. Mấy hãng khác họ giao tuốt ngoài đầu đường, đi bộ ra sợ bị bắt phạt.	2021-09-03 10:14:00	2026-09-28 21:46:49
tk_19206510	tiki	892141	general	Pin Max 8 + 4 Viên Energizer E92 BP8+4 AAA		5	Cực kì hài lòng.	2023-05-18 14:05:46	2026-09-28 21:46:49
tk_19201858	tiki	892141	general	Pin Max 8 + 4 Viên Energizer E92 BP8+4 AAA		5	Cực kì hài lòng.	2023-05-17 08:05:25	2026-09-28 21:46:49
tk_19184090	tiki	892141	general	Pin Max 8 + 4 Viên Energizer E92 BP8+4 AAA		5	Cực kì hài lòng.	2023-05-11 20:13:27	2026-09-28 21:46:49
tk_19171511	tiki	892141	general	Pin Max 8 + 4 Viên Energizer E92 BP8+4 AAA		5	Cực kì hài lòng.	2023-05-08 10:03:48	2026-09-28 21:46:49
tk_19167591	tiki	892141	general	Pin Max 8 + 4 Viên Energizer E92 BP8+4 AAA		5	Cực kì hài lòng.	2023-05-07 08:39:40	2026-09-28 21:46:49
tk_19163641	tiki	892141	general	Pin Max 8 + 4 Viên Energizer E92 BP8+4 AAA		5	Cực kì hài lòng.	2023-05-06 08:22:01	2026-09-28 21:46:49
tk_18922043	tiki	892141	general	Pin Max 8 + 4 Viên Energizer E92 BP8+4 AAA		5	Cực kì hài lòng. Ok 👌👌👌	2023-03-07 20:22:43	2026-09-28 21:46:49
tk_19137947	tiki	892141	general	Pin Max 8 + 4 Viên Energizer E92 BP8+4 AAA		5	Cực kì hài lòng.	2023-04-27 15:45:32	2026-09-28 21:46:49
tk_9686975	tiki	58448882	general	Thanh xốp chắn khe cửa đa năng thông minh		4	tiki cần coi lại bên đóng gói. sản phẩm đúng như hình .ok nhưng khâu đóng gói đã làm hư sản phẩm .yêu cầu tiki coi lại khâu đóng gói sản phẩm .phải để dài sản phẩm lúc đóng gói mới ko bị biến dạng sản phẩm .còn mọi thứ đều ok .sẽ ủng hộ shop	2021-05-13 12:15:37	2026-09-28 21:46:55
tk_20200181	tiki	58448882	general	Thanh xốp chắn khe cửa đa năng thông minh		5	Cực kì hài lòng.	2025-12-22 19:52:32	2026-09-28 21:46:55
tk_19750049	tiki	58448882	general	Thanh xốp chắn khe cửa đa năng thông minh		5	Cực kì hài lòng. Chất liệu xốp dầy, vừa vặn với bề ngang cửa nên đóng vào mở ra rất nhẹ, lại cản được bụi không khí len vào chân cửa	2024-01-29 07:53:26	2026-09-28 21:46:55
tk_20096596	tiki	58448882	general	Thanh xốp chắn khe cửa đa năng thông minh		5	Cực kì hài lòng. Tốt dùng được như quản cáo.	2025-03-15 13:41:51	2026-09-28 21:46:55
tk_19882381	tiki	58448882	general	Thanh xốp chắn khe cửa đa năng thông minh		5	Cực kì hài lòng. Giao nhanh, bao gói kỹ, hàng đúng chất lượng như hình	2024-05-25 13:05:54	2026-09-28 21:46:55
tk_13376381	tiki	58448882	general	Thanh xốp chắn khe cửa đa năng thông minh		1	Rất không hài lòng. Tôi muốn hỏi tại sao Phiếu đổi trả lại HỦY vậy tiki? Tôi đã chờ mòn mỏi từ CN tuần trước tứ 14/11/2021 tới nay là 23/11/2021, đơn hàng 52413460 tọi đã gọi HỦY nhưng vẫn cứ giao??? Người nhà tôi ko biết lại chạy ra nhận! Tôi gọi ngay cho SHIPPER đó luôn thì anh đó không chịu nhận lại??? Tốn biết bao thời gian, công sức gọi lên TIKI, tốn cả tram ngàn tiền ĐT và TIKI hứa hẹn trong 3 ngày cò người sang lấy hàng trả tiền cho tôi nhưng đợi mãi ko ai giải quyết là sao? Trong khi những đơn hàng tôi đặt sau đó lại giao ào ào???? Nhưng cũng ko ai chịu nhận hàng, trả tiền lại vậy TIKI? Bây giờ tôi lên xem thì phiếu đổi trả của tôi bị HỦY là sao??? Vui lòng cho tôi địa chỉ để tôi đích thân lên văn phòng TIKI trả hàng cho nhanh, cám ơn nhiều!!! 20:10 20/11/2***:10:50 - Aftersales: Phiếu đổi trả CR23477176170 đã huỷ bởi TMS System 18:***/11/2***:04:31 - Aftersales: Phiếu đổi trả CR23477176170 đã cập nhật trạng thái Đã duyệt bởi Kỳ Võ 18:***/11/2***:04:32 - Aftersales: Email đã được gửi tới seller bởi AMS sau khi phiếu đổi trả CR23477176170 cập nhật trạng thái Đã duyệt 18:***/11/2***:04:31 - Aftersales: Phiếu đổi trả CR23477176170 đã được tạo bởi Kỳ Võ	2021-11-23 05:36:23	2026-09-28 21:46:55
tk_20126493	tiki	58448882	general	Thanh xốp chắn khe cửa đa năng thông minh		5	Cực kì hài lòng.	2025-05-22 08:38:36	2026-09-28 21:46:55
tk_20120179	tiki	58448882	general	Thanh xốp chắn khe cửa đa năng thông minh		5	Cực kì hài lòng.	2025-05-07 06:54:28	2026-09-28 21:46:55
tk_20117888	tiki	58448882	general	Thanh xốp chắn khe cửa đa năng thông minh		5	Cực kì hài lòng.	2025-05-01 15:37:10	2026-09-28 21:46:55
tk_9173881	tiki	58448882	general	Thanh xốp chắn khe cửa đa năng thông minh		5	Cực kì hài lòng. Sản phẩm tốt như hình nhưng nếu có ai chế thêm cho lõi ruột ống muốt mốt thanh sắt nhỏ dài chì cho nặng xuống thì sẽ sát đất hơn vì lâu ngày muốt nó nhẹ cửa hỏng hơi nhiều sẽ bị giật lên tí và ko còn sát đất nữa. Mình tự chế lại để sử dụng tốt hơn và bền hơn bằng cách dùng băng keo cố định lại thì sẽ hạn chế xúc keo và bị giật lên... sản phẩm giá tốt đúng như hình .... ok lắm	2021-04-19 13:21:04	2026-09-28 21:46:55
tk_20094764	tiki	58448882	general	Thanh xốp chắn khe cửa đa năng thông minh		5	Cực kì hài lòng.	2025-03-12 10:12:11	2026-09-28 21:46:55
tk_10846647	tiki	58448882	general	Thanh xốp chắn khe cửa đa năng thông minh		4	Hài lòng. sản phẩm đạt theo mô tả, giao hàng nhanh. nhưng gấp đôi hàng hoá lại là không được, vì vậy làm giảm chất lượng thanh xốp. Mong rằng shop phải chú ý hơn để cho khách hàng hài lòng	2021-07-03 17:35:45	2026-09-28 21:46:55
tk_7960833	tiki	58448882	general	Thanh xốp chắn khe cửa đa năng thông minh		2	Không hài lòng. Nhà cung cấp chỉ duy nhất một size (chiều dài) mà lại không có thông tin trên sản phẩm, mua về mới biết không dùng được, trong khi cửa thì thường có nhiều kích thướt. Chính vì vậy mà sản phẩm này không phát huy hết tác dụng vốn có của nó.	2021-02-24 18:55:45	2026-09-28 21:46:55
tk_17137295	tiki	58448882	general	Thanh xốp chắn khe cửa đa năng thông minh		1	Rất không hài lòng. shop gói hàng gập đôi. thanh nào cũng bị giãn ở giữa. gắn vào khe cửa co rúm. k hài lòng lắm	2022-07-20 15:11:26	2026-09-28 21:46:55
tk_20064394	tiki	58448882	general	Thanh xốp chắn khe cửa đa năng thông minh		5	Cực kì hài lòng.	2025-01-11 17:57:48	2026-09-28 21:46:55
tk_19462830	tiki	58448882	general	Thanh xốp chắn khe cửa đa năng thông minh		5	Cực kì hài lòng. Sản phẩm như quảng cáo, tiki giao hàng nhanh, hình ảnh chỉ để lấy điểm	2023-08-16 15:01:48	2026-09-28 21:46:55
tk_20027418	tiki	58448882	general	Thanh xốp chắn khe cửa đa năng thông minh		5	Cực kì hài lòng. Tiện lợi	2024-11-10 11:52:40	2026-09-28 21:46:55
tk_20047137	tiki	58448882	general	Thanh xốp chắn khe cửa đa năng thông minh		5	Cực kì hài lòng.	2024-12-12 13:52:11	2026-09-28 21:46:55
tk_20025494	tiki	58448882	general	Thanh xốp chắn khe cửa đa năng thông minh		5	Cực kì hài lòng.	2024-11-07 12:29:50	2026-09-28 21:46:57
tk_19992679	tiki	58448882	general	Thanh xốp chắn khe cửa đa năng thông minh		5	Cực kì hài lòng.	2024-09-29 17:13:12	2026-09-28 21:46:57
tk_11700368	tiki	58448882	general	Thanh xốp chắn khe cửa đa năng thông minh		5	Cực kì hài lòng. Sản phẩm ổn hơi dài so với cửa của mình nhưng cắt đc. Rất ổn để chống việc gió đóng sập cửa, nguy hiểm cho nhà có trẻ nhỏ. Giao hàng nhanh dù đag hạn chế đi lại	2021-08-09 12:02:33	2026-09-28 21:46:57
tk_8688017	tiki	58448882	general	Thanh xốp chắn khe cửa đa năng thông minh		2	Không hài lòng. Hàng bán người xài . Tiền thì lấy . Tiền ship cũng có tính riêng mà gói đồ như đồ bỏ gói thí đại gập đôi công veo phồng rộp lại khúc giữa . Lần sau nhớ cuộn tròn lại luôn cho nó gọn nha	2021-03-26 20:07:26	2026-09-28 21:46:57
tk_8423687	tiki	58448882	general	Thanh xốp chắn khe cửa đa năng thông minh		1	"Rất không hài lòng. gằn vào cửa thì nó bị rớt ra ngoài. còn chất lượng thì có ảnh khỏi phải chê."" lần đầu mua hàng tiki mà tệ vậy"" chả hiểu sao có nhiều người cho 5sao?"	2021-03-15 15:06:31	2026-09-28 21:46:57
tk_19909132	tiki	58448882	general	Thanh xốp chắn khe cửa đa năng thông minh		5	Cực kì hài lòng.	2024-06-23 15:06:54	2026-09-28 21:46:57
tk_19889305	tiki	58448882	general	Thanh xốp chắn khe cửa đa năng thông minh		5	Cực kì hài lòng.	2024-06-01 20:16:29	2026-09-28 21:46:57
tk_15825770	tiki	58448882	general	Thanh xốp chắn khe cửa đa năng thông minh		5	Cực kì hài lòng. ổn. khít giữ nhiệt chắn bụi tốt. dễ lắp đặt. dễ sử dụng. ủng hộ shop nhé 😋😋🤩🥰😛😋😋😋🥲🥲😛😛😛🤔😛🤫	2022-04-07 23:28:30	2026-09-28 21:46:57
tk_19876558	tiki	58448882	general	Thanh xốp chắn khe cửa đa năng thông minh		5	Cực kì hài lòng.	2024-05-18 14:41:24	2026-09-28 21:46:57
tk_5344243	tiki	58448882	general	Thanh xốp chắn khe cửa đa năng thông minh		2	Không hài lòng. THIẾT KẾ KÉM: Sản phẩm thiết kế không thể đóng mở cửa được, vì ở dưới sp là lớp đệm mút rất ma sát sàn nhà (nhà mình dùng gạch bông). Mình phải tự cải tiến bằng cách dán một lớp nhựa chống ma sát. Mình cũng không hiểu sao mấy bạn mua sp chụp ảnh qua toàn lắp ngược lại so với thiết kế (trong ảnh) mới dùng được, mà lại đánh giá 5*. Tiki đóng gói cẩn thận.	2020-10-24 19:04:27	2026-09-28 21:46:57
tk_19844887	tiki	58448882	general	Thanh xốp chắn khe cửa đa năng thông minh		5	Cực kì hài lòng.	2024-04-16 19:30:46	2026-09-28 21:46:57
tk_9429653	tiki	58448882	general	Thanh xốp chắn khe cửa đa năng thông minh		5	Cực kì hài lòng. Đóng gói sản phẩm đảm bảo không bị lỗi hình dạng,kích thước đúng. Một số nhà bán hàng khác đóng gói sản phẩm hình dạng bị lỗi và không đúng kích thước	2021-04-30 13:39:38	2026-09-28 21:46:57
tk_19061210	tiki	58448882	general	Thanh xốp chắn khe cửa đa năng thông minh		3	Bình thường. Chiều dài chỉ 85 cm Keo không tốt, người mua phải thêm keo dán lại	2023-04-06 22:17:11	2026-09-28 21:46:57
tk_19737388	tiki	58448882	general	Thanh xốp chắn khe cửa đa năng thông minh		5	Cực kì hài lòng.	2024-01-21 08:51:52	2026-09-28 21:46:57
tk_19736634	tiki	58448882	general	Thanh xốp chắn khe cửa đa năng thông minh		5	Cực kì hài lòng.	2024-01-20 19:01:10	2026-09-28 21:46:57
tk_9547776	tiki	58448882	general	Thanh xốp chắn khe cửa đa năng thông minh		5	Cực kì hài lòng. mua về dài hơn cửa, nhà mình phải bẻ lên 1 khúc như vậy để tránh va đập cửa luôn. Keo dán chắc chắn. Sử dụng cũng lâu rồi nhưng ko bị gì	2021-05-07 10:04:09	2026-09-28 21:46:57
tk_19592475	tiki	58448882	general	Thanh xốp chắn khe cửa đa năng thông minh		4	Hài lòng. Ngắn, chỉ 80cm.	2023-10-16 09:46:13	2026-09-28 21:46:57
tk_19346216	tiki	58448882	general	Thanh xốp chắn khe cửa đa năng thông minh		5	Cực kì hài lòng. Ok	2023-07-03 12:48:06	2026-09-28 21:46:57
tk_19689932	tiki	58448882	general	Thanh xốp chắn khe cửa đa năng thông minh		5	Cực kì hài lòng.	2023-12-21 19:27:23	2026-09-28 21:46:57
tk_12360863	tiki	58448882	general	Thanh xốp chắn khe cửa đa năng thông minh		4	Hài lòng. Sản phẩm dùng ổn, ngăn được muỗi, ngăn thoát hơi lạnh, dù thực tế lắp vào ko khít như quảng cáo.	2021-09-28 20:07:45	2026-09-28 21:46:57
tk_19603836	tiki	58448882	general	Thanh xốp chắn khe cửa đa năng thông minh		5	Cực kì hài lòng.	2023-10-21 17:14:01	2026-09-28 21:47:00
tk_19583922	tiki	58448882	general	Thanh xốp chắn khe cửa đa năng thông minh		5	Cực kì hài lòng.	2023-10-11 21:43:25	2026-09-28 21:47:00
tk_19579163	tiki	58448882	general	Thanh xốp chắn khe cửa đa năng thông minh		5	Cực kì hài lòng.	2023-10-09 21:53:58	2026-09-28 21:47:00
tk_19491226	tiki	58448882	general	Thanh xốp chắn khe cửa đa năng thông minh		5	Cực kì hài lòng. Tốt, rẻ	2023-08-28 04:30:22	2026-09-28 21:47:00
tk_19543846	tiki	58448882	general	Thanh xốp chắn khe cửa đa năng thông minh		5	Cực kì hài lòng.	2023-09-21 14:18:39	2026-09-28 21:47:00
tk_16607770	tiki	58448882	general	Thanh xốp chắn khe cửa đa năng thông minh		5	Cực kì hài lòng. may mắn vừa với cửa nhà mình	2022-06-07 10:39:33	2026-09-28 21:47:00
tk_19523548	tiki	58448882	general	Thanh xốp chắn khe cửa đa năng thông minh		5	Cực kì hài lòng.	2023-09-12 08:26:01	2026-09-28 21:47:00
tk_10520953	tiki	58448882	general	Thanh xốp chắn khe cửa đa năng thông minh		5	Cực kì hài lòng. Đóng gói cẩn thận . Không bị gãy . Sản phẩm đúng với quảng cáo	2021-06-19 10:35:17	2026-09-28 21:47:00
tk_9855512	tiki	58448882	general	Thanh xốp chắn khe cửa đa năng thông minh		3	Bình thường. Sản phẩm do đóng gói gập lại nên khi mỡ ra nó không được đẹp, kết nối giữa xốp và băng dính hơi lõng nên khi kéo cửa bị lóc ra một ít	2021-05-20 21:10:03	2026-09-28 21:47:00
tk_19456338	tiki	58448882	general	Thanh xốp chắn khe cửa đa năng thông minh		5	Cực kì hài lòng.	2023-08-13 21:33:06	2026-09-28 21:47:00
tk_9607013	tiki	58448882	general	Thanh xốp chắn khe cửa đa năng thông minh		1	Rất không hài lòng. Đặt 2 sản phẩm mà giao có 1 . Thiếu hàng trong khi tiền thanh toán đủ?	2021-05-09 20:28:01	2026-09-28 21:47:00
tk_6404919	tiki	58448882	general	Thanh xốp chắn khe cửa đa năng thông minh		5	Cực kì hài lòng. Hàng đẹp như hình Chắn cửa khít không sợ hơi lạnh thoát ra ngoài Tuy nhiên khi mua về nên để thẳng vài ngày hả lắp vô thì đẹp	2020-12-22 10:38:10	2026-09-28 21:47:00
tk_9631697	tiki	58448882	general	Thanh xốp chắn khe cửa đa năng thông minh		2	Không hài lòng. Chất lượng keo dán không giống quảng cáo, không chắc chắn. Nhưng giá rẻ thì chất lượng chỉ thế này thôi, các bạn mua nên cân nhắc!	2021-05-10 22:23:05	2026-09-28 21:47:00
tk_17420416	tiki	58448882	general	Thanh xốp chắn khe cửa đa năng thông minh		5	Cực kì hài lòng. Hình ảnh minh họa. Hàng dùng tốt. Nhà ko nuôi *** mèo gi là được ạ	2022-08-15 14:14:26	2026-09-28 21:47:00
tk_19300597	tiki	58448882	general	Thanh xốp chắn khe cửa đa năng thông minh		5	Cực kì hài lòng.	2023-06-16 21:09:46	2026-09-28 21:47:00
tk_5717230	tiki	58448882	general	Thanh xốp chắn khe cửa đa năng thông minh		5	Rất Tốt. mình mua hàng của Nhà bán Tô Tô Shop . hàng giao rất nhanh. 2 thanh chắn cửa rất vừa vặn và đẹp nhé ,hàng hợp với giá tiền . mình lười chụp hình nên đánh giá vậy thôi nhé. sẽ ủng hộ shop dài dài	2020-11-23 16:29:28	2026-09-28 21:47:00
tk_19289717	tiki	58448882	general	Thanh xốp chắn khe cửa đa năng thông minh		5	Cực kì hài lòng.	2023-06-13 13:48:37	2026-09-28 21:47:00
tk_19286952	tiki	58448882	general	Thanh xốp chắn khe cửa đa năng thông minh		5	Cực kì hài lòng.	2023-06-12 16:45:32	2026-09-28 21:47:00
tk_19036498	tiki	58448882	general	Thanh xốp chắn khe cửa đa năng thông minh		5	Cực kì hài lòng. Hàng rất tốt	2023-04-01 10:17:15	2026-09-28 21:47:03
tk_10148005	tiki	58448882	general	Thanh xốp chắn khe cửa đa năng thông minh		3	Bình thường. Mới mua được mấy hôm nó lỏng ra không khít vô cửa. Động vật nhỏ vẫn bò vô đươc	2021-06-04 08:02:15	2026-09-28 21:47:03
tk_8049010	tiki	58448882	general	Thanh xốp chắn khe cửa đa năng thông minh		3	không hài lòng. lần nào mua tiki cũng đi gập làm đôi lại làm gì chả hiểu dùng 1 thời gian nó bung keo ngay chỗ đó mệt gê	2021-02-28 09:26:04	2026-09-28 21:47:03
tk_19221662	tiki	58448882	general	Thanh xốp chắn khe cửa đa năng thông minh		5	Cực kì hài lòng.	2023-05-23 12:49:36	2026-09-28 21:47:03
tk_13091963	tiki	58448882	general	Thanh xốp chắn khe cửa đa năng thông minh		5	Cực kì hài lòng. Dùng chắn khe cửa dưới ngăn hơi lạnh ra ngoài okie	2021-11-09 15:42:05	2026-09-28 21:47:03
tk_19150455	tiki	58448882	general	Thanh xốp chắn khe cửa đa năng thông minh		5	Cực kì hài lòng.	2023-05-02 12:58:44	2026-09-28 21:47:03
tk_19144499	tiki	58448882	general	Thanh xốp chắn khe cửa đa năng thông minh		5	Cực kì hài lòng.	2023-04-29 19:16:22	2026-09-28 21:47:03
tk_8781035	tiki	58448882	general	Thanh xốp chắn khe cửa đa năng thông minh		1	Rất không hài lòng. Không hài lòng tý nào, giao hàng gấp lại làm 2, thanh chắn băng xốp bị móp méo, bung phần keo như hình chụp. Muốn đổi hàng	2021-03-30 20:37:19	2026-09-28 21:47:03
tk_10014845	tiki	58448882	general	Thanh xốp chắn khe cửa đa năng thông minh		2	Không hài lòng. ko biết nt cho shop chỗ nào. mình đặt 2 cái tính tiền 2 cái mà gửi có 1	2021-05-28 16:41:30	2026-09-28 21:47:03
tk_5233213	tiki	58448882	general	Thanh xốp chắn khe cửa đa năng thông minh		5	Cực kì hài lòng. giao hàng rất nhanh ( chỉ trong trong vòng 24h ) hàng rất xứng giá tiền , shop bán hàng tốt , mình mua ủng hộ thêm nữa đây . mong shop giữ cách bán hàng chất lượng thực tế như vậy hoài nhé.??	2020-10-15 23:33:59	2026-09-28 21:47:03
tk_18859112	tiki	58448882	general	Thanh xốp chắn khe cửa đa năng thông minh		5	Cực kì hài lòng.	2023-02-24 13:35:04	2026-09-28 21:47:03
tk_9724307	tiki	58448882	general	Thanh xốp chắn khe cửa đa năng thông minh		3	Bình thường. Shop bẻ cong thanh xốp làm gì, làm nó bung keo hết, trước mik từng bị rồi, dùng lâu là bung ra hết luôn.....	2021-05-15 03:41:24	2026-09-28 21:47:03
tk_18844771	tiki	58448882	general	Thanh xốp chắn khe cửa đa năng thông minh		5	Cực kì hài lòng.	2023-02-22 08:07:48	2026-09-28 21:47:03
tk_12947048	tiki	58448882	general	Thanh xốp chắn khe cửa đa năng thông minh		4	Hài lòng. sp để lâu mới giao (do dịch)nên bị cong queo, nhưng sử dụng ok nhé	2021-11-01 06:26:51	2026-09-28 21:47:03
tk_15418212	tiki	58448882	general	Thanh xốp chắn khe cửa đa năng thông minh		5	Cực kì hài lòng. Tiện lợi, phù hợp nhu cầu sử dụng	2022-03-14 19:42:45	2026-09-28 21:47:03
tk_9648450	tiki	58448882	general	Thanh xốp chắn khe cửa đa năng thông minh		4	Hài lòng. Thanh chắn ổn. Đẹp. Nhưng keo dán thì hơi yếu nên có thể bị bung ra nếu kéo cửa cấn vào vật gì đó	2021-05-11 16:39:11	2026-09-28 21:47:03
tk_18726831	tiki	58448882	general	Thanh xốp chắn khe cửa đa năng thông minh		5	Cực kì hài lòng.	2023-02-02 22:03:04	2026-09-28 21:47:03
tk_16262925	tiki	58448882	general	Thanh xốp chắn khe cửa đa năng thông minh		5	Cực kì hài lòng. hài lòng.rat ok.nen mua.	2022-05-09 20:33:16	2026-09-28 21:47:03
tk_5228385	tiki	58448882	general	Thanh xốp chắn khe cửa đa năng thông minh		5	Cực kì hài lòng. Ok	2020-10-15 17:56:24	2026-09-28 21:47:05
tk_5489237	tiki	58448882	general	Thanh xốp chắn khe cửa đa năng thông minh		4	Hài lòng. sản phẩm này rất hài lòng , kín gió thổi vào chăn được nước, tôi dự định mua tiếp, nhưng muốn mua nhiều sản phẩm một lần nhưng ko biết làm cách nào nhờ tiki chỉ giúp	2020-11-06 20:35:59	2026-09-28 21:47:05
tk_5910647	tiki	58448882	general	Thanh xốp chắn khe cửa đa năng thông minh		5	Cực kì hài lòng. Sản phẩm ngăn bụi và các côn trùng. Dán vào cửa phòng ngủ hay các cửa đều được. Thích lắm nha. Đã mua và mua thêm nữa để dán thêm cái của chính. Hi sp tuyet vời	2020-12-03 13:40:51	2026-09-28 21:47:05
tk_10222906	tiki	58448882	general	Thanh xốp chắn khe cửa đa năng thông minh		1	Rất không hài lòng. Hàng quá tệ,. Tại sao ko quấn dài, mà bó thành một cục, bị nhăn nhúm và hở kéo tùm lum.	2021-06-07 07:31:22	2026-09-28 21:47:05
tk_13479557	tiki	58448882	general	Thanh xốp chắn khe cửa đa năng thông minh		5	Cực kì hài lòng. Thanh chắn vừa cửa, dễ dàng gắn vào, giá cũng ổn	2021-11-27 22:56:59	2026-09-28 21:47:05
tk_9016836	tiki	58448882	general	Thanh xốp chắn khe cửa đa năng thông minh		1	Rất không hài lòng. sản phẩm tốt nhưng khâu đóng gói gắp đôi lm sản phẩm bị gẩy và bông keo đề nghị bên đóng gói cuộn tròn chứ đừng gắp như vậy	2021-04-11 06:50:58	2026-09-28 21:47:05
tk_13157334	tiki	58448882	general	Thanh xốp chắn khe cửa đa năng thông minh		3	Bình thường. Thanh xốp chắn khe cửa k dính. Dùng được tầm 1 tháng bọ bong. Phải dùng keo đính lại.	2021-11-12 23:08:03	2026-09-28 21:47:05
tk_6781599	tiki	58448882	general	Thanh xốp chắn khe cửa đa năng thông minh		5	Cực kì hài lòng. Sản phẩm được đóng gói cẩn thận. Mẫu mã đẹp, shipper giao hàng nhanh chóng. Tôi hài lòng và sẽ tiếp tục ủng hộ.	2021-01-07 14:02:58	2026-09-28 21:47:05
tk_9479779	tiki	58448882	general	Thanh xốp chắn khe cửa đa năng thông minh		5	Cực kì hài lòng. Shop giao hàng nhanh chóng . Đóng gói kĩ lưỡng, an toàn. Hàng mới tinh, xài rất rất ok. Vote 5 sao	2021-05-04 00:13:19	2026-09-28 21:47:05
tk_12887845	tiki	58448882	general	Thanh xốp chắn khe cửa đa năng thông minh		5	Cực kì hài lòng. Hàng tốt, ôm sát cửa và đẹp mắt. Sẽ mua thêm nếu cần hoặc giới thiệu cho người quen	2021-10-28 21:48:03	2026-09-28 21:47:05
tk_4832458	tiki	58448882	general	Thanh xốp chắn khe cửa đa năng thông minh		5	Cực kì hài lòng. Rất hài lòng về tất cả sản phẩm bên Tiki. Hàng chất lượng, chăm sóc khách hàng tận tình chu đáo. Sẽ tiếp tục đồng hành cùng Tiki và giới người thân bạn bè cùng ủng hộ.	2020-09-12 23:29:59	2026-09-28 21:47:05
tk_18366685	tiki	58448882	general	Thanh xốp chắn khe cửa đa năng thông minh		5	Cực kì hài lòng.	2022-12-07 19:42:24	2026-09-28 21:47:05
tk_4729235	tiki	58448882	general	Thanh xốp chắn khe cửa đa năng thông minh		5	Cực kì hài lòng. Sản phẩm hữu ích lắm. Cứ hồi hợp ko gắn vào được mà may ghê bỏ vào vừa khít và dư ra thêm thì m cắt đi bớt là ok ngay. Tks shop nhiều nè.	2020-09-04 01:43:40	2026-09-28 21:47:05
tk_18266119	tiki	58448882	general	Thanh xốp chắn khe cửa đa năng thông minh		5	Cực kì hài lòng. t	2022-11-22 22:41:56	2026-09-28 21:47:05
tk_8961310	tiki	58448882	general	Thanh xốp chắn khe cửa đa năng thông minh		5	Tôi hài lòng với sản phẩm !!!. rất tốt đúng thứ tôi đang cần, dùng thì ko còn gió lùa vào bên dưới, nhưng cần kết hợp với ron dán cửa để kín hết các góc	2021-04-08 08:40:55	2026-09-28 21:47:05
tk_9279514	tiki	58448882	general	Thanh xốp chắn khe cửa đa năng thông minh		5	Cực kì hài lòng. Hihi từ ngày có sản phẩm thoát được cảnh gió lùa khe cửa nửa đêm làm trái tim mỏng manh của mình treo lắc lư muốn rụng ?	2021-04-24 01:01:47	2026-09-28 21:47:05
tk_16353154	tiki	58448882	general	Thanh xốp chắn khe cửa đa năng thông minh		5	Cực kì hài lòng. Tốt	2022-05-16 23:26:11	2026-09-28 21:47:05
tk_9299225	tiki	58448882	general	Thanh xốp chắn khe cửa đa năng thông minh		3	Bình thường. sản phẩm mặc dù chưa sử dụng nhưng vẫn hài lòng.	2021-04-24 17:10:18	2026-09-28 21:47:05
tk_18103750	tiki	58448882	general	Thanh xốp chắn khe cửa đa năng thông minh		5	Cực kì hài lòng.	2022-11-01 20:35:26	2026-09-28 21:47:05
tk_10158164	tiki	58448882	general	Thanh xốp chắn khe cửa đa năng thông minh		3	Bình thường. ko có sát, ko có chặt, keo hở làm miếng xốp ko sát và rời thanh vải bên dưới nên cũng ko giúp chắn đc gì nhiều	2021-06-04 15:35:52	2026-09-28 21:47:05
tk_18052217	tiki	58448882	general	Thanh xốp chắn khe cửa đa năng thông minh		5	Cực kì hài lòng.	2022-10-26 12:52:26	2026-09-28 21:47:08
tk_12761668	tiki	58448882	general	Thanh xốp chắn khe cửa đa năng thông minh		5	Cực kì hài lòng. Giao hàng nhanh, loại này phù hợp cho cửa gỗ	2021-10-22 12:10:05	2026-09-28 21:47:08
tk_18021836	tiki	58448882	general	Thanh xốp chắn khe cửa đa năng thông minh		5	Cực kì hài lòng.	2022-10-22 20:00:54	2026-09-28 21:47:08
tk_17453413	tiki	58448882	general	Thanh xốp chắn khe cửa đa năng thông minh		5	Cực kì hài lòng. Rất hài lòng	2022-08-18 16:47:07	2026-09-28 21:47:08
tk_14502058	tiki	58448882	general	Thanh xốp chắn khe cửa đa năng thông minh		4	Hài lòng. sản phẩm giao chậm, đóng gói làm cong ,co làm hư sản phẩm	2022-01-16 19:22:50	2026-09-28 21:47:08
tk_17893881	tiki	58448882	general	Thanh xốp chắn khe cửa đa năng thông minh		5	Cực kì hài lòng.	2022-10-07 16:44:50	2026-09-28 21:47:08
tk_17245188	tiki	58448882	general	Thanh xốp chắn khe cửa đa năng thông minh		5	Cực kì hài lòng. Giao hàng nhanb	2022-07-30 09:23:06	2026-09-28 21:47:08
tk_17762596	tiki	58448882	general	Thanh xốp chắn khe cửa đa năng thông minh		5	Cực kì hài lòng.	2022-09-22 09:33:10	2026-09-28 21:47:08
tk_17739348	tiki	58448882	general	Thanh xốp chắn khe cửa đa năng thông minh		5	Cực kì hài lòng.	2022-09-19 17:29:45	2026-09-28 21:47:08
tk_15681386	tiki	58448882	general	Thanh xốp chắn khe cửa đa năng thông minh		1	Rất không hài lòng. ko đúng với những gì đã quảng cáo	2022-03-30 16:41:58	2026-09-28 21:47:08
tk_10896039	tiki	58448882	general	Thanh xốp chắn khe cửa đa năng thông minh		3	shop nên lưu ý. hàng tốt như quảng cáo nhưng khi giao hàng thì bị gấp đôi nên khi sử dụng không được thẳng	2021-07-05 16:51:59	2026-09-28 21:47:08
tk_15885092	tiki	58448882	general	Thanh xốp chắn khe cửa đa năng thông minh		3	Cực kì hài lòng. thật sự thì cũng ko kín cho lắm.	2022-04-12 11:01:38	2026-09-28 21:47:08
tk_17613197	tiki	58448882	general	Thanh xốp chắn khe cửa đa năng thông minh		5	Cực kì hài lòng.	2022-09-06 15:48:41	2026-09-28 21:47:08
tk_15252411	tiki	58448882	general	Thanh xốp chắn khe cửa đa năng thông minh		5	Cực kì hài lòng. tốt	2022-03-04 14:01:34	2026-09-28 21:47:08
tk_16953957	tiki	58448882	general	Thanh xốp chắn khe cửa đa năng thông minh		5	Cực kì hài lòng. giao hàng nhanh	2022-07-06 00:11:04	2026-09-28 21:47:08
tk_17469856	tiki	58448882	general	Thanh xốp chắn khe cửa đa năng thông minh		5	Cực kì hài lòng.	2022-08-20 11:34:20	2026-09-28 21:47:08
tk_8707765	tiki	58448882	general	Thanh xốp chắn khe cửa đa năng thông minh		1	Rất không hài lòng. hàng không như quảng cáo, quá thô để nẹp vào cửa, mà cũng không thể dùng cho bất kỳ loại cửa nào có nẹp!	2021-03-27 17:31:44	2026-09-28 21:47:08
tk_17386073	tiki	58448882	general	Thanh xốp chắn khe cửa đa năng thông minh		5	Cực kì hài lòng.	2022-08-12 09:40:30	2026-09-28 21:47:08
tk_9621928	tiki	58448882	general	Thanh xốp chắn khe cửa đa năng thông minh		3	Bình thường. Bị gãy lắp vào không sát	2021-05-10 14:15:43	2026-09-28 21:47:08
tk_10937822	tiki	58448882	general	Thanh xốp chắn khe cửa đa năng thông minh		3	Bình thường. hơi nhỏ so với khe cửa nhà mình nên dùng k được	2021-07-07 08:52:14	2026-09-28 21:47:08
tk_15651548	tiki	58448882	general	Thanh xốp chắn khe cửa đa năng thông minh		1	Rất không hài lòng. giao hàng ko giống như hình	2022-03-28 22:32:42	2026-09-28 21:47:10
tk_16572004	tiki	58448882	general	Thanh xốp chắn khe cửa đa năng thông minh		5	Cực kì hài lòng. tuyệt vời	2022-06-04 12:22:47	2026-09-28 21:47:10
tk_11391281	tiki	58448882	general	Thanh xốp chắn khe cửa đa năng thông minh		5	Cực kì hài lòng. Giá rẻ. Dùng tốt, 17k thôi ạ. Cảm ơn tiki	2021-07-23 12:21:05	2026-09-28 21:47:10
tk_5803907	tiki	58448882	general	Thanh xốp chắn khe cửa đa năng thông minh		4	Hài lòng. Sản phẩm tốt tuy nhiên đóng gói sản phẩm chưa được tốt bẻ lại gói nên nhăn sản phẩm.	2020-11-28 23:38:21	2026-09-28 21:47:10
tk_13935522	tiki	58448882	general	Thanh xốp chắn khe cửa đa năng thông minh		4	Cực kì hài lòng. Dùng ổn	2021-12-19 17:03:00	2026-09-28 21:47:10
tk_11599662	tiki	58448882	general	Thanh xốp chắn khe cửa đa năng thông minh		5	Cực kì hài lòng. Vừa vặn, dễ sử dụng và hiệu quả.	2021-08-04 10:37:56	2026-09-28 21:47:10
tk_11275068	tiki	58448882	general	Thanh xốp chắn khe cửa đa năng thông minh		5	Cực kì hài lòng. Sp như mô tả tuy nhiên giao hàng chậm trễ	2021-07-18 14:59:37	2026-09-28 21:47:10
tk_10439536	tiki	58448882	general	Thanh xốp chắn khe cửa đa năng thông minh		4	Hài lòng. Đóng gói không tốt. Làm nhăn-xấu mất thẩm mỹ	2021-06-15 17:33:10	2026-09-28 21:47:10
tk_10597426	tiki	58448882	general	Thanh xốp chắn khe cửa đa năng thông minh		1	Rất không hài lòng. giao chả đúng mùi gì cả, thất vọng thật sự	2021-06-22 20:53:52	2026-09-28 21:47:10
tk_16847003	tiki	58448882	general	Thanh xốp chắn khe cửa đa năng thông minh		5	Cực kì hài lòng.	2022-06-26 15:16:57	2026-09-28 21:47:10
tk_16813103	tiki	58448882	general	Thanh xốp chắn khe cửa đa năng thông minh		5	Cực kì hài lòng.	2022-06-23 16:10:48	2026-09-28 21:47:10
tk_9682098	tiki	58448882	general	Thanh xốp chắn khe cửa đa năng thông minh		5	Cực kì hài lòng. Dùng rất tốt. Không bị kẹt cửa khi đóng mở. Cản được khoảng 80% bụi từ bên ngoài.	2021-05-13 09:16:41	2026-09-28 21:47:10
tk_12619068	tiki	58448882	general	Thanh xốp chắn khe cửa đa năng thông minh		5	Cực kì hài lòng. Sử dụng tốt, hiệu quả khi phòng sử dụng máy lạnh.	2021-10-14 20:34:35	2026-09-28 21:47:10
tk_10174488	tiki	58448882	general	Thanh xốp chắn khe cửa đa năng thông minh		1	Rất không hài lòng. giao sai sản phẩm ,mua nẹp cửa giao cho chai này	2021-06-05 11:36:17	2026-09-28 21:47:10
tk_16683254	tiki	58448882	general	Thanh xốp chắn khe cửa đa năng thông minh		5	Cực kì hài lòng.	2022-06-12 14:00:41	2026-09-28 21:47:10
tk_12082142	tiki	58448882	general	Thanh xốp chắn khe cửa đa năng thông minh		1	Rất không hài lòng. không tốt. hàng rởm. mở cửa chưa dc mấy ngày đã bị bung keo	2021-09-02 22:46:40	2026-09-28 21:47:10
tk_10927804	tiki	58448882	general	Thanh xốp chắn khe cửa đa năng thông minh		5	Cực kì hài lòng. tốt. giảm hầu hết hơi lạnh thoát ra	2021-07-06 20:55:25	2026-09-28 21:47:10
tk_16430140	tiki	58448882	general	Thanh xốp chắn khe cửa đa năng thông minh		5	Cực kì hài lòng. ok	2022-05-23 13:29:30	2026-09-28 21:47:10
tk_11773057	tiki	58448882	general	Thanh xốp chắn khe cửa đa năng thông minh		5	Cực kì hài lòng. sử dụng tốt, không bền lắm nhưng vẫn phù hợp với giá tiền	2021-08-13 09:13:55	2026-09-28 21:47:12
tk_10594368	tiki	58448882	general	Thanh xốp chắn khe cửa đa năng thông minh		5	Cực kì hài lòng. chất lượng ok. gắn vào phù hợp cửa	2021-06-22 18:20:37	2026-09-28 21:47:12
tk_5449969	tiki	58448882	general	Thanh xốp chắn khe cửa đa năng thông minh		1	Gấp khúc hỏng sốp.. thanh dài mà shop bẻ đôi. Hỏng hết còn gì dài nữa. móp méo hết làm tôi phải cắt bỏ.	2020-11-03 12:54:08	2026-09-28 21:47:12
tk_12732905	tiki	58448882	general	Thanh xốp chắn khe cửa đa năng thông minh		4	Hài lòng. Tạm được. Đẩy vài lần kg cố định được	2021-10-20 21:10:50	2026-09-28 21:47:12
tk_16327468	tiki	58448882	general	Thanh xốp chắn khe cửa đa năng thông minh		5	Cực kì hài lòng.	2022-05-14 20:18:38	2026-09-28 21:47:12
tk_12533851	tiki	58448882	general	Thanh xốp chắn khe cửa đa năng thông minh		3	Bình thường. Tạm hài lòng sản phẩm. sP bị cong do gấp lại.	2021-10-10 15:09:13	2026-09-28 21:47:12
tk_15815235	tiki	58448882	general	Thanh xốp chắn khe cửa đa năng thông minh		4	Hài lòng. hữu ích	2022-04-07 13:32:11	2026-09-28 21:47:12
tk_16279458	tiki	58448882	general	Thanh xốp chắn khe cửa đa năng thông minh		5	Cực kì hài lòng.	2022-05-10 23:12:45	2026-09-28 21:47:12
tk_14335679	tiki	58448882	general	Thanh xốp chắn khe cửa đa năng thông minh		3	Bình thường. Bị bong keo, phải dán lại.	2022-01-09 04:15:07	2026-09-28 21:47:12
tk_5220156	tiki	58448882	general	Thanh xốp chắn khe cửa đa năng thông minh		5	Thiết kế thông minh. Sử dụng rất tốt nếu khe của nhà bạn quá lớn gây bụi bẩn và thoát nhiệt điều hòa.	2020-10-15 09:16:46	2026-09-28 21:47:12
tk_12620262	tiki	58448882	general	Thanh xốp chắn khe cửa đa năng thông minh		3	Bình thường. Tôi mua 3 cái thanh xốp mà sao shop giao có 2 cái	2021-10-14 21:32:04	2026-09-28 21:47:12
tk_6020738	tiki	58448882	general	Thanh xốp chắn khe cửa đa năng thông minh		1	Rất không hài lòng. cái thanh chắn cửa thì dài mà gấp lại nó gãy lúc tháo ra nó hư ở giữa bung keo nhăng nheo lúc lòn vào cửa ko đc	2020-12-08 08:07:54	2026-09-28 21:47:12
tk_16174751	tiki	58448882	general	Thanh xốp chắn khe cửa đa năng thông minh		5	Cực kì hài lòng.	2022-05-03 14:03:18	2026-09-28 21:47:12
tk_11130747	tiki	58448882	general	Thanh xốp chắn khe cửa đa năng thông minh		5	Cực kì hài lòng. sản phẩm khá đẹp. tuy mùa dịch nhưng giao rất đúng thời hạn.	2021-07-13 14:42:20	2026-09-28 21:47:12
tk_10257802	tiki	58448882	general	Thanh xốp chắn khe cửa đa năng thông minh		3	Bình thường. Hàng như hình nhưng dễ bung keo nẹp!	2021-06-08 13:54:40	2026-09-28 21:47:12
tk_13147034	tiki	58448882	general	Thanh xốp chắn khe cửa đa năng thông minh		3	Bình thường. Bị gấp khúc do uốn cong khi gió hàng.	2021-11-12 16:05:49	2026-09-28 21:47:12
tk_16113956	tiki	58448882	general	Thanh xốp chắn khe cửa đa năng thông minh		5	Cực kì hài lòng.	2022-04-27 19:14:28	2026-09-28 21:47:12
tk_8458918	tiki	58448882	general	Thanh xốp chắn khe cửa đa năng thông minh		1	Rất không hài lòng. Giao hàng gấp gãy hết cả xốp, nhận hàng mà không dùng được quá không hài lòng ........!	2021-03-17 06:37:18	2026-09-28 21:47:15
tk_19920821	tiki	146262084	general	Gối Cao Su Non NOOZ Memory Foam Pillow Gối Công Thái Học Giảm Đau Mỏi Cổ Vai Gáy		5	Cực kì hài lòng. Shop giao nhanh, đóng gói kĩ, có kèm hướng dẫn sử dụng rõ ràng. Nằm thử thấy êm lắm, thấy kêu để 12-24h cho gối phồng lên, tạm thời thấy hơi thấp so với sở thích nằm gối cao như mình.	2024-07-07 14:30:49	2026-09-28 21:47:20
tk_17836205	tiki	146262084	general	Gối Cao Su Non NOOZ Memory Foam Pillow Gối Công Thái Học Giảm Đau Mỏi Cổ Vai Gáy		4	Hài lòng. Dùng được mấy tháng mới dám đánh giá. Mình thuộc dạng khó ngủ, nên cũng mua về để em tăng sức khoẻ giấc ngủ. + Ấn tượng - gối êm, mềm mại - nhỏ gọn vừa đầu - gói hàng cũng rất gọn nhẹ ~ Nhược điểm - Vỏ gối tuy dễ tháo rời để giặt nhưng vì vỏ gối màu trắng nên dễ dơ, có màu khác thì sẽ ok hơn Chỉ có vậy thôi, mình vẫn đánh giá cao sản phẩm này, dù có thể mình dùng nhiều sản phẩm gối nhưng vẫn chưa tìm được loại gối hợp để cho mình giấc ngủ say.	2022-09-30 17:58:22	2026-09-28 21:47:20
tk_17133108	tiki	146262084	general	Gối Cao Su Non NOOZ Memory Foam Pillow Gối Công Thái Học Giảm Đau Mỏi Cổ Vai Gáy		1	Rất không hài lòng. gối đường may chắc chắn, nhưng cao và không mềm. nằm xuống không thấy lún mấy nên vẫn là cao. mình bị đau cổ vai gáy đã cố chọn loại thấp rồi mà nhận gối nằm thử thấy khá thất vọng. bạn nào tìm gối thấp mềm êm thì không nên mua nhé. mình muốn trả hàng không biết thủ tục ra sao. nhờ shop liên lạc lại mình	2022-07-20 10:19:56	2026-09-28 21:47:20
tk_11768861	tiki	146262084	general	Gối Cao Su Non NOOZ Memory Foam Pillow Gối Công Thái Học Giảm Đau Mỏi Cổ Vai Gáy		5	Cực kì hài lòng. Gối dc hút chân không, cuộn gọn trong hộp xanh như hình. Sp đi kèm voucher giảm giá cho lần sau và lời cảm ơn. Có vỏ gối, bề mặt thành phẩm êm, mịn, mướt tay và cá nhân mình ko thấy có mùi cao su gì khó chịu khi mở sp cả. Đã ngủ 1 đêm, cổ vai gáy thì ngủ 1 đêm ko hết đau nha mọi ng nhưng cảm giác nằm gối này rất tuyệt, kiểu như có niềm tin là nó đỡ dc phần cổ của mình thật sự á. Trc giờ mình chỉ tin vào những chiếc gối lông vũ thôi, gối là phải mềm chứ nằm cục cao su cứng là nghe ngủ ko dc rồi đó. Nhưng ko mọi ng ơi sai lầm. Trải nghiệm sp để biết thêm về sự sửa sai của mình nha mọi ng. Haha	2021-08-12 22:08:47	2026-09-28 21:47:20
tk_16976864	tiki	146262084	general	Gối Cao Su Non NOOZ Memory Foam Pillow Gối Công Thái Học Giảm Đau Mỏi Cổ Vai Gáy		5	Cực kì hài lòng. Đặt hàng siêu tốc của tiki lúc 12h30 thì 4h30 nhận được hàng. Giao từ nhà bè qua thì phải. Bao xa. Cảm nhận đầu tiên chỉ biết nói 1 chữ : sướng ***! Êm đầu nhẹ cổ hẳn. Rất thích nhé. Trong hình là ảnh mình mới chụp sơ ruột gối nên an tâm nhé mọi người. Vô tư mà mua đi mọi người ơi. Sẻ ủng hộ tiếp đợt sau tặng cho người thân. Hehe. Ta kết cái màn giao siêu nhanh của ông tiki nhá.	2022-07-07 19:02:48	2026-09-28 21:47:20
tk_13425113	tiki	146262084	general	Gối Cao Su Non NOOZ Memory Foam Pillow Gối Công Thái Học Giảm Đau Mỏi Cổ Vai Gáy		5	Cực kì hài lòng. Gối êm, vỏ gối sờ rất sướng. Mình ban đầu mở hộp thấy cao sợ mỏi cổ nhưng gối nâng đỡ rất tốt, mềm nhưng ko lún sâu. Ngủ một đêm dài thấy khỏe hơn hẳn. Giao hành cũng rất nhanh, ko cần đặt tikinow mà qua 1 ngày đã nhận :))) Theo mình đánh giá thì chất lượng so với tầm giá nhé!! Sẽ tiếp tục ủng hộ	2021-11-25 14:30:35	2026-09-28 21:47:20
tk_15451340	tiki	146262084	general	Gối Cao Su Non NOOZ Memory Foam Pillow Gối Công Thái Học Giảm Đau Mỏi Cổ Vai Gáy		5	Cực kì hài lòng. Mình đặt nhầm loại size lớn thấy hơi cao hơn so với cơ thể nên shop hỗ trợ mình đổi size rất nhiệt tình. Gối êm ái, ko có mùi khó chịu, đóng gói sạch sẽ. Cần trải nghiệm thêm để xác nhận về việc hỗ trợ cổ vai gáy. Mong có thêm vỏ gối tối màu để mình mua thay thế.	2022-03-16 17:29:38	2026-09-28 21:47:20
tk_17243834	tiki	146262084	general	Gối Cao Su Non NOOZ Memory Foam Pillow Gối Công Thái Học Giảm Đau Mỏi Cổ Vai Gáy		5	Cực kì hài lòng. Gối dùng rất thoải mái. Nhìn đẹp, size này rất lớn và dày nên ai thích kê cao thì ok. Gối dùng 1 thời gian thấy ổn, thoáng không nóng đầu	2022-07-30 00:19:18	2026-09-28 21:47:20
tk_14025821	tiki	146262084	general	Gối Cao Su Non NOOZ Memory Foam Pillow Gối Công Thái Học Giảm Đau Mỏi Cổ Vai Gáy		5	Cực kì hài lòng. Gối nằm rất đã, đỡ hẳn đau cổ sau 1 đêm ngủ dậy. Điều đặc biệt mình thích nhất là dịch vụ chăm sóc khách hàng quá tuyệt vời. Không có gì để chê, Mình sẽ tiếp tục giới thiệu bạn bè người thân sử dụng gối. Hi vọng Nooz sẽ ra thêm nhiều sản phẩm nữa như là gói ôm chẳng hạn.	2021-12-23 17:50:52	2026-09-28 21:47:20
tk_17572954	tiki	146262084	general	Gối Cao Su Non NOOZ Memory Foam Pillow Gối Công Thái Học Giảm Đau Mỏi Cổ Vai Gáy		5	Cực kì hài lòng. Trước mình nằm gối cực thấp nên đổi sang có hơi không quen nhưng được cái sáng dậy không còn bị đau nhói cổ nữa. M bị đau vai nên tối cũng khó vào giấc ngủ nhưng đổi gối thì ngủ 2 đêm để ý không cảm thấy đau nhức vai và cũng dễ vào giấc hơn	2022-09-01 08:59:30	2026-09-28 21:47:20
tk_18068876	tiki	146262084	general	Gối Cao Su Non NOOZ Memory Foam Pillow Gối Công Thái Học Giảm Đau Mỏi Cổ Vai Gáy		5	Cực kì hài lòng. Cảm giác mới gối có lẽ khá cao và k bị lún nhiều, kiểu thiên về cứng êm. Nhưng k thấy khó chịu, đặc biệt mình cảm giác vào giấc ngủ rất nhanh, và quan trọng nhất khi ngủ dậy, cảm giác đau mỏi vai, cổ và đầu đã hết ngay sau đêm đầu tiên sử dụng, so với gối cũ của mình (gối cũ mình mua ở chợ bình thường thôi).	2022-10-28 12:34:34	2026-09-28 21:47:20
tk_12919318	tiki	146262084	general	Gối Cao Su Non NOOZ Memory Foam Pillow Gối Công Thái Học Giảm Đau Mỏi Cổ Vai Gáy		4	Hài lòng. Trải nghiệm sau 1 tuần nằm gối Nooz : Quen ngủ gối gòn nằm lõm xuống, mấy ngày đầu đúng là ko quen lắm vì nó lấy ra như thế nào thì nằm vào y vậy luôn. Và cảm giác hơi cao hơn gối bình thường hay nằm. Ban đầu nghĩ sẽ đau cổ do không quen và hơi cao, nhưng sau 1 tuần thì thấy ko hề đau cổ tí nào, ngủ ngon. Mình nghĩ gối này hợp cho người lớn, trẻ em thì không hợp,. Gối đẹp và không có mùi chi cả. Nói chung ai muốn thử gối cao su non giá phải chăng hơn Liên Á và Kymdan thì nên thử nhé.	2021-10-30 16:10:23	2026-09-28 21:47:20
tk_17689822	tiki	146262084	general	Gối Cao Su Non NOOZ Memory Foam Pillow Gối Công Thái Học Giảm Đau Mỏi Cổ Vai Gáy		5	Cực kì hài lòng. Gối nằm hơi cứng ban đầu nhưng cảm giác nâng đỡ đầu rất tốt. Cảm thấy thích. Mấy đêm nay ngủ cũng ngon hơn. Sẽ mua cho cả nhà dùng nè. Cũng chung góp ý như mọi người là mong nsx sẽ làm thêm nhiều mẫu vỏ gối khác chứ màu trắng dơ nhanh và cũng k thể trở về màu trắng ban đầu. Nhìn sẽ khó chịu lắm. Mình tạm bọc lại bằng miếng vỏ gối của mình luôn	2022-09-14 11:36:35	2026-09-28 21:47:20
tk_15303096	tiki	146262084	general	Gối Cao Su Non NOOZ Memory Foam Pillow Gối Công Thái Học Giảm Đau Mỏi Cổ Vai Gáy		5	Cực kì hài lòng. Gối đẹp, êm. Mới đầu nằm chưa quen thấy hơi khó chịu, nhưng khi quen rồi thì nằm mãi không muốn dậy, rất xứng đáng với số tiền bỏ ra. Có một vấn đề là vỏ gối màu trắng nên mình lại phải bọc thêm một vỏ gối khác vào thành ra nhìn hơi kém thẩm mĩ, nếu hãng thêm vỏ màu xám hoặc màu nào đâý sạch thì mình thấy tốt hơn, màu trắng thì cũng đẹp đấy nhưng về lâu dài thì kiểu gì nó cũng vàng khè à.	2022-03-07 17:03:16	2026-09-28 21:47:20
tk_17026859	tiki	146262084	general	Gối Cao Su Non NOOZ Memory Foam Pillow Gối Công Thái Học Giảm Đau Mỏi Cổ Vai Gáy		5	Cực kì hài lòng. Gối nằm êm, mềm, độ cao 10cm vừa phải k quá quá. Đang bị tật cổ do nằm gối cao nên chuyển qua nằm gối này thấy mềm, bớt đau cổ hẳng. Gối nằm thoáng khí k bị hầm đầu chảy mồ hôi. Nói chung thì mới sử dụng 2 ngày k biết có bền k nữa.	2022-07-11 15:40:46	2026-09-28 21:47:20
tk_16916898	tiki	146262084	general	Gối Cao Su Non NOOZ Memory Foam Pillow Gối Công Thái Học Giảm Đau Mỏi Cổ Vai Gáy		5	Cực kì hài lòng. Giao hàng đúng hạn và đóng gói cẩn thận. Mình có bọc thêm vỏ ngoài chứ vỏ trắng một khi đã bẩn là hết cứu chữa lại như đầu được. Gối ko có độ cứng như mình nghĩ, mà bù lại khá mềm là đằng khác.	2022-07-02 19:32:57	2026-09-28 21:47:20
tk_14846749	tiki	146262084	general	Gối Cao Su Non NOOZ Memory Foam Pillow Gối Công Thái Học Giảm Đau Mỏi Cổ Vai Gáy		5	Cực kì hài lòng. Gối nằm êm, cảm giác thoáng đầu, không bị khó chịu, khá là dễ chìm vào giấc ngủ, không bị hôi mùi foam, gối đã có sẵn vỏ gối nên không cần mua thêm vỏ gối. Mua về là dùng được ngay. Shop giao hàng siêu nhanh. Sáng đặt chiều có ngay để nằm. Lần sau sẽ ủng hộ shop thêm nữa.	2022-02-08 17:16:57	2026-09-28 21:47:20
tk_20002062	tiki	146262084	general	Gối Cao Su Non NOOZ Memory Foam Pillow Gối Công Thái Học Giảm Đau Mỏi Cổ Vai Gáy		5	Cực kì hài lòng. Giao hàng nhanh, đúng mẫu. Sản phẩm gối lên thấy thoải mái. Còn hiệu quả lâu dài thì phải xem đã.	2024-10-10 18:38:36	2026-09-28 21:47:20
tk_20204442	tiki	146262084	general	Gối Cao Su Non NOOZ Memory Foam Pillow Gối Công Thái Học Giảm Đau Mỏi Cổ Vai Gáy		5	Cực kì hài lòng.	2026-01-09 18:09:49	2026-09-28 21:47:20
tk_16782385	tiki	146262084	general	Gối Cao Su Non NOOZ Memory Foam Pillow Gối Công Thái Học Giảm Đau Mỏi Cổ Vai Gáy		2	Không hài lòng. gối bình thường, cứng hơn gối 100k nữa mình dùng đệm gối và nội thất giường kiểu châu âu lông vũ lún sâu, dùng gối này không hợp, quá cứng :) nếu dùng chiếu manh hoặc mấy cái giường cao su thì hợp hơn. ai muốn cảm giác êm ái hoàn mỹ thì vô ks 5* mà ở 1 hôm, bao êm ái hơn mấy cái cao su này :)	2022-06-21 05:02:32	2026-09-28 21:47:20
tk_16193010	tiki	146262084	general	Gối Cao Su Non NOOZ Memory Foam Pillow Gối Công Thái Học Giảm Đau Mỏi Cổ Vai Gáy		5	Cực kì hài lòng. đầu tiên mở ra do cuộn tròn nên gối bị móp. để khoảng 2h gối phồng đều lại, đẹp. êm. hy vọng mình sẽ ít bị tình trạng ngủ lệch cổ, rồi sáng hôm sau cơ cổ đau nhức. trước mình ngủ gối sợi nhân tạo, dùng 1 cái thì thấp quá, kê 2 cái gối thì thỉnh thoảng bị lệch cổ như trên. gối này đủ độ cao để nằm nghiêng bên trái. nằm nghiêng bên trái tốt cho tim.	2022-05-04 21:11:06	2026-09-28 21:47:22
tk_16770418	tiki	146262084	general	Gối Cao Su Non NOOZ Memory Foam Pillow Gối Công Thái Học Giảm Đau Mỏi Cổ Vai Gáy		5	Cực kì hài lòng. Mới sử dụng nên chưa biết độ bền như thế nào, cảm nhận ban đầu là gối êm, đàn hồi tốt, không quá mềm và bị lún như những gối khác, không có mùi hôi khó chịu, áo gối đẹp. M bọc thêm 1 lớp áo cotton nữa cho dễ giặt :)))	2022-06-19 23:30:53	2026-09-28 21:47:22
tk_16102851	tiki	146262084	general	Gối Cao Su Non NOOZ Memory Foam Pillow Gối Công Thái Học Giảm Đau Mỏi Cổ Vai Gáy		5	Cực kì hài lòng. Wow, đây có thể nói là một trong những lựa chọn sáng suốt của cuộc đời mình. Mình nằm ngủ sáng dậy không còn bị đau cổ, tối nằm ngủ rất sâu, không bị cơn đau vai gáy làm mình phải giật mình chục lần mỗi tối nữa. Đã tìm được chân ái. Mình chỉ có một góp ý chút xíu là nên bán hoặc tặng kèm thêm một bao gối để có thể giặt thay phiên nhau. Có thêm điều này thì perfect 100 điểm luôn.	2022-04-26 21:33:59	2026-09-28 21:47:22
tk_13110482	tiki	146262084	general	Gối Cao Su Non NOOZ Memory Foam Pillow Gối Công Thái Học Giảm Đau Mỏi Cổ Vai Gáy		5	Cực kì hài lòng. gối cao hơn gối bình thường mình hay nằm nhiều luôn, mình để hình cho mng dễ so sánh. Lúc đầu mới nằm thì ko quen, nhưng nằm quen rồi thì rất ok, đặc biệt với ng thích nằm nghiêng như mình. Gối cũng vừa với vỏ 50x70, mng yên tâm nha. Tiki thì giao hàng nhanh như 1 cơn gió, chiều đặt tối có gối ngủ rùiii 🤤	2021-11-10 16:45:55	2026-09-28 21:47:22
tk_19938740	tiki	146262084	general	Gối Cao Su Non NOOZ Memory Foam Pillow Gối Công Thái Học Giảm Đau Mỏi Cổ Vai Gáy		5	Cực kì hài lòng. Gối nằm êm,vỏ gối dể bám bụi,đặc biệt là tóc	2024-07-28 11:20:55	2026-09-28 21:47:22
tk_13698923	tiki	146262084	general	Gối Cao Su Non NOOZ Memory Foam Pillow Gối Công Thái Học Giảm Đau Mỏi Cổ Vai Gáy		5	Cực kì hài lòng. Giao hàng nhanh, đóng gói đẹp, chắc chắc. Gối to, nặng, nằm êm, hơi thấp xíu so với mình, nhưng nhìn chung cũng ổn. Nằm sau một thời gian thì không biết có bị xẹp lún hay không.	2021-12-09 11:18:44	2026-09-28 21:47:22
tk_14924515	tiki	146262084	general	Gối Cao Su Non NOOZ Memory Foam Pillow Gối Công Thái Học Giảm Đau Mỏi Cổ Vai Gáy		5	Cực kì hài lòng. Rất ưng ý sản phẩm này, mình đã mua 2 cái để bố mẹ dùng, giờ lại mua thêm 1 cặp nữa cho 2 cháu. Vài ngày đầu cảm giác gối hơi dầy, chưa quen lắm, mấy hôm sau thì thích luôn. Gối mềm, rất êm.	2022-02-12 21:11:14	2026-09-28 21:47:22
tk_19236472	tiki	146262084	general	Gối Cao Su Non NOOZ Memory Foam Pillow Gối Công Thái Học Giảm Đau Mỏi Cổ Vai Gáy		5	Cực kì hài lòng. Kích cỡ này hợp cho trẻ em, người lớn nên mua cái công thái học đắt hơn nhưng chuẩn	2023-05-28 04:51:27	2026-09-28 21:47:22
tk_13572517	tiki	146262084	general	Gối Cao Su Non NOOZ Memory Foam Pillow Gối Công Thái Học Giảm Đau Mỏi Cổ Vai Gáy		2	Không hài lòng. mình mua 2 mã giong nhau mà giao 2 cái khác nhau, 1 cái đã trở lại hình dáng bà 1 cái vẫm còn xẹp chưa trở lại hình dáng, liên hệ voiw mình để đổi lại giup mình ạ	2021-12-02 14:13:06	2026-09-28 21:47:22
tk_17960374	tiki	146262084	general	Gối Cao Su Non NOOZ Memory Foam Pillow Gối Công Thái Học Giảm Đau Mỏi Cổ Vai Gáy		5	Cực kì hài lòng. Sản phẩm rất đẹp, gối ko bị đau mặc dù ko mềm như gối bông, hỗ trợ cổ vai gáy thì phải để thời gian nữa mới biết.	2022-10-14 21:37:28	2026-09-28 21:47:22
tk_20103604	tiki	146262084	general	Gối Cao Su Non NOOZ Memory Foam Pillow Gối Công Thái Học Giảm Đau Mỏi Cổ Vai Gáy		5	Cực kì hài lòng.	2025-03-29 22:11:14	2026-09-28 21:47:22
tk_14978284	tiki	146262084	general	Gối Cao Su Non NOOZ Memory Foam Pillow Gối Công Thái Học Giảm Đau Mỏi Cổ Vai Gáy		5	Cực kì hài lòng. Lúc trước mình đã mua 1 cặp cho ba mẹ rồi, thấy thích quá nên mình mua riêng 1 cái mình nằm, công nhận nằm rất tốt. Các bạn nên mua nha, giá cũng tốt nữa, mình đã mua thêm 1 bao gối để bọc lại vì sợ bẩn	2022-02-15 22:16:24	2026-09-28 21:47:22
tk_20082565	tiki	146262084	general	Gối Cao Su Non NOOZ Memory Foam Pillow Gối Công Thái Học Giảm Đau Mỏi Cổ Vai Gáy		5	Cực kì hài lòng. tốt	2025-02-16 12:33:41	2026-09-28 21:47:22
tk_20086558	tiki	146262084	general	Gối Cao Su Non NOOZ Memory Foam Pillow Gối Công Thái Học Giảm Đau Mỏi Cổ Vai Gáy		5	Cực kì hài lòng.	2025-02-23 22:59:25	2026-09-28 21:47:22
tk_18763177	tiki	146262084	general	Gối Cao Su Non NOOZ Memory Foam Pillow Gối Công Thái Học Giảm Đau Mỏi Cổ Vai Gáy		5	Cực kì hài lòng. Gối nằm êm, sp như mô tả. Giao hàng nhanh. Rất tốt.	2023-02-08 13:34:20	2026-09-28 21:47:22
tk_18995368	tiki	146262084	general	Gối Cao Su Non NOOZ Memory Foam Pillow Gối Công Thái Học Giảm Đau Mỏi Cổ Vai Gáy		4	Hài lòng. Nam em , mem mai nhung hoi thap so minh . Cung chinh vi nam goi cao nen gio moi dau vai gay . Hic	2023-03-22 16:27:15	2026-09-28 21:47:22
tk_16080500	tiki	146262084	general	Gối Cao Su Non NOOZ Memory Foam Pillow Gối Công Thái Học Giảm Đau Mỏi Cổ Vai Gáy		5	Cực kì hài lòng. Gối êm, nằm rất sướng. Vỏ thoáng khí nên nằm mát. Hộp đựng gọn gàng. Bao gói cẩn thận. Freeship tikinow nữa	2022-04-25 12:09:53	2026-09-28 21:47:22
tk_17460325	tiki	146262084	general	Gối Cao Su Non NOOZ Memory Foam Pillow Gối Công Thái Học Giảm Đau Mỏi Cổ Vai Gáy		5	Cực kì hài lòng. Gối không quá mềm, không quá cứng, chất liệu khá tốt, đàn hồi quá ổn, từ ngày dùng gối này chứng cổ vai gáy của mình giảm hẳn. Cảm ơn vì sản phẩm chất lượng ạ. Đề xuất : Nên mua	2022-08-19 12:00:22	2026-09-28 21:47:22
tk_13432487	tiki	146262084	general	Gối Cao Su Non NOOZ Memory Foam Pillow Gối Công Thái Học Giảm Đau Mỏi Cổ Vai Gáy		5	Cực kì hài lòng. Gối vừa với áo gối kẻ sọc 50x70. Hôm đầu mình dùng gối nằm sấp thì bị đau lưng do gối cao quá, nhưng nằm ngửa và nằm nghiêng thì đỡ hẳn đau mỏi vai gáy. Gối rất êm, không hề có mùi khó chịu.	2021-11-25 21:10:07	2026-09-28 21:47:22
tk_16936508	tiki	146262084	general	Gối Cao Su Non NOOZ Memory Foam Pillow Gối Công Thái Học Giảm Đau Mỏi Cổ Vai Gáy		5	Cực kì hài lòng. sản phẩm tốt, độ đàn hồi cao, nằm hơi nóng, phù hợp với các bạn thanh niên trẻ, gối hơi quá cao so với đầu của phụ nữ lớn tuổi như mẹ mình	2022-07-04 14:56:22	2026-09-28 21:47:22
tk_15149480	tiki	146262084	general	Gối Cao Su Non NOOZ Memory Foam Pillow Gối Công Thái Học Giảm Đau Mỏi Cổ Vai Gáy		5	Cực kì hài lòng. Gối thấp vừa phải và êm. Mình ngủ thử 1 đêm thì thấy khá ổn, ko bị lún. Ước gì đc shop thêm bao gối để sau này thay. Highly recommend cho ng bị đau vai gáy mà k nằm đc gối cao	2022-02-26 10:47:38	2026-09-28 21:47:25
tk_9545745	tiki	146262084	general	Gối Cao Su Non NOOZ Memory Foam Pillow Gối Công Thái Học Giảm Đau Mỏi Cổ Vai Gáy		5	Cực kì hài lòng. Giao hàng nhanh. Gối to hơn mình nghĩ, ban đầu thì thấy hơi cao vì mình toàn nằm gối thấp, nhưng giờ quen rồi thì êm và ngủ ngon hơn hẳn, đỡ đau vai gáy. Shop nên bán thêm vỏ gối để thay đổi qua lại.	2021-05-07 08:29:27	2026-09-28 21:47:25
tk_20002352	tiki	146262084	general	Gối Cao Su Non NOOZ Memory Foam Pillow Gối Công Thái Học Giảm Đau Mỏi Cổ Vai Gáy		5	Cực kì hài lòng.	2024-10-11 01:02:46	2026-09-28 21:47:25
tk_13377870	tiki	146262084	general	Gối Cao Su Non NOOZ Memory Foam Pillow Gối Công Thái Học Giảm Đau Mỏi Cổ Vai Gáy		5	Cực kì hài lòng. Gối mềm mịn và nâng đỡ cổ nên hạn chế đau mỏi vai gáy. Mình đã sử dụng được 1 tuần mới đánh giá. Đóng gói xịn xò, giao hàng nhanh. 10 điểm cho shop!	2021-11-23 08:46:22	2026-09-28 21:47:25
tk_16724036	tiki	146262084	general	Gối Cao Su Non NOOZ Memory Foam Pillow Gối Công Thái Học Giảm Đau Mỏi Cổ Vai Gáy		5	Cực kì hài lòng. Sản phẩm ngủ ngo. Ok hài lòng về chất lượng sp đóng gói đẹp chất lượng	2022-06-15 21:32:08	2026-09-28 21:47:25
tk_16846946	tiki	146262084	general	Gối Cao Su Non NOOZ Memory Foam Pillow Gối Công Thái Học Giảm Đau Mỏi Cổ Vai Gáy		4	Hài lòng. Gối vừa tầm, cũng không có gì quá đặc biệt. Mọi người nên ra cửa hàng để xem thực tế trước khi mua, quảng cáo chỉ là quảng cáo thôi.	2022-06-26 15:10:51	2026-09-28 21:47:25
tk_12735446	tiki	146262084	general	Gối Cao Su Non NOOZ Memory Foam Pillow Gối Công Thái Học Giảm Đau Mỏi Cổ Vai Gáy		4	Hài lòng. Gối hơi cao và cứng 1 chút nên nằm hơi mỏi so với tưởng tượng. Có thể thời gian đầu nằm chưa quen, bao năm nay nằm gối ruột lông chim lún nhiều quen rồi.	2021-10-21 00:24:13	2026-09-28 21:47:25
tk_19969937	tiki	146262084	general	Gối Cao Su Non NOOZ Memory Foam Pillow Gối Công Thái Học Giảm Đau Mỏi Cổ Vai Gáy		5	Cực kì hài lòng.	2024-09-03 11:06:40	2026-09-28 21:47:25
tk_16801922	tiki	146262084	general	Gối Cao Su Non NOOZ Memory Foam Pillow Gối Công Thái Học Giảm Đau Mỏi Cổ Vai Gáy		5	Cực kì hài lòng. gối chiều cao hợp với mình, mình mua cỡ to hơn 400k. Gối đàn hồi tốt, đóng gói cẩn thận	2022-06-22 16:47:09	2026-09-28 21:47:25
tk_12016851	tiki	146262084	general	Gối Cao Su Non NOOZ Memory Foam Pillow Gối Công Thái Học Giảm Đau Mỏi Cổ Vai Gáy		5	Cực kì hài lòng. Gối êm , đàn hồi tốt . Rất thoải mái cho dù nằm nghiêng hay nằm ngửa . Nên sản xuất thêm màu khác , màu trắng sẽ nhanh bám bẩn .	2021-08-25 22:38:54	2026-09-28 21:47:25
tk_19474541	tiki	146262084	general	Gối Cao Su Non NOOZ Memory Foam Pillow Gối Công Thái Học Giảm Đau Mỏi Cổ Vai Gáy		5	Cực kì hài lòng. Hàng xịn	2023-08-21 11:15:48	2026-09-28 21:47:25
tk_19962189	tiki	146262084	general	Gối Cao Su Non NOOZ Memory Foam Pillow Gối Công Thái Học Giảm Đau Mỏi Cổ Vai Gáy		5	Cực kì hài lòng.	2024-08-24 08:49:56	2026-09-28 21:47:25
tk_9837346	tiki	146262084	general	Gối Cao Su Non NOOZ Memory Foam Pillow Gối Công Thái Học Giảm Đau Mỏi Cổ Vai Gáy		5	Cực kì hài lòng. Gối êm, chồng mình nằm thấy đỡ đau vai gáy, mình nằm cũng thấy đàn hồi hơn mấy cái ở trung tâm thương mại lần trước mua, giá cao nhưng nằm ko bằng.	2021-05-19 22:53:52	2026-09-28 21:47:25
tk_17728864	tiki	146262084	general	Gối Cao Su Non NOOZ Memory Foam Pillow Gối Công Thái Học Giảm Đau Mỏi Cổ Vai Gáy		5	Cực kì hài lòng. Gối êm nằm thoải mái. Nằm rất thích mình cảm thấy hài lòng với sản phẩm này	2022-09-18 15:31:31	2026-09-28 21:47:25
tk_19289207	tiki	146262084	general	Gối Cao Su Non NOOZ Memory Foam Pillow Gối Công Thái Học Giảm Đau Mỏi Cổ Vai Gáy		5	Cực kì hài lòng. Ngủ ngon êm, tuy là gối với mình còn nhỏ, nhưng mà sáng ngủ dậy thấy không đau gáy nữa	2023-06-13 11:15:40	2026-09-28 21:47:25
tk_19289208	tiki	146262084	general	Gối Cao Su Non NOOZ Memory Foam Pillow Gối Công Thái Học Giảm Đau Mỏi Cổ Vai Gáy		5	Cực kì hài lòng. Ngủ ngon êm, tuy là gối với mình còn nhỏ, nhưng mà sáng ngủ dậy thấy không đau gáy nữa	2023-06-13 11:15:49	2026-09-28 21:47:25
tk_15296166	tiki	146262084	general	Gối Cao Su Non NOOZ Memory Foam Pillow Gối Công Thái Học Giảm Đau Mỏi Cổ Vai Gáy		5	Cực kì hài lòng. gối kích thước khá to, nằm êm, cao su non nên khả năng đàn hồi rất tốt áo gối rất đẹp cảm ơn vì sản phẩm tốt	2022-03-07 10:19:52	2026-09-28 21:47:25
tk_19926392	tiki	146262084	general	Gối Cao Su Non NOOZ Memory Foam Pillow Gối Công Thái Học Giảm Đau Mỏi Cổ Vai Gáy		5	Cực kì hài lòng. Tot	2024-07-13 14:15:36	2026-09-28 21:47:25
tk_19933714	tiki	146262084	general	Gối Cao Su Non NOOZ Memory Foam Pillow Gối Công Thái Học Giảm Đau Mỏi Cổ Vai Gáy		5	Cực kì hài lòng.	2024-07-22 14:22:16	2026-09-28 21:47:25
tk_19932060	tiki	146262084	general	Gối Cao Su Non NOOZ Memory Foam Pillow Gối Công Thái Học Giảm Đau Mỏi Cổ Vai Gáy		5	Cực kì hài lòng.	2024-07-20 13:07:35	2026-09-28 21:47:25
tk_19437959	tiki	146262084	general	Gối Cao Su Non NOOZ Memory Foam Pillow Gối Công Thái Học Giảm Đau Mỏi Cổ Vai Gáy		5	Cực kì hài lòng. Đóng gói đẹp,nhìn giá trị,chưa dùng thử nhưng rất êm và mat,rất thích	2023-08-06 21:19:09	2026-09-28 21:47:27
tk_19896748	tiki	146262084	general	Gối Cao Su Non NOOZ Memory Foam Pillow Gối Công Thái Học Giảm Đau Mỏi Cổ Vai Gáy		5	Cực kì hài lòng. Sp ok	2024-06-09 01:33:08	2026-09-28 21:47:27
tk_9572209	tiki	146262084	general	Gối Cao Su Non NOOZ Memory Foam Pillow Gối Công Thái Học Giảm Đau Mỏi Cổ Vai Gáy		5	Cực kì hài lòng. Hộp gối nhỏ gọn tiện quá sốp ơi, gối êm lắm nhưng mình nằm đc 1 đêm thì phải nhường cho hoàng thượng rồi :) meow meow meow meow meow meow	2021-05-08 11:32:24	2026-09-28 21:47:27
tk_18900835	tiki	146262084	general	Gối Cao Su Non NOOZ Memory Foam Pillow Gối Công Thái Học Giảm Đau Mỏi Cổ Vai Gáy		5	Cực kì hài lòng. Hàng đúng như quảng cáo..........	2023-03-04 10:57:02	2026-09-28 21:47:27
tk_12736954	tiki	146262084	general	Gối Cao Su Non NOOZ Memory Foam Pillow Gối Công Thái Học Giảm Đau Mỏi Cổ Vai Gáy		5	Cực kì hài lòng. giao hàng nhanh, hành nhìn khá đẹp, cảm giác rất mềm mà có mỗi màu trắng, không biết có bị bẩn không	2021-10-21 08:16:03	2026-09-28 21:47:27
tk_13209433	tiki	146262084	general	Gối Cao Su Non NOOZ Memory Foam Pillow Gối Công Thái Học Giảm Đau Mỏi Cổ Vai Gáy		5	Cực kì hài lòng. Gối đẹp. Vỏ gối dày dặn. Đóng gói đẹp nhưng Nooz nên seal kĩ để việc sử dụng được bảo đảm an toàn trong mùa dịch. Sản phẩm như ảnh. Vừa nhận mình đã tháo vỏ gối đem giặt nên ko có hình.	2021-11-14 21:58:51	2026-09-28 21:47:27
tk_18102431	tiki	146262084	general	Gối Cao Su Non NOOZ Memory Foam Pillow Gối Công Thái Học Giảm Đau Mỏi Cổ Vai Gáy		5	Cực kì hài lòng. Gối nằm êm, thoải mái, khá vừa với cổ của mình. Giá cũng tầm trung, không quá đắt. Tiki giao nhanh, tặng ASA, có giảm giá	2022-11-01 17:33:28	2026-09-28 21:47:27
tk_19675499	tiki	146262084	general	Gối Cao Su Non NOOZ Memory Foam Pillow Gối Công Thái Học Giảm Đau Mỏi Cổ Vai Gáy		2	Không hài lòng. Mình bị mỏi vai, gáy khi sử dụng	2023-12-08 15:43:01	2026-09-28 21:47:27
tk_16801445	tiki	146262084	general	Gối Cao Su Non NOOZ Memory Foam Pillow Gối Công Thái Học Giảm Đau Mỏi Cổ Vai Gáy		5	Cực kì hài lòng. hàng chất lượng, đẹp nặng tay 12cm đối với mình hơi cao ông xã thì ok. để ông xã dùng thử ổn nhích loại 10cm	2022-06-22 15:49:05	2026-09-28 21:47:27
tk_17908672	tiki	146262084	general	Gối Cao Su Non NOOZ Memory Foam Pillow Gối Công Thái Học Giảm Đau Mỏi Cổ Vai Gáy		5	Cực kì hài lòng. Gối được đóng hộp gọn gàng, nằm rất mềm mà ko bị lún. Từ hôm mua về ngủ rất ngon	2022-10-09 14:23:49	2026-09-28 21:47:27
tk_11666989	tiki	146262084	general	Gối Cao Su Non NOOZ Memory Foam Pillow Gối Công Thái Học Giảm Đau Mỏi Cổ Vai Gáy		4	Hài lòng. Mình mua 2 cái cho 2 vợ chồng. Chồng mình thì nằm ko đc do gối khá cứng và cao. Mình lúc đầu cũng khó nằm lắm, nhưng gối cũ bỏ rồi, lưng thì nhức nên cố gắng nằm. Khoảng 1 tuần thì quen dần, lưng bớt đau hẳn.	2021-08-07 22:44:51	2026-09-28 21:47:27
tk_12908699	tiki	146262084	general	Gối Cao Su Non NOOZ Memory Foam Pillow Gối Công Thái Học Giảm Đau Mỏi Cổ Vai Gáy		5	Cực kì hài lòng. Chất lượng sản phẩm tốt, độ cao vừa với mình, ngủ dậy cảm giác rất thoải mái. Mình đã mua 2 cái rồi, chắc chắn sẽ mua tiếp để cả nhà cùng sử dụng	2021-10-30 00:40:11	2026-09-28 21:47:27
tk_19841644	tiki	146262084	general	Gối Cao Su Non NOOZ Memory Foam Pillow Gối Công Thái Học Giảm Đau Mỏi Cổ Vai Gáy		5	Cực kì hài lòng.	2024-04-13 14:18:13	2026-09-28 21:47:27
tk_13410902	tiki	146262084	general	Gối Cao Su Non NOOZ Memory Foam Pillow Gối Công Thái Học Giảm Đau Mỏi Cổ Vai Gáy		5	Cực kì hài lòng. Gối nằm êm mà không lún, giữ đầu và cổ dễ chịu, ngủ dậy mình không bị đau cổ nữa. Ngủ rất sâu và ngon giấc. Muốn mua thêm cho người nhà nữa!!!	2021-11-24 19:30:53	2026-09-28 21:47:27
tk_19435953	tiki	146262084	general	Gối Cao Su Non NOOZ Memory Foam Pillow Gối Công Thái Học Giảm Đau Mỏi Cổ Vai Gáy		5	Cực kì hài lòng. Tốt giấc ngủ	2023-08-06 06:02:15	2026-09-28 21:47:27
tk_13322809	tiki	146262084	general	Gối Cao Su Non NOOZ Memory Foam Pillow Gối Công Thái Học Giảm Đau Mỏi Cổ Vai Gáy		5	Cực kì hài lòng. Gối êm mềm nằm không quá lún xâu, sau khi sử dụng mùi sản phẩm sau 1 ngày sẽ mất, vỏ áo gối dày thoáng ,khi sử dụng về ngay hiện trạng như cũ.	2021-11-20 13:26:45	2026-09-28 21:47:27
tk_17326656	tiki	146262084	general	Gối Cao Su Non NOOZ Memory Foam Pillow Gối Công Thái Học Giảm Đau Mỏi Cổ Vai Gáy		5	Cực kì hài lòng. Chất liệu tốt. Tiki giao nhanh. Đặt tối mà sáng đã giao tới. Để nằm thử xem có êm không.	2022-08-07 11:43:16	2026-09-28 21:47:27
tk_17741238	tiki	146262084	general	Gối Cao Su Non NOOZ Memory Foam Pillow Gối Công Thái Học Giảm Đau Mỏi Cổ Vai Gáy		4	Hài lòng. Nằm êm nhưng màu trắng nhanh bẩn lắm có loại vỏ gôi màu khác thì ok gối cũng êm	2022-09-19 21:34:55	2026-09-28 21:47:27
tk_16894983	tiki	146262084	general	Gối Cao Su Non NOOZ Memory Foam Pillow Gối Công Thái Học Giảm Đau Mỏi Cổ Vai Gáy		4	Hài lòng. gối mềm, đàn hồi tốt, chất lượng trong tầm giá tuy nhiên mình đặt 10 mm vẫn hơi cao so với mình.	2022-06-30 18:40:31	2026-09-28 21:47:27
tk_9586635	tiki	146262084	general	Gối Cao Su Non NOOZ Memory Foam Pillow Gối Công Thái Học Giảm Đau Mỏi Cổ Vai Gáy		5	Cực kì hài lòng. quay lại mua lần thứ 4 .cứ mỗi lần lại mua nhiều hơn trước gấp đôi. đơn giản vì hàng tốt đáp ứng yêu cầu ko bị mỏi vai gáy. vote 5 sao	2021-05-08 22:36:18	2026-09-28 21:47:30
tk_9544718	tiki	146262084	general	Gối Cao Su Non NOOZ Memory Foam Pillow Gối Công Thái Học Giảm Đau Mỏi Cổ Vai Gáy		5	Cực kì hài lòng. Gối mềm, nằm rất êm và thoải mái. Mình thường nằm gối thấp nên vẫn chưa quen lắm nhưng không cảm thấy đau cổ do chênh lệch chiều cao gối. Hài lòng	2021-05-07 06:59:06	2026-09-28 21:47:30
tk_19795316	tiki	146262084	general	Gối Cao Su Non NOOZ Memory Foam Pillow Gối Công Thái Học Giảm Đau Mỏi Cổ Vai Gáy		5	Cực kì hài lòng.	2024-03-06 08:51:30	2026-09-28 21:47:30
tk_16825423	tiki	146262084	general	Gối Cao Su Non NOOZ Memory Foam Pillow Gối Công Thái Học Giảm Đau Mỏi Cổ Vai Gáy		5	Cực kì hài lòng. Giao hàng nhanh, gối rất êm	2022-06-24 17:11:04	2026-09-28 21:47:30
tk_16734408	tiki	146262084	general	Gối Cao Su Non NOOZ Memory Foam Pillow Gối Công Thái Học Giảm Đau Mỏi Cổ Vai Gáy		5	Cực kì hài lòng. sản phẩm quá ưng ý.. dc đóng gói bỏ vào trong hộp rất thix... kèm theo la voicher giảm 10% cho lần mua tiếp theo... sẽ ủng hộ shop lần sau	2022-06-16 18:31:59	2026-09-28 21:47:30
tk_14541018	tiki	146262084	general	Gối Cao Su Non NOOZ Memory Foam Pillow Gối Công Thái Học Giảm Đau Mỏi Cổ Vai Gáy		5	Cực kì hài lòng. Gối nằm êm, k bị mỏi cổ. Shop nhanh, bọc hàng cẩn thận. Điểm trừ duy nhất là gối cuộn trong hộp bỏ ra mãi chưa phẳng về dánh	2022-01-18 14:05:47	2026-09-28 21:47:30
tk_19781127	tiki	146262084	general	Gối Cao Su Non NOOZ Memory Foam Pillow Gối Công Thái Học Giảm Đau Mỏi Cổ Vai Gáy		5	Cực kì hài lòng.	2024-02-24 11:10:14	2026-09-28 21:47:30
tk_15264996	tiki	146262084	general	Gối Cao Su Non NOOZ Memory Foam Pillow Gối Công Thái Học Giảm Đau Mỏi Cổ Vai Gáy		5	Cực kì hài lòng. Thấy gối đẹp và Ok. hiện chưa sử dụng không biết chất lượng thế nào, Giao hàng rất nhanh và thân thiện. Cám ơn shop	2022-03-05 10:52:39	2026-09-28 21:47:30
tk_17379862	tiki	146262084	general	Gối Cao Su Non NOOZ Memory Foam Pillow Gối Công Thái Học Giảm Đau Mỏi Cổ Vai Gáy		5	Cực kì hài lòng. Gối nằm êm.. sang xịn mịn.. nên mua nha mọi người Nằm gối xịn toàn mơ đẹp thôi	2022-08-11 17:00:24	2026-09-28 21:47:30
tk_17736738	tiki	146262084	general	Gối Cao Su Non NOOZ Memory Foam Pillow Gối Công Thái Học Giảm Đau Mỏi Cổ Vai Gáy		5	Cực kì hài lòng. Gối nằm khá êm, cái vỏ gối sờ rất đã, đóng gói đẹp bữa, có phát sinh gì mới thì mình sẽ cập nhật thêm	2022-09-19 12:54:34	2026-09-28 21:47:30
tk_16791611	tiki	146262084	general	Gối Cao Su Non NOOZ Memory Foam Pillow Gối Công Thái Học Giảm Đau Mỏi Cổ Vai Gáy		5	Cực kì hài lòng. Gối hơi thấp so với thể trạng của mình. Hy vọng shop sẽ có mẫu dày hơn trong thời gian tới	2022-06-21 19:43:13	2026-09-28 21:47:30
tk_18858812	tiki	146262084	general	Gối Cao Su Non NOOZ Memory Foam Pillow Gối Công Thái Học Giảm Đau Mỏi Cổ Vai Gáy		5	Cực kì hài lòng. Gối nằm rất êm và chất lượng 5 sao.	2023-02-24 12:35:49	2026-09-28 21:47:30
tk_16734386	tiki	146262084	general	Gối Cao Su Non NOOZ Memory Foam Pillow Gối Công Thái Học Giảm Đau Mỏi Cổ Vai Gáy		4	Hài lòng. Gối rất đẹp. Thấy đánh giá tốt nằm thoải mái này kia mới mua. Mà mua về k nằm được vì gối quá cao nằm đau cổ lắm 🥲	2022-06-16 18:30:03	2026-09-28 21:47:30
tk_19731550	tiki	146262084	general	Gối Cao Su Non NOOZ Memory Foam Pillow Gối Công Thái Học Giảm Đau Mỏi Cổ Vai Gáy		5	Cực kì hài lòng.	2024-01-17 14:44:20	2026-09-28 21:47:30
tk_12857932	tiki	146262084	general	Gối Cao Su Non NOOZ Memory Foam Pillow Gối Công Thái Học Giảm Đau Mỏi Cổ Vai Gáy		5	Cực kì hài lòng. SP rất ok. đóng gói kỹ. giao nhanh. sản phẩm nằm thích lắm. có bán áo gối lẻ nữa là ok luôn.	2021-10-27 12:26:39	2026-09-28 21:47:30
tk_17851929	tiki	146262084	general	Gối Cao Su Non NOOZ Memory Foam Pillow Gối Công Thái Học Giảm Đau Mỏi Cổ Vai Gáy		5	Cực kì hài lòng. Thiết kế đẹp, gối nằm rất thoải mái, tiki giao hàng siêu nhanh	2022-10-02 17:02:07	2026-09-28 21:47:30
tk_12699971	tiki	146262084	general	Gối Cao Su Non NOOZ Memory Foam Pillow Gối Công Thái Học Giảm Đau Mỏi Cổ Vai Gáy		4	Hài lòng. cảm giác ngủ ngon, có điều gối cao nên chưa quen, nằm 1 tuần rồi vẫn chưa quen. Ngủ gối này ngon nên đêm nào cũng mơ, lạ thật 🤣🤣🤣	2021-10-19 09:42:43	2026-09-28 21:47:30
tk_13175272	tiki	146262084	general	Gối Cao Su Non NOOZ Memory Foam Pillow Gối Công Thái Học Giảm Đau Mỏi Cổ Vai Gáy		5	Cực kì hài lòng. Gối nằm êm ái; tốt cho vai gáy, cổ; cải thiện giấc ngủ tốt. Nếu được tặng thêm 1 vỏ gối để thay phiên thì quá tuyệt vời ạ.	2021-11-13 18:01:47	2026-09-28 21:47:30
tk_12628559	tiki	146262084	general	Gối Cao Su Non NOOZ Memory Foam Pillow Gối Công Thái Học Giảm Đau Mỏi Cổ Vai Gáy		5	Cực kì hài lòng. Gối nằm êm không cứng quá, cũng không có nhiều mùi foam như nhiều bạn nói, kích thước gối hơi to hơn 40x60 mình phải thay áo gối khác vào	2021-10-15 12:22:18	2026-09-28 21:47:30
tk_9667931	tiki	146262084	general	Gối Cao Su Non NOOZ Memory Foam Pillow Gối Công Thái Học Giảm Đau Mỏi Cổ Vai Gáy		5	Cực kì hài lòng. Gối siêu bự, dày dặn, rất mềm, êm ái và cực thoải mái. Từ ngày có gối mới ngủ ngon hơn hẳn. Cho shop 5*, chắc chắn sẽ quay lại !	2021-05-12 14:25:45	2026-09-28 21:47:32
tk_19630813	tiki	146262084	general	Gối Cao Su Non NOOZ Memory Foam Pillow Gối Công Thái Học Giảm Đau Mỏi Cổ Vai Gáy		5	Cực kì hài lòng. Rất tốt	2023-11-05 21:37:03	2026-09-28 21:47:32
tk_11717596	tiki	146262084	general	Gối Cao Su Non NOOZ Memory Foam Pillow Gối Công Thái Học Giảm Đau Mỏi Cổ Vai Gáy		5	Cực kì hài lòng. giao hàng nhanh, đóng gói cẩn thận, chưa biết chất lượng ntn do mới nhận hàng.	2021-08-10 10:48:21	2026-09-28 21:47:32
tk_17368584	tiki	146262084	general	Gối Cao Su Non NOOZ Memory Foam Pillow Gối Công Thái Học Giảm Đau Mỏi Cổ Vai Gáy		5	Cực kì hài lòng. Sản phẩm tốt. Tiếc là mình mua độ cao của gối có 10cm. Các bạn nên mua cao 12cm để xài cho phù hợp nhé.	2022-08-10 17:23:23	2026-09-28 21:47:32
tk_17693346	tiki	146262084	general	Gối Cao Su Non NOOZ Memory Foam Pillow Gối Công Thái Học Giảm Đau Mỏi Cổ Vai Gáy		5	Cực kì hài lòng. Gối mềm, nằm thoải mái	2022-09-14 18:16:31	2026-09-28 21:47:32
tk_15352402	tiki	146262084	general	Gối Cao Su Non NOOZ Memory Foam Pillow Gối Công Thái Học Giảm Đau Mỏi Cổ Vai Gáy		5	Cực kì hài lòng. Gối êm, đàn hồi tốt, đã sử dụng 1 tuần và thấy ok. đáng mua	2022-03-10 18:41:29	2026-09-28 21:47:32
tk_16446373	tiki	146262084	general	Gối Cao Su Non NOOZ Memory Foam Pillow Gối Công Thái Học Giảm Đau Mỏi Cổ Vai Gáy		5	Cực kì hài lòng. Gối êm, đàn hồi tốt, nằm cảm giác rất dễ chịu. Mua cho ba mẹ mình rất ưng ý.	2022-05-24 19:18:35	2026-09-28 21:47:32
tk_15531209	tiki	146262084	general	Gối Cao Su Non NOOZ Memory Foam Pillow Gối Công Thái Học Giảm Đau Mỏi Cổ Vai Gáy		5	Cực kì hài lòng. Gối êm. Nằm thoải mái. Cao xu thích lắm. Ôm sát đầu ngủ dậy ko bị uể oải. Sẽ ủng hộ shop	2022-03-21 15:04:21	2026-09-28 21:47:32
tk_19644261	tiki	146262084	general	Gối Cao Su Non NOOZ Memory Foam Pillow Gối Công Thái Học Giảm Đau Mỏi Cổ Vai Gáy		5	Cực kì hài lòng.	2023-11-13 11:14:11	2026-09-28 21:47:32
tk_19629135	tiki	146262084	general	Gối Cao Su Non NOOZ Memory Foam Pillow Gối Công Thái Học Giảm Đau Mỏi Cổ Vai Gáy		5	Cực kì hài lòng.	2023-11-04 19:49:53	2026-09-28 21:47:32
tk_16116941	tiki	146262084	general	Gối Cao Su Non NOOZ Memory Foam Pillow Gối Công Thái Học Giảm Đau Mỏi Cổ Vai Gáy		4	Hài lòng. gói xài ok. có điều nên mua thêm cái áo gối vì gối mặc định màu trắng nên dễ dơ.	2022-04-27 23:07:56	2026-09-28 21:47:32
tk_17673741	tiki	146262084	general	Gối Cao Su Non NOOZ Memory Foam Pillow Gối Công Thái Học Giảm Đau Mỏi Cổ Vai Gáy		5	Cực kì hài lòng. rất êm ngủ dậy ko còn bị đau cổ như trước kia nữa	2022-09-12 19:39:52	2026-09-28 21:47:32
tk_13424172	tiki	146262084	general	Gối Cao Su Non NOOZ Memory Foam Pillow Gối Công Thái Học Giảm Đau Mỏi Cổ Vai Gáy		5	Cực kì hài lòng. Chưa sử dụng nhưng nhận chất lượng thì ưng dễ sợ !! Hy vọng là hết đau cổ	2021-11-25 13:42:27	2026-09-28 21:47:32
tk_19604615	tiki	146262084	general	Gối Cao Su Non NOOZ Memory Foam Pillow Gối Công Thái Học Giảm Đau Mỏi Cổ Vai Gáy		5	Cực kì hài lòng.	2023-10-22 07:51:48	2026-09-28 21:47:32
tk_18760798	tiki	146262084	general	Gối Cao Su Non NOOZ Memory Foam Pillow Gối Công Thái Học Giảm Đau Mỏi Cổ Vai Gáy		5	Cực kì hài lòng. Con mình 4 tuổi nghiện nằm trên gối này, đã mua 3 lần	2023-02-08 06:15:18	2026-09-28 21:47:32
tk_17980874	tiki	146262084	general	Gối Cao Su Non NOOZ Memory Foam Pillow Gối Công Thái Học Giảm Đau Mỏi Cổ Vai Gáy		3	Bình thường. Gối đẹp, nhưng hơi cứng. Nhìn chung có thể dùng để làm trang trí cho giường.	2022-10-17 14:08:41	2026-09-28 21:47:32
tk_13962426	tiki	146262084	general	Gối Cao Su Non NOOZ Memory Foam Pillow Gối Công Thái Học Giảm Đau Mỏi Cổ Vai Gáy		5	Cực kì hài lòng. Gối dùng êm, thoải mái, vừa vỏ gối của mình. Giao hàng nhanh, đóng góp đẹp, sản phẩm hợp trong tầm giá !	2021-12-20 22:42:58	2026-09-28 21:47:32
tk_19583432	tiki	146262084	general	Gối Cao Su Non NOOZ Memory Foam Pillow Gối Công Thái Học Giảm Đau Mỏi Cổ Vai Gáy		5	Cực kì hài lòng.	2023-10-11 18:18:42	2026-09-28 21:47:32
tk_17590062	tiki	146262084	general	Gối Cao Su Non NOOZ Memory Foam Pillow Gối Công Thái Học Giảm Đau Mỏi Cổ Vai Gáy		5	Cực kì hài lòng. Nằm cực êm và thích. Không còn đau mỏi vai gáy. Mình đã quay lại mua lần 2 cho gia đình	2022-09-03 17:58:21	2026-09-28 21:47:32
tk_17721689	tiki	146262084	general	Gối Cao Su Non NOOZ Memory Foam Pillow Gối Công Thái Học Giảm Đau Mỏi Cổ Vai Gáy		4	Hài lòng. Gối đẹp, chắc chắn nhưng kích thước hơi nhỏ và giá cao quá mặc dù đã giảm giá	2022-09-17 19:33:30	2026-09-28 21:47:32
tk_19099155	tiki	146262084	general	Gối Cao Su Non NOOZ Memory Foam Pillow Gối Công Thái Học Giảm Đau Mỏi Cổ Vai Gáy		5	Cực kì hài lòng. Nằm êm, ngủ ngon. Nhưng hơi thấp xíu.	2023-04-16 23:16:06	2026-09-28 21:47:35
tk_15096661	tiki	146262084	general	Gối Cao Su Non NOOZ Memory Foam Pillow Gối Công Thái Học Giảm Đau Mỏi Cổ Vai Gáy		5	Cực kì hài lòng. Gối nằm vừa có độ êm vừa có độ cứng, không bị lún quá sâu như gối hơi, giúp mình không bị mỏi cổ khi ngủ dậy. 10 đỉm	2022-02-23 09:57:25	2026-09-28 21:47:35
tk_12362515	tiki	146262084	general	Gối Cao Su Non NOOZ Memory Foam Pillow Gối Công Thái Học Giảm Đau Mỏi Cổ Vai Gáy		5	Cực kì hài lòng. Ban đầu nằm sẽ hơi có mùi foam và chưa quen, nhưng 1 thời gian khá thoải mái, sp chất lượng tốt ko bị mất form. Mình đặt thêm 1 cái cho người nhà, khá ưng ý.	2021-09-28 22:46:09	2026-09-28 21:47:35
tk_13220973	tiki	146262084	general	Gối Cao Su Non NOOZ Memory Foam Pillow Gối Công Thái Học Giảm Đau Mỏi Cổ Vai Gáy		4	Hài lòng. Gối êm tuy nhiên có vẻ hơi cao so với tôi nên lúc đầu nằm chưa quen hơi mỏi tí, sau vài ngày đã quen và nằm ok.	2021-11-15 13:38:57	2026-09-28 21:47:35
tk_19541621	tiki	146262084	general	Gối Cao Su Non NOOZ Memory Foam Pillow Gối Công Thái Học Giảm Đau Mỏi Cổ Vai Gáy		5	Cực kì hài lòng.	2023-09-20 13:15:51	2026-09-28 21:47:35
tk_18562306	tiki	146262084	general	Gối Cao Su Non NOOZ Memory Foam Pillow Gối Công Thái Học Giảm Đau Mỏi Cổ Vai Gáy		5	Cực kì hài lòng. Vỏ gối sạch, đàn hồi, êm hơn gối cao su hay nhồi lông.	2023-01-03 15:58:39	2026-09-28 21:47:35
tk_19538753	tiki	146262084	general	Gối Cao Su Non NOOZ Memory Foam Pillow Gối Công Thái Học Giảm Đau Mỏi Cổ Vai Gáy		5	Cực kì hài lòng.	2023-09-19 07:00:18	2026-09-28 21:47:35
tk_19528024	tiki	146262084	general	Gối Cao Su Non NOOZ Memory Foam Pillow Gối Công Thái Học Giảm Đau Mỏi Cổ Vai Gáy		5	Cực kì hài lòng.	2023-09-14 06:04:45	2026-09-28 21:47:35
tk_10533389	tiki	146262084	general	Gối Cao Su Non NOOZ Memory Foam Pillow Gối Công Thái Học Giảm Đau Mỏi Cổ Vai Gáy		5	Cực kì hài lòng. Gối rất êm. Sau khi nhận được gối mình phải cách ly, hi vọng có chiếc gối của shop mình phải ngủ nhiều trong thời gian này mà k đau cổ. ?	2021-06-19 20:46:10	2026-09-28 21:47:35
tk_19509484	tiki	146262084	general	Gối Cao Su Non NOOZ Memory Foam Pillow Gối Công Thái Học Giảm Đau Mỏi Cổ Vai Gáy		5	Cực kì hài lòng.	2023-09-06 13:38:30	2026-09-28 21:47:35
tk_19507977	tiki	146262084	general	Gối Cao Su Non NOOZ Memory Foam Pillow Gối Công Thái Học Giảm Đau Mỏi Cổ Vai Gáy		5	Cực kì hài lòng.	2023-09-05 19:17:20	2026-09-28 21:47:35
tk_19505898	tiki	146262084	general	Gối Cao Su Non NOOZ Memory Foam Pillow Gối Công Thái Học Giảm Đau Mỏi Cổ Vai Gáy		5	Cực kì hài lòng.	2023-09-04 20:36:01	2026-09-28 21:47:35
tk_17472470	tiki	146262084	general	Gối Cao Su Non NOOZ Memory Foam Pillow Gối Công Thái Học Giảm Đau Mỏi Cổ Vai Gáy		5	Cực kì hài lòng. Gối êm,độ cứng vừa phải,thoáng khí,dễ vệ sinh gối,mua cho chồng,đánh giá tốt.	2022-08-20 15:57:15	2026-09-28 21:47:35
tk_18489278	tiki	146262084	general	Gối Cao Su Non NOOZ Memory Foam Pillow Gối Công Thái Học Giảm Đau Mỏi Cổ Vai Gáy		4	Hài lòng. Gối đẹp. So với mình thì hơi cao, gối đàn hồi tốt.	2022-12-23 20:29:00	2026-09-28 21:47:35
tk_18222620	tiki	146262084	general	Gối Cao Su Non NOOZ Memory Foam Pillow Gối Công Thái Học Giảm Đau Mỏi Cổ Vai Gáy		5	Cực kì hài lòng. Gối to, êm, nằm ngủ ngon.	2022-11-16 16:10:20	2026-09-28 21:47:35
tk_16346260	tiki	146262084	general	Gối Cao Su Non NOOZ Memory Foam Pillow Gối Công Thái Học Giảm Đau Mỏi Cổ Vai Gáy		5	Cực kì hài lòng. Ok nè, Gối cứng cáp nhưng có độ êm nhất định :3 Sẽ mua lại	2022-05-16 13:00:45	2026-09-28 21:47:35
tk_15548732	tiki	146262084	general	Gối Cao Su Non NOOZ Memory Foam Pillow Gối Công Thái Học Giảm Đau Mỏi Cổ Vai Gáy		5	Cực kì hài lòng. Giao hàng siu nhanh, lần trước mình đặt 1 cái nhỏ mà chưa đã nên nay upsize	2022-03-22 17:14:16	2026-09-28 21:47:35
tk_15696127	tiki	146262084	general	Gối Cao Su Non NOOZ Memory Foam Pillow Gối Công Thái Học Giảm Đau Mỏi Cổ Vai Gáy		5	Cực kì hài lòng. gối êm, mềm mại. tuy nhiên nếu ai nằm thấp nên mua size 30*50 thì ok hơn.	2022-03-31 14:13:16	2026-09-28 21:47:35
tk_19212555	tiki	146262084	general	Gối Cao Su Non NOOZ Memory Foam Pillow Gối Công Thái Học Giảm Đau Mỏi Cổ Vai Gáy		5	Cực kì hài lòng. chất lượng tốt	2023-05-20 11:22:22	2026-09-28 21:47:35
tk_15546086	tiki	146262084	general	Gối Cao Su Non NOOZ Memory Foam Pillow Gối Công Thái Học Giảm Đau Mỏi Cổ Vai Gáy		5	Cực kì hài lòng. Gối nằm êm nhưng màu vỏ trắng dẽ bẩn và bám tóc rụng vào nhiều quá	2022-03-22 14:12:39	2026-09-28 21:47:35
tk_19409930	tiki	146262084	general	Gối Cao Su Non NOOZ Memory Foam Pillow Gối Công Thái Học Giảm Đau Mỏi Cổ Vai Gáy		5	Cực kì hài lòng.	2023-07-26 12:14:16	2026-09-28 21:47:37
tk_17222475	tiki	146262084	general	Gối Cao Su Non NOOZ Memory Foam Pillow Gối Công Thái Học Giảm Đau Mỏi Cổ Vai Gáy		5	Cực kì hài lòng. Sản phẩm chất lượng, giá cả phải chăng.	2022-07-27 22:22:46	2026-09-28 21:47:37
tk_19401740	tiki	146262084	general	Gối Cao Su Non NOOZ Memory Foam Pillow Gối Công Thái Học Giảm Đau Mỏi Cổ Vai Gáy		5	Cực kì hài lòng.	2023-07-23 09:02:57	2026-09-28 21:47:37
tk_13126739	tiki	146262084	general	Gối Cao Su Non NOOZ Memory Foam Pillow Gối Công Thái Học Giảm Đau Mỏi Cổ Vai Gáy		1	Rất không hài lòng. Đặt hàng thanh toán trước Đến tận gần 2 tháng sau mới nhận, mà phải cò cưa đi gửi *** 2-3 lần cho bên support chứ không nó lơ luôn	2021-11-11 15:33:38	2026-09-28 21:47:37
tk_13648353	tiki	146262084	general	Gối Cao Su Non NOOZ Memory Foam Pillow Gối Công Thái Học Giảm Đau Mỏi Cổ Vai Gáy		5	Cực kì hài lòng. Gối nằm êm, xứng đáng giá tiền, sau khi lấy ra khỏi hộp tầm nửa ngày sẽ về form như hình	2021-12-06 16:40:44	2026-09-28 21:47:37
tk_13729937	tiki	146262084	general	Gối Cao Su Non NOOZ Memory Foam Pillow Gối Công Thái Học Giảm Đau Mỏi Cổ Vai Gáy		5	Cực kì hài lòng. Sản phẩm dc giao nhanh , đóng gói cẩn thận , gia đình đã dùng thử và mua thêm 4 sản phẩm .	2021-12-10 21:18:31	2026-09-28 21:47:37
tk_13854423	tiki	146262084	general	Gối Cao Su Non NOOZ Memory Foam Pillow Gối Công Thái Học Giảm Đau Mỏi Cổ Vai Gáy		3	Bình thường. hộp vỏ đựng gối cũ, mác tem giống đã bị bóc. nhìn bên ngoài giống đồ cũ. còn chất lượng sẽ đánh giá sau khi sử dụng	2021-12-15 21:47:35	2026-09-28 21:47:37
tk_13117977	tiki	146262084	general	Gối Cao Su Non NOOZ Memory Foam Pillow Gối Công Thái Học Giảm Đau Mỏi Cổ Vai Gáy		5	Cực kì hài lòng. Lần đầu tiên sử dụng gối loại này mình thấy ổn phù hợp cho người hay nằm nghiêng như mình.	2021-11-11 00:16:07	2026-09-28 21:47:37
tk_10431016	tiki	146262084	general	Gối Cao Su Non NOOZ Memory Foam Pillow Gối Công Thái Học Giảm Đau Mỏi Cổ Vai Gáy		5	Cực kì hài lòng. Gối khá ổn, đối với mình hơi cao chút, nhưng chồng mình cảm thấy ưng và vừa ý. Tóm lại nằm đỡ đau cổ hẳn í. Vote 5 sao ?	2021-06-15 12:08:56	2026-09-28 21:47:37
tk_17641181	tiki	146262084	general	Gối Cao Su Non NOOZ Memory Foam Pillow Gối Công Thái Học Giảm Đau Mỏi Cổ Vai Gáy		5	Cực kì hài lòng. Gối êm có vỏ sẵn khá mềm	2022-09-09 12:45:46	2026-09-28 21:47:37
tk_17231283	tiki	146262084	general	Gối Cao Su Non NOOZ Memory Foam Pillow Gối Công Thái Học Giảm Đau Mỏi Cổ Vai Gáy		5	Cực kì hài lòng. Giao hàng nha,gối êm và đàn hồi tốt	2022-07-28 20:01:03	2026-09-28 21:47:37
tk_19316391	tiki	146262084	general	Gối Cao Su Non NOOZ Memory Foam Pillow Gối Công Thái Học Giảm Đau Mỏi Cổ Vai Gáy		5	Cực kì hài lòng.	2023-06-22 11:20:04	2026-09-28 21:47:37
tk_20243276	tiki	169978766	general	Túi Hút Chân Không Đựng Quần Áo, Chăn Ga Gối, Thú Bông Deli - Loại Dày Cao Cấp, Nhiều Hoạ Tiết, Bảo Vệ Quần Áo, Chăn Ga Khỏi Ẩm, Nấm Mốc, Chống Nước Tuyệt Đối		5	Cực kì hài lòng.	2026-06-28 19:48:01	2026-09-28 21:47:41
tk_19756042	tiki	169978766	general	Túi Hút Chân Không Đựng Quần Áo, Chăn Ga Gối, Thú Bông Deli - Loại Dày Cao Cấp, Nhiều Hoạ Tiết, Bảo Vệ Quần Áo, Chăn Ga Khỏi Ẩm, Nấm Mốc, Chống Nước Tuyệt Đối		3	Bình thường. Mua lần đầu thì tốt hết, mua lại lần thứ 2 thì hỏng mất 1 cái. Mọi người mua lưu ý kiểm tra cái van bằng miếng nhựa mỏng nếu cong vênh thì sẽ không làm kín được nữa	2024-02-01 22:27:35	2026-09-28 21:47:41
tk_20216924	tiki	169978766	general	Túi Hút Chân Không Đựng Quần Áo, Chăn Ga Gối, Thú Bông Deli - Loại Dày Cao Cấp, Nhiều Hoạ Tiết, Bảo Vệ Quần Áo, Chăn Ga Khỏi Ẩm, Nấm Mốc, Chống Nước Tuyệt Đối		5	Cực kì hài lòng.	2026-03-04 16:13:53	2026-09-28 21:47:41
tk_20216923	tiki	169978766	general	Túi Hút Chân Không Đựng Quần Áo, Chăn Ga Gối, Thú Bông Deli - Loại Dày Cao Cấp, Nhiều Hoạ Tiết, Bảo Vệ Quần Áo, Chăn Ga Khỏi Ẩm, Nấm Mốc, Chống Nước Tuyệt Đối		5	Cực kì hài lòng.	2026-03-04 16:12:33	2026-09-28 21:47:41
tk_20215779	tiki	169978766	general	Túi Hút Chân Không Đựng Quần Áo, Chăn Ga Gối, Thú Bông Deli - Loại Dày Cao Cấp, Nhiều Hoạ Tiết, Bảo Vệ Quần Áo, Chăn Ga Khỏi Ẩm, Nấm Mốc, Chống Nước Tuyệt Đối		5	Cực kì hài lòng.	2026-02-28 08:16:40	2026-09-28 21:47:41
tk_20155092	tiki	169978766	general	Túi Hút Chân Không Đựng Quần Áo, Chăn Ga Gối, Thú Bông Deli - Loại Dày Cao Cấp, Nhiều Hoạ Tiết, Bảo Vệ Quần Áo, Chăn Ga Khỏi Ẩm, Nấm Mốc, Chống Nước Tuyệt Đối		5	Cực kì hài lòng.	2025-08-05 18:59:45	2026-09-28 21:47:41
tk_20155093	tiki	169978766	general	Túi Hút Chân Không Đựng Quần Áo, Chăn Ga Gối, Thú Bông Deli - Loại Dày Cao Cấp, Nhiều Hoạ Tiết, Bảo Vệ Quần Áo, Chăn Ga Khỏi Ẩm, Nấm Mốc, Chống Nước Tuyệt Đối		5	Cực kì hài lòng.	2025-08-05 18:59:48	2026-09-28 21:47:41
tk_20155085	tiki	169978766	general	Túi Hút Chân Không Đựng Quần Áo, Chăn Ga Gối, Thú Bông Deli - Loại Dày Cao Cấp, Nhiều Hoạ Tiết, Bảo Vệ Quần Áo, Chăn Ga Khỏi Ẩm, Nấm Mốc, Chống Nước Tuyệt Đối		5	Cực kì hài lòng.	2025-08-05 18:59:07	2026-09-28 21:47:41
tk_20155086	tiki	169978766	general	Túi Hút Chân Không Đựng Quần Áo, Chăn Ga Gối, Thú Bông Deli - Loại Dày Cao Cấp, Nhiều Hoạ Tiết, Bảo Vệ Quần Áo, Chăn Ga Khỏi Ẩm, Nấm Mốc, Chống Nước Tuyệt Đối		5	Cực kì hài lòng.	2025-08-05 18:59:13	2026-09-28 21:47:41
tk_20155087	tiki	169978766	general	Túi Hút Chân Không Đựng Quần Áo, Chăn Ga Gối, Thú Bông Deli - Loại Dày Cao Cấp, Nhiều Hoạ Tiết, Bảo Vệ Quần Áo, Chăn Ga Khỏi Ẩm, Nấm Mốc, Chống Nước Tuyệt Đối		5	Cực kì hài lòng.	2025-08-05 18:59:18	2026-09-28 21:47:41
tk_20155088	tiki	169978766	general	Túi Hút Chân Không Đựng Quần Áo, Chăn Ga Gối, Thú Bông Deli - Loại Dày Cao Cấp, Nhiều Hoạ Tiết, Bảo Vệ Quần Áo, Chăn Ga Khỏi Ẩm, Nấm Mốc, Chống Nước Tuyệt Đối		5	Cực kì hài lòng.	2025-08-05 18:59:23	2026-09-28 21:47:41
tk_20155090	tiki	169978766	general	Túi Hút Chân Không Đựng Quần Áo, Chăn Ga Gối, Thú Bông Deli - Loại Dày Cao Cấp, Nhiều Hoạ Tiết, Bảo Vệ Quần Áo, Chăn Ga Khỏi Ẩm, Nấm Mốc, Chống Nước Tuyệt Đối		5	Cực kì hài lòng.	2025-08-05 18:59:36	2026-09-28 21:47:41
tk_20155091	tiki	169978766	general	Túi Hút Chân Không Đựng Quần Áo, Chăn Ga Gối, Thú Bông Deli - Loại Dày Cao Cấp, Nhiều Hoạ Tiết, Bảo Vệ Quần Áo, Chăn Ga Khỏi Ẩm, Nấm Mốc, Chống Nước Tuyệt Đối		5	Cực kì hài lòng.	2025-08-05 18:59:41	2026-09-28 21:47:41
tk_18829158	tiki	169978766	general	Túi Hút Chân Không Đựng Quần Áo, Chăn Ga Gối, Thú Bông Deli - Loại Dày Cao Cấp, Nhiều Hoạ Tiết, Bảo Vệ Quần Áo, Chăn Ga Khỏi Ẩm, Nấm Mốc, Chống Nước Tuyệt Đối		5	Cực kì hài lòng. Lần đầu sử dụng, ổn so với giá tiền, giải quyết khá nhiều chăn gối cho gọn tủ!	2023-02-19 13:54:46	2026-09-28 21:47:41
tk_17918454	tiki	169978766	general	Túi Hút Chân Không Đựng Quần Áo, Chăn Ga Gối, Thú Bông Deli - Loại Dày Cao Cấp, Nhiều Hoạ Tiết, Bảo Vệ Quần Áo, Chăn Ga Khỏi Ẩm, Nấm Mốc, Chống Nước Tuyệt Đối		5	Cực kì hài lòng. Út xong thì lại xì hút chân không xong thì lại xì hết cụ nó ra bùng nhà bùng nhùng như cái lùng bùng mất mẹ nó hơn 1*** mua được mấy cái túi giấy bóng đau sẽ cao mà các cụ mua cũng được không mua khác được nhé	2022-10-10 13:16:30	2026-09-28 21:47:41
tk_19968491	tiki	169978766	general	Túi Hút Chân Không Đựng Quần Áo, Chăn Ga Gối, Thú Bông Deli - Loại Dày Cao Cấp, Nhiều Hoạ Tiết, Bảo Vệ Quần Áo, Chăn Ga Khỏi Ẩm, Nấm Mốc, Chống Nước Tuyệt Đối		5	Cực kì hài lòng. Túi dày, có van 1 chiều. Giữ khí tốt. Mình mua lại dùng tiếp.	2024-08-31 21:45:11	2026-09-28 21:47:41
tk_20116526	tiki	169978766	general	Túi Hút Chân Không Đựng Quần Áo, Chăn Ga Gối, Thú Bông Deli - Loại Dày Cao Cấp, Nhiều Hoạ Tiết, Bảo Vệ Quần Áo, Chăn Ga Khỏi Ẩm, Nấm Mốc, Chống Nước Tuyệt Đối		5	Cực kì hài lòng.	2025-04-27 21:22:55	2026-09-28 21:47:41
tk_20103399	tiki	169978766	general	Túi Hút Chân Không Đựng Quần Áo, Chăn Ga Gối, Thú Bông Deli - Loại Dày Cao Cấp, Nhiều Hoạ Tiết, Bảo Vệ Quần Áo, Chăn Ga Khỏi Ẩm, Nấm Mốc, Chống Nước Tuyệt Đối		5	Cực kì hài lòng.	2025-03-29 14:32:53	2026-09-28 21:47:41
tk_19591780	tiki	169978766	general	Túi Hút Chân Không Đựng Quần Áo, Chăn Ga Gối, Thú Bông Deli - Loại Dày Cao Cấp, Nhiều Hoạ Tiết, Bảo Vệ Quần Áo, Chăn Ga Khỏi Ẩm, Nấm Mốc, Chống Nước Tuyệt Đối		5	Cực kì hài lòng. Nilong dày, có cảm giác yên tâm khi dùng, chắc là sẽ giữ chân không được lâu	2023-10-15 20:21:26	2026-09-28 21:47:41
tk_16719264	tiki	169978766	general	Túi Hút Chân Không Đựng Quần Áo, Chăn Ga Gối, Thú Bông Deli - Loại Dày Cao Cấp, Nhiều Hoạ Tiết, Bảo Vệ Quần Áo, Chăn Ga Khỏi Ẩm, Nấm Mốc, Chống Nước Tuyệt Đối		5	Cực kì hài lòng. Mình mua 1 lần rồi giờ mua thêm với mua bơm. Chất túi khá ổn áp van một chiều nên tự nén bằng tay cũng được. Chất chăn mùa đông rất gọn gàng. Bạn nào có máy hút bụi mà dùng chắc sẽ hút gọn hơn nữa.	2022-06-15 14:00:00	2026-09-28 21:47:41
tk_19892391	tiki	169978766	general	Túi Hút Chân Không Đựng Quần Áo, Chăn Ga Gối, Thú Bông Deli - Loại Dày Cao Cấp, Nhiều Hoạ Tiết, Bảo Vệ Quần Áo, Chăn Ga Khỏi Ẩm, Nấm Mốc, Chống Nước Tuyệt Đối		4	Hài lòng. Bao dày, màu sắc OK có điều hút chân kg k đc tốt	2024-06-05 04:26:34	2026-09-28 21:47:43
tk_18349587	tiki	169978766	general	Túi Hút Chân Không Đựng Quần Áo, Chăn Ga Gối, Thú Bông Deli - Loại Dày Cao Cấp, Nhiều Hoạ Tiết, Bảo Vệ Quần Áo, Chăn Ga Khỏi Ẩm, Nấm Mốc, Chống Nước Tuyệt Đối		5	Cực kì hài lòng. Đã dùng khá tốt. Hút kiệt, nếu mà hút lâu thì kiệt Không khí, mình cho mấy đứa nhóc ở nhà hút mà khá hài lòng	2022-12-05 08:57:54	2026-09-28 21:47:43
tk_19591797	tiki	169978766	general	Túi Hút Chân Không Đựng Quần Áo, Chăn Ga Gối, Thú Bông Deli - Loại Dày Cao Cấp, Nhiều Hoạ Tiết, Bảo Vệ Quần Áo, Chăn Ga Khỏi Ẩm, Nấm Mốc, Chống Nước Tuyệt Đối		4	Hài lòng. dùng bơm hút được gần hết khí trong túi, thuận tiện đóng quần áo vào vali	2023-10-15 20:28:06	2026-09-28 21:47:43
tk_15843693	tiki	169978766	general	Túi Hút Chân Không Đựng Quần Áo, Chăn Ga Gối, Thú Bông Deli - Loại Dày Cao Cấp, Nhiều Hoạ Tiết, Bảo Vệ Quần Áo, Chăn Ga Khỏi Ẩm, Nấm Mốc, Chống Nước Tuyệt Đối		3	Bình thường. Không có bơm tay, lúc mình đặt vẫn có thông tin hình ảnh tặng bơm tay. Đã còn hình chưa xó thì chương trình vẫn còn mà.	2022-04-09 09:54:38	2026-09-28 21:47:43
tk_15780992	tiki	169978766	general	Túi Hút Chân Không Đựng Quần Áo, Chăn Ga Gối, Thú Bông Deli - Loại Dày Cao Cấp, Nhiều Hoạ Tiết, Bảo Vệ Quần Áo, Chăn Ga Khỏi Ẩm, Nấm Mốc, Chống Nước Tuyệt Đối		3	Hài lòng. Giao hàng cực nhanh. Túi có vẻ mỏng. Không có bơm hút đi kèm như quảng cáo. Điểm trừ vì sự không rõ ràng, mất công khách phải đặt mua thêm bơm chỗ khác	2022-04-05 13:18:38	2026-09-28 21:47:43
tk_17767627	tiki	169978766	general	Túi Hút Chân Không Đựng Quần Áo, Chăn Ga Gối, Thú Bông Deli - Loại Dày Cao Cấp, Nhiều Hoạ Tiết, Bảo Vệ Quần Áo, Chăn Ga Khỏi Ẩm, Nấm Mốc, Chống Nước Tuyệt Đối		5	Cực kì hài lòng. Dùng cũng ngon lành cành nào đấy cho dù chưa dùng không biết dùng thì thế nào nhận xét thì để nhận xu mua thì mua mà không mua thì thôi giá rẻ thì hãng mua	2022-09-22 19:24:55	2026-09-28 21:47:43
tk_18868244	tiki	169978766	general	Túi Hút Chân Không Đựng Quần Áo, Chăn Ga Gối, Thú Bông Deli - Loại Dày Cao Cấp, Nhiều Hoạ Tiết, Bảo Vệ Quần Áo, Chăn Ga Khỏi Ẩm, Nấm Mốc, Chống Nước Tuyệt Đối		5	Cực kì hài lòng. Túi hút không cần bơm, mua loại nhỏ nhỏ cho đồ vào để mang đi du lịch rất tiện	2023-02-26 09:58:17	2026-09-28 21:47:43
tk_18868243	tiki	169978766	general	Túi Hút Chân Không Đựng Quần Áo, Chăn Ga Gối, Thú Bông Deli - Loại Dày Cao Cấp, Nhiều Hoạ Tiết, Bảo Vệ Quần Áo, Chăn Ga Khỏi Ẩm, Nấm Mốc, Chống Nước Tuyệt Đối		5	Cực kì hài lòng. Túi hút không cần bơm, mua loại nhỏ nhỏ cho đồ vào để mang đi du lịch rất tiện	2023-02-26 09:58:15	2026-09-28 21:47:43
tk_18660132	tiki	169978766	general	Túi Hút Chân Không Đựng Quần Áo, Chăn Ga Gối, Thú Bông Deli - Loại Dày Cao Cấp, Nhiều Hoạ Tiết, Bảo Vệ Quần Áo, Chăn Ga Khỏi Ẩm, Nấm Mốc, Chống Nước Tuyệt Đối		3	Bình thường. Mua 3 túi thì 1 túi huat chân không xong 1,2 tiếng sau lại bị không khí vào, 1 túi thì vài ngày sau bị vào 1 ít. Dk mỗi 1 túi xịn	2023-01-18 13:04:25	2026-09-28 21:47:43
tk_17144446	tiki	169978766	general	Túi Hút Chân Không Đựng Quần Áo, Chăn Ga Gối, Thú Bông Deli - Loại Dày Cao Cấp, Nhiều Hoạ Tiết, Bảo Vệ Quần Áo, Chăn Ga Khỏi Ẩm, Nấm Mốc, Chống Nước Tuyệt Đối		1	Rất không hài lòng. cho 1 sao vì shop làm ăn ko uy tín, báo có xuất hoá đơn mà đòi 2 tháng ko có. ko xuất dc thì nói từ đầu, mất time chứ ko hoá đơn mua chỗ khác rẻ hơn nhiều	2022-07-21 07:48:16	2026-09-28 21:47:43
tk_19891654	tiki	169978766	general	Túi Hút Chân Không Đựng Quần Áo, Chăn Ga Gối, Thú Bông Deli - Loại Dày Cao Cấp, Nhiều Hoạ Tiết, Bảo Vệ Quần Áo, Chăn Ga Khỏi Ẩm, Nấm Mốc, Chống Nước Tuyệt Đối		5	Cực kì hài lòng.	2024-06-04 10:49:46	2026-09-28 21:47:43
tk_19891653	tiki	169978766	general	Túi Hút Chân Không Đựng Quần Áo, Chăn Ga Gối, Thú Bông Deli - Loại Dày Cao Cấp, Nhiều Hoạ Tiết, Bảo Vệ Quần Áo, Chăn Ga Khỏi Ẩm, Nấm Mốc, Chống Nước Tuyệt Đối		5	Cực kì hài lòng.	2024-06-04 10:49:39	2026-09-28 21:47:43
tk_16273298	tiki	169978766	general	Túi Hút Chân Không Đựng Quần Áo, Chăn Ga Gối, Thú Bông Deli - Loại Dày Cao Cấp, Nhiều Hoạ Tiết, Bảo Vệ Quần Áo, Chăn Ga Khỏi Ẩm, Nấm Mốc, Chống Nước Tuyệt Đối		5	Cực kì hài lòng. Túi phù hợp nhu cầu, các bạn đanh giá mỏng nhưng mình thấy chất đanh và khó bị rách hơn ấy. Van 1 chiều nên nén hơi bằng tay được. Được chọn size khá ưng.	2022-05-10 15:35:23	2026-09-28 21:47:43
tk_19870625	tiki	169978766	general	Túi Hút Chân Không Đựng Quần Áo, Chăn Ga Gối, Thú Bông Deli - Loại Dày Cao Cấp, Nhiều Hoạ Tiết, Bảo Vệ Quần Áo, Chăn Ga Khỏi Ẩm, Nấm Mốc, Chống Nước Tuyệt Đối		5	Cực kì hài lòng.	2024-05-12 07:45:48	2026-09-28 21:47:43
tk_19870624	tiki	169978766	general	Túi Hút Chân Không Đựng Quần Áo, Chăn Ga Gối, Thú Bông Deli - Loại Dày Cao Cấp, Nhiều Hoạ Tiết, Bảo Vệ Quần Áo, Chăn Ga Khỏi Ẩm, Nấm Mốc, Chống Nước Tuyệt Đối		5	Cực kì hài lòng.	2024-05-12 07:45:39	2026-09-28 21:47:43
tk_19328232	tiki	169978766	general	Túi Hút Chân Không Đựng Quần Áo, Chăn Ga Gối, Thú Bông Deli - Loại Dày Cao Cấp, Nhiều Hoạ Tiết, Bảo Vệ Quần Áo, Chăn Ga Khỏi Ẩm, Nấm Mốc, Chống Nước Tuyệt Đối		5	Cực kì hài lòng. Cho cái máy hút bụi vào hít 1 phát thì túi bé bằng tí tị, tiện lợi	2023-06-26 20:02:15	2026-09-28 21:47:43
tk_19328233	tiki	169978766	general	Túi Hút Chân Không Đựng Quần Áo, Chăn Ga Gối, Thú Bông Deli - Loại Dày Cao Cấp, Nhiều Hoạ Tiết, Bảo Vệ Quần Áo, Chăn Ga Khỏi Ẩm, Nấm Mốc, Chống Nước Tuyệt Đối		5	Cực kì hài lòng. Cho cái máy hút bụi vào hít 1 phát thì túi bé bằng tí tị, tiện lợi	2023-06-26 20:02:27	2026-09-28 21:47:43
tk_19328234	tiki	169978766	general	Túi Hút Chân Không Đựng Quần Áo, Chăn Ga Gối, Thú Bông Deli - Loại Dày Cao Cấp, Nhiều Hoạ Tiết, Bảo Vệ Quần Áo, Chăn Ga Khỏi Ẩm, Nấm Mốc, Chống Nước Tuyệt Đối		5	Cực kì hài lòng. Cho cái máy hút bụi vào hít 1 phát thì túi bé bằng tí tị, tiện lợi	2023-06-26 20:02:38	2026-09-28 21:47:45
tk_18866781	tiki	169978766	general	Túi Hút Chân Không Đựng Quần Áo, Chăn Ga Gối, Thú Bông Deli - Loại Dày Cao Cấp, Nhiều Hoạ Tiết, Bảo Vệ Quần Áo, Chăn Ga Khỏi Ẩm, Nấm Mốc, Chống Nước Tuyệt Đối		5	Cực kì hài lòng. Mua 7 cái mà gửi có 3, mình đặt k xing khi lấy hàng k để ý giờ dùng mới thấy thiếu 4 chiếc.	2023-02-25 21:58:18	2026-09-28 21:47:45
tk_19278602	tiki	169978766	general	Túi Hút Chân Không Đựng Quần Áo, Chăn Ga Gối, Thú Bông Deli - Loại Dày Cao Cấp, Nhiều Hoạ Tiết, Bảo Vệ Quần Áo, Chăn Ga Khỏi Ẩm, Nấm Mốc, Chống Nước Tuyệt Đối		4	Hài lòng. Tớ quá tưởng nhỏ mà to quá	2023-06-09 22:33:23	2026-09-28 21:47:45
tk_18616094	tiki	169978766	general	Túi Hút Chân Không Đựng Quần Áo, Chăn Ga Gối, Thú Bông Deli - Loại Dày Cao Cấp, Nhiều Hoạ Tiết, Bảo Vệ Quần Áo, Chăn Ga Khỏi Ẩm, Nấm Mốc, Chống Nước Tuyệt Đối		3	Bình thường. Rút chân không thì OK , nhưng nó ko giữ, bị xì từ từ rồi bung ra, ko có nắp đậy lổ giữ hơi	2023-01-11 11:01:41	2026-09-28 21:47:45
tk_19413492	tiki	169978766	general	Túi Hút Chân Không Đựng Quần Áo, Chăn Ga Gối, Thú Bông Deli - Loại Dày Cao Cấp, Nhiều Hoạ Tiết, Bảo Vệ Quần Áo, Chăn Ga Khỏi Ẩm, Nấm Mốc, Chống Nước Tuyệt Đối		4	Hài lòng. Đóng gói kỹ. Túi hơi mỏng tuy nhiên chất lượng ok	2023-07-27 17:39:07	2026-09-28 21:47:45
tk_19458354	tiki	169978766	general	Túi Hút Chân Không Đựng Quần Áo, Chăn Ga Gối, Thú Bông Deli - Loại Dày Cao Cấp, Nhiều Hoạ Tiết, Bảo Vệ Quần Áo, Chăn Ga Khỏi Ẩm, Nấm Mốc, Chống Nước Tuyệt Đối		5	Cực kì hài lòng. Hàng giao đẹp đúng chất lượng. Giao hàng nhanh	2023-08-14 18:10:43	2026-09-28 21:47:45
tk_19215949	tiki	169978766	general	Túi Hút Chân Không Đựng Quần Áo, Chăn Ga Gối, Thú Bông Deli - Loại Dày Cao Cấp, Nhiều Hoạ Tiết, Bảo Vệ Quần Áo, Chăn Ga Khỏi Ẩm, Nấm Mốc, Chống Nước Tuyệt Đối		5	Cực kì hài lòng. Chất liệu tốt , dễ sử dụng, đóng gói tốt, giao đúng hẹn!	2023-05-21 14:27:52	2026-09-28 21:47:45
tk_16273345	tiki	169978766	general	Túi Hút Chân Không Đựng Quần Áo, Chăn Ga Gối, Thú Bông Deli - Loại Dày Cao Cấp, Nhiều Hoạ Tiết, Bảo Vệ Quần Áo, Chăn Ga Khỏi Ẩm, Nấm Mốc, Chống Nước Tuyệt Đối		5	Cực kì hài lòng. Mua lại cho chị em ở văn phòng nên hơi nhiều. Ưng như lần đầu tiên	2022-05-10 15:37:35	2026-09-28 21:47:45
tk_18207446	tiki	169978766	general	Túi Hút Chân Không Đựng Quần Áo, Chăn Ga Gối, Thú Bông Deli - Loại Dày Cao Cấp, Nhiều Hoạ Tiết, Bảo Vệ Quần Áo, Chăn Ga Khỏi Ẩm, Nấm Mốc, Chống Nước Tuyệt Đối		4	Hài lòng. Đôi khi có túi bị xì do van nhungw những túi ko có cdef thì tố tiện lợi đúng mục đích mong đợi	2022-11-14 20:08:03	2026-09-28 21:47:45
tk_19742237	tiki	169978766	general	Túi Hút Chân Không Đựng Quần Áo, Chăn Ga Gối, Thú Bông Deli - Loại Dày Cao Cấp, Nhiều Hoạ Tiết, Bảo Vệ Quần Áo, Chăn Ga Khỏi Ẩm, Nấm Mốc, Chống Nước Tuyệt Đối		5	Cực kì hài lòng.	2024-01-24 08:57:43	2026-09-28 21:47:45
tk_19726363	tiki	169978766	general	Túi Hút Chân Không Đựng Quần Áo, Chăn Ga Gối, Thú Bông Deli - Loại Dày Cao Cấp, Nhiều Hoạ Tiết, Bảo Vệ Quần Áo, Chăn Ga Khỏi Ẩm, Nấm Mốc, Chống Nước Tuyệt Đối		5	Cực kì hài lòng.	2024-01-14 13:33:55	2026-09-28 21:47:45
tk_19458360	tiki	169978766	general	Túi Hút Chân Không Đựng Quần Áo, Chăn Ga Gối, Thú Bông Deli - Loại Dày Cao Cấp, Nhiều Hoạ Tiết, Bảo Vệ Quần Áo, Chăn Ga Khỏi Ẩm, Nấm Mốc, Chống Nước Tuyệt Đối		5	Cực kì hài lòng. Sp đẹp, giá vừa phải sẽ mua lai	2023-08-14 18:11:50	2026-09-28 21:47:45
tk_19477572	tiki	169978766	general	Túi Hút Chân Không Đựng Quần Áo, Chăn Ga Gối, Thú Bông Deli - Loại Dày Cao Cấp, Nhiều Hoạ Tiết, Bảo Vệ Quần Áo, Chăn Ga Khỏi Ẩm, Nấm Mốc, Chống Nước Tuyệt Đối		1	Rất không hài lòng. Túi bị xì hơi , hút ko được	2023-08-22 13:17:38	2026-09-28 21:47:45
tk_19310746	tiki	169978766	general	Túi Hút Chân Không Đựng Quần Áo, Chăn Ga Gối, Thú Bông Deli - Loại Dày Cao Cấp, Nhiều Hoạ Tiết, Bảo Vệ Quần Áo, Chăn Ga Khỏi Ẩm, Nấm Mốc, Chống Nước Tuyệt Đối		5	Cực kì hài lòng. Dùng bằng máy hút bụi -sử dụng tốt	2023-06-20 13:40:33	2026-09-28 21:47:45
tk_18677272	tiki	169978766	general	Túi Hút Chân Không Đựng Quần Áo, Chăn Ga Gối, Thú Bông Deli - Loại Dày Cao Cấp, Nhiều Hoạ Tiết, Bảo Vệ Quần Áo, Chăn Ga Khỏi Ẩm, Nấm Mốc, Chống Nước Tuyệt Đối		5	Cực kì hài lòng. Sản phẩm tốt, đóng gói chắc chắn	2023-01-24 16:22:41	2026-09-28 21:47:45
tk_18677265	tiki	169978766	general	Túi Hút Chân Không Đựng Quần Áo, Chăn Ga Gối, Thú Bông Deli - Loại Dày Cao Cấp, Nhiều Hoạ Tiết, Bảo Vệ Quần Áo, Chăn Ga Khỏi Ẩm, Nấm Mốc, Chống Nước Tuyệt Đối		5	Cực kì hài lòng. Sản phẩm tốt, đóng gói chắc chắn	2023-01-24 16:21:03	2026-09-28 21:47:45
tk_19687037	tiki	169978766	general	Túi Hút Chân Không Đựng Quần Áo, Chăn Ga Gối, Thú Bông Deli - Loại Dày Cao Cấp, Nhiều Hoạ Tiết, Bảo Vệ Quần Áo, Chăn Ga Khỏi Ẩm, Nấm Mốc, Chống Nước Tuyệt Đối		5	Cực kì hài lòng.	2023-12-18 23:04:56	2026-09-28 21:47:45
tk_17366145	tiki	169978766	general	Túi Hút Chân Không Đựng Quần Áo, Chăn Ga Gối, Thú Bông Deli - Loại Dày Cao Cấp, Nhiều Hoạ Tiết, Bảo Vệ Quần Áo, Chăn Ga Khỏi Ẩm, Nấm Mốc, Chống Nước Tuyệt Đối		5	Cực kì hài lòng. Nilon dày dặn, van khít, đã thử khi chưa nhét đồ, sử dụng bình thường	2022-08-10 14:03:07	2026-09-28 21:47:45
tk_17366136	tiki	169978766	general	Túi Hút Chân Không Đựng Quần Áo, Chăn Ga Gối, Thú Bông Deli - Loại Dày Cao Cấp, Nhiều Hoạ Tiết, Bảo Vệ Quần Áo, Chăn Ga Khỏi Ẩm, Nấm Mốc, Chống Nước Tuyệt Đối		5	Cực kì hài lòng. Nilon dày dặn, van khít, đã thử khi chưa nhét đồ, sử dụng bình thường	2022-08-10 14:02:45	2026-09-28 21:47:47
tk_18866381	tiki	169978766	general	Túi Hút Chân Không Đựng Quần Áo, Chăn Ga Gối, Thú Bông Deli - Loại Dày Cao Cấp, Nhiều Hoạ Tiết, Bảo Vệ Quần Áo, Chăn Ga Khỏi Ẩm, Nấm Mốc, Chống Nước Tuyệt Đối		5	Cực kì hài lòng. Mua 5 mà gửi có 3. Mình k để ý giờ mới thấy thiếu😬😬😬	2023-02-25 20:21:59	2026-09-28 21:47:47
tk_18752627	tiki	169978766	general	Túi Hút Chân Không Đựng Quần Áo, Chăn Ga Gối, Thú Bông Deli - Loại Dày Cao Cấp, Nhiều Hoạ Tiết, Bảo Vệ Quần Áo, Chăn Ga Khỏi Ẩm, Nấm Mốc, Chống Nước Tuyệt Đối		5	Cực kì hài lòng. Chất liệu sản phẩm chắc chắn, với giá tiền đó dùng được	2023-02-06 20:30:08	2026-09-28 21:47:47
tk_17366154	tiki	169978766	general	Túi Hút Chân Không Đựng Quần Áo, Chăn Ga Gối, Thú Bông Deli - Loại Dày Cao Cấp, Nhiều Hoạ Tiết, Bảo Vệ Quần Áo, Chăn Ga Khỏi Ẩm, Nấm Mốc, Chống Nước Tuyệt Đối		5	Cực kì hài lòng. Đã lắp dùng thử với túi, hoạt động bình thường, không lỗi	2022-08-10 14:03:42	2026-09-28 21:47:47
tk_19631751	tiki	169978766	general	Túi Hút Chân Không Đựng Quần Áo, Chăn Ga Gối, Thú Bông Deli - Loại Dày Cao Cấp, Nhiều Hoạ Tiết, Bảo Vệ Quần Áo, Chăn Ga Khỏi Ẩm, Nấm Mốc, Chống Nước Tuyệt Đối		5	Cực kì hài lòng.	2023-11-06 13:57:12	2026-09-28 21:47:47
tk_19595035	tiki	169978766	general	Túi Hút Chân Không Đựng Quần Áo, Chăn Ga Gối, Thú Bông Deli - Loại Dày Cao Cấp, Nhiều Hoạ Tiết, Bảo Vệ Quần Áo, Chăn Ga Khỏi Ẩm, Nấm Mốc, Chống Nước Tuyệt Đối		5	Cực kì hài lòng.	2023-10-17 12:26:26	2026-09-28 21:47:47
tk_19595036	tiki	169978766	general	Túi Hút Chân Không Đựng Quần Áo, Chăn Ga Gối, Thú Bông Deli - Loại Dày Cao Cấp, Nhiều Hoạ Tiết, Bảo Vệ Quần Áo, Chăn Ga Khỏi Ẩm, Nấm Mốc, Chống Nước Tuyệt Đối		5	Cực kì hài lòng.	2023-10-17 12:26:29	2026-09-28 21:47:47
tk_19316091	tiki	169978766	general	Túi Hút Chân Không Đựng Quần Áo, Chăn Ga Gối, Thú Bông Deli - Loại Dày Cao Cấp, Nhiều Hoạ Tiết, Bảo Vệ Quần Áo, Chăn Ga Khỏi Ẩm, Nấm Mốc, Chống Nước Tuyệt Đối		5	Cực kì hài lòng. Đẹp, đại, dễ sử dụng	2023-06-22 10:00:47	2026-09-28 21:47:47
tk_19591782	tiki	169978766	general	Túi Hút Chân Không Đựng Quần Áo, Chăn Ga Gối, Thú Bông Deli - Loại Dày Cao Cấp, Nhiều Hoạ Tiết, Bảo Vệ Quần Áo, Chăn Ga Khỏi Ẩm, Nấm Mốc, Chống Nước Tuyệt Đối		5	Cực kì hài lòng.	2023-10-15 20:22:22	2026-09-28 21:47:47
tk_19567678	tiki	169978766	general	Túi Hút Chân Không Đựng Quần Áo, Chăn Ga Gối, Thú Bông Deli - Loại Dày Cao Cấp, Nhiều Hoạ Tiết, Bảo Vệ Quần Áo, Chăn Ga Khỏi Ẩm, Nấm Mốc, Chống Nước Tuyệt Đối		5	Cực kì hài lòng.	2023-10-04 03:14:19	2026-09-28 21:47:47
tk_17998218	tiki	169978766	general	Túi Hút Chân Không Đựng Quần Áo, Chăn Ga Gối, Thú Bông Deli - Loại Dày Cao Cấp, Nhiều Hoạ Tiết, Bảo Vệ Quần Áo, Chăn Ga Khỏi Ẩm, Nấm Mốc, Chống Nước Tuyệt Đối		2	Không hài lòng. Được 1 lúc thì phùng ra cái đ** gì miền Bắc người ta đánh giá nhiều thế	2022-10-19 17:13:40	2026-09-28 21:47:47
tk_18951523	tiki	169978766	general	Túi Hút Chân Không Đựng Quần Áo, Chăn Ga Gối, Thú Bông Deli - Loại Dày Cao Cấp, Nhiều Hoạ Tiết, Bảo Vệ Quần Áo, Chăn Ga Khỏi Ẩm, Nấm Mốc, Chống Nước Tuyệt Đối		5	Cực kì hài lòng. ok. chắc chắn. giao hàng nhanh. bọc cẩn thận	2023-03-13 17:14:02	2026-09-28 21:47:47
tk_19001493	tiki	169978766	general	Túi Hút Chân Không Đựng Quần Áo, Chăn Ga Gối, Thú Bông Deli - Loại Dày Cao Cấp, Nhiều Hoạ Tiết, Bảo Vệ Quần Áo, Chăn Ga Khỏi Ẩm, Nấm Mốc, Chống Nước Tuyệt Đối		5	Cực kì hài lòng. Tốt, tiện dụng để xếp đồ gọn gàng.	2023-03-23 21:28:41	2026-09-28 21:47:47
tk_19310743	tiki	169978766	general	Túi Hút Chân Không Đựng Quần Áo, Chăn Ga Gối, Thú Bông Deli - Loại Dày Cao Cấp, Nhiều Hoạ Tiết, Bảo Vệ Quần Áo, Chăn Ga Khỏi Ẩm, Nấm Mốc, Chống Nước Tuyệt Đối		5	Cực kì hài lòng. Sử dụng tốt.	2023-06-20 13:39:44	2026-09-28 21:47:47
tk_18123910	tiki	169978766	general	Túi Hút Chân Không Đựng Quần Áo, Chăn Ga Gối, Thú Bông Deli - Loại Dày Cao Cấp, Nhiều Hoạ Tiết, Bảo Vệ Quần Áo, Chăn Ga Khỏi Ẩm, Nấm Mốc, Chống Nước Tuyệt Đối		4	Hài lòng. Mất vài túi không dùng được	2022-11-04 16:11:59	2026-09-28 21:47:47
tk_19497487	tiki	169978766	general	Túi Hút Chân Không Đựng Quần Áo, Chăn Ga Gối, Thú Bông Deli - Loại Dày Cao Cấp, Nhiều Hoạ Tiết, Bảo Vệ Quần Áo, Chăn Ga Khỏi Ẩm, Nấm Mốc, Chống Nước Tuyệt Đối		5	Cực kì hài lòng.	2023-08-30 22:02:13	2026-09-28 21:47:47
tk_19497488	tiki	169978766	general	Túi Hút Chân Không Đựng Quần Áo, Chăn Ga Gối, Thú Bông Deli - Loại Dày Cao Cấp, Nhiều Hoạ Tiết, Bảo Vệ Quần Áo, Chăn Ga Khỏi Ẩm, Nấm Mốc, Chống Nước Tuyệt Đối		5	Cực kì hài lòng.	2023-08-30 22:02:20	2026-09-28 21:47:47
tk_19497490	tiki	169978766	general	Túi Hút Chân Không Đựng Quần Áo, Chăn Ga Gối, Thú Bông Deli - Loại Dày Cao Cấp, Nhiều Hoạ Tiết, Bảo Vệ Quần Áo, Chăn Ga Khỏi Ẩm, Nấm Mốc, Chống Nước Tuyệt Đối		5	Cực kì hài lòng.	2023-08-30 22:02:26	2026-09-28 21:47:47
tk_19497491	tiki	169978766	general	Túi Hút Chân Không Đựng Quần Áo, Chăn Ga Gối, Thú Bông Deli - Loại Dày Cao Cấp, Nhiều Hoạ Tiết, Bảo Vệ Quần Áo, Chăn Ga Khỏi Ẩm, Nấm Mốc, Chống Nước Tuyệt Đối		5	Cực kì hài lòng.	2023-08-30 22:02:34	2026-09-28 21:47:47
tk_19497492	tiki	169978766	general	Túi Hút Chân Không Đựng Quần Áo, Chăn Ga Gối, Thú Bông Deli - Loại Dày Cao Cấp, Nhiều Hoạ Tiết, Bảo Vệ Quần Áo, Chăn Ga Khỏi Ẩm, Nấm Mốc, Chống Nước Tuyệt Đối		5	Cực kì hài lòng.	2023-08-30 22:02:39	2026-09-28 21:47:49
tk_19497482	tiki	169978766	general	Túi Hút Chân Không Đựng Quần Áo, Chăn Ga Gối, Thú Bông Deli - Loại Dày Cao Cấp, Nhiều Hoạ Tiết, Bảo Vệ Quần Áo, Chăn Ga Khỏi Ẩm, Nấm Mốc, Chống Nước Tuyệt Đối		5	Cực kì hài lòng.	2023-08-30 22:01:39	2026-09-28 21:47:49
tk_19497483	tiki	169978766	general	Túi Hút Chân Không Đựng Quần Áo, Chăn Ga Gối, Thú Bông Deli - Loại Dày Cao Cấp, Nhiều Hoạ Tiết, Bảo Vệ Quần Áo, Chăn Ga Khỏi Ẩm, Nấm Mốc, Chống Nước Tuyệt Đối		5	Cực kì hài lòng.	2023-08-30 22:01:49	2026-09-28 21:47:49
tk_19497484	tiki	169978766	general	Túi Hút Chân Không Đựng Quần Áo, Chăn Ga Gối, Thú Bông Deli - Loại Dày Cao Cấp, Nhiều Hoạ Tiết, Bảo Vệ Quần Áo, Chăn Ga Khỏi Ẩm, Nấm Mốc, Chống Nước Tuyệt Đối		5	Cực kì hài lòng.	2023-08-30 22:01:57	2026-09-28 21:47:49
tk_19446833	tiki	169978766	general	Túi Hút Chân Không Đựng Quần Áo, Chăn Ga Gối, Thú Bông Deli - Loại Dày Cao Cấp, Nhiều Hoạ Tiết, Bảo Vệ Quần Áo, Chăn Ga Khỏi Ẩm, Nấm Mốc, Chống Nước Tuyệt Đối		5	Cực kì hài lòng.	2023-08-10 05:58:44	2026-09-28 21:47:49
tk_18003452	tiki	169978766	general	Túi Hút Chân Không Đựng Quần Áo, Chăn Ga Gối, Thú Bông Deli - Loại Dày Cao Cấp, Nhiều Hoạ Tiết, Bảo Vệ Quần Áo, Chăn Ga Khỏi Ẩm, Nấm Mốc, Chống Nước Tuyệt Đối		5	Cực kì hài lòng. Tốt, hình thức đẹp. Nếu cần đến túi chân không sẽ mua lại	2022-10-20 12:10:17	2026-09-28 21:47:49
tk_19421542	tiki	169978766	general	Túi Hút Chân Không Đựng Quần Áo, Chăn Ga Gối, Thú Bông Deli - Loại Dày Cao Cấp, Nhiều Hoạ Tiết, Bảo Vệ Quần Áo, Chăn Ga Khỏi Ẩm, Nấm Mốc, Chống Nước Tuyệt Đối		5	Cực kì hài lòng.	2023-07-31 00:09:12	2026-09-28 21:47:49
tk_19398020	tiki	169978766	general	Túi Hút Chân Không Đựng Quần Áo, Chăn Ga Gối, Thú Bông Deli - Loại Dày Cao Cấp, Nhiều Hoạ Tiết, Bảo Vệ Quần Áo, Chăn Ga Khỏi Ẩm, Nấm Mốc, Chống Nước Tuyệt Đối		5	Cực kì hài lòng.	2023-07-21 20:12:22	2026-09-28 21:47:49
tk_19395848	tiki	169978766	general	Túi Hút Chân Không Đựng Quần Áo, Chăn Ga Gối, Thú Bông Deli - Loại Dày Cao Cấp, Nhiều Hoạ Tiết, Bảo Vệ Quần Áo, Chăn Ga Khỏi Ẩm, Nấm Mốc, Chống Nước Tuyệt Đối		5	Cực kì hài lòng.	2023-07-20 22:23:53	2026-09-28 21:47:49
tk_19395849	tiki	169978766	general	Túi Hút Chân Không Đựng Quần Áo, Chăn Ga Gối, Thú Bông Deli - Loại Dày Cao Cấp, Nhiều Hoạ Tiết, Bảo Vệ Quần Áo, Chăn Ga Khỏi Ẩm, Nấm Mốc, Chống Nước Tuyệt Đối		5	Cực kì hài lòng.	2023-07-20 22:24:00	2026-09-28 21:47:49
tk_19395852	tiki	169978766	general	Túi Hút Chân Không Đựng Quần Áo, Chăn Ga Gối, Thú Bông Deli - Loại Dày Cao Cấp, Nhiều Hoạ Tiết, Bảo Vệ Quần Áo, Chăn Ga Khỏi Ẩm, Nấm Mốc, Chống Nước Tuyệt Đối		5	Cực kì hài lòng.	2023-07-20 22:24:12	2026-09-28 21:47:49
tk_19395844	tiki	169978766	general	Túi Hút Chân Không Đựng Quần Áo, Chăn Ga Gối, Thú Bông Deli - Loại Dày Cao Cấp, Nhiều Hoạ Tiết, Bảo Vệ Quần Áo, Chăn Ga Khỏi Ẩm, Nấm Mốc, Chống Nước Tuyệt Đối		5	Cực kì hài lòng.	2023-07-20 22:23:29	2026-09-28 21:47:49
tk_19395847	tiki	169978766	general	Túi Hút Chân Không Đựng Quần Áo, Chăn Ga Gối, Thú Bông Deli - Loại Dày Cao Cấp, Nhiều Hoạ Tiết, Bảo Vệ Quần Áo, Chăn Ga Khỏi Ẩm, Nấm Mốc, Chống Nước Tuyệt Đối		5	Cực kì hài lòng.	2023-07-20 22:23:46	2026-09-28 21:47:49
tk_19371795	tiki	169978766	general	Túi Hút Chân Không Đựng Quần Áo, Chăn Ga Gối, Thú Bông Deli - Loại Dày Cao Cấp, Nhiều Hoạ Tiết, Bảo Vệ Quần Áo, Chăn Ga Khỏi Ẩm, Nấm Mốc, Chống Nước Tuyệt Đối		5	Cực kì hài lòng.	2023-07-12 11:26:24	2026-09-28 21:47:49
tk_19371796	tiki	169978766	general	Túi Hút Chân Không Đựng Quần Áo, Chăn Ga Gối, Thú Bông Deli - Loại Dày Cao Cấp, Nhiều Hoạ Tiết, Bảo Vệ Quần Áo, Chăn Ga Khỏi Ẩm, Nấm Mốc, Chống Nước Tuyệt Đối		5	Cực kì hài lòng.	2023-07-12 11:26:24	2026-09-28 21:47:49
tk_19371809	tiki	169978766	general	Túi Hút Chân Không Đựng Quần Áo, Chăn Ga Gối, Thú Bông Deli - Loại Dày Cao Cấp, Nhiều Hoạ Tiết, Bảo Vệ Quần Áo, Chăn Ga Khỏi Ẩm, Nấm Mốc, Chống Nước Tuyệt Đối		5	Cực kì hài lòng.	2023-07-12 11:26:24	2026-09-28 21:47:49
tk_19362042	tiki	169978766	general	Túi Hút Chân Không Đựng Quần Áo, Chăn Ga Gối, Thú Bông Deli - Loại Dày Cao Cấp, Nhiều Hoạ Tiết, Bảo Vệ Quần Áo, Chăn Ga Khỏi Ẩm, Nấm Mốc, Chống Nước Tuyệt Đối		5	Cực kì hài lòng.	2023-07-08 22:56:17	2026-09-28 21:47:49
tk_18123799	tiki	169978766	general	Túi Hút Chân Không Đựng Quần Áo, Chăn Ga Gối, Thú Bông Deli - Loại Dày Cao Cấp, Nhiều Hoạ Tiết, Bảo Vệ Quần Áo, Chăn Ga Khỏi Ẩm, Nấm Mốc, Chống Nước Tuyệt Đối		3	Bình thường. Có cái không dùng được, đế vài tiếng là đầy khí	2022-11-04 15:59:24	2026-09-28 21:47:49
tk_19346565	tiki	169978766	general	Túi Hút Chân Không Đựng Quần Áo, Chăn Ga Gối, Thú Bông Deli - Loại Dày Cao Cấp, Nhiều Hoạ Tiết, Bảo Vệ Quần Áo, Chăn Ga Khỏi Ẩm, Nấm Mốc, Chống Nước Tuyệt Đối		5	Cực kì hài lòng.	2023-07-03 15:08:28	2026-09-28 21:47:51
tk_19336107	tiki	169978766	general	Túi Hút Chân Không Đựng Quần Áo, Chăn Ga Gối, Thú Bông Deli - Loại Dày Cao Cấp, Nhiều Hoạ Tiết, Bảo Vệ Quần Áo, Chăn Ga Khỏi Ẩm, Nấm Mốc, Chống Nước Tuyệt Đối		5	Cực kì hài lòng.	2023-06-29 15:44:06	2026-09-28 21:47:51
tk_19322041	tiki	169978766	general	Túi Hút Chân Không Đựng Quần Áo, Chăn Ga Gối, Thú Bông Deli - Loại Dày Cao Cấp, Nhiều Hoạ Tiết, Bảo Vệ Quần Áo, Chăn Ga Khỏi Ẩm, Nấm Mốc, Chống Nước Tuyệt Đối		5	Cực kì hài lòng.	2023-06-24 13:20:51	2026-09-28 21:47:51
tk_19322042	tiki	169978766	general	Túi Hút Chân Không Đựng Quần Áo, Chăn Ga Gối, Thú Bông Deli - Loại Dày Cao Cấp, Nhiều Hoạ Tiết, Bảo Vệ Quần Áo, Chăn Ga Khỏi Ẩm, Nấm Mốc, Chống Nước Tuyệt Đối		5	Cực kì hài lòng.	2023-06-24 13:20:58	2026-09-28 21:47:51
tk_19316092	tiki	169978766	general	Túi Hút Chân Không Đựng Quần Áo, Chăn Ga Gối, Thú Bông Deli - Loại Dày Cao Cấp, Nhiều Hoạ Tiết, Bảo Vệ Quần Áo, Chăn Ga Khỏi Ẩm, Nấm Mốc, Chống Nước Tuyệt Đối		5	Cực kì hài lòng.	2023-06-22 10:00:55	2026-09-28 21:47:51
tk_19316093	tiki	169978766	general	Túi Hút Chân Không Đựng Quần Áo, Chăn Ga Gối, Thú Bông Deli - Loại Dày Cao Cấp, Nhiều Hoạ Tiết, Bảo Vệ Quần Áo, Chăn Ga Khỏi Ẩm, Nấm Mốc, Chống Nước Tuyệt Đối		5	Cực kì hài lòng.	2023-06-22 10:01:01	2026-09-28 21:47:51
tk_19316094	tiki	169978766	general	Túi Hút Chân Không Đựng Quần Áo, Chăn Ga Gối, Thú Bông Deli - Loại Dày Cao Cấp, Nhiều Hoạ Tiết, Bảo Vệ Quần Áo, Chăn Ga Khỏi Ẩm, Nấm Mốc, Chống Nước Tuyệt Đối		5	Cực kì hài lòng.	2023-06-22 10:01:06	2026-09-28 21:47:51
tk_19291400	tiki	169978766	general	Túi Hút Chân Không Đựng Quần Áo, Chăn Ga Gối, Thú Bông Deli - Loại Dày Cao Cấp, Nhiều Hoạ Tiết, Bảo Vệ Quần Áo, Chăn Ga Khỏi Ẩm, Nấm Mốc, Chống Nước Tuyệt Đối		5	Cực kì hài lòng.	2023-06-13 23:56:54	2026-09-28 21:47:51
tk_18121126	tiki	169978766	general	Túi Hút Chân Không Đựng Quần Áo, Chăn Ga Gối, Thú Bông Deli - Loại Dày Cao Cấp, Nhiều Hoạ Tiết, Bảo Vệ Quần Áo, Chăn Ga Khỏi Ẩm, Nấm Mốc, Chống Nước Tuyệt Đối		5	Cực kì hài lòng. Rất ok . Vội quá k chụp hình lại . Cảm ơn shop	2022-11-04 10:19:13	2026-09-28 21:47:51
tk_19001487	tiki	169978766	general	Túi Hút Chân Không Đựng Quần Áo, Chăn Ga Gối, Thú Bông Deli - Loại Dày Cao Cấp, Nhiều Hoạ Tiết, Bảo Vệ Quần Áo, Chăn Ga Khỏi Ẩm, Nấm Mốc, Chống Nước Tuyệt Đối		5	Cực kì hài lòng. Tiện, gọn gàng.	2023-03-23 21:27:46	2026-09-28 21:47:51
tk_19248661	tiki	169978766	general	Túi Hút Chân Không Đựng Quần Áo, Chăn Ga Gối, Thú Bông Deli - Loại Dày Cao Cấp, Nhiều Hoạ Tiết, Bảo Vệ Quần Áo, Chăn Ga Khỏi Ẩm, Nấm Mốc, Chống Nước Tuyệt Đối		5	Cực kì hài lòng.	2023-05-31 22:53:50	2026-09-28 21:47:51
tk_19237458	tiki	169978766	general	Túi Hút Chân Không Đựng Quần Áo, Chăn Ga Gối, Thú Bông Deli - Loại Dày Cao Cấp, Nhiều Hoạ Tiết, Bảo Vệ Quần Áo, Chăn Ga Khỏi Ẩm, Nấm Mốc, Chống Nước Tuyệt Đối		5	Cực kì hài lòng.	2023-05-28 12:24:53	2026-09-28 21:47:51
tk_19230262	tiki	169978766	general	Túi Hút Chân Không Đựng Quần Áo, Chăn Ga Gối, Thú Bông Deli - Loại Dày Cao Cấp, Nhiều Hoạ Tiết, Bảo Vệ Quần Áo, Chăn Ga Khỏi Ẩm, Nấm Mốc, Chống Nước Tuyệt Đối		5	Cực kì hài lòng.	2023-05-26 05:50:14	2026-09-28 21:47:51
tk_19229770	tiki	169978766	general	Túi Hút Chân Không Đựng Quần Áo, Chăn Ga Gối, Thú Bông Deli - Loại Dày Cao Cấp, Nhiều Hoạ Tiết, Bảo Vệ Quần Áo, Chăn Ga Khỏi Ẩm, Nấm Mốc, Chống Nước Tuyệt Đối		5	Cực kì hài lòng.	2023-05-25 21:24:04	2026-09-28 21:47:51
tk_18612299	tiki	169978766	general	Túi Hút Chân Không Đựng Quần Áo, Chăn Ga Gối, Thú Bông Deli - Loại Dày Cao Cấp, Nhiều Hoạ Tiết, Bảo Vệ Quần Áo, Chăn Ga Khỏi Ẩm, Nấm Mốc, Chống Nước Tuyệt Đối		5	Cực kì hài lòng. Túi dày dặn, hình dễ thương	2023-01-10 18:15:08	2026-09-28 21:47:51
tk_19200268	tiki	169978766	general	Túi Hút Chân Không Đựng Quần Áo, Chăn Ga Gối, Thú Bông Deli - Loại Dày Cao Cấp, Nhiều Hoạ Tiết, Bảo Vệ Quần Áo, Chăn Ga Khỏi Ẩm, Nấm Mốc, Chống Nước Tuyệt Đối		5	Cực kì hài lòng.	2023-05-16 16:08:48	2026-09-28 21:47:53
tk_18612317	tiki	169978766	general	Túi Hút Chân Không Đựng Quần Áo, Chăn Ga Gối, Thú Bông Deli - Loại Dày Cao Cấp, Nhiều Hoạ Tiết, Bảo Vệ Quần Áo, Chăn Ga Khỏi Ẩm, Nấm Mốc, Chống Nước Tuyệt Đối		5	Cực kì hài lòng. Sản phẩm chất lượng	2023-01-10 18:17:27	2026-09-28 21:47:53
tk_19115182	tiki	169978766	general	Túi Hút Chân Không Đựng Quần Áo, Chăn Ga Gối, Thú Bông Deli - Loại Dày Cao Cấp, Nhiều Hoạ Tiết, Bảo Vệ Quần Áo, Chăn Ga Khỏi Ẩm, Nấm Mốc, Chống Nước Tuyệt Đối		5	Cực kì hài lòng.	2023-04-21 09:35:36	2026-09-28 21:47:53
tk_18287533	tiki	169978766	general	Túi Hút Chân Không Đựng Quần Áo, Chăn Ga Gối, Thú Bông Deli - Loại Dày Cao Cấp, Nhiều Hoạ Tiết, Bảo Vệ Quần Áo, Chăn Ga Khỏi Ẩm, Nấm Mốc, Chống Nước Tuyệt Đối		5	Cực kì hài lòng. Túi zip và bơm tay dùng rất tốt.	2022-11-25 21:43:34	2026-09-28 21:47:53
tk_19107511	tiki	169978766	general	Túi Hút Chân Không Đựng Quần Áo, Chăn Ga Gối, Thú Bông Deli - Loại Dày Cao Cấp, Nhiều Hoạ Tiết, Bảo Vệ Quần Áo, Chăn Ga Khỏi Ẩm, Nấm Mốc, Chống Nước Tuyệt Đối		5	Cực kì hài lòng.	2023-04-19 08:56:53	2026-09-28 21:47:53
tk_19107512	tiki	169978766	general	Túi Hút Chân Không Đựng Quần Áo, Chăn Ga Gối, Thú Bông Deli - Loại Dày Cao Cấp, Nhiều Hoạ Tiết, Bảo Vệ Quần Áo, Chăn Ga Khỏi Ẩm, Nấm Mốc, Chống Nước Tuyệt Đối		5	Cực kì hài lòng.	2023-04-19 08:56:58	2026-09-28 21:47:53
tk_19075370	tiki	169978766	general	Túi Hút Chân Không Đựng Quần Áo, Chăn Ga Gối, Thú Bông Deli - Loại Dày Cao Cấp, Nhiều Hoạ Tiết, Bảo Vệ Quần Áo, Chăn Ga Khỏi Ẩm, Nấm Mốc, Chống Nước Tuyệt Đối		5	Cực kì hài lòng.	2023-04-10 16:40:22	2026-09-28 21:47:53
tk_19053892	tiki	169978766	general	Túi Hút Chân Không Đựng Quần Áo, Chăn Ga Gối, Thú Bông Deli - Loại Dày Cao Cấp, Nhiều Hoạ Tiết, Bảo Vệ Quần Áo, Chăn Ga Khỏi Ẩm, Nấm Mốc, Chống Nước Tuyệt Đối		5	Cực kì hài lòng.	2023-04-05 10:36:39	2026-09-28 21:47:53
tk_18349589	tiki	169978766	general	Túi Hút Chân Không Đựng Quần Áo, Chăn Ga Gối, Thú Bông Deli - Loại Dày Cao Cấp, Nhiều Hoạ Tiết, Bảo Vệ Quần Áo, Chăn Ga Khỏi Ẩm, Nấm Mốc, Chống Nước Tuyệt Đối		5	Cực kì hài lòng. Sản phẩm tốt, gia hợp lý	2022-12-05 08:58:22	2026-09-28 21:47:53
tk_19038703	tiki	169978766	general	Túi Hút Chân Không Đựng Quần Áo, Chăn Ga Gối, Thú Bông Deli - Loại Dày Cao Cấp, Nhiều Hoạ Tiết, Bảo Vệ Quần Áo, Chăn Ga Khỏi Ẩm, Nấm Mốc, Chống Nước Tuyệt Đối		5	Cực kì hài lòng.	2023-04-01 19:26:07	2026-09-28 21:47:53
tk_19001490	tiki	169978766	general	Túi Hút Chân Không Đựng Quần Áo, Chăn Ga Gối, Thú Bông Deli - Loại Dày Cao Cấp, Nhiều Hoạ Tiết, Bảo Vệ Quần Áo, Chăn Ga Khỏi Ẩm, Nấm Mốc, Chống Nước Tuyệt Đối		5	Cực kì hài lòng.	2023-03-23 21:28:17	2026-09-28 21:47:53
tk_17448781	tiki	169978766	general	Túi Hút Chân Không Đựng Quần Áo, Chăn Ga Gối, Thú Bông Deli - Loại Dày Cao Cấp, Nhiều Hoạ Tiết, Bảo Vệ Quần Áo, Chăn Ga Khỏi Ẩm, Nấm Mốc, Chống Nước Tuyệt Đối		3	Bình thường. Hút khá lâu nhg giữ o đc lâu, để nhanh bị hở	2022-08-18 10:24:37	2026-09-28 21:47:53
tk_18612322	tiki	169978766	general	Túi Hút Chân Không Đựng Quần Áo, Chăn Ga Gối, Thú Bông Deli - Loại Dày Cao Cấp, Nhiều Hoạ Tiết, Bảo Vệ Quần Áo, Chăn Ga Khỏi Ẩm, Nấm Mốc, Chống Nước Tuyệt Đối		5	Cực kì hài lòng. Sản phẩm tốt	2023-01-10 18:17:48	2026-09-28 21:47:53
tk_18123836	tiki	169978766	general	Túi Hút Chân Không Đựng Quần Áo, Chăn Ga Gối, Thú Bông Deli - Loại Dày Cao Cấp, Nhiều Hoạ Tiết, Bảo Vệ Quần Áo, Chăn Ga Khỏi Ẩm, Nấm Mốc, Chống Nước Tuyệt Đối		5	Cực kì hài lòng. Bị vài cái không dùng được	2022-11-04 16:03:06	2026-09-28 21:47:53
tk_18956454	tiki	169978766	general	Túi Hút Chân Không Đựng Quần Áo, Chăn Ga Gối, Thú Bông Deli - Loại Dày Cao Cấp, Nhiều Hoạ Tiết, Bảo Vệ Quần Áo, Chăn Ga Khỏi Ẩm, Nấm Mốc, Chống Nước Tuyệt Đối		5	Cực kì hài lòng.	2023-03-14 16:39:48	2026-09-28 21:47:53
tk_18956457	tiki	169978766	general	Túi Hút Chân Không Đựng Quần Áo, Chăn Ga Gối, Thú Bông Deli - Loại Dày Cao Cấp, Nhiều Hoạ Tiết, Bảo Vệ Quần Áo, Chăn Ga Khỏi Ẩm, Nấm Mốc, Chống Nước Tuyệt Đối		5	Cực kì hài lòng.	2023-03-14 16:39:56	2026-09-28 21:47:55
tk_18953988	tiki	169978766	general	Túi Hút Chân Không Đựng Quần Áo, Chăn Ga Gối, Thú Bông Deli - Loại Dày Cao Cấp, Nhiều Hoạ Tiết, Bảo Vệ Quần Áo, Chăn Ga Khỏi Ẩm, Nấm Mốc, Chống Nước Tuyệt Đối		5	Cực kì hài lòng.	2023-03-14 08:56:25	2026-09-28 21:47:55
tk_18951521	tiki	169978766	general	Túi Hút Chân Không Đựng Quần Áo, Chăn Ga Gối, Thú Bông Deli - Loại Dày Cao Cấp, Nhiều Hoạ Tiết, Bảo Vệ Quần Áo, Chăn Ga Khỏi Ẩm, Nấm Mốc, Chống Nước Tuyệt Đối		5	Cực kì hài lòng.	2023-03-13 17:13:56	2026-09-28 21:47:55
tk_18951522	tiki	169978766	general	Túi Hút Chân Không Đựng Quần Áo, Chăn Ga Gối, Thú Bông Deli - Loại Dày Cao Cấp, Nhiều Hoạ Tiết, Bảo Vệ Quần Áo, Chăn Ga Khỏi Ẩm, Nấm Mốc, Chống Nước Tuyệt Đối		5	Cực kì hài lòng.	2023-03-13 17:13:59	2026-09-28 21:47:55
tk_18942373	tiki	169978766	general	Túi Hút Chân Không Đựng Quần Áo, Chăn Ga Gối, Thú Bông Deli - Loại Dày Cao Cấp, Nhiều Hoạ Tiết, Bảo Vệ Quần Áo, Chăn Ga Khỏi Ẩm, Nấm Mốc, Chống Nước Tuyệt Đối		5	Cực kì hài lòng.	2023-03-11 16:53:22	2026-09-28 21:47:55
tk_18931411	tiki	169978766	general	Túi Hút Chân Không Đựng Quần Áo, Chăn Ga Gối, Thú Bông Deli - Loại Dày Cao Cấp, Nhiều Hoạ Tiết, Bảo Vệ Quần Áo, Chăn Ga Khỏi Ẩm, Nấm Mốc, Chống Nước Tuyệt Đối		5	Cực kì hài lòng.	2023-03-09 15:10:07	2026-09-28 21:47:55
tk_18931413	tiki	169978766	general	Túi Hút Chân Không Đựng Quần Áo, Chăn Ga Gối, Thú Bông Deli - Loại Dày Cao Cấp, Nhiều Hoạ Tiết, Bảo Vệ Quần Áo, Chăn Ga Khỏi Ẩm, Nấm Mốc, Chống Nước Tuyệt Đối		5	Cực kì hài lòng.	2023-03-09 15:10:23	2026-09-28 21:47:55
tk_18918185	tiki	169978766	general	Túi Hút Chân Không Đựng Quần Áo, Chăn Ga Gối, Thú Bông Deli - Loại Dày Cao Cấp, Nhiều Hoạ Tiết, Bảo Vệ Quần Áo, Chăn Ga Khỏi Ẩm, Nấm Mốc, Chống Nước Tuyệt Đối		5	Cực kì hài lòng.	2023-03-07 08:59:42	2026-09-28 21:47:55
tk_18918186	tiki	169978766	general	Túi Hút Chân Không Đựng Quần Áo, Chăn Ga Gối, Thú Bông Deli - Loại Dày Cao Cấp, Nhiều Hoạ Tiết, Bảo Vệ Quần Áo, Chăn Ga Khỏi Ẩm, Nấm Mốc, Chống Nước Tuyệt Đối		5	Cực kì hài lòng.	2023-03-07 08:59:48	2026-09-28 21:47:55
tk_18917147	tiki	169978766	general	Túi Hút Chân Không Đựng Quần Áo, Chăn Ga Gối, Thú Bông Deli - Loại Dày Cao Cấp, Nhiều Hoạ Tiết, Bảo Vệ Quần Áo, Chăn Ga Khỏi Ẩm, Nấm Mốc, Chống Nước Tuyệt Đối		5	Cực kì hài lòng.	2023-03-06 23:07:19	2026-09-28 21:47:55
tk_18905990	tiki	169978766	general	Túi Hút Chân Không Đựng Quần Áo, Chăn Ga Gối, Thú Bông Deli - Loại Dày Cao Cấp, Nhiều Hoạ Tiết, Bảo Vệ Quần Áo, Chăn Ga Khỏi Ẩm, Nấm Mốc, Chống Nước Tuyệt Đối		5	Cực kì hài lòng.	2023-03-05 07:38:58	2026-09-28 21:47:55
tk_18905991	tiki	169978766	general	Túi Hút Chân Không Đựng Quần Áo, Chăn Ga Gối, Thú Bông Deli - Loại Dày Cao Cấp, Nhiều Hoạ Tiết, Bảo Vệ Quần Áo, Chăn Ga Khỏi Ẩm, Nấm Mốc, Chống Nước Tuyệt Đối		5	Cực kì hài lòng.	2023-03-05 07:38:58	2026-09-28 21:47:55
tk_18905992	tiki	169978766	general	Túi Hút Chân Không Đựng Quần Áo, Chăn Ga Gối, Thú Bông Deli - Loại Dày Cao Cấp, Nhiều Hoạ Tiết, Bảo Vệ Quần Áo, Chăn Ga Khỏi Ẩm, Nấm Mốc, Chống Nước Tuyệt Đối		5	Cực kì hài lòng.	2023-03-05 07:38:58	2026-09-28 21:47:55
tk_18893713	tiki	169978766	general	Túi Hút Chân Không Đựng Quần Áo, Chăn Ga Gối, Thú Bông Deli - Loại Dày Cao Cấp, Nhiều Hoạ Tiết, Bảo Vệ Quần Áo, Chăn Ga Khỏi Ẩm, Nấm Mốc, Chống Nước Tuyệt Đối		5	Cực kì hài lòng.	2023-03-03 07:32:20	2026-09-28 21:47:55
tk_17740566	tiki	169978766	general	Túi Hút Chân Không Đựng Quần Áo, Chăn Ga Gối, Thú Bông Deli - Loại Dày Cao Cấp, Nhiều Hoạ Tiết, Bảo Vệ Quần Áo, Chăn Ga Khỏi Ẩm, Nấm Mốc, Chống Nước Tuyệt Đối		5	Cực kì hài lòng.	2022-09-19 20:15:23	2026-09-28 21:47:55
tk_18847353	tiki	169978766	general	Túi Hút Chân Không Đựng Quần Áo, Chăn Ga Gối, Thú Bông Deli - Loại Dày Cao Cấp, Nhiều Hoạ Tiết, Bảo Vệ Quần Áo, Chăn Ga Khỏi Ẩm, Nấm Mốc, Chống Nước Tuyệt Đối		5	Cực kì hài lòng.	2023-02-22 15:16:43	2026-09-28 21:47:55
tk_18847356	tiki	169978766	general	Túi Hút Chân Không Đựng Quần Áo, Chăn Ga Gối, Thú Bông Deli - Loại Dày Cao Cấp, Nhiều Hoạ Tiết, Bảo Vệ Quần Áo, Chăn Ga Khỏi Ẩm, Nấm Mốc, Chống Nước Tuyệt Đối		5	Cực kì hài lòng.	2023-02-22 15:16:43	2026-09-28 21:47:55
tk_18847355	tiki	169978766	general	Túi Hút Chân Không Đựng Quần Áo, Chăn Ga Gối, Thú Bông Deli - Loại Dày Cao Cấp, Nhiều Hoạ Tiết, Bảo Vệ Quần Áo, Chăn Ga Khỏi Ẩm, Nấm Mốc, Chống Nước Tuyệt Đối		5	Cực kì hài lòng.	2023-02-22 15:16:43	2026-09-28 21:47:55
tk_18847354	tiki	169978766	general	Túi Hút Chân Không Đựng Quần Áo, Chăn Ga Gối, Thú Bông Deli - Loại Dày Cao Cấp, Nhiều Hoạ Tiết, Bảo Vệ Quần Áo, Chăn Ga Khỏi Ẩm, Nấm Mốc, Chống Nước Tuyệt Đối		5	Cực kì hài lòng.	2023-02-22 15:16:43	2026-09-28 21:47:55
tk_18826602	tiki	169978766	general	Túi Hút Chân Không Đựng Quần Áo, Chăn Ga Gối, Thú Bông Deli - Loại Dày Cao Cấp, Nhiều Hoạ Tiết, Bảo Vệ Quần Áo, Chăn Ga Khỏi Ẩm, Nấm Mốc, Chống Nước Tuyệt Đối		5	Cực kì hài lòng.	2023-02-18 23:14:07	2026-09-28 21:47:57
tk_18795828	tiki	169978766	general	Túi Hút Chân Không Đựng Quần Áo, Chăn Ga Gối, Thú Bông Deli - Loại Dày Cao Cấp, Nhiều Hoạ Tiết, Bảo Vệ Quần Áo, Chăn Ga Khỏi Ẩm, Nấm Mốc, Chống Nước Tuyệt Đối		5	Cực kì hài lòng.	2023-02-13 21:58:26	2026-09-28 21:47:57
tk_18795819	tiki	169978766	general	Túi Hút Chân Không Đựng Quần Áo, Chăn Ga Gối, Thú Bông Deli - Loại Dày Cao Cấp, Nhiều Hoạ Tiết, Bảo Vệ Quần Áo, Chăn Ga Khỏi Ẩm, Nấm Mốc, Chống Nước Tuyệt Đối		5	Cực kì hài lòng.	2023-02-13 21:57:54	2026-09-28 21:47:57
tk_18795821	tiki	169978766	general	Túi Hút Chân Không Đựng Quần Áo, Chăn Ga Gối, Thú Bông Deli - Loại Dày Cao Cấp, Nhiều Hoạ Tiết, Bảo Vệ Quần Áo, Chăn Ga Khỏi Ẩm, Nấm Mốc, Chống Nước Tuyệt Đối		5	Cực kì hài lòng.	2023-02-13 21:57:57	2026-09-28 21:47:57
tk_18786918	tiki	169978766	general	Túi Hút Chân Không Đựng Quần Áo, Chăn Ga Gối, Thú Bông Deli - Loại Dày Cao Cấp, Nhiều Hoạ Tiết, Bảo Vệ Quần Áo, Chăn Ga Khỏi Ẩm, Nấm Mốc, Chống Nước Tuyệt Đối		5	Cực kì hài lòng.	2023-02-12 12:56:49	2026-09-28 21:47:57
tk_16448634	tiki	169978766	general	Túi Hút Chân Không Đựng Quần Áo, Chăn Ga Gối, Thú Bông Deli - Loại Dày Cao Cấp, Nhiều Hoạ Tiết, Bảo Vệ Quần Áo, Chăn Ga Khỏi Ẩm, Nấm Mốc, Chống Nước Tuyệt Đối		5	Cực kì hài lòng. Xài rất tiện và tốt	2022-05-24 22:12:07	2026-09-28 21:47:57
tk_18754720	tiki	169978766	general	Túi Hút Chân Không Đựng Quần Áo, Chăn Ga Gối, Thú Bông Deli - Loại Dày Cao Cấp, Nhiều Hoạ Tiết, Bảo Vệ Quần Áo, Chăn Ga Khỏi Ẩm, Nấm Mốc, Chống Nước Tuyệt Đối		5	Cực kì hài lòng.	2023-02-07 08:53:55	2026-09-28 21:47:57
tk_18754721	tiki	169978766	general	Túi Hút Chân Không Đựng Quần Áo, Chăn Ga Gối, Thú Bông Deli - Loại Dày Cao Cấp, Nhiều Hoạ Tiết, Bảo Vệ Quần Áo, Chăn Ga Khỏi Ẩm, Nấm Mốc, Chống Nước Tuyệt Đối		5	Cực kì hài lòng.	2023-02-07 08:54:11	2026-09-28 21:47:57
tk_18724724	tiki	169978766	general	Túi Hút Chân Không Đựng Quần Áo, Chăn Ga Gối, Thú Bông Deli - Loại Dày Cao Cấp, Nhiều Hoạ Tiết, Bảo Vệ Quần Áo, Chăn Ga Khỏi Ẩm, Nấm Mốc, Chống Nước Tuyệt Đối		5	Cực kì hài lòng.	2023-02-02 16:39:02	2026-09-28 21:47:57
